railway_station_code,railway_station_name,railway_latitude,railway_longitude,ghcnh_station_id,ghcnh_station_name,ghcnh_latitude,ghcnh_longitude,distance_km
AADR,Amb  Andaura,31.670727,76.110391,42077099999,UNA,31.467,76.267,27.08
AAG,Angar,17.954256,75.599875,43071099999,JEUR,18.2,75.2,50.33
AAL,Amlai,23.173469,81.593507,42779099999,PENDRA ROAD,22.767,81.9,55.02
AAM,Angadippuram,10.979489000000001,76.20734300000001,42705599999,CALICUT,11.137,75.955,32.64
AAR,Adesar,23.552978399500002,70.9720505023,42638099999,KANDLA AERODROME,23.15,70.117,98.12
AAS,Asranada,26.397374,73.30532500000001,42339099999,JODHPUR,26.251,73.049,30.29
AAY,Aralvaymoli,8.2494513612,77.5292646945,43377099999,KANNIYAKUMARI,8.083,77.5,18.79
AB,Ambur,12.782934,78.721266,43302099999,TIRUPPATTUR,12.483,78.567,37.32
ABD,Ambli Road,23.05437,72.494044,42647099999,AHMEDABAD / SARDAR VALLABHBHAI PATEL INTL,23.077,72.635,14.64
ABI,Ambaturai,10.272226,77.924468,43359099999,MADURAI,9.917,78.117,44.77
ABKA,Ambika Kalna,23.211377,88.353984,42714099999,BAGATI,22.983,88.367,25.43
ABKP,Ambikapur,23.137032,83.14510899999999,42693099999,AMBIKAPUR,23.167,83.25,11.23
ABLE,Ambale,18.398719,74.171511,43063099999,PUNE,18.533,73.85,37.05
ABO,Asthal Bohar,28.857765,76.629155,42176099999,ROHTAK,28.833,76.583,5.27
ABP,Akbarpur,26.429818,82.539073,42279099999,BASTI,26.8,82.733,45.45
ABR,Abu Road,24.470775,72.775695,42540099999,MOUNT ABU,24.6,72.717,15.55
ABS,Abohar,30.1393834225,74.19568617739999,42123099999,GANGANAGAR,29.917,73.917,36.49
ABSA,Ambassa,23.930507,91.860783,41915099999,SRIMANGAL,24.3,91.733,43.08
ABU,Ambattur,13.114305980800001,80.1525249074,43278099999,NUMGAMBAKKAM,13.067,80.2,7.36
ACG,Achegaon,20.976217,75.934247,42851099999,JALGAON,21.05,75.567,38.99
ACH,Achalganj,26.444642,80.54541499999999,42367099999,KANPUR CHAKERI,26.404,80.41,14.22
ACL,Ancheli,20.845167,72.944978,42915099999,BULSAR,20.617,72.933,25.4
ACLE,Azimganj City,24.237941,88.25887100000001,42603099999,BERHAMPORE,24.133,88.267,11.7
ACN,Adhichchanur,12.05415,79.182478,43331099999,M.O. PONDICHERRY,11.967,79.817,69.69
AD,Adoni,15.617035,77.27485,43169099999,RAICHUR,16.2,77.35,65.32
ADB,Adilabad,19.680104,78.535285,43025099999,ADILABAD,19.65,78.533,3.36
ADH,Andheri,19.1174289,72.84685300000001,43003099999,CHHATRAPATI SHIVAJI MAHARAJ INTL,19.089,72.868,3.86
ADHL,Adihalli,13.2834201678,76.3472840454,43263099999,HASSAN,12.967,76.333,35.22
ADI,Ahmedabad,23.025515,72.601516,42647099999,AHMEDABAD / SARDAR VALLABHBHAI PATEL INTL,23.077,72.635,6.67
ADL,Andul,22.575169,88.239643,42807099999,BEHALA,22.505,88.293,9.53
ADR,Mandi Adampur,29.283136000000002,75.468851,42131099999,HISAR,29.179,75.755,30.08
ADRA,Adra,23.495992,86.67466499999999,42705099999,PURULIA,23.333,86.417,31.93
ADST,Adi Saptagram,22.95447,88.378872,42714099999,BAGATI,22.983,88.367,3.4
ADT,Aduturai,11.009165,79.478668,43346099999,KARAIKAL,10.917,79.833,40.02
ADTL,Adhartal,23.227389,79.972274,42675099999,JABALPUR,23.178,80.052,9.83
ADTP,Adityapur,22.782212,86.158954,42798099999,JAMSHEDPUR,22.813,86.169,3.58
ADVI,Adavali,16.921753,73.592514,43110099999,RATNAGIRI,16.983,73.333,28.43
ADX,Adapur,26.924721,84.941759,44449099999,SIMARA,27.159,84.98,26.32
AED,Aulenda,27.029152,77.612583,42260099999,AGRA,27.156,77.961,37.26
AEH,Anant Paith,25.955389501299997,78.2761320917,42460099999,DATIA,25.667,78.467,37.33
AEK,Anekal Road,12.723885,77.71072699999999,43302599999,BANGALORE / HAL AIRPORT BENGALURU,12.95,77.668,25.57
AEL,Ateli,28.100118,76.25310499999999,42177099999,NARNAUL,28.0,76.083,20.06
AF,Agra Fort,27.183308,78.0191,42260099999,AGRA,27.156,77.961,6.5
AFK,Angamali,10.183676,76.37786,43351099999,FORT COCHIN,9.967,76.233,28.84
AFR,Asafpur,28.405553,78.905957,42187099999,MORADABAD,28.833,78.75,49.91
AGB,Ambagaon,19.062527,82.239507,43041099999,JAGDALPUR,19.083,82.033,21.82
AGC,Agra Cantt,27.157992,77.990153,42260099999,AGRA,27.156,77.961,2.89
AGI,Amguri,26.812601,94.524011,42423199999,JORHAT,26.732,94.176,35.69
AGMN,Agomoni,26.225947,89.786242,42404099999,DHUBRI,26.017,89.983,30.43
AGN,Amgaon,21.361292855400002,80.3746491022,42871099999,GONDIA ARPT/BIRSI,21.524,80.288,20.19
AGR,Amargarh,23.080689,74.747038,42661099999,RATLAM,23.317,75.05,40.61
AGTL,Agartala,23.792417,91.278481,42724099999,AGARTALA,23.887,91.24,11.22
AGV,Angua,21.892581999999997,87.26992299999999,42901099999,DIGHA,21.617,87.5,38.78
AGZ,Amagura,19.068103,82.147342,43041099999,JAGDALPUR,19.083,82.033,12.13
AH,Achhnera,27.1817602284,77.7578389026,42260099999,AGRA,27.156,77.961,20.3
AHA,Abhaipur,25.2159864584,86.32307245909999,42498099999,BHAGALPUR,25.233,86.95,63.09
AHH,Ahmadgarh,30.683642000000003,75.829518,42099099999,LUDHIANA,30.867,75.933,22.66
AHN,Ahiran,24.517687000000002,88.04112500000001,42603099999,BERHAMPORE,24.133,88.267,48.51
AI,Adipur,23.077052700000003,70.0786586,42638099999,KANDLA AERODROME,23.15,70.117,9.01
AIA,Ajaraka,27.959391,76.56420899999999,42177099999,NARNAUL,28.0,76.083,47.47
AII,Ajmer,26.456612,74.63746400000001,42343099999,AJMER,26.45,74.617,2.17
AIT,Ait,25.903719000000002,79.230436,42468099999,ORAI,25.983,79.5,28.36
AJE,Anjar,23.1194723,70.0366109,42638099999,KANDLA AERODROME,23.15,70.117,8.89
AJI,Anjhi Shahabad,27.643994,79.973314,42266099999,SHAHJAHANPUR,27.883,79.9,27.54
AJJ,Arakkonam,13.081512,79.667991,43277099999,TIRUTTANI,13.15,79.533,16.48
AJK,Ajakollu,16.3467833327,77.8736361627,43168099999,MAHABUBNAGAR,16.75,78.0,46.82
AJNI,Ajni,21.1268588122,79.0825197485,42866099999,NAGPUR (MAYO HOSPITAL),21.15,79.117,4.41
AJP,Ajjampur,13.7283327,76.0097415,43258099999,SHIVAMOGGA,13.858,75.62,44.49
AJR,Ajaibpur,28.4728347205,77.59373730349999,42183099999,BULANDSHAHR,28.4,77.867,27.92
AK,Akola,20.723084,77.005497,42933099999,AKOLA,20.7,77.033,3.84
AKD,Akodia,23.378255,76.599245,42557099999,RAJGARH,24.0,76.717,70.17
AKE,Akanapet,18.110863,78.39630899999999,43083099999,MEDAK,18.05,78.267,15.25
AKJ,Akbarganj,26.531456000000002,81.501628,42372099999,FURSATGANJ AIRPORT,26.25,81.383,33.45
AKN,Akbarnagar,25.234880766899998,86.8345333624,42498099999,BHAGALPUR,25.233,86.95,11.62
AKOR,Akalkot Road,17.450243,76.13768900000001,43117099999,SOLAPUR,17.628,75.935,29.2
AKP,Anakapalle,17.695503,83.00885099999999,43149099999,VISHAKHAPATNAM CTLZ,17.717,83.217,22.18
AKRD,Akurdi,18.64812,73.76424399999999,43063099999,PUNE,18.533,73.85,15.67
AKT,Akaltara,22.029121,82.422049,42782099999,BILASPUR,21.988,82.111,32.39
AKV,Ankleshwar,21.623889,73.000633,42840099999,SURAT,21.2,72.833,50.23
AKVD,Akividu,16.582653999999998,81.36905499999999,43184099999,NIDADAVOLE,16.833,81.583,35.97
ALB,Alia Bada,22.44677,70.210367,42737099999,RAJKOT,22.309,70.78,60.54
ALER,Aler,17.6459553,79.04834140000001,43128099999,BEGUMPET AIRPORT / HYDERABAD INTL,17.452,78.461,65.9
ALGP,Algapur,24.754753,92.59591800000001,42619099999,SILCHAR,24.75,92.8,20.61
ALJN,Aligarh,27.889584,78.074559,42262099999,ALIGARH,27.883,78.067,1.04
ALLP,Alappuzha,9.483759,76.32247600000001,43352099999,ALAPUZHA,9.55,76.417,12.72
ALM,Alamanda,18.012510000000002,83.271604,43149099999,VISHAKHAPATNAM CTLZ,17.717,83.217,33.36
ALMR,Alampur,21.944012999999998,71.699156,42080199999,BHAVNAGAR,21.752,72.185,54.5
ALPR,Alampur Road,15.895657,78.047012,43213099999,KURNOOL,15.8,78.067,10.85
ALS,Amlori Sarsar,26.2947140024,84.3455775659,42488099999,CHAPRA,25.783,84.733,68.82
ALU,Ariyalur,11.150035,79.06831799999999,43324099999,ARIYALUR,11.167,79.0,7.69
ALUR,Alur Halt,12.98251226,75.99049337,43263099999,HASSAN,12.967,76.333,37.15
ALW,Alwal,17.505779,78.515006,43128099999,BEGUMPET AIRPORT / HYDERABAD INTL,17.452,78.461,8.28
AMB,Ambodala,19.8363234649,83.45635247989999,43042099999,BHAWANIPATNA,19.917,83.183,29.96
AMBR,Ambika Rohina,18.442254377900003,76.9437206531,43076099999,UDGIR,18.067,77.117,45.56
AMC,Amritapura,14.1395487324,76.24556342560001,43233099999,CHITRADURGA,14.233,76.433,22.72
AME,Amethi,26.153024000000002,81.806276,42372099999,FURSATGANJ AIRPORT,26.25,81.383,43.58
AMG,Alamnagar,26.84708,80.86031200000001,42369099999,LUCKNOW / CHAUDHARY CHARAN SINGH INTL,26.761,80.889,9.99
AMGA,Amjonga,25.9816211386,90.8529670435,42407099999,GOALPARA,26.183,90.633,31.37
AMH,Azamgarh,26.038607,83.160614,42479099999,LAL BAHADUR SHASTRI VARANASI INTL,25.45,82.867,71.75
AMI,Amravati,20.930082900000002,77.7577863,42937099999,AMRAOTI,20.933,77.783,2.64
AML,Amalsad,20.811373000000003,72.956092,42915099999,BULSAR,20.617,72.933,21.75
AMLA,Amla,21.919717000000002,78.123187,42860099999,BETUL,21.867,77.933,20.48
AMLI,Amli,25.828156,76.286156,42456099999,SHEOPUR,25.667,76.683,43.6
AMLP,Amalpur,22.161144,73.508313,42744099999,VALLABH VIDYANAGAR,22.567,72.933,74.41
AMM,Adirampatinam,10.332285228976446,79.38580758869648,43348099999,ATIRAMAPATTINAM,10.333,79.383,0.32
AMO,Amolwa,27.211161,84.478487,44449099999,SIMARA,27.159,84.98,49.94
AMP,Ahamadpur,23.8325090573,87.6928410938,42708099999,SHANTI NIKETAN,23.65,87.7,20.31
AMPA,Ambalappuzha,9.386059,76.363817,43352099999,ALAPUZHA,9.55,76.417,19.14
AMPL,Ammapalli Halt,25.2724414889,87.4585745682,42500099999,PURNEA,25.267,87.467,1.04
AMPR,Amarpura Rathan,29.483399000000002,74.078953,42123099999,GANGANAGAR,29.917,73.917,50.69
AMQ,Ammuguda,17.487039,78.527215,43128099999,BEGUMPET AIRPORT / HYDERABAD INTL,17.452,78.461,8.03
AMRO,Amroha,28.892688,78.474329,42187099999,MORADABAD,28.833,78.75,27.65
AMSA,Ammasandra,13.264571,76.71148570000001,43263099999,HASSAN,12.967,76.333,52.68
AN,Amalner,21.049008999999998,75.057314,42851099999,JALGAON,21.05,75.567,52.89
ANA,Aslana,23.860522,79.319493,42674099999,DAMOH,23.833,79.45,13.62
ANAS,Anas,22.866009,74.421513,42661099999,RATLAM,23.317,75.05,81.53
ANB,Ammanabrolu,15.596402,80.148353,43221099999,ONGOLE,15.5,80.083,12.8
ANCR,Anchuri,23.283904,86.993174,42706099999,BANKURA,23.383,87.083,14.34
AND,Andampaliam,12.088426380000001,79.16898527,43331099999,M.O. PONDICHERRY,11.967,79.817,71.76
ANDI,Adarsh Nagar Delhi,28.714205,77.16670699999999,42182099999,SAFDARJUNG,28.585,77.206,14.87
ANDN,Anand Nagar,27.103714,83.270698,42379099999,GORAKHPUR,26.74,83.45,44.18
ANE,Anantarajupet,13.999592,79.30246799999999,43275099999,TIRUPATHI,13.667,79.583,47.8
ANF,Anandapuram,14.073324,75.209164,43258099999,SHIVAMOGGA,13.858,75.62,50.38
ANG,Ahmadnagar,19.075519477700002,74.721882467,43009099999,AHMADNAGAR,19.083,74.8,8.25
ANGL,Angul,20.859445,85.099994,42969099999,ANGUL,20.833,85.1,2.94
ANGR,Angadgeri Halt,16.451873659999997,75.84589116000001,43161099999,BIJAPUR,16.817,75.717,42.86
ANI,Ajanti,21.893954,76.285956,42855099999,KHANDWA,21.833,76.367,10.77
ANK,Ankai,20.1510279143,74.4697560736,42925099999,MALEGAON,20.55,74.533,44.85
ANKL,Ankola,14.645347,74.332936,43225099999,KARWAR,14.783,74.133,26.39
ANMD,Arang Mahanadi,21.189614,81.955513,42875099999,SWAMI VIVEKANANDA,21.183,81.733,23.08
ANND,Anand,22.561307,72.965733,42744099999,VALLABH VIDYANAGAR,22.567,72.933,3.42
ANO,Anjani,17.620604999999998,73.399308,43109099999,HARNAI,17.817,73.1,38.5
ANPR,Anpara,24.217385999999998,82.766166,42577099999,SIDHI,24.417,81.867,93.78
ANR,Anara,23.481082,86.559763,42705099999,PURULIA,23.333,86.417,21.99
ANSB,Anandpur Sahib,31.2305136,76.50060350000001,42077099999,UNA,31.467,76.267,34.4
ANT,Anantnag,33.738534244499846,75.10713108815253,42044099999,QAZI GUND,33.583,75.083,17.44
ANV,Annavaram,17.269633,82.41967700000001,43147099999,TUNI,17.35,82.55,16.47
ANVR,Anand Vihar,28.6486144,77.3140236,42182099999,SAFDARJUNG,28.585,77.206,12.7
ANVT,Anand Vihar Terminal,28.650503565399998,77.31521255,42182099999,SAFDARJUNG,28.585,77.206,12.91
ANY,Arumuganeri,8.579144,78.091842,43379099999,TUTICORIN NEW PORT,8.75,78.183,21.48
AO,Aonla,28.296051,79.16915,42189099999,BAREILLY,28.422,79.451,30.93
APA,Amarpura,26.110972999999998,74.249302,42343099999,AJMER,26.45,74.617,52.58
APDJ,Alipur Duar,26.523279,89.534048,42403099999,COOCH BEHAR,26.333,89.467,22.19
APK,Aruppukkottai,9.524631680999999,78.10189147,43360099999,MADURAI,9.835,78.093,34.53
APL,Appikatla,15.970371,80.514466,43220099999,BAPATLA,15.9,80.467,9.33
APN,Ayodhyapattanam,11.671392,78.233642,43325099999,SALEM,11.65,78.167,7.64
APR,Anuppur,23.117312,81.695967,42779099999,PENDRA ROAD,22.767,81.9,44.2
APT,Anaparti,16.935817,81.953181,43189099999,KAKINADA,16.95,82.233,29.81
APTA,Apta,18.863471,73.152629,43060099999,MATHERAN,18.983,73.283,19.1
AQG,Ashapura Gomat,26.950232,71.892665,42237099999,PHALODI,27.133,72.367,51.18
ARA,Ara,25.548889,84.66259600000001,42488099999,CHAPRA,25.783,84.733,26.97
ARCL,Arunachal,24.855593,92.742995,42619099999,SILCHAR,24.75,92.8,13.08
ARD,Amarda Road,21.734258,87.102374,42895099999,BALASORE,21.517,86.933,29.84
ARGP,Aralaguppe,13.253131999999999,76.615439,43263099999,HASSAN,12.967,76.333,44.13
ARI,Antri,26.0352337224,78.2266994458,42361099999,GWALIOR,26.293,78.228,28.66
ARJ,Aunrihar,25.54466,83.18727200000001,42483099999,VARANASI,25.3,83.017,32.13
ARK,Araku,18.333991,82.86256,43097099999,KORAPUT,18.817,82.717,55.86
ARL,Araul Makanpur,26.920662,80.01863300000001,42271099999,HARDOI,27.383,80.167,53.46
ARNA,Arniya,27.0101287751,76.5171796234,42255099999,ALWAR,27.5,76.583,54.86
ARPL,Arepalli Halt,16.270533999999998,77.862369,43169099999,RAICHUR,16.2,77.35,55.26
ARQ,Arariya Court,26.114921000000002,87.446912,42395099999,FORBESGANJ,26.3,87.267,27.31
ARU,Arasalu,13.999308999999998,75.314466,43258099999,SHIVAMOGGA,13.858,75.62,36.53
ARV,Arni Road,12.630801,79.209033,43303099999,VELLORE,12.917,79.15,32.46
AS,Arjansar,28.933796,73.87196899999999,42123099999,GANGANAGAR,29.917,73.917,109.41
ASAF,Asifabad Road,19.256682,79.416719,43086099999,RAMGUNDAM,18.767,79.433,54.48
ASCE,Athsarai,25.678728805000002,81.2620300824,42471099999,FATEHPUR,25.933,80.833,51.42
ASE,Asaudah,28.73653776,76.85877285,42176099999,ROHTAK,28.833,76.583,28.94
ASH,Aishbagh,26.8373880081,80.90960679930001,42369099999,LUCKNOW / CHAUDHARY CHARAN SINGH INTL,26.761,80.889,8.74
ASK,Arsikere,13.314425,76.2520848,43263099999,HASSAN,12.967,76.333,39.61
ASKN,Ashok Nagar,24.58015,77.726725,42559099999,GUNA,24.65,77.317,42.14
ASL,Aslaoda,23.231264309,75.60816015629999,42662099999,UJJAIN,23.183,75.783,18.66
ASN,Asansol,23.691441,86.975152,42706099999,BANKURA,23.383,87.083,36.02
ASR,Amritsar,31.631511999999997,74.858025,42071099999,AMRITSAR,31.71,74.797,10.47
AST,Asaoti,28.250878,77.323569,42182099999,SAFDARJUNG,28.585,77.206,38.89
ASV,Asarva,23.043981000000002,72.612937,42647099999,AHMEDABAD / SARDAR VALLABHBHAI PATEL INTL,23.077,72.635,4.31
AT,Asnoti,14.876286,74.147683,43225099999,KARWAR,14.783,74.133,10.49
ATC,Arts College,17.418129999999998,78.51966499999999,43128099999,BEGUMPET AIRPORT / HYDERABAD INTL,17.452,78.461,7.27
ATE,Atarra,25.291367,80.576491,42473099999,BANDA,25.467,80.367,28.71
ATH,Antah,25.1611771,76.3072684,42452099999,KOTA,25.16,75.846,46.42
ATL,Athmal Gola,25.453014977800002,85.6213724115,42492099999,JAI PRAKASH NARAYAN INTL PATNA,25.591,85.088,55.68
ATNR,Awatarnagar,25.764395999999998,84.956774,42488099999,CHAPRA,25.783,84.733,22.5
ATP,Anantapur,14.686478,77.59531199999999,43237099999,PBO ANANTAPUR,14.583,77.633,12.2
ATQ,Arantangi,10.164469056963739,78.99684813804924,43327099999,KARAIKUDI,10.067,78.8,24.12
ATR,Attar,21.998734000000002,76.204918,42855099999,KHANDWA,21.833,76.367,24.88
ATRU,Atru,24.8821354,76.6702185,42559099999,GUNA,24.65,77.317,70.22
ATS,Attabira,21.388039,83.792637,42883099999,SAMBALPUR,21.467,83.967,20.07
ATU,Attur,11.594788,78.592092,43325099999,SALEM,11.65,78.167,46.7
ATUL,Atul,20.544593354,72.9271335858,42915099999,BULSAR,20.617,72.933,8.07
AUB,Aluabari Road,26.269681,88.18561000000001,41850099999,TETULIA  PANCHAGOR,26.35,88.6,42.26
AUBR,Anugraha N Road,24.855955599999998,84.3298444,42588099999,DEHRI,24.917,84.183,16.29
AUI,Aurahi,25.823021,87.135054,42395099999,FORBESGANJ,26.3,87.267,54.65
AUN,Aurang Nagar,29.043935,75.974542,42131099999,HISAR,29.179,75.755,26.09
AUNG,Aung,26.16423,80.544495,42367099999,KANPUR CHAKERI,26.404,80.41,29.84
AUS,Anupshahr,28.947951113517377,75.21122979931533,42131099999,HISAR,29.179,75.755,58.76
AVD,Avadi,13.118247,80.10051800000001,43278099999,NUMGAMBAKKAM,13.067,80.2,12.19
AVK,Aravankadu,11.359124,76.769203,43318099999,COONOOR,11.35,76.8,3.51
AVN,Anavardikhanpettai,13.05050406,79.56735042999999,43277099999,TIRUTTANI,13.15,79.533,11.67
AVRD,Aravali Road,17.316531,73.53816,43110099999,RATNAGIRI,16.983,73.333,43.02
AVS,Auvaneswsarem,9.036513,76.852807,43354099999,PUNALUR,9.0,76.917,8.14
AWB,Aurangabad,19.859276,75.31064599999999,43014099999,AURANGABAD,19.863,75.398,9.14
AWR,Alwar,27.559273,76.62126500000001,42255099999,ALWAR,27.5,76.583,7.59
AWY,Aluva,10.108163,76.356508,43353099999,COCHIN,9.946,76.272,20.27
AXA,Amarsar,22.585991,70.91711000000001,42737099999,RAJKOT,22.309,70.78,33.87
AY,Ayodhya,26.787784,82.200604,42374099999,AYODHA,26.748,82.163,5.79
AYD,Ayandur,11.966731999999999,79.34081,43329099999,CUDDALORE,11.767,79.767,51.42
AYU,Abhayapuri Asam,26.356599,90.641696,42407099999,GOALPARA,26.183,90.633,19.32
AZ,Azimganj,24.219053,88.256764,42603099999,BERHAMPORE,24.133,88.267,9.62
AZA,Azara,26.099339999999998,91.613927,42410099999,GUWAHATI INTL / LOKPRIYA GOPINATH BORDOLOI INTL,26.106,91.586,2.89
AZR,Azamnagar Road,25.555555642399998,87.8523278357,42500099999,PURNEA,25.267,87.467,50.27
BAB,Babina,25.237832,78.451748,42463099999,JHANSI,25.491,78.558,30.11
BABR,Balanagar,16.947622000000003,78.188891,43168099999,MAHABUBNAGAR,16.75,78.0,29.78
BAF,Bap,27.2881821763,72.32740791990001,42237099999,PHALODI,27.133,72.367,17.69
BAGD,Bagwada,20.43948,72.916866,42916099999,DAMAN,20.417,72.85,7.4
BAGJ,Barharagani,26.921354215,83.9195740283,42379099999,GORAKHPUR,26.74,83.45,50.77
BAGL,Bara Gopal,25.765088,84.906765,42488099999,CHAPRA,25.783,84.733,17.51
BAH,Bhabhar,24.065279999999998,71.615774,42539099999,DEESA,24.2,72.2,61.15
BAHI,Balenahalli,14.250321000000001,76.56637599999999,43233099999,CHITRADURGA,14.233,76.433,14.5
BAHP,Band Hamirpur,26.32975,80.744382,42367099999,KANPUR CHAKERI,26.404,80.41,34.32
BAI,Bassi,26.840616999999998,76.047213,42348099999,JAIPUR,26.824,75.812,23.41
BAJ,Bhalej,22.633029999999998,73.034499,42744099999,VALLABH VIDYANAGAR,22.567,72.933,12.75
BAK,Bhankari,26.962546793999998,76.4094554639,42348099999,JAIPUR,26.824,75.812,61.22
BAKA,Banka,24.8659010332,86.91169348999999,42498099999,BHAGALPUR,25.233,86.95,41.0
BAKT,Barhara Kothi,25.776942,87.09631900000001,42499099999,SABAUR,25.233,87.067,60.56
BAL,Budalur,10.782843000000002,78.981443,43330099999,THANJAVUR,10.783,79.133,16.55
BALU,Balugan,19.747366,85.200953,43049099999,GOPALPUR,19.267,84.883,62.96
BAM,Brahmapur,19.2961348,84.7966912,43049099999,GOPALPUR,19.267,84.883,9.62
BAMA,Birambad,26.922783000000003,77.32494000000001,42354099999,DHOLPUR,26.667,77.833,57.9
BAMR,Bamur,21.006738,84.475865,42966099999,PHULBANI,20.483,84.267,62.16
BAND,Banaswadi,13.00573,77.628196,43295099999,BANGALORE,12.967,77.583,6.52
BANE,Basni,26.222963,73.010639,42339099999,JODHPUR,26.251,73.049,4.94
BANO,Bano,22.6647837973,84.90298541140001,42793099999,ROURKELA,22.217,84.883,49.83
BAO,Banmor,26.355565,78.0989272,42361099999,GWALIOR,26.293,78.228,14.62
BAP,Belapur,19.619569311800003,74.6617443079,43009099999,AHMADNAGAR,19.083,74.8,61.4
BAPR,Ballupur,27.5865985855,79.1451478125,42364099999,ETAWAH,26.921,79.062,74.47
BAQ,Ganj Basoda,23.845347,77.944826,42672099999,RAISEN,23.317,77.833,59.84
BAR,Bar,26.063048,74.113189,42343099999,AJMER,26.45,74.617,66.15
BARH,Barh,25.46165,85.70942600000001,42492099999,JAI PRAKASH NARAYAN INTL PATNA,25.591,85.088,63.99
BARL,Baral,28.494092,77.80997500000001,42183099999,BULANDSHAHR,28.4,77.867,11.86
BAT,Batala,31.8214816,75.1944316,42071099999,AMRITSAR,31.71,74.797,39.56
BAU,Burhanpur,21.3343976,76.1986787,42855099999,KHANDWA,21.833,76.367,58.11
BAW,Chik Banavar,13.073539,77.50634099999999,43295099999,BANGALORE,12.967,77.583,14.47
BAWD,Bhadwad,21.323159150000002,74.09831697,42846099999,NANDURBAR,21.333,74.25,15.75
BAY,Ballari,15.145135,76.921995,43237099999,PBO ANANTAPUR,14.583,77.633,98.72
BAZ,Baran,25.0967701,76.50512839999999,42456099999,SHEOPUR,25.667,76.683,65.88
BBA,Babrala,28.2664932,78.4034137,42262099999,ALIGARH,27.883,78.067,53.92
BBAI,Bhadbhunja,21.166264,73.693754,42846099999,NANDURBAR,21.333,74.25,60.55
BBD,Bablad,17.337569,76.779259,43121099999,GULBARGA,17.35,76.85,7.63
BBGN,Barua Bamungaon,26.662157,93.944693,42420099999,GOLAGHAT,26.517,93.983,16.58
BBHT,Barabar Halt,25.0558596095,84.9743682056,42591099999,GAYA,24.744,84.951,34.76
BBK,Barabanki,26.935335,81.18104,42369099999,LUCKNOW / CHAUDHARY CHARAN SINGH INTL,26.761,80.889,34.86
BBM,Barabhum,23.0912864,86.2112372,42799099999,JAMSHEDPUR,22.817,86.183,30.64
BBN,Barbil,22.104577,85.36905800000001,42793099999,ROURKELA,22.217,84.883,51.59
BBS,Bhubaneswar,20.265388,85.84259499999999,42971099999,BHUBANESHWAR / BIJU PATNAIK INTL,20.244,85.818,3.5
BBSN,Bhubaneswar New,20.382175,85.83518699999999,42970099999,CUTTACK,20.467,85.933,13.89
BBTR,Barbatpur,22.197033,77.920758,42860099999,BETUL,21.867,77.933,36.72
BBU,Bhabua Road,25.173007,83.618913,42482099999,GHAZIPUR,25.4,83.55,26.17
BC,Bareilly City,28.3556564,79.403718,42189099999,BAREILLY,28.422,79.451,8.71
BCA,Bachwara,25.5812576,85.90014240000001,42391099999,DARBHANGA,26.167,85.9,65.13
BCB,Bhowra Bh,23.67077,86.417009,42705099999,PURULIA,23.333,86.417,37.56
BCH,Berchha,23.282480800000002,76.33419289999999,42662099999,UJJAIN,23.183,75.783,57.4
BCHL,Bacheli,18.703461,81.238534,43093099999,BAILADILA,18.583,81.233,13.41
BCK,Balichak,22.35818589,87.55335416,42803099999,MIDNAPORE,22.417,87.317,25.17
BCN,Bachhrawan,26.4773211,81.10545649999999,42372099999,FURSATGANJ AIRPORT,26.25,81.383,37.46
BCOB,Bhachau Bg,23.301391,70.34497200000001,42638099999,KANDLA AERODROME,23.15,70.117,28.74
BCP,Bichpuri,27.176397,77.91435,42260099999,AGRA,27.156,77.961,5.14
BCQ,Barachak,23.706726,86.92813299999999,42706099999,BANKURA,23.383,87.083,39.31
BCRD,Barchhi Road,21.951502,78.311632,42860099999,BETUL,21.867,77.933,40.18
BCU,Bhuchchu,30.209881999999997,75.0951862,42099099999,LUDHIANA,30.867,75.933,108.52
BCY,Varanasi City,25.3341176,83.0141142,42483099999,VARANASI,25.3,83.017,3.8
BD,Badnera,20.8567925,77.73231969999999,42937099999,AMRAOTI,20.933,77.783,9.98
BDBA,Badabandha,20.276721000000002,86.519951,42976099999,PARADIP (C.W.R.),20.3,86.683,17.2
BDBP,Basudebpur,24.6355270351,87.98253549799999,42503099999,MALDA,25.033,88.133,46.73
BDC,Bandel,22.9236565,88.3793623,42714099999,BAGATI,22.983,88.367,6.72
BDCR,Bhadrachalam Rd,17.550365,80.616024,43136099999,BHADRACHALAM,17.667,80.883,31.13
BDDR,Badodar,21.361072999999998,70.295846,42832099999,KESHOD,21.317,70.317,5.37
BDE,Bodeli,22.2701906,73.71657979999999,42744099999,VALLABH VIDYANAGAR,22.567,72.933,87.04
BDH,Bhedia,23.586642,87.711813,42708099999,SHANTI NIKETAN,23.65,87.7,7.15
BDI,Bhadli,21.0236632507,75.672912326,42851099999,JALGAON,21.05,75.567,11.38
BDJ,Vadakara,11.593321399999999,75.5869409,43315099999,CANNUR,11.833,75.333,38.4
BDL,Vindhyachal,25.160771699999998,82.5020212,42479099999,LAL BAHADUR SHASTRI VARANASI INTL,25.45,82.867,48.79
BDM,Badami,15.958918,75.6767002,43201099999,GADAG,15.417,75.633,60.44
BDMJ,Bhodwal Majri,29.1852092,77.0082364,42176099999,ROHTAK,28.833,76.583,56.95
BDNP,Bidanpur,25.585017,81.44201699999999,42475099999,ALLAHABAD ARPT,25.44,81.734,33.45
BDPG,Bada Padagaon,20.570588309999998,85.87382799,42970099999,CUTTACK,20.467,85.933,13.06
BDPK,Burhapanka,20.853156679999998,85.25582286000001,42969099999,ANGUL,20.833,85.1,16.35
BDSW,Budhsinghwala,29.831708406844584,74.22266067937016,42123099999,GANGANAGAR,29.917,73.917,30.96
BDTS,Bandra Terminus,19.061911,72.840535,43003099999,CHHATRAPATI SHIVAJI MAHARAJ INTL,19.089,72.868,4.17
BDU,Badnapur,19.873979,75.722483,43014099999,AURANGABAD,19.863,75.398,33.96
BDVL,Budvel,17.3093773,78.4245182,43128599999,HYDERABAD INTL AIRPORT / RAJIV GANDHI INTL,17.233,78.417,8.53
BDVR,Boddavara,18.175095,83.112494,43149099999,VISHAKHAPATNAM CTLZ,17.717,83.217,52.12
BDVT,Bhadravati,13.842428700000001,75.702832,43258099999,SHIVAMOGGA,13.858,75.62,9.11
BDW,Bandanwara,26.1253008,74.6913786,42343099999,AJMER,26.45,74.617,36.86
BDWD,Bodwad,20.9035827,76.017046,42931099999,BULDANA,20.533,76.233,46.93
BDWL,Biradhwal,29.1741168151,73.896516228,42123099999,GANGANAGAR,29.917,73.917,82.63
BDWS,Badarwas,24.983339819999998,77.56182792,42459099999,SHIVPURI,25.333,77.65,39.88
BDXT,Basai Dhankot,28.464735,76.983187,42181099999,INDIRA GANDHI INTL,28.567,77.103,16.32
BDXX,Badearapur,19.011494000000003,81.837917,43041099999,JAGDALPUR,19.083,82.033,21.99
BDYR,Bidyadabri,26.271855000000002,89.767506,42403099999,COOCH BEHAR,26.333,89.467,30.72
BDZ,Badkulla,23.3046657,88.526557,42711099999,KRISHNANAGAR,23.4,88.517,10.65
BE,Bareilly(nr),28.337154299999998,79.4108444,42189099999,BAREILLY,28.422,79.451,10.22
BEA,Bihiya,25.558893,84.448984,42488099999,CHAPRA,25.783,84.733,37.83
BEAS,Beas,31.5193738,75.2908085,42071099999,AMRITSAR,31.71,74.797,51.34
BEB,Beldanga,23.9320594,88.2429681,42603099999,BERHAMPORE,24.133,88.267,22.48
BEDM,Bedham,27.453929,77.209461,42257099999,MATHURA,27.5,77.683,47.0
BEH,Bagdihi,21.951046,84.18631,42886099999,JHARSUGUDA / VEER SURENDRA SAI,21.914,84.05,14.65
BEHJ,Behaj,27.481951,77.396587,42257099999,MATHURA,27.5,77.683,28.32
BEHR,Beohari,24.0002687,81.3797154,42574099999,REWA,24.533,81.3,59.79
BEHS,Bihar Sharif,25.206116,85.5390747,42492099999,JAI PRAKASH NARAYAN INTL PATNA,25.591,85.088,62.33
BELA,Bela,24.97843,84.981353,42591099999,GAYA,24.744,84.951,26.25
BELD,Belkhera,22.981891,79.299879,42770099999,NARSINGHPUR,22.95,79.183,12.48
BEM,Badaun,28.0274922,79.1360237,42189099999,BAREILLY,28.422,79.451,53.63
BENL,Benl,16.384407,75.882249,43161099999,BIJAPUR,16.817,75.717,51.22
BER,Beawar,26.1089078,74.3149711,42343099999,AJMER,26.45,74.617,48.43
BET,Bareth,23.91494729,77.99967978000001,42672099999,RAISEN,23.317,77.833,68.62
BEU,Bisheshwarganj,27.341282,81.833817,42273099999,BAHRAICH,27.567,81.6,34.09
BEW,Betavad,21.149244,74.886199,42846099999,NANDURBAR,21.333,74.25,69.03
BEY,Bugganipalle,15.48632233,78.19541209,43212099999,NANDYAL,15.467,78.483,30.89
BFD,Borhat,27.164263,95.277512,42314099999,DIBRUGARH,27.484,95.017,43.89
BFE,Bahawal Basi,30.147265,74.279311,42123099999,GANGANAGAR,29.917,73.917,43.27
BFJ,Bhoras Budrukh,20.538301,75.01429200000001,42925099999,MALEGAON,20.55,74.533,50.13
BFM,Bhalui,25.0732160325,86.172874585,42498099999,BHAGALPUR,25.233,86.95,80.21
BFR,Bekal Fort,12.385524,75.04278599999999,43284099999,MANGALORE,12.961,74.89,66.1
BFT,Bhabta,23.9869677,88.241584,42603099999,BERHAMPORE,24.133,88.267,16.44
BG,Bhongir,17.524696,78.89847,43128099999,BEGUMPET AIRPORT / HYDERABAD INTL,17.452,78.461,47.09
BGAE,Balagarh,23.1215453,88.4525522,42714099999,BAGATI,22.983,88.367,17.72
BGAN,Bangain,27.238993,81.90592400000001,42273099999,BAHRAICH,27.567,81.6,47.35
BGBR,Bagbahra,21.0462946,82.3841486,42875099999,SWAMI VIVEKANANDA,21.183,81.733,69.23
BGD,Bara Gudah,29.697657,75.00164099999999,42131099999,HISAR,29.179,75.755,93.0
BGHI,Baghai Road,24.555903,81.018663,42571099999,SATNA,24.567,80.833,18.82
BGHU,Borraguhallu,18.275624,83.040289,43149099999,VISHAKHAPATNAM CTLZ,17.717,83.217,64.87
BGK,Bagalkot,16.1787931,75.7002383,43161099999,BIJAPUR,16.817,75.717,70.99
BGKT,Bhagat Ki Kothi,26.2484972,73.0133366,42339099999,JODHPUR,26.251,73.049,3.57
BGM,Belagavi,15.8492433,74.5095639,43197099999,BELGAUM,15.85,74.533,2.51
BGMR,Bagumra,21.149694,72.996091,42840099999,SURAT,21.2,72.833,17.81
BGN,Borgaon,20.7290593,77.1796502,42934099999,AKOLA,20.699,77.059,12.99
BGO,Bogri Road,22.881747,87.325732,42803099999,MIDNAPORE,22.417,87.317,51.69
BGP,Bhagalpur,25.241909300000003,86.9767918,42498099999,BHAGALPUR,25.233,86.95,2.87
BGPL,Baghuapal,21.042219,86.013166,42970099999,CUTTACK,20.467,85.933,64.5
BGQ,Bhongaon,27.2590416,79.1657234,42364099999,ETAWAH,26.921,79.062,38.97
BGRA,Baghnapara,23.242082,88.329724,42711099999,KRISHNANAGAR,23.4,88.517,25.96
BGS,Begusarai,25.425296,86.134476,42498099999,BHAGALPUR,25.233,86.95,84.71
BGSF,Bisugirsharif,18.348122,79.483604,43087099999,HANAMKONDA,18.017,79.567,37.86
BGTA,Bagra Tawa,22.6307113,77.9937073,42763099999,HOSHANGABAD,22.767,77.767,27.76
BGU,Bairagnia,26.738281999999998,85.27333399999999,42383099999,MOTIHARI,26.667,84.917,36.27
BGVN,Bhigwan,18.317256,74.77504200000001,43069099999,BARAMATI,18.15,74.583,27.52
BGWD,Bagewadi H,16.30777084,74.75360002999999,43198099999,BELGAUM,15.859,74.618,51.96
BGWI,Begdewadi,18.700263,73.708437,43063099999,PUNE,18.533,73.85,23.84
BGY,Bangriposi,22.130678,86.501362,42894099999,BARIPADA,21.933,86.767,35.11
BGZ,Bahadurgarh,28.700863000000002,76.930886,42181099999,INDIRA GANDHI INTL,28.567,77.103,22.44
BH,Bharuch,21.706907,72.997689,42840099999,SURAT,21.2,72.833,58.89
BHA,Bhandai,27.06906445,77.96680748,42260099999,AGRA,27.156,77.961,9.68
BHAL,Bhatiel,22.477066,72.834624,42744099999,VALLABH VIDYANAGAR,22.567,72.933,14.22
BHB,Badla Ghat,25.553762900000002,86.5871439,42498099999,BHAGALPUR,25.233,86.95,51.0
BHBK,Bodhadi Bujrug,19.4962759853,78.1952487683,43025099999,ADILABAD,19.65,78.533,39.3
BHBR,Bathua Bazar Halt,26.4968303633,84.2321793958,42383099999,MOTIHARI,26.667,84.917,70.68
BHC,Bhadrakh,21.091745799999998,86.5162305,42973099999,CHANDBALI,20.783,86.733,41.05
BHCL,Bahora Chandil,25.364918,83.489726,42482099999,GHAZIPUR,25.4,83.55,7.2
BHD,Badli,28.746799999999997,77.1377425,42182099999,SAFDARJUNG,28.585,77.206,19.18
BHET,Bhestan,21.1278829,72.8613128,42840099999,SURAT,21.2,72.833,8.54
BHGJ,Bihariganj,25.732598999999997,86.992655,42498099999,BHAGALPUR,25.233,86.95,55.72
BHI,Baheri,28.777391,79.5003221,42148099999,PANTNAGAR,29.033,79.467,28.61
BHJA,Bheja,18.47264914,82.68546380999999,43097099999,KORAPUT,18.817,82.717,38.43
BHKD,Bhurkunda,23.6375642,85.3721452,42701099999,BIRSA MUNDA,23.314,85.322,36.34
BHKH,Baghoi Kusa,24.8399006513,84.46243313289999,42588099999,DEHRI,24.917,84.183,29.46
BHL,Bhilwara,25.3435508,74.63077340000001,42447099999,BHILWARA,25.35,74.633,0.75
BHLA,Behula,23.181967399999998,88.4287921,42714099999,BAGATI,22.983,88.367,23.01
BHLE,Barahat,24.9206004744,87.0100837976,42499099999,SABAUR,25.233,87.067,35.21
BHLK,Bhalki,18.047011100000002,77.228081,43076099999,UDGIR,18.067,77.117,11.95
BHLP,Bhulanpur,25.2878753,82.9575192,42483099999,VARANASI,25.3,83.017,6.13
BHNE,Bhone,21.018946,75.22247700000001,42851099999,JALGAON,21.05,75.567,35.92
BHNS,Bhansi,18.77690197,81.26535758,43093099999,BAILADILA,18.583,81.233,21.83
BHP,Bolpur S Niktn,23.657804000000002,87.698136,42708099999,SHANTI NIKETAN,23.65,87.7,0.89
BHS,Vidisha,23.5222886,77.8148356,42672099999,RAISEN,23.317,77.833,22.9
BHT,Bhattu,29.387323,75.34013,42131099999,HISAR,29.179,75.755,46.43
BHTA,Bhatiya,22.0881542,69.2803623,42731099999,DWARKA,22.367,69.083,37.07
BHTK,Bhanwar Tonk,22.607916,81.897794,42779099999,PENDRA ROAD,22.767,81.9,17.69
BHTL,Bhatel,22.164096299999997,69.4936287,42731099999,DWARKA,22.367,69.083,47.9
BHTN,Bhitoni,23.142728299999998,79.6740109,42675099999,JABALPUR,23.178,80.052,38.84
BHTR,Bhatpar Rani,26.3104766,84.03310139999999,42379099999,GORAKHPUR,26.74,83.45,75.14
BHUJ,Bhuj,23.2660225,69.6778278,42634099999,BHUJ,23.288,69.67,2.57
BHW,Barharwa,24.857748,87.77449299999999,42503099999,MALDA,25.033,88.133,41.06
BHWA,Bechhiwara,23.787792,73.535256,42542099999,UDAIPUR / MAHARANA PRATAP,24.618,73.896,99.3
BHX,Bulluana,30.217553000000002,74.78304,42123099999,GANGANAGAR,29.917,73.917,89.79
BHZ,Bihara,24.9628178,92.689054,42619099999,SILCHAR,24.75,92.8,26.18
BIA,Bhilai,21.202598300000002,81.4217238,42876099999,DURG,21.183,81.283,14.55
BID,Bidadi,12.8004252,77.39029839999999,43295099999,BANGALORE,12.967,77.583,27.92
BIDR,Bidar,17.9116836,77.5137793,43125099999,BIDAR,17.917,77.533,2.12
BIG,Belgahna,22.431085,82.032374,42779099999,PENDRA ROAD,22.767,81.9,39.75
BIJ,Birnagar,23.2358754,88.55125199999999,42711099999,KRISHNANAGAR,23.4,88.517,18.58
BIJR,Bijoor,13.8221962,74.6420535,43229099999,SHIRALI,14.067,74.533,29.66
BILD,Bildi,23.2255232,74.91853870000001,42661099999,RATLAM,23.317,75.05,16.85
BILP,Bhilpur,22.196154999999997,73.323477,42744099999,VALLABH VIDYANAGAR,22.567,72.933,57.55
BIM,Bilimora,20.763319,72.970474,42915099999,BULSAR,20.617,72.933,16.73
BINA,Bina,24.170973500000002,78.1831998,42671099999,SAGAR,23.85,78.75,67.74
BINR,Brij Nagar,27.439639,77.089708,42255099999,ALWAR,27.5,76.583,50.44
BIO,Bordi,22.8664871,74.3470986,42661099999,RATLAM,23.317,75.05,87.63
BIP,Bahilpurwa,25.137088000000002,80.998599,42571099999,SATNA,24.567,80.833,65.56
BIQ,Bansi Paharpur,26.93277,77.457241,42354099999,DHOLPUR,26.667,77.833,47.58
BIRD,Bhiwandi Road,19.268544000000002,73.045654,43003099999,CHHATRAPATI SHIVAJI MAHARAJ INTL,19.089,72.868,27.33
BIRP,Birarajpur,22.8235001,86.06450201000001,42798099999,JAMSHEDPUR,22.813,86.169,10.77
BIS,Biswa Bridge,20.885157149999998,76.33919345,42931099999,BULDANA,20.533,76.233,40.69
BIWK,Bisalwas Kalan,24.500035299999997,74.78308399999999,42546099999,CHITTORGARH,24.883,74.633,45.2
BIX,Bhind,26.588904900000003,78.77743530000001,42364099999,ETAWAH,26.921,79.062,46.5
BIY,Bardoli,21.1342405,73.1058944,42840099999,SURAT,21.2,72.833,29.23
BJ,Bahjoi,28.401499599999998,78.6315064,42187099999,MORADABAD,28.833,78.75,49.36
BJD,Barejadi,22.895426699999998,72.6778863,42647099999,AHMEDABAD / SARDAR VALLABHBHAI PATEL INTL,23.077,72.635,20.66
BJE,Bhojudih,23.642174999999998,86.4469993,42705099999,PURULIA,23.333,86.417,34.51
BJF,Bijni,26.497967,90.70782700000001,42407099999,GOALPARA,26.183,90.633,35.81
BJG,Bajrangarh,23.042607,74.69499300000001,42661099999,RATLAM,23.317,75.05,47.41
BJIH,Bijuli Halt,26.186676,85.976126,42391099999,DARBHANGA,26.167,85.9,7.91
BJKN,Bajekan,29.524297999999998,75.099097,42131099999,HISAR,29.179,75.755,74.27
BJMD,Bara Jamda,22.1665327,85.41239200000001,42793099999,ROURKELA,22.217,84.883,54.79
BJNR,Bijainagar,25.931003,74.65305889999999,42343099999,AJMER,26.45,74.617,57.82
BJO,Bijnor,29.3856298,78.14680469999999,42143099999,NAJIBABAD,29.617,78.383,34.42
BJP,Vijayapura,16.8310603,75.7400012,43161099999,BIJAPUR,16.817,75.717,2.9
BJR,Barrajpur,26.685165899999998,80.13867760000001,42367099999,KANPUR CHAKERI,26.404,80.41,41.3
BJRA,Bhajera,27.100774588100002,76.6568744922,42255099999,ALWAR,27.5,76.583,44.99
BJRI,Bijuri,23.250338600000003,82.1189461,42779099999,PENDRA ROAD,22.767,81.9,58.23
BJU,Barauni,25.461768000000003,85.988748,42391099999,DARBHANGA,26.167,85.9,78.92
BJW,Bajva,22.3662226,73.1431251,42744099999,VALLABH VIDYANAGAR,22.567,72.933,31.06
BJWS,Bojawas,28.312786,76.25286799999999,42177099999,NARNAUL,28.0,76.083,38.56
BKC,Bhikamkor,26.80763,72.78720299999999,42237099999,PHALODI,27.133,72.367,55.16
BKG,Banka Ghat,25.547008,85.27274200000001,42492099999,JAI PRAKASH NARAYAN INTL PATNA,25.591,85.088,19.17
BKH,Bankhedi,22.7748819,78.5379969,42767099999,PACHMARHI,22.467,78.433,35.89
BKI,Bandikui,27.039271,76.56672300000001,42255099999,ALWAR,27.5,76.583,51.26
BKJ,Barkur,13.477458799999999,74.75968040000001,43284099999,MANGALORE,12.961,74.89,59.13
BKL,Bona Kalu,17.031591000000002,80.261499,43137099999,KHAMMAM,17.25,80.15,27.02
BKLE,Bakudi,24.9345107267,87.7749068933,42503099999,MALDA,25.033,88.133,37.72
BKN,Bikaner,28.014139,73.31659800000001,42165099999,BIKANER,28.0,73.3,2.26
BKNG,Bhakti Nagar,22.282963,70.792278,42737099999,RAJKOT,22.309,70.78,3.16
BKO,Bindki Road,26.116562000000002,80.580557,42471099999,FATEHPUR,25.933,80.833,32.45
BKP,Bakhtiyarpur,25.456110000000002,85.52956400000001,42492099999,JAI PRAKASH NARAYAN INTL PATNA,25.591,85.088,46.78
BKPT,Bhakarapet,14.4093627,78.97007317,43241099999,CUDDAPAH,14.483,78.833,16.88
BKRD,Bhaluka Road F,25.3425716,87.9121276,42503099999,MALDA,25.033,88.133,40.97
BKRL,Bakrol,22.5881026822,73.4192042773,42744099999,VALLABH VIDYANAGAR,22.567,72.933,49.98
BKRO,Bokaro Thermal,23.7851503,85.87557819999999,42705099999,PURULIA,23.333,86.417,74.65
BKSC,Bokaro Steel City,23.656551,86.08501600000001,42705099999,PURULIA,23.333,86.417,49.4
BKSL,Bikramshila,25.30004436,87.3002182,42500099999,PURNEA,25.267,87.467,17.17
BKTL,Baktal,23.234083000000002,77.038514,42667099999,BHOPAL / RAJA BHOJ,23.287,77.337,31.05
BKWA,Bakayanwala,30.143292,73.98581800000001,42123099999,GANGANAGAR,29.917,73.917,26.02
BL,Valsad,20.6085595,72.9335291,42915099999,BULSAR,20.617,72.933,0.94
BLD,Bhilad,20.275323200000003,72.887446,42916099999,DAMAN,20.417,72.85,16.23
BLDA,Belda,22.07144398,87.33691374,42803099999,MIDNAPORE,22.417,87.317,38.48
BLDI,Bhildi,24.194251,72.008187,42539099999,DEESA,24.2,72.2,19.47
BLG,Bilhar Ghat,26.6813068,82.2689979,42374099999,AYODHA,26.748,82.163,12.88
BLGR,Balangir,20.688591,83.494207,42961099999,TITLAGARH,20.3,83.3,47.71
BLGT,Balurghat,25.232648,88.757636,42506099999,BALURGHAT,25.217,88.783,3.09
BLH,Belgharia,22.661900000000003,88.389455,42809099999,NETAJI SUBHASH CHANDRA BOSE INTL,22.655,88.447,5.95
BLK,Belakoba,26.591441,88.583312,42399099999,JALPAIGURI,26.533,88.717,14.8
BLL,Bantanahal,15.16290019,77.27572365,43237099999,PBO ANANTAPUR,14.583,77.633,75.05
BLLI,Balli,15.151725800000001,74.0209756,43194099999,GOA INTL,15.381,73.831,32.64
BLM,Balamu,27.167362999999998,80.352497,42271099999,HARDOI,27.383,80.167,30.18
BLMR,Bhalukmara,26.685532,94.143709,42423199999,JORHAT,26.732,94.176,6.08
BLNI,Bhalwani,18.212962,75.199289,43071099999,JEUR,18.2,75.2,1.44
BLNR,Birlanagar,26.237555,78.1953108,42361099999,GWALIOR,26.293,78.228,6.97
BLO,Bhulon,24.635909,76.968812,42559099999,GUNA,24.65,77.317,35.23
BLP,Balrampur,27.4158206073,82.16066989870001,42273099999,BAHRAICH,27.567,81.6,57.8
BLPE,Balapalle,13.817150999999999,79.403557,43275099999,TIRUPATHI,13.667,79.583,25.58
BLPR,Badulipar,26.646825,93.87912899999999,42420099999,GOLAGHAT,26.517,93.983,17.75
BLPU,Bilpur,28.083668,79.62578099999999,42266099999,SHAHJAHANPUR,27.883,79.9,34.97
BLQR,Bilaspur Road,28.865600999999998,79.254263,42148099999,PANTNAGAR,29.033,79.467,27.84
BLR,Balganur,15.59262851,75.60251865000001,43201099999,GADAG,15.417,75.633,19.8
BLRR,Belandur Road,12.936565,77.706939,43302599999,BANGALORE / HAL AIRPORT BENGALURU,12.95,77.668,4.48
BLS,Balasore,21.500521,86.91958199999999,42895099999,BALASORE,21.517,86.933,2.3
BLSN,Belsonda,21.155027,82.03562500000001,42875099999,SWAMI VIVEKANANDA,21.183,81.733,31.53
BLT,Balotra,25.830070999999997,72.248683,42435099999,BARMER,25.75,71.383,87.13
BLTR,Belthara Road,26.121418,83.841719,42379099999,GORAKHPUR,26.74,83.45,79.07
BLU,Bilhaur,26.839002,80.060383,42367099999,KANPUR CHAKERI,26.404,80.41,59.56
BLX,Bolai,23.361400652599997,76.4864047449,42662099999,UJJAIN,23.183,75.783,74.54
BLY,Bally,22.6552655812,88.3406065536,42809099999,NETAJI SUBHASH CHANDRA BOSE INTL,22.655,88.447,10.92
BLZ,Budhlada,29.9217422,75.5496866,42131099999,HISAR,29.179,75.755,84.94
BMB,Bamra,22.051355,84.291044,42792099999,SUNDARGARH,22.117,84.033,27.57
BMCK,Bissamcuttack,19.487437999999997,83.458973,43042099999,BHAWANIPATNA,19.917,83.183,55.82
BMD,Bhimadolu,16.80848173,81.26109679,43184099999,NIDADAVOLE,16.833,81.583,34.37
BME,Barmer,25.744521900000002,71.397067,42435099999,BARMER,25.75,71.383,1.53
BMF,Basmat,19.3334723149,77.15177759640001,43021099999,NANDED,19.083,77.333,33.73
BMGA,Bhimgara,23.73804814,87.28427905,42708099999,SHANTI NIKETAN,23.65,87.7,43.45
BMGN,Bamunigaon,26.01201,91.282876,42410099999,GUWAHATI INTL / LOKPRIYA GOPINATH BORDOLOI INTL,26.106,91.586,32.03
BMH,Betamcherla,15.449372,78.148636,43212099999,NANDYAL,15.467,78.483,35.89
BMI,Bamnia,23.0957635,74.7590158,42661099999,RATLAM,23.317,75.05,38.59
BMJ,Bridgmanganj,27.195536999999998,83.197098,44438099999,BHAIRAHAWA / GAUTAM BUDDHA,27.506,83.416,40.73
BMK,Birang Khera,29.9125697133,74.63586428650001,42123099999,GANGANAGAR,29.917,73.917,69.29
BMKD,Bellamkonda,16.46998,80.006313,43182099999,NANDIGAMA,16.783,80.283,45.61
BMKI,Bapudm Motihari,26.655732999999998,84.90529000000001,42383099999,MOTIHARI,26.667,84.917,1.71
BMNL,Baman Wali Halt,28.361736,73.555273,42165099999,BIKANER,28.0,73.3,47.37
BMO,Bolarum,17.5335493,78.5154167,43128099999,BEGUMPET AIRPORT / HYDERABAD INTL,17.452,78.461,10.75
BMPL,Brahmanpalli,17.832927985,78.4501792358,43083099999,MEDAK,18.05,78.267,30.95
BMPR,Badampahar,22.2640234,86.18081819999999,42795099999,CHAIBASA,22.55,85.817,49.09
BMR,Bikrampur,23.082226,79.586316,42770099999,NARSINGHPUR,22.95,79.183,43.82
BMRN,Bhimrana,22.389889,68.992445,42731099999,DWARKA,22.367,69.083,9.65
BMSB,Bhimasar Bg,23.186504,70.174975,42638099999,KANDLA AERODROME,23.15,70.117,7.18
BMT,Begampet,17.4388739,78.4586266,43128099999,BEGUMPET AIRPORT / HYDERABAD INTL,17.452,78.461,1.48
BMU,Bamhrauli,25.44494,81.741641,42475099999,ALLAHABAD ARPT,25.44,81.734,0.94
BN,Bibinagar,17.470511,78.794355,43128099999,BEGUMPET AIRPORT / HYDERABAD INTL,17.452,78.461,35.42
BNA,Banni Koppa,15.40662732,75.94180892,43201099999,GADAG,15.417,75.633,33.12
BNBH,Bani Bihar,20.292611,85.852653,42971099999,BHUBANESHWAR / BIJU PATNAIK INTL,20.244,85.818,6.5
BNBR,Bahanaga Bazar,21.33613403,86.76172839,42895099999,BALASORE,21.517,86.933,26.81
BNC,Bangalore Cant,12.9936735,77.59932690000001,43295099999,BANGALORE,12.967,77.583,3.45
BNCE,Bangalore East,13.001479999999999,77.6184701,43295099999,BANGALORE,12.967,77.583,5.43
BNDA,Banda,25.477677,80.336246,42473099999,BANDA,25.467,80.367,3.31
BNDI,Barundini,25.173406,74.93010100000001,42447099999,BHILWARA,25.35,74.633,35.75
BNDM,Bondamunda,22.2355174,84.92505809999999,42793099999,ROURKELA,22.217,84.883,4.79
BNDP,Buniadpur,25.386267,88.402088,41863099999,DINAJPUR,25.65,88.683,40.68
BNE,Bohani,22.9137476381,78.9159773981,42770099999,NARSINGHPUR,22.95,79.183,27.64
BNG,Barnagar,23.0304117,75.6111208,42662099999,UJJAIN,23.183,75.783,24.43
BNGM,Bangurgram,26.1401115488,74.34824731079999,42343099999,AJMER,26.45,74.617,43.65
BNGN,Bongaigaon,26.478293,90.560548,42407099999,GOALPARA,26.183,90.633,33.62
BNI,Budni,22.7871143,77.6812826,42763099999,HOSHANGABAD,22.767,77.767,9.07
BNK,Banasankarai Halt,13.2656079329,76.5230602795,43263099999,HASSAN,12.967,76.333,39.07
BNKH,Bhairanayakanahalli,13.194258,77.38339300000001,43295099999,BANGALORE,12.967,77.583,33.26
BNKI,Banmankhi,25.885092,87.193664,42395099999,FORBESGANJ,26.3,87.267,46.71
BNL,Bevinahalu,15.16697376,77.21298975,43237099999,PBO ANANTAPUR,14.583,77.633,79.08
BNLS,Bangi Nihalsngh,30.008326,74.95528499999999,42123099999,GANGANAGAR,29.917,73.917,100.54
BNLW,Banasthali Niwai,26.383927808699998,75.93511006349999,42348099999,JAIPUR,26.824,75.812,50.44
BNN,Barnala,30.370396799999998,75.5492466,42099099999,LUDHIANA,30.867,75.933,66.32
BNO,Banar,26.33951,73.146431,42339099999,JODHPUR,26.251,73.049,13.83
BNOD,Benoda,21.449662999999997,78.180007,42860099999,BETUL,21.867,77.933,52.96
BNP,Bhanapur,15.38694828,76.036416,43201099999,GADAG,15.417,75.633,43.38
BNQ,Banarhat,26.797885,89.025682,42399099999,JALPAIGURI,26.533,88.717,42.53
BNR,Bhagwanpur,25.858316719999998,85.30109021000001,42387099999,MUZAFFARPUR,26.117,85.4,30.42
BNSA,Banbasa,28.991685,80.0732101,44409099999,DHANGADHI (ATARIYA),28.8,80.55,51.08
BNT,Bharthana,26.7502248,79.2163612,42364099999,ETAWAH,26.921,79.062,24.4
BNTH,Bandhnath,21.434145,70.356879,42832099999,KESHOD,21.317,70.317,13.66
BNTL,Bantawala,12.878545,75.034456,43284099999,MANGALORE,12.961,74.89,18.14
BNU,Bandakpur,23.848205999999998,79.575956,42674099999,DAMOH,23.833,79.45,12.92
BNV,Binnaguri,26.747088299999998,89.05239089999999,42399099999,JALPAIGURI,26.533,88.717,40.96
BNVD,Bhanvad,21.9330444,69.79885780000001,42830099999,PORBANDAR,21.65,69.667,34.29
BNW,Bhiwani,28.7984261,76.1255797,42176099999,ROHTAK,28.833,76.583,44.73
BNXR,Bidhan Nagar,22.592432,88.391045,42809099999,NETAJI SUBHASH CHANDRA BOSE INTL,22.655,88.447,9.02
BNY,Barhni,27.4957951,82.7918337,44438099999,BHAIRAHAWA / GAUTAM BUDDHA,27.506,83.416,61.57
BNZ,Badshahnagar,26.8686134,80.9613606,42369099999,LUCKNOW / CHAUDHARY CHARAN SINGH INTL,26.761,80.889,13.96
BOBS,Bobas,26.9056364,75.4980458,42348099999,JAIPUR,26.824,75.812,32.44
BOD,Bangrod,23.3982156,75.1241457,42661099999,RATLAM,23.317,75.05,11.78
BOE,Barsoi,25.651242200000002,87.9229421,42500099999,PURNEA,25.267,87.467,62.62
BOF,Barog,30.890852900000002,77.0829696,42083099999,SHIMLA,31.1,77.167,24.6
BOG,Bhairongarh,23.1449211037,74.7760641077,42661099999,RATLAM,23.317,75.05,33.91
BOI,Bainchi,23.1191243,88.196286,42714099999,BAGATI,22.983,88.367,23.11
BOJ,Bhojo,27.0635982,95.03240600000001,42314099999,DIBRUGARH,27.484,95.017,46.77
BOKE,Bhoke,17.0490546,73.3810615,43110099999,RATNAGIRI,16.983,73.333,8.95
BOKO,Boko,25.999791,91.219674,42410099999,GUWAHATI INTL / LOKPRIYA GOPINATH BORDOLOI INTL,26.106,91.586,38.45
BOKR,Bhokar,19.213965,77.666535,43021099999,NANDED,19.083,77.333,37.94
BOMN,Bommagundanakere,14.591669999999999,76.68023,43233099999,CHITRADURGA,14.233,76.433,47.95
BONA,Boinda,20.9200366,84.74820639999999,42969099999,ANGUL,20.833,85.1,37.81
BOR,Boisar,19.7985273,72.76189900000001,43001099999,DAHANU,19.967,72.717,19.31
BORA,Baghdogra,26.697770440000003,88.32445458000001,42398099999,BAGDOGRA,26.681,88.329,1.92
BOW,Borawar,27.0283068063,74.66939656189999,42343099999,AJMER,26.45,74.617,64.51
BOY,Bhadohi,25.3952636,82.5583597,42479099999,LAL BAHADUR SHASTRI VARANASI INTL,25.45,82.867,31.59
BOZ,Bolarum Bazar,17.517847537100003,78.5159651358,43128099999,BEGUMPET AIRPORT / HYDERABAD INTL,17.452,78.461,9.36
BP,Barrackpore,22.7610653,88.371428,42809099999,NETAJI SUBHASH CHANDRA BOSE INTL,22.655,88.447,14.11
BPA,Belampalli,19.053689199999997,79.4863374,43086099999,RAMGUNDAM,18.767,79.433,32.37
BPB,Badarpur,24.865177499999998,92.5563227,42619099999,SILCHAR,24.75,92.8,27.73
BPC,Berhampore Crt,24.0890841,88.263642,42603099999,BERHAMPORE,24.133,88.267,4.9
BPD,Bahadurpur,23.438519499999998,88.4633792,42711099999,KRISHNANAGAR,23.4,88.517,6.95
BPE,Benapur,22.271352309999997,87.37624084000001,42803099999,MIDNAPORE,22.417,87.317,17.3
BPF,Banapura,22.4703575471,77.4807316095,42763099999,HOSHANGABAD,22.767,77.767,44.17
BPH,Belpahar,21.827212300000003,83.84907630000001,42886099999,JHARSUGUDA / VEER SURENDRA SAI,21.914,84.05,22.87
BPHB,Bhilai Pwr Hs,21.208119,81.375901,42876099999,DURG,21.183,81.283,10.03
BPK,Bhugaon,20.6738192,78.6700027,42939099999,WARDHA,20.667,78.583,9.08
BPKA,Bhopalka,22.122780300000002,69.3687405,42731099999,DWARKA,22.367,69.083,40.03
BPL,Bhopal,23.266884384300003,77.4131428577,42667099999,BHOPAL / RAJA BHOJ,23.287,77.337,8.09
BPO,Baripada,21.9227408,86.73709000000001,42894099999,BARIPADA,21.933,86.767,3.29
BPP,Bapatla,15.9086144,80.46842480000001,43220099999,BAPATLA,15.9,80.467,0.97
BPQ,Balharshah,19.8490173,79.3485858,43029099999,CHANDRAPUR,19.967,79.3,14.07
BPR,Bhojipura,28.4939826,79.44724,42189099999,BAREILLY,28.422,79.451,8.01
BPRA,Baripura,25.340728000000002,79.943488,42567099999,KHAJURAHO,24.983,79.917,39.87
BPRD,Barpeta Road,26.5028473,90.9639649,42407099999,GOALPARA,26.183,90.633,48.5
BPRH,Balpur Halt,22.115136,82.694138,42782099999,BILASPUR,21.988,82.111,61.74
BPRS,Bhogpur Sirwal,31.556593699999997,75.6452234,42077099999,UNA,31.467,76.267,59.78
BPS,Banpas,23.40073073,87.74725106999999,42709099999,BURDWAN,23.233,87.85,21.4
BPZ,Bazpur,29.1578998,79.1463827,42148099999,PANTNAGAR,29.033,79.467,34.11
BQA,Bankura,23.224387099999998,87.07468750000001,42706099999,BANKURA,23.383,87.083,17.66
BQE,Bakanian Bhaunr,23.261737,77.252499,42667099999,BHOPAL / RAJA BHOJ,23.287,77.337,9.08
BQG,Bhagwangola,24.333178,88.309816,42603099999,BERHAMPORE,24.133,88.267,22.68
BQI,Bommidi,11.984698435,78.2462805359,43340099999,YERCAUD,11.75,78.167,27.49
BQM,Barelipar,22.051583,78.407732,42767099999,PACHMARHI,22.467,78.433,46.27
BQN,Bagri Nagar,25.895725000000002,73.787801,42339099999,JODHPUR,26.251,73.049,83.7
BQP,Bighapur,26.3551471,80.6934544,42367099999,KANPUR CHAKERI,26.404,80.41,28.75
BQQ,Bakhleta,23.846381,79.96972000000001,42674099999,DAMOH,23.833,79.45,52.88
BQR,Bhilainagar,21.2013382,81.33434510000001,42876099999,DURG,21.183,81.283,5.7
BQU,Bhattiprolu,16.105632000000004,80.787953,43185099999,MACHILIPATNAM/FRANCHPET,16.2,81.15,40.07
BQW,Barakalan,25.4915162541,83.8494928638,42482099999,GHAZIPUR,25.4,83.55,31.75
BR,Bandh Bareta,26.910367,77.364108,42354099999,DHOLPUR,26.667,77.833,53.84
BRAG,Barang,20.400699,85.832573,42970099999,CUTTACK,20.467,85.933,12.8
BRBS,Birbans Ph,22.79397464,86.01393866000001,42798099999,JAMSHEDPUR,22.813,86.169,16.03
BRC,Vadodara,22.310756,73.181065,42744099999,VALLABH VIDYANAGAR,22.567,72.933,38.23
BRD,Bhandara Road,21.238512,79.64752299999999,42866099999,NAGPUR (MAYO HOSPITAL),21.15,79.117,55.87
BRE,Bharwari,25.5591917,81.4918665,42475099999,ALLAHABAD ARPT,25.44,81.734,27.68
BRG,Bargarh,25.164270416300003,81.4500584753,42475099999,ALLAHABAD ARPT,25.44,81.734,41.89
BRGA,Bargarh Road,21.332902999999998,83.642586,42883099999,SAMBALPUR,21.467,83.967,36.75
BRGJ,Bargaon Gujar,21.7849180856,76.3562287756,42855099999,KHANDWA,21.833,76.367,5.46
BRGL,Burgula Halt,16.993515,78.20522299999999,43168099999,MAHABUBNAGAR,16.75,78.0,34.79
BRGM,Baraigram,24.684059,92.344106,42619099999,SILCHAR,24.75,92.8,46.63
BRGT,Bheraghat,23.1697663,79.7978789,42675099999,JABALPUR,23.178,80.052,25.99
BRGW,Bargawan,24.197002,82.455989,42577099999,SIDHI,24.417,81.867,64.51
BRH,Baikunthpur Rd,23.317286,82.5298836,42693099999,AMBIKAPUR,23.167,83.25,75.45
BRI,Bhiringi,22.227752,76.941024,42855099999,KHANDWA,21.833,76.367,73.67
BRJN,Brajrajnagar,21.822718000000002,83.923653,42886099999,JHARSUGUDA / VEER SURENDRA SAI,21.914,84.05,16.52
BRK,Bahraich,27.581536,81.6075183,42273099999,BAHRAICH,27.567,81.6,1.78
BRKA,Barka Kana,23.624159,85.469553,42701099999,BIRSA MUNDA,23.314,85.322,37.63
BRKY,Boraki,28.507907999999997,77.56361700000001,42183099999,BULANDSHAHR,28.4,77.867,31.99
BRM,Barabambo,22.70169729,85.72902995999999,42795099999,CHAIBASA,22.55,85.817,19.13
BRMD,Biramdih,23.04578437,86.19920954,42799099999,JAMSHEDPUR,22.817,86.183,25.49
BRMO,Bermo,23.772498,85.955893,42705099999,PURULIA,23.333,86.417,67.8
BRN,Barhan,27.32891,78.19231699999999,42260099999,AGRA,27.156,77.961,29.88
BRNA,Berawanya,23.465605999999998,75.33412200000001,42661099999,RATLAM,23.317,75.05,33.37
BRPL,Barpali,21.183637700000002,83.59487580000001,42883099999,SAMBALPUR,21.467,83.967,49.78
BRQ,Bagrakot,26.87063169,88.58596154,42296099999,KALIMPONG,27.067,88.467,24.81
BRR,Barakar,23.7416829,86.818859,42706099999,BANKURA,23.383,87.083,48.12
BRRG,Biyavra Rajgarh,23.93591,76.907007,42557099999,RAJGARH,24.0,76.717,20.58
BRRZ,Barara Buzurg,26.052652,81.08413800000001,42471099999,FATEHPUR,25.933,80.833,28.41
BRS,Birsinghpur,23.367211700000002,81.0433529,42679099999,UMARIA,23.533,80.883,24.65
BRST,Birpurusothampr,19.99039983,85.80635131,43053099999,PURI,19.8,85.817,21.2
BRTK,Bhortex,21.102507999999997,74.995996,42851099999,JALGAON,21.05,75.567,59.53
BRU,Bhairoganj,27.151418149999998,84.24239742,44449099999,SIMARA,27.159,84.98,72.98
BRUD,Barud,22.052142,76.814085,42855099999,KHANDWA,21.833,76.367,52.15
BRVR,Borvihir,20.7843263,74.8417412,42925099999,MALEGAON,20.55,74.533,41.36
BRW,Bariwala,30.532580000000003,74.65895300000001,42123099999,GANGANAGAR,29.917,73.917,98.83
BRWD,Barwadih,23.843836,84.11877999999999,42587099999,DALTONGANJ,24.05,84.067,23.52
BRY,Bareilly,28.3372843,79.4109744,42189099999,BAREILLY,28.422,79.451,10.2
BRYA,Barhiya,25.2832026,86.01507679999999,42498099999,BHAGALPUR,25.233,86.95,94.19
BRZ,Bareta,29.859333900000003,75.69240260000001,42131099999,HISAR,29.179,75.755,75.89
BSAE,Bansh Baria,22.957288000000002,88.395641,42714099999,BAGATI,22.983,88.367,4.1
BSB,Varanasi,25.327281,82.986468,42483099999,VARANASI,25.3,83.017,4.32
BSBR,Bansloi Bridge,24.502610999999998,87.862439,42603099999,BERHAMPORE,24.133,88.267,58.05
BSC,Bulandshahr,28.3919187,77.8482415,42183099999,BULANDSHAHR,28.4,77.867,2.04
BSDP,Bhusandpur,19.951792700000002,85.4764825,43053099999,PURI,19.8,85.817,39.41
BSDR,Bansadhara Ph,18.970276000000002,83.822754,43105099999,KALINGAPATAM,18.333,84.133,78.04
BSE,Badshahpur,25.652268,82.190552,42475099999,ALLAHABAD ARPT,25.44,81.734,51.53
BSGN,Basugaon,26.460164000000002,90.42014999999999,42407099999,GOALPARA,26.183,90.633,37.41
BSI,Basbari,26.184354000000003,89.900353,42404099999,DHUBRI,26.017,89.983,20.36
BSJ,Bhupalsagar,24.8477620899,74.2116131934,42542099999,UDAIPUR / MAHARANA PRATAP,24.618,73.896,40.85
BSKH,Basukinath,24.388941000000003,87.045099,42599099999,DUMKA,24.267,87.25,24.8
BSKO,Banskho,26.856115,76.142206,42348099999,JAIPUR,26.824,75.812,32.96
BSKR,Basi Kiratpur,29.497228000000003,78.213283,42143099999,NAJIBABAD,29.617,78.383,21.14
BSL,Bhusaval,21.0472812,75.78867170000001,42851099999,JALGAON,21.05,75.567,23.01
BSLE,Bataspur,23.8802785594,87.6806814746,42708099999,SHANTI NIKETAN,23.65,87.7,25.68
BSN,Banasandra,13.265332,76.659317,43263099999,HASSAN,12.967,76.333,48.47
BSP,Bilaspur,22.057473,82.167585,42782099999,BILASPUR,21.988,82.111,9.68
BSPH,Bishanpur Hryna,29.274012000000003,76.323906,42176099999,ROHTAK,28.833,76.583,55.13
BSPN,Bassi Pathanam,30.6884592,76.4096692,42705299999,CHANDIGARH,30.673,76.789,36.32
BSPR,Bishrampur,23.179178,82.98289000000001,42693099999,AMBIKAPUR,23.167,83.25,27.34
BSPX,Banspani,22.00024281,85.42341227,42891099999,KEONGJHARGARH,21.617,85.517,43.7
BSQP,Bansipur,25.1245132245,86.1448204578,42498099999,BHAGALPUR,25.233,86.95,81.92
BSR,Vasai Road,19.3824486,72.8322217,43003099999,CHHATRAPATI SHIVAJI MAHARAJ INTL,19.089,72.868,32.85
BSRL,Besroli,26.990674000000002,74.560725,42343099999,AJMER,26.45,74.617,60.38
BSRX,Basavana Bagewadi Road,16.47986853,75.82814753,43161099999,BIJAPUR,16.817,75.717,39.31
BSSL,Basi Beriasal,25.024084,74.764318,42546099999,CHITTORGARH,24.883,74.633,20.53
BST,Basti,26.815678,82.77005899999999,42279099999,BASTI,26.8,82.733,4.07
BSTP,Basantapur,21.548768,85.67658999999999,42891099999,KEONGJHARGARH,21.617,85.517,18.16
BSWA,Baiswara,26.284843000000002,80.83471200000001,42471099999,FATEHPUR,25.933,80.833,39.12
BSX,Basar,18.86512,77.938506,43081099999,NIZAMABAD,18.667,78.1,27.83
BSZ,Bharwa Sumerpur,25.825412999999998,80.167419,42469099999,HAMIRPUR,25.95,80.15,13.96
BTA,Bihta,25.560948600000003,84.8740874,42492099999,JAI PRAKASH NARAYAN INTL PATNA,25.591,85.088,21.71
BTC,Balaghat,21.8116285,80.19988529999999,42871099999,GONDIA ARPT/BIRSI,21.524,80.288,33.25
BTD,Botad,22.182870599999998,71.6655966,42740099999,SURENDRANAGAR,22.733,71.6,61.54
BTE,Bharatpur,27.237106999999998,77.488613,42257099999,MATHURA,27.5,77.683,34.97
BTG,Basharatganj,28.288009,79.2851956,42189099999,BAREILLY,28.422,79.451,22.03
BTGH,Bettadnagenhali,14.1738302683,76.2593350818,43233099999,CHITRADURGA,14.233,76.433,19.84
BTH,Bettiah,26.8058847,84.5229561,42383099999,MOTIHARI,26.667,84.917,42.07
BTI,Bathinda,30.209488,74.932083,42123099999,GANGANAGAR,29.917,73.917,102.96
BTIC,Batinda Cantt,30.19088,74.954044,42123099999,GANGANAGAR,29.917,73.917,104.35
BTJL,Bhatkal,13.98866,74.5655589,43229099999,SHIRALI,14.067,74.533,9.39
BTK,Bankata,26.265917,84.09492,42379099999,GORAKHPUR,26.74,83.45,83.05
BTKP,Bharat Kup,25.217166,80.76767899999999,42473099999,BANDA,25.467,80.367,48.92
BTO,Bhitaura,28.469954,79.306506,42189099999,BAREILLY,28.422,79.451,15.1
BTP,Babatpur,25.453616,82.8800248,42479099999,LAL BAHADUR SHASTRI VARANASI INTL,25.45,82.867,1.37
BTPD,Bethampurdi,17.543986,80.573657,43136099999,BHADRACHALAM,17.667,80.883,35.53
BTQ,Betnoti,21.741339999999997,86.8435187,42894099999,BARIPADA,21.933,86.767,22.73
BTS,Basta,21.7029241,87.0637831,42895099999,BALASORE,21.517,86.933,24.7
BTSD,Bhatisuda,23.392187,75.421478,42661099999,RATLAM,23.317,75.05,38.83
BTSR,Bhuteshwar,27.501369999999998,77.66784,42257099999,MATHURA,27.5,77.683,1.5
BTT,Bhatni,26.381257,83.934035,42379099999,GORAKHPUR,26.74,83.45,62.52
BTTR,Bitragunta,14.768584800000001,79.98314599999999,43243099999,KAVALI,14.9,79.983,14.61
BTU,Baraut,29.09692,77.273006,42139099999,MEERUT,29.017,77.717,44.06
BTV,Baitarani Road,20.986995999999998,86.23539299999999,42973099999,CHANDBALI,20.783,86.733,56.45
BTVA,Batuva,18.34308678,83.62409646,43105099999,KALINGAPATAM,18.333,84.133,53.73
BTW,Barsi Town,18.240993,75.718169,43071099999,JEUR,18.2,75.2,54.92
BTX,Bela Tal,25.2767862477,79.55448188960001,42467099999,NOWGONG,25.067,79.45,25.59
BTY,Bethuadahari,23.610275,88.384597,42711099999,KRISHNANAGAR,23.4,88.517,27.0
BU,Baswa,27.149686000000003,76.575644,42255099999,ALWAR,27.5,76.583,38.96
BUA,Baradwar,22.011725000000002,82.813724,42782099999,BILASPUR,21.988,82.111,72.5
BUB,Bissau,28.2401014,75.0612084,42170099999,CHURU,28.25,74.917,14.17
BUBR,Bhutakia Bhimsa,23.533540000000002,70.908462,42638099999,KANDLA AERODROME,23.15,70.117,91.37
BUDA,Bhuda,27.1289860174,76.8145379749,42255099999,ALWAR,27.5,76.583,47.17
BUDI,Bundi,25.407922,75.65069899999999,42452099999,KOTA,25.16,75.846,33.85
BUDM,Badmal,20.384900000000002,83.27114900000001,42961099999,TITLAGARH,20.3,83.3,9.91
BUE,Baruna,25.569781000000003,84.08917199999999,42482099999,GHAZIPUR,25.4,83.55,57.32
BUG,Bagaha,27.130045000000003,84.066991,42379099999,GORAKHPUR,26.74,83.45,74.98
BUGL,Buglanwali,29.79175066957987,74.23897337168455,42123099999,GANGANAGAR,29.917,73.917,34.03
BUH,Burhar,23.213203999999998,81.528406,42779099999,PENDRA ROAD,22.767,81.9,62.52
BUI,Ballia,25.76057,84.15311999999999,42488099999,CHAPRA,25.783,84.733,58.12
BUJ,Barauni Flag,25.4735905867,85.96507848819999,42391099999,DARBHANGA,26.167,85.9,77.38
BUM,Bommasamudram,13.044566,79.176067,43303099999,VELLORE,12.917,79.15,14.46
BUP,Bariarpur,25.2810286076,86.5740372229,42498099999,BHAGALPUR,25.233,86.95,38.18
BUPH,Babupeth,19.923131,79.313027,43029099999,CHANDRAPUR,19.967,79.3,5.06
BURN,Burnpur,23.6719137,86.9386234,42706099999,BANKURA,23.383,87.083,35.34
BUS,Badausa,25.248423000000003,80.651011,42473099999,BANDA,25.467,80.367,37.48
BUT,Baytu,25.897537999999997,71.76868,42435099999,BARMER,25.75,71.383,41.94
BUU,Bhadanpur,24.16808,80.679777,42571099999,SATNA,24.567,80.833,46.99
BUW,Burhwal,27.087081,81.39016,42273099999,BAHRAICH,27.567,81.6,57.25
BUX,Bhandak,20.084262,79.112528,43029099999,CHANDRAPUR,19.967,79.3,23.53
BV,Babhnan,26.938525000000002,82.500127,42279099999,BASTI,26.8,82.733,27.76
BVA,Bauria,22.5035911202,88.1635216052,42807099999,BEHALA,22.505,88.293,13.3
BVC,Bhavnagar Terminus,21.781668,72.141059,42080199999,BHAVNAGAR,21.752,72.185,5.61
BVH,Ballabgarh,28.3408609239,77.312775968,42182099999,SAFDARJUNG,28.585,77.206,29.08
BVI,Borivali,19.228739,72.85641199999999,43003099999,CHHATRAPATI SHIVAJI MAHARAJ INTL,19.089,72.868,15.59
BVL,Bikkavolu,16.9693168335,82.031148067,43189099999,KAKINADA,16.95,82.233,21.58
BVN,Biswan,27.4894825714,80.990464292,42270099999,KHERI,27.9,80.8,49.35
BVO,Bogolu,15.473393,77.914295,43213099999,KURNOOL,15.8,78.067,39.83
BVP,Bhavanagar Para,21.770889999999998,72.11868199999999,42080199999,BHAVNAGAR,21.752,72.185,7.16
BVQ,Bhilavdi,17.008048,74.51678100000001,43158099999,SANGLI,16.85,74.6,19.68
BVR,Banavar,13.395698823,76.1400537476,43260099999,CHICKMAGALUR,13.25,75.75,45.21
BVRM,Bhimavaram,16.543097,81.538335,43187099999,NARSAPUR,16.433,81.7,21.14
BVRT,Bhimavaram Town,16.547348,81.516853,43187099999,NARSAPUR,16.433,81.7,23.3
BW,Biwai,27.110623039700002,76.6960924713,42255099999,ALWAR,27.5,76.583,44.72
BWB,Bagwali,30.033151999999998,74.772519,42123099999,GANGANAGAR,29.917,73.917,83.41
BWC,Banwali,29.91997899999999,74.029894,42123099999,GANGANAGAR,29.917,73.917,10.89
BWH,Bhadaura,25.4504253,83.738354,42482099999,GHAZIPUR,25.4,83.55,19.73
BWI,Bilwai,26.158966,82.665181,42279099999,BASTI,26.8,82.733,71.6
BWIP,Bhawanipatna,19.93393,83.15839799999999,43042099999,BHAWANIPATNA,19.917,83.183,3.19
BWK,Bawani Khera,28.939509,76.032707,42131099999,HISAR,29.179,75.755,37.92
BWL,Bawal,28.070281,76.572402,42177099999,NARNAUL,28.0,76.083,48.67
BWM,Bhawani Mandi,24.419472000000003,75.82981,42452099999,KOTA,25.16,75.846,82.36
BWN,Bardhaman,23.249718,87.87028099999999,42709099999,BURDWAN,23.233,87.85,2.78
BWO,Buramara,22.107567000000003,86.650295,42894099999,BARIPADA,21.933,86.767,22.84
BWR,Barwa Sagar,25.351848,78.731628,42463099999,JHANSI,25.491,78.558,23.31
BWRA,Bharatwada,21.231695,79.0171081,42866099999,NAGPUR (MAYO HOSPITAL),21.15,79.117,13.78
BWS,Badwasi,27.311355,73.663015,42165099999,BIKANER,28.0,73.3,84.51
BWSN,Bijwasan,28.536700000000003,77.051292,42181099999,INDIRA GANDHI INTL,28.567,77.103,6.07
BWT,Bangarapet,12.984808,78.178188,43272099999,CHINTAMANI,13.2,78.067,26.79
BWX,Bahman Diwana,30.225526,74.849153,42123099999,GANGANAGAR,29.917,73.917,96.04
BXC,Barwala,29.367534,75.88703100000001,42131099999,HISAR,29.179,75.755,24.57
BXG,Bhanga,24.857347,92.457351,42619099999,SILCHAR,24.75,92.8,36.59
BXJ,Bokajan,26.018425999999998,93.779466,42527099999,KOHIMA,25.633,94.167,57.8
BXK,Bandarkhal,25.069785,92.80071699999999,42522099999,HAFLONG,25.167,93.017,24.31
BXL,Bheduasol,23.1943639299,87.13517327999999,42706099999,BANKURA,23.383,87.083,21.64
BXN,Bayana,26.916354000000002,77.29713100000001,42354099999,DHOLPUR,26.667,77.833,59.98
BXP,Barpathar,26.274562,93.899672,42420099999,GOLAGHAT,26.517,93.983,28.21
BXQ,Brundamal,21.806503000000003,84.016216,42886099999,JHARSUGUDA / VEER SURENDRA SAI,21.914,84.05,12.45
BXR,Buxar,25.562067,83.982184,42482099999,GHAZIPUR,25.4,83.55,46.98
BXT,Bamanhat,26.076284459879247,89.62797752581537,41862199999,RAJARHAT KURIGRAM,25.8,89.55,31.7
BXY,Bordhal,21.997011,78.348164,42860099999,BETUL,21.867,77.933,45.2
BYC,Ballari Cantt Halt,15.150286000000001,76.89450500000001,43237099999,PBO ANANTAPUR,14.583,77.633,101.38
BYD,Byadgi,14.6997230018,75.4900954675,43227099999,HAVERI,14.783,75.4,13.4
BYL,Belha,21.961973,82.077189,42782099999,BILASPUR,21.988,82.111,4.53
BYN,Banahi,25.561301,84.389916,42488099999,CHAPRA,25.783,84.733,42.31
BYNR,Mookambika Road Byndoor (h),13.87259,74.63279,43229099999,SHIRALI,14.067,74.533,24.15
BYP,Baijnathpur,25.901014,86.653766,42393099999,SUPAUL,26.133,86.583,26.75
BYPL,Baiyyappanahalli,12.990198,77.650886,43302599999,BANGALORE / HAL AIRPORT BENGALURU,12.95,77.668,4.84
BYQ,Bahai,26.122334,81.01527999999999,42471099999,FATEHPUR,25.933,80.833,27.84
BYR,Bhayandar,19.311766,72.85303900000001,43003099999,CHHATRAPATI SHIVAJI MAHARAJ INTL,19.089,72.868,24.82
BYS,Barsali,21.909813,78.03136099999999,42860099999,BETUL,21.867,77.933,11.21
BYT,Bhatapara,21.732464,81.946062,42782099999,BILASPUR,21.988,82.111,33.12
BZA,Vijayawada,16.518262,80.61864800000001,43181099999,VIJAYAWADA,16.53,80.797,19.06
BZG,Bilga,31.058267,75.66684099999999,42099099999,LUDHIANA,30.867,75.933,33.11
BZLE,Bazarsau,23.8757926,88.1828793,42603099999,BERHAMPORE,24.133,88.267,29.85
BZM,Bhimsen,26.419754,80.21814499999999,42367099999,KANPUR CHAKERI,26.404,80.41,19.19
BZN,Bagnan,22.462515,87.97071100000001,42805099999,ULUBERIA,22.5,87.95,4.68
BZO,Barsola,29.394379,76.231711,42131099999,HISAR,29.179,75.755,52.07
BZU,Betul,21.896393,77.90589700000001,42860099999,BETUL,21.867,77.933,4.3
BZY,Basai,25.142923,78.394254,42463099999,JHANSI,25.491,78.558,42.06
CAA,Chakia,26.417182,85.04636,42383099999,MOTIHARI,26.667,84.917,30.61
CAER,Chhanera,21.963965,76.707775,42855099999,KHANDWA,21.833,76.367,38.05
CAF,Chanda Fort,19.9400612,79.3122585,43029099999,CHANDRAPUR,19.967,79.3,3.26
CAG,Chhabra Gugor,24.680339,76.850989,42559099999,GUNA,24.65,77.317,47.21
CAI,Chanpatia,26.94163,84.53063900000001,42383099999,MOTIHARI,26.667,84.917,49.02
CAN,Kannur,11.870694199999999,75.3683267,43315099999,CANNUR,11.833,75.333,5.69
CAO,Chauradano,26.85049224,85.01767731,42383099999,MOTIHARI,26.667,84.917,22.72
CAP,Chatrapur,19.3589572,84.97327299999999,43049099999,GOPALPUR,19.267,84.883,13.94
CAPE,Kanyakumari,8.088028,77.542504,43377099999,KANNIYAKUMARI,8.083,77.5,4.71
CAR,Chunar,25.103351,82.874703,42483099999,VARANASI,25.3,83.017,26.14
CASA,Chhansara,23.767566,71.276337,42539099999,DEESA,24.2,72.2,105.44
CBE,Coimbatore,10.997639,76.966298,43321099999,COIMBATORE,11.031,77.044,9.26
CBF,Coimbatore North,11.019937,76.954304,43321099999,COIMBATORE,11.031,77.044,9.87
CBH,Chaube,24.2372952691,85.8160239368,42591099999,GAYA,24.744,84.951,104.1
CBJ,Clutterbuckganj,28.396895,79.371946,42189099999,BAREILLY,28.422,79.451,8.22
CBK,Chachura Binagani,24.178144,77.01660299999999,42557099999,RAJGARH,24.0,76.717,36.3
CBM,Cumbum,15.592947,79.110832,43212099999,NANDYAL,15.467,78.483,68.71
CBN,Chit Baragaon,25.744108999999998,84.00154,42482099999,GHAZIPUR,25.4,83.55,59.29
CBSA,Chaibasa,22.560494000000002,85.812342,42795099999,CHAIBASA,22.55,85.817,1.26
CBT,Charbatia,20.569383900000002,85.9113306,42970099999,CUTTACK,20.467,85.933,11.61
CBU,Chinnababusamudram,11.919465,79.686417,43331099999,M.O. PONDICHERRY,11.967,79.817,15.16
CBZ,Churaibari,24.433621,92.24124800000001,42618099999,KAILASHAHAR,24.317,92.0,27.66
CC,Chauri Chaura,26.673882,83.545894,42379099999,GORAKHPUR,26.74,83.45,12.03
CCA,Chigicherla,14.517474,77.68348800000001,43237099999,PBO ANANTAPUR,14.583,77.633,9.09
CCD,Chichonda,21.709709,78.352032,42860099999,BETUL,21.867,77.933,46.67
CCH,Chinchvad,18.638903,73.79139199999999,43063099999,PUNE,18.533,73.85,13.3
CCI,Chinnekuntapali,14.4427884187,77.8420563,43237099999,PBO ANANTAPUR,14.583,77.633,27.38
CCL,Chanchelav,22.795825439999998,73.71433934,42744099999,VALLABH VIDYANAGAR,22.567,72.933,84.1
CCO,Chicholi Ph,21.458741,79.702691,42871099999,GONDIA ARPT/BIRSI,21.524,80.288,60.99
CCP,Chhuchhapura,22.214729000000002,73.594519,42744099999,VALLABH VIDYANAGAR,22.567,72.933,78.49
CCT,Kakinada Town,16.9670099,82.2329218,43189099999,KAKINADA,16.95,82.233,1.89
CD,Chandrapur,19.960126000000002,79.300505,43029099999,CHANDRAPUR,19.967,79.3,0.77
CDA,Chuda,22.495211350199998,71.7500982013,42740099999,SURENDRANAGAR,22.733,71.6,30.6
CDB,Chaudhribandh,24.1118528783,85.9464457367,42705099999,PURULIA,23.333,86.417,98.97
CDD,Chandod,21.99195697308774,73.45218163914979,42744099999,VALLABH VIDYANAGAR,22.567,72.933,83.32
CDG,Chandigarh,30.7019773,76.82208,42705299999,CHANDIGARH,30.673,76.789,4.52
CDGR,Chandrakona Road,22.739076,87.340588,42803099999,MIDNAPORE,22.417,87.317,35.9
CDH,Chakdaha,23.078406,88.529672,42714099999,BAGATI,22.983,88.367,19.74
CDM,Chidambaram,11.391471000000001,79.7033411,43207099999,PARANGIPETTAI,11.5,79.767,13.92
CDS,Chandisar,24.2064915,72.3128162,42539099999,DEESA,24.2,72.2,11.46
CEL,Chebrol,16.819948,81.396533,43184099999,NIDADAVOLE,16.833,81.583,19.9
CGF,Charali,27.4496656596,95.3509509503,42314099999,DIBRUGARH,27.484,95.017,33.17
CGI,Chandragiri,13.61173,79.31221500000001,43275099999,TIRUPATHI,13.667,79.583,29.9
CGL,Chengalpattu,12.692863999999998,79.981519,43279099999,CHENNAI INTL,12.994,80.181,39.86
CGN,Chirgaon,25.575053,78.805761,42463099999,JHANSI,25.491,78.558,26.56
CGON,Chaygaon,26.064069106999998,91.3952511639,42410099999,GUWAHATI INTL / LOKPRIYA GOPINATH BORDOLOI INTL,26.106,91.586,19.61
CGR,Chandan Nagar,22.867469999999997,88.354421,42714099999,BAGATI,22.983,88.367,12.91
CGS,Changsari,26.256204,91.693023,42410099999,GUWAHATI INTL / LOKPRIYA GOPINATH BORDOLOI INTL,26.106,91.586,19.82
CGY,Changanasseri,9.449881,76.54841400000001,43355099999,KOTTAYAM,9.533,76.6,10.84
CH,Chandausi,28.458626000000002,78.780268,42187099999,MORADABAD,28.833,78.75,41.73
CHA,Chawapall,30.7594625741,76.127464975,42099099999,LUDHIANA,30.867,75.933,22.09
CHAF,Chaf Halt,26.8285100187,84.0939686646,42379099999,GORAKHPUR,26.74,83.45,64.68
CHAR,Charmal,21.095391,84.204417,42883099999,SAMBALPUR,21.467,83.967,48.09
CHCR,Chacher,21.241422,79.354918,42866099999,NAGPUR (MAYO HOSPITAL),21.15,79.117,26.68
CHD,Chandia Road,23.6454399,80.701436,42679099999,UMARIA,23.533,80.883,22.33
CHDX,Chhada,23.237624,81.47142699999999,42779099999,PENDRA ROAD,22.767,81.9,68.28
CHE,Srikakulam Road,18.408679,83.903771,43105099999,KALINGAPATAM,18.333,84.133,25.61
CHH,Chaukhandi,25.3398947588,82.83483412599999,42479099999,LAL BAHADUR SHASTRI VARANASI INTL,25.45,82.867,12.66
CHI,Chiplun,17.542507399999998,73.522429,43111099999,MAHABALESHWAR,17.933,73.667,46.04
CHIB,Chirai Bg,23.208800999999998,70.242149,42638099999,KANDLA AERODROME,23.15,70.117,14.37
CHJ,Chata,27.711992000000002,77.502978,42257099999,MATHURA,27.5,77.683,29.5
CHK,Chakeri,26.381159999999998,80.40654599999999,42367099999,KANPUR CHAKERI,26.404,80.41,2.56
CHKE,Challakere,14.315154000000001,76.66001700000001,43233099999,CHITRADURGA,14.233,76.433,26.11
CHL,Chola,28.31216512,77.72940894,42183099999,BULANDSHAHR,28.4,77.867,16.63
CHLK,Chavalkhede,21.024084000000002,75.352237,42851099999,JALGAON,21.05,75.567,22.47
CHM,Chalthan,21.157909,72.95617,42840099999,SURAT,21.2,72.833,13.6
CHNN,Channani,26.49509,75.920457,42348099999,JAIPUR,26.824,75.812,38.13
CHP,Chhapi,24.034518000000002,72.40022099999999,42539099999,DEESA,24.2,72.2,27.41
CHR,Chilkahar,25.82699,83.965313,42482099999,GHAZIPUR,25.4,83.55,63.15
CHRG,Chorgi,17.175076999999998,75.869711,43161099999,BIJAPUR,16.817,75.717,43.0
CHRM,Chirmiri,23.1894855,82.34955079999999,42779099999,PENDRA ROAD,22.767,81.9,65.76
CHSM,Chinna Salem,11.631062,78.873821,43324099999,ARIYALUR,11.167,79.0,53.4
CHUA,Chourai,22.057632,79.246686,42768099999,CHHINDWARA,22.1,79.0,25.85
CHV,Charvattur,12.213321,75.15435,43315099999,CANNUR,11.833,75.333,46.54
CHZ,Charlapalli,17.457672000000002,78.605619,43128099999,BEGUMPET AIRPORT / HYDERABAD INTL,17.452,78.461,15.35
CI,Chhapra Kacheri,25.785987000000002,84.74709499999999,42488099999,CHAPRA,25.783,84.733,1.45
CIH,Chilhia,27.35207,82.990864,44438099999,BHAIRAHAWA / GAUTAM BUDDHA,27.506,83.416,45.32
CIK,Chiksana,27.199896,77.663925,42260099999,AGRA,27.156,77.961,29.79
CIL,Chilbila,25.947331,82.004241,42475099999,ALLAHABAD ARPT,25.44,81.734,62.57
CIV,Chinnaravuru,16.224010999999997,80.655843,43181099999,VIJAYAWADA,16.53,80.797,37.21
CJ,Kanchipuram,12.848947,79.70314900000001,43277099999,TIRUTTANI,13.15,79.533,38.22
CJM,Chinna Ganjam,15.689502,80.236773,43221099999,ONGOLE,15.5,80.083,26.74
CJN,Chhatna,23.305386000000002,86.975734,42706099999,BANKURA,23.383,87.083,13.94
CJS,Charamula Kusum,19.020403,82.401044,43041099999,JAGDALPUR,19.083,82.033,39.3
CK,Chiksugar,16.336647,77.343832,43169099999,RAICHUR,16.2,77.35,15.21
CKB,Chauth Ka Barwara,26.051333,76.14905300000001,42456099999,SHEOPUR,25.667,76.683,68.42
CKD,Charkhi Dadri,28.600799,76.279921,42176099999,ROHTAK,28.833,76.583,39.25
CKE,Choki Sorath,21.659142000000003,70.525813,42832099999,KESHOD,21.317,70.317,43.75
CKH,Chakand,24.8901416,84.9954942,42591099999,GAYA,24.744,84.951,16.86
CKI,Chalakudi,10.3017975,76.3218076,43357099999,THRISSUR,10.517,76.217,26.53
CKKD,Charkhera Khurd,21.938836,76.642615,42855099999,KHANDWA,21.833,76.367,30.78
CKMI,Chhotaki Masaudhi Halt,25.330397498299998,85.0317514441,42492099999,JAI PRAKASH NARAYAN INTL PATNA,25.591,85.088,29.52
CKNI,Chikni Road,20.325826,78.95921700000001,43029099999,CHANDRAPUR,19.967,79.3,53.46
CKOD,Chakrod,23.3530905936,76.779716546,42667099999,BHOPAL / RAJA BHOJ,23.287,77.337,57.38
CKP,Chakaradharpur,22.678979,85.62777100000001,42795099999,CHAIBASA,22.55,85.817,24.14
CKR,Chikodi Road,16.3690477592,74.76949432980001,43158099999,SANGLI,16.85,74.6,56.45
CKS,Chaksu,26.592917999999997,75.910778,42348099999,JAIPUR,26.824,75.812,27.5
CKTD,Chitrakot,25.217610999999998,80.922775,42473099999,BANDA,25.467,80.367,62.36
CKU,Chakulia,22.478149,86.721161,42894099999,BARIPADA,21.933,86.767,60.8
CKVD,Chikkandawadi,14.137920273699999,76.2025684888,43233099999,CHITRADURGA,14.233,76.433,27.0
CKX,Chakur,18.4875607596,76.8840283246,43076099999,UDGIR,18.067,77.117,52.84
CLD,Chalsa,26.882215,88.798213,42296099999,KALIMPONG,27.067,88.467,38.72
CLDR,Chilikidara,21.243022,85.827112,42891099999,KEONGJHARGARH,21.617,85.517,52.53
CLDY,Chandlodiya,23.074516000000003,72.543606,42647099999,AHMEDABAD / SARDAR VALLABHBHAI PATEL INTL,23.077,72.635,9.35
CLE,Chintalpalli,17.914855999999997,79.701487,43087099999,HANAMKONDA,18.017,79.567,18.2
CLG,Kahalgaon,25.2621879424,87.2337518945,42499099999,SABAUR,25.233,87.067,17.08
CLJ,Colonelganj,27.137698,81.69417800000001,42273099999,BAHRAICH,27.567,81.6,48.63
CLKA,Chilka,19.686694,85.17991400000001,43049099999,GOPALPUR,19.267,84.883,56.1
CLPE,Challavaripalli,14.876728,78.034438,43237099999,PBO ANANTAPUR,14.583,77.633,54.13
CLR,Castle Rock,15.397879,74.334484,43194099999,GOA INTL,15.381,73.831,54.01
CLT,Kozhikkode,11.246234,75.780407,43314099999,KOZHIKODE,11.25,75.783,0.51
CLVR,Chiluvur,16.379558,80.61690800000001,43181099999,VIJAYAWADA,16.53,80.797,25.47
CLW,Chilwariya,27.487001000000003,81.69873199999999,42273099999,BAHRAICH,27.567,81.6,13.19
CLX,Chirala,15.830755,80.353602,43220099999,BAPATLA,15.9,80.467,14.37
CM,Campierganj,27.05777,83.267384,42379099999,GORAKHPUR,26.74,83.45,39.7
CMA,Cinnamara,26.715526999999998,94.169432,42423199999,JORHAT,26.732,94.176,1.94
CMDP,Chimidipalli,18.262764,83.07686199999999,43149099999,VISHAKHAPATNAM CTLZ,17.717,83.217,62.47
CMJ,Chamarajapuram,12.29844,76.637861,43291099999,MYSORE,12.3,76.7,6.75
CMNR,Chamarajanagar,11.934891,76.932807,43322099999,CHAMARAJNAGAR,11.933,76.933,0.21
CMR,Chamrola,27.393031999999998,78.180143,42260099999,AGRA,27.156,77.961,34.11
CMU,Chau Mahla,23.948204999999998,75.60086100000001,42662099999,UJJAIN,23.183,75.783,87.09
CMX,Chamagram,24.821334,87.96334499999999,42503099999,MALDA,25.033,88.133,29.1
CNA,Chanderia,24.939557999999998,74.629979,42546099999,CHITTORGARH,24.883,74.633,6.3
CNB,Kanpur Central,26.454240000000002,80.350966,42367099999,KANPUR CHAKERI,26.404,80.41,8.11
CNBI,Chandari,26.428098,80.360645,42367099999,KANPUR CHAKERI,26.404,80.41,5.6
CNC,Chinchli,16.571696999999997,74.855323,43158099999,SANGLI,16.85,74.6,41.2
CND,Chandur,20.8045192,77.9821558,42937099999,AMRAOTI,20.933,77.783,25.15
CNDB,Chandur Bazar,21.219451,77.741807,42937099999,AMRAOTI,20.933,77.783,32.14
CNDM,Chandi Mandir,30.727071000000002,76.88683900000001,42105099999,CHANDIGARH(IAFB),30.733,76.883,0.75
CNE,Chandranathpur,24.984962,92.71665800000001,42619099999,SILCHAR,24.75,92.8,27.45
CNGR,Chengannur,9.319504,76.608271,43355099999,KOTTAYAM,9.533,76.6,23.76
CNI,Chandil,22.956014,86.07210900000001,42798099999,JAMSHEDPUR,22.813,86.169,18.75
CNJ,Chander Nagar Halt,28.662871000000003,77.33120100000001,42182099999,SAFDARJUNG,28.585,77.206,14.98
CNK,Chandok,29.576786,78.152782,42143099999,NAJIBABAD,29.617,78.383,22.7
CNL,Chandawal,25.946542716,73.86881457700001,42339099999,JODHPUR,26.251,73.049,88.59
CNO,Canacona,15.006905999999999,74.039454,43225099999,KARWAR,14.783,74.133,26.85
CNPR,Chainpur,23.729821,85.582933,42701099999,BIRSA MUNDA,23.314,85.322,53.34
CNS,Chuchura,22.890190999999998,88.3695,42714099999,BAGATI,22.983,88.367,10.32
COA,Kakinada Port,16.955204000000002,82.240057,43189099999,KAKINADA,16.95,82.233,0.95
COB,Cooch Behar,26.3029681,89.6653098,42403099999,COOCH BEHAR,26.333,89.467,20.05
COE,Chitrod,23.417869,70.655356,42638099999,KANDLA AERODROME,23.15,70.117,62.54
COM,Chomun Samod,27.158223,75.70272,42348099999,JAIPUR,26.824,75.812,38.71
COR,Chittaurgarh,24.874340999999998,74.623687,42546099999,CHITTORGARH,24.883,74.633,1.35
CPA,Kanpur Anwrganj,26.456232999999997,80.328444,42367099999,KANPUR CHAKERI,26.404,80.41,9.98
CPB,Kanpur Bge L Bk,26.477460999999998,80.379316,42367099999,KANPUR CHAKERI,26.404,80.41,8.72
CPD,Chinchpada,21.206379000000002,73.93924200000001,42846099999,NANDURBAR,21.333,74.25,35.14
CPDR,Chhipadohar,23.8133333478,84.2023836389,42587099999,DALTONGANJ,24.05,84.067,29.7
CPH,Champa,22.034731,82.665149,42782099999,BILASPUR,21.988,82.111,57.36
CPJ,Kaptanganj,26.926388,83.69990700000001,42379099999,GORAKHPUR,26.74,83.45,32.32
CPK,Chaparmukh,26.202272,92.511718,42414099999,CHAPARMUKH,26.2,92.517,0.58
CPLE,Chinpal,23.839677000000002,87.46063699999999,42708099999,SHANTI NIKETAN,23.65,87.7,32.22
CPN,Champaner Rd,22.541916,73.393378,42744099999,VALLABH VIDYANAGAR,22.567,72.933,47.36
CPP,Chipurupalle,18.316259000000002,83.569608,43105099999,KALINGAPATAM,18.333,84.133,59.5
CPR,Chhapra,25.788320000000002,84.725004,42488099999,CHAPRA,25.783,84.733,1.0
CPS,Chand Siau,29.13201,78.27585499999999,42143099999,NAJIBABAD,29.617,78.383,54.92
CPT,Channapatna,12.659673000000002,77.203824,43289099999,MANDYA,12.5,76.833,43.99
CPU,Chopan,24.51403,83.025843,42483099999,VARANASI,25.3,83.017,87.4
CQA,Cherukara,10.929228,76.22811899999999,42705599999,CALICUT,11.137,75.955,37.71
CRC,Charkhari Road,25.307555999999998,79.74565299999999,42567099999,KHAJURAHO,24.983,79.917,40.0
CRJ,Chittaranjan,23.857138000000003,86.878036,42706099999,BANKURA,23.383,87.083,56.71
CRK,Charkhera,22.367273,77.171177,42763099999,HOSHANGABAD,22.767,77.767,75.62
CRLM,Karmelaram,12.907633,77.706014,43302599999,BANGALORE / HAL AIRPORT BENGALURU,12.95,77.668,6.26
CRP,Chandrapura,23.755676,86.119775,42705099999,PURULIA,23.333,86.417,55.92
CRR,Karagola Road,25.500006821499998,87.3778270438,42500099999,PURNEA,25.267,87.467,27.41
CRU,Chudawa,19.1803282622,77.1169303369,43021099999,NANDED,19.083,77.333,25.15
CRWA,Chirawa,28.223341365041605,75.65068451687694,42174099999,PILANI,28.333,75.583,13.88
CRY,Chirayinkeezh,8.658337900000001,76.7853703,43372099999,THIRUVANANTHAPURAM INTL,8.482,76.92,24.57
CSA,Chausa,25.4984911003,83.89633140379999,42482099999,GHAZIPUR,25.4,83.55,36.46
CSB,Shivaji Bridge,28.634101,77.226612,42182099999,SAFDARJUNG,28.585,77.206,5.82
CSN,Chalisgaon,20.464109,74.999049,42925099999,MALEGAON,20.55,74.533,49.47
CSZ,Cossimbazar,24.122264,88.266903,42603099999,BERHAMPORE,24.133,88.267,1.19
CT,Chittapur,17.1197808,77.09045160000001,43121099999,GULBARGA,17.35,76.85,36.16
CTA,Chitradurg,14.231154,76.386431,43233099999,CHITRADURGA,14.233,76.433,5.02
CTC,Cuttack,20.466587999999998,85.90156,42970099999,CUTTACK,20.467,85.933,3.28
CTD,Chhota Udepur,22.314788,74.014286,42846099999,NANDURBAR,21.333,74.25,111.85
CTF,Chitgidda,17.391231,77.963909,43128599999,HYDERABAD INTL AIRPORT / RAJIV GANDHI INTL,17.233,78.417,51.22
CTH,Chikalthan,19.859565,75.402851,43014099999,AURANGABAD,19.863,75.398,0.64
CTHR,Chitahra,24.862627000000003,80.842854,42571099999,SATNA,24.567,80.833,32.89
CTKT,Chhoti Khatu,27.155534,74.35722999999999,42343099999,AJMER,26.45,74.617,82.58
CTL,Chital,21.745689,71.218128,42834099999,AMRELI,21.6,71.217,16.2
CTMP,Chhit Makandpur,25.234493190600002,86.87393632569999,42498099999,BHAGALPUR,25.233,86.95,7.65
CTO,Chittoor,13.219857,79.103252,43303099999,VELLORE,12.917,79.15,34.05
CTPE,Chandanattop Halt,8.932478000000001,76.64532,43354099999,PUNALUR,9.0,76.917,30.77
CTR,Chatra,24.372846,87.849257,42603099999,BERHAMPORE,24.133,88.267,50.05
CTRE,Chitteri,13.068171999999999,79.597909,43277099999,TIRUTTANI,13.15,79.533,11.5
CTS,Chhatariput,18.922722,82.590027,43097099999,KORAPUT,18.817,82.717,17.8
CTTP,Chitrapur (h),14.036147999999999,74.536566,43229099999,SHIRALI,14.067,74.533,3.45
CTYL,Chityala,17.221960824,79.135713114,43133099999,NALGONDA,17.0,79.25,27.51
CUE,Choupale,21.377019,74.319097,42846099999,NANDURBAR,21.333,74.25,8.67
CUK,Churk,24.6496787,83.1032006,42483099999,VARANASI,25.3,83.017,72.83
CUPJ,Cuddalore Port,11.715119,79.766287,43329099999,CUDDALORE,11.767,79.767,5.77
CUR,Churu,28.288281,74.966203,42170099999,CHURU,28.25,74.917,6.43
CVB,Cavalry Barracks,17.494734,78.518694,43128099999,BEGUMPET AIRPORT / HYDERABAD INTL,17.452,78.461,7.75
CVJ,Chavaj,21.753134000000003,73.010489,42840099999,SURAT,21.2,72.833,64.19
CVP,Kovilpatti,9.182578,77.872848,43376099999,PALAYANKOTTAI,8.733,77.75,51.78
CVR,Chorvad Road,21.055196000000002,70.290734,42909099999,VERAVAL,20.9,70.367,18.99
CW,Chainwa,26.022117,84.49649600000001,42488099999,CHAPRA,25.783,84.733,35.59
CWA,Chhindwara,22.058201,78.953212,42768099999,CHHINDWARA,22.1,79.0,6.7
CYI,Chhayapuri,22.388284,73.179698,42744099999,VALLABH VIDYANAGAR,22.567,72.933,32.21
CYN,Cheriyanad,9.273119000000001,76.585087,43355099999,KOTTAYAM,9.533,76.6,28.94
DAA,Datia,25.641070000000003,78.456356,42460099999,DATIA,25.667,78.467,3.07
DAB,Dharmabad,18.888260310099998,77.8493415012,43081099999,NIZAMABAD,18.667,78.1,36.08
DABN,Dhaban,29.859997,74.54288000000001,42123099999,GANGANAGAR,29.917,73.917,60.67
DAJ,Duroji,15.227107,76.70013,43233099999,CHITRADURGA,14.233,76.433,114.21
DAKE,Dakhineswar,22.6534841,88.36363519999999,42809099999,NETAJI SUBHASH CHANDRA BOSE INTL,22.655,88.447,8.56
DAPD,Dapodi,18.58005,73.83279900000001,43063099999,PUNE,18.533,73.85,5.54
DAQ,Daud Khan,27.830504,78.09879699999999,42262099999,ALIGARH,27.883,78.067,6.62
DAR,Danwar,28.129968509999998,77.88391252,42183099999,BULANDSHAHR,28.4,77.867,30.07
DARA,Dara,24.832608999999998,76.005784,42452099999,KOTA,25.16,75.846,39.81
DAS,Dhasa,21.782545,71.51800800000001,42834099999,AMRELI,21.6,71.217,37.14
DAVM,Dhanu Vacha Puram Ha,8.378802,77.124352,43371099999,THIRUVANANTHAPURAM,8.483,76.95,22.41
DB,Dabhoi,22.137755,73.415466,42744099999,VALLABH VIDYANAGAR,22.567,72.933,68.85
DBA,Dabra,25.881197,78.331015,42460099999,DATIA,25.667,78.467,27.44
DBB,Dhubri,26.023137000000002,89.977952,42404099999,DHUBRI,26.017,89.983,0.85
DBD,Deoband,29.680031500000002,77.67087339999999,42137099999,KARNAL,29.7,77.033,61.66
DBEC,Devbaloda Charoda Ph,21.21335,81.45049,42876099999,DURG,21.183,81.283,17.69
DBF,Dabpal,18.927979999999998,81.488923,43093099999,BAILADILA,18.583,81.233,46.88
DBG,Darbhanga,26.157088,85.907575,42391099999,DARBHANGA,26.167,85.9,1.34
DBI,Dabli Rathan,29.542416,74.19093000000001,42123099999,GANGANAGAR,29.917,73.917,49.34
DBL,Dodbele,13.216441000000001,77.351193,43295099999,BANGALORE,12.967,77.583,37.41
DBLA,Dabla,27.888685430000002,75.9464005609,42177099999,NARNAUL,28.0,76.083,18.26
DBR,Dabhaura,25.11793,81.30312500000001,42475099999,ALLAHABAD ARPT,25.44,81.734,56.21
DBRG,Dibrugarh,27.463606565899997,94.93525791020001,42314099999,DIBRUGARH,27.484,95.017,8.38
DBS,Dobbspet,13.2331801567,77.2491554279,43295099999,BANGALORE,12.967,77.583,46.73
DBSI,Dayabasti,28.667329000000002,77.17138999999999,42182099999,SAFDARJUNG,28.585,77.206,9.76
DBU,Dodballapur,13.27894,77.55016,42705699999,BANGALURU INTL AIRPORT / KEMPEGOWDA INTL,13.2,77.7,18.44
DBV,Dabilpur,17.674226,78.470315,43128099999,BEGUMPET AIRPORT / HYDERABAD INTL,17.452,78.461,24.73
DBY,Digboi,27.383483,95.61698200000001,42314099999,DIBRUGARH,27.484,95.017,60.26
DCA,Damchara,25.012661,92.749675,42619099999,SILCHAR,24.75,92.8,29.64
DCAB,Dcab,21.226612,81.477969,42872099999,MANA,21.233,81.65,17.84
DCK,Dhandhuka,22.384024,71.975613,42740099999,SURENDRANAGAR,22.733,71.6,54.71
DCU,Damalcheruvu,13.478885,79.05643400000001,43271099999,AROGYAVARAM,13.533,78.5,60.46
DD,Daund,18.463547,74.578622,43069099999,BARAMATI,18.15,74.583,34.87
DDA,Duraundha,26.086973,84.45894600000001,42488099999,CHAPRA,25.783,84.733,43.51
DDCE,Dundi,23.557854000000003,80.21665700000001,42675099999,JABALPUR,23.178,80.052,45.46
DDE,Dondaicha,21.331414,74.563104,42846099999,NANDURBAR,21.333,74.25,32.43
DDJ,Dum Dum,22.621717,88.392835,42809099999,NETAJI SUBHASH CHANDRA BOSE INTL,22.655,88.447,6.68
DDL,Dhandari Kalan,30.874477,75.90949099999999,42099099999,LUDHIANA,30.867,75.933,2.39
DDM,Dam Dim,26.859243000000003,88.67133299999999,42296099999,KALIMPONG,27.067,88.467,30.72
DDMT,Darimeta,21.536803,78.5411,42867099999,DR BABA SAHEB AMBEDKAR INTL,21.092,79.047,72.06
DDN,Dehradoon,30.3140377,78.0336011,42111099999,DEHRADUN,30.317,78.033,0.33
DDNI,Dudhnoi,26.001459,90.76188,42407099999,GOALPARA,26.183,90.633,23.94
DDP,Daudpur,25.90709,84.591425,42488099999,CHAPRA,25.783,84.733,19.78
DDR,Dadar,19.019731,72.84346500000001,43003099999,CHHATRAPATI SHIVAJI MAHARAJ INTL,19.089,72.868,8.12
DDX,Dhamdhamia,24.9603876804,87.7615573059,42503099999,MALDA,25.033,88.133,38.29
DEB,Debagram,23.685277,88.306807,42711099999,KRISHNANAGAR,23.4,88.517,38.28
DEC,Delhi Cantt,28.613534,77.116577,42181099999,INDIRA GANDHI INTL,28.567,77.103,5.34
DEE,Delhi Sarai Rohilla,28.662992,77.187106,42182099999,SAFDARJUNG,28.585,77.206,8.87
DEEG,Deeg,27.48655053,77.32451142,42257099999,MATHURA,27.5,77.683,35.39
DEG,Delang,20.038474,85.76695,42971099999,BHUBANESHWAR / BIJU PATNAIK INTL,20.244,85.818,23.47
DEHR,Dehu Road,18.680176,73.734169,43063099999,PUNE,18.533,73.85,20.42
DEOR,Diyodar,24.113489,71.770888,42539099999,DEESA,24.2,72.2,44.59
DEOS,Deoria Sadar,26.5076811676,83.7819590961,42379099999,GORAKHPUR,26.74,83.45,41.91
DER,Dadri,28.537940000000003,77.537422,42182099999,SAFDARJUNG,28.585,77.206,32.79
DES,Desari,25.6683593565,85.4087656586,42492099999,JAI PRAKASH NARAYAN INTL PATNA,25.591,85.088,33.29
DG,Dindigul,10.35381,77.985472,43359099999,MADURAI,9.917,78.117,50.66
DGA,Dighwara,25.743938,85.003168,42492099999,JAI PRAKASH NARAYAN INTL PATNA,25.591,85.088,19.01
DGB,Dindu G Puram H,18.542976,84.241768,43105099999,KALINGAPATAM,18.333,84.133,26.02
DGBZ,Dongri Buzurg Ph,21.573844,79.676645,42771099999,SEONI,22.083,79.55,58.11
DGDG,Durgada Gate,17.2124765738,82.3489940906,43147099999,TUNI,17.35,82.55,26.25
DGG,Dongargarh,21.185492,80.759857,42948099999,RAJNANDGAON,21.1,81.033,29.88
DGHA,Digha,21.622377,87.507655,42901099999,DIGHA,21.617,87.5,0.99
DGHR,Deoghar,24.51178242,86.69712126,42599099999,DUMKA,24.267,87.25,62.26
DGI,Dungri,20.687336000000002,72.949119,42915099999,BULSAR,20.617,72.933,8.0
DGLE,Dhulian Ganga,24.672086,87.937644,42503099999,MALDA,25.033,88.133,44.71
DGN,Dongargaon,21.641314,76.36406699999999,42855099999,KHANDWA,21.833,76.367,21.32
DGO,Durgauti,25.207897000000003,83.539684,42482099999,GHAZIPUR,25.4,83.55,21.39
DGR,Durgapur,23.495046000000002,87.297902,42706099999,BANKURA,23.383,87.083,25.22
DGS,Dagori,21.905693,82.069143,42782099999,BILASPUR,21.988,82.111,10.12
DGW,Dhigawara,27.296265000000002,76.613599,42255099999,ALWAR,27.5,76.583,22.85
DHA,Dheena,25.354392,83.423069,42482099999,GHAZIPUR,25.4,83.55,13.72
DHD,Dahod,22.843607000000002,74.25337400000001,42661099999,RATLAM,23.317,75.05,97.01
DHE,Dodhi,25.604879,82.998947,42479099999,LAL BAHADUR SHASTRI VARANASI INTL,25.45,82.867,21.72
DHG,Dhrangadhra,22.9871651,71.4791076,42740099999,SURENDRANAGAR,22.733,71.6,30.86
DHH,Dinhata,26.0707762,89.5868746,41862199999,RAJARHAT KURIGRAM,25.8,89.55,30.33
DHI,Dhule,20.887752,74.768847,42925099999,MALEGAON,20.55,74.533,44.86
DHN,Dhanbad,23.790966,86.428956,42705099999,PURULIA,23.333,86.417,50.94
DHND,Dhinda,26.890931,75.361206,42348099999,JAIPUR,26.824,75.812,45.33
DHNE,Dhone,15.396729,77.865727,43213099999,KURNOOL,15.8,78.067,49.75
DHO,Dhaulpur,26.697592,77.90604900000001,42354099999,DHOLPUR,26.667,77.833,8.02
DHR,Dharnaoda,24.592205,77.09925299999999,42559099999,GUNA,24.65,77.317,22.93
DHRR,Dhirera,28.363519,73.616355,42165099999,BIKANER,28.0,73.3,50.94
DHU,Dhubulia,23.483546,88.441145,42711099999,KRISHNANAGAR,23.4,88.517,12.09
DHW,Dhariwal,31.949113,75.32156499999999,42071099999,AMRITSAR,31.71,74.797,56.24
DIA,Didwana,27.406108,74.55765600000001,42249099999,SIKAR,27.617,75.133,61.4
DIB,Dibai,28.19378,78.303084,42262099999,ALIGARH,27.883,78.067,41.61
DIG,Duggirala,16.327559,80.62356999999999,43181099999,VIJAYAWADA,16.53,80.797,29.14
DIH,Dharuadihi,21.995145,84.223691,42886099999,JHARSUGUDA / VEER SURENDRA SAI,21.914,84.05,20.06
DIL,Dilawarnagar,26.9601891,80.6674744,42369099999,LUCKNOW / CHAUDHARY CHARAN SINGH INTL,26.761,80.889,31.2
DING,Ding,29.461053699999997,75.2606046,42131099999,HISAR,29.179,75.755,57.28
DIR,Dhanapur Orissa,18.945173,82.50739300000001,43097099999,KORAPUT,18.817,82.717,26.26
DISA,Disa,24.237125199999998,72.1796003,42539099999,DEESA,24.2,72.2,4.62
DIVA,Diva,19.188394,73.041905,43003099999,CHHATRAPATI SHIVAJI MAHARAJ INTL,19.089,72.868,21.35
DJA,Daotuhaja,25.227501,93.162162,42522099999,HAFLONG,25.167,93.017,16.08
DJG,Duliajan,27.367712,95.30695200000001,42314099999,DIBRUGARH,27.484,95.017,31.4
DJHR,Deojhar,22.08071726,85.47699312,42891099999,KEONGJHARGARH,21.617,85.517,51.73
DJS,Dhurani Jwas Halt,25.220474,86.047715,42498099999,BHAGALPUR,25.233,86.95,90.77
DJX,Dungripadi,21.060872999999997,83.559213,42883099999,SAMBALPUR,21.467,83.967,61.85
DK,Dakor,22.747203,73.15859180000001,42744099999,VALLABH VIDYANAGAR,22.567,72.933,30.62
DKAE,Dankuni,22.677422,88.291491,42809099999,NETAJI SUBHASH CHANDRA BOSE INTL,22.655,88.447,16.15
DKBJ,Dahar Ka Balaji,26.944321,75.765669,42348099999,JAIPUR,26.824,75.812,14.15
DKC,Devarkadra,16.630504,77.838261,43168099999,MAHABUBNAGAR,16.75,78.0,21.76
DKD,Donakonda,15.834631000000002,79.484112,43221099999,ONGOLE,15.5,80.083,74.13
DKDE,Dankaur,28.415313,77.64321100000001,42183099999,BULANDSHAHR,28.4,77.867,21.95
DKE,Dihakho,25.427907,93.126587,42522099999,HAFLONG,25.167,93.017,31.03
DKGS,Dinkar Gram Simaria,25.411453,86.014464,42391099999,DARBHANGA,26.167,85.9,84.79
DKI,Dharmkundi,22.5120383739,77.5510144354,42763099999,HOSHANGABAD,22.767,77.767,35.99
DKJ,Dornakal,17.445987000000002,80.153157,43137099999,KHAMMAM,17.25,80.15,21.8
DKJR,Dhekiajili Road,26.809213999999997,92.452548,42413099999,MAJBAT,26.75,92.35,12.12
DKLU,Doikallu,19.74188249,83.48161132000001,43042099999,BHAWANIPATNA,19.917,83.183,36.81
DKNT,Dakaniya Talav,25.145187999999997,75.865501,42452099999,KOTA,25.16,75.846,2.56
DKO,Devakottai Road,10.037610999999998,78.761747,43327099999,KARAIKUDI,10.067,78.8,5.31
DKT,Dhulkot,30.395686,76.78753499999999,42104099999,NAHAN,30.4,76.767,2.03
DKW,Dhanakwada,24.146307,71.823472,42539099999,DEESA,24.2,72.2,38.66
DKZ,Delhi Kishangnj,28.664731999999997,77.201256,42182099999,SAFDARJUNG,28.585,77.206,8.88
DL,Daladi,22.585067,71.069304,42737099999,RAJKOT,22.309,70.78,42.74
DLB,Daulatabad,19.916367,75.210494,43014099999,AURANGABAD,19.863,75.398,20.48
DLC,Dulmera,28.417832,73.65658,42165099999,BIKANER,28.0,73.3,58.13
DLCR,Dullabcherra,24.505297000000002,92.477671,42619099999,SILCHAR,24.75,92.8,42.45
DLD,Dalauda,23.948636999999998,75.105361,42661099999,RATLAM,23.317,75.05,70.46
DLGN,Dhalgaon,17.120967200000003,74.9887134,43158099999,SANGLI,16.85,74.6,51.15
DLI,Delhi,28.661815999999998,77.228356,42182099999,SAFDARJUNG,28.585,77.206,8.82
DLJ,Dhola,21.822549000000002,71.738273,42080199999,BHAVNAGAR,21.752,72.185,46.79
DLK,Dalkolha,25.873416,87.83887700000001,42395099999,FORBESGANJ,26.3,87.267,74.24
DLN,Dildarnagar,25.419424,83.668324,42482099999,GHAZIPUR,25.4,83.55,12.08
DLO,Dalgaon,26.715384,89.136244,42399099999,JALPAIGURI,26.533,88.717,46.35
DLPT,Dulakhapatna,21.007019,86.28087400000001,42973099999,CHANDBALI,20.783,86.733,53.16
DLR,Dullahapur,25.799898,83.423264,42482099999,GHAZIPUR,25.4,83.55,46.25
DME,Damnagar,21.688346,71.509053,42834099999,AMRELI,21.6,71.217,31.74
DMG,Domingarh,26.765251,83.341993,42379099999,GORAKHPUR,26.74,83.45,11.09
DMH,Dauram Madhpura,25.908513,86.782638,42393099999,SUPAUL,26.133,86.583,31.95
DMK,Dilmili,18.987443,81.737851,43041099999,JAGDALPUR,19.083,82.033,32.79
DMLE,Dumurdaha,23.040053,88.43266200000001,42714099999,BAGATI,22.983,88.367,9.24
DMM,Dharmavaram,14.424368999999999,77.717115,43237099999,PBO ANANTAPUR,14.583,77.633,19.83
DMN,Dhamangaon,20.784674000000003,78.138054,42937099999,AMRAOTI,20.933,77.783,40.41
DMNJ,Daman Jodi,18.767771,82.865768,43097099999,KORAPUT,18.817,82.717,16.59
DMO,Damoh,23.836693,79.432246,42674099999,DAMOH,23.833,79.45,1.85
DMP,Dharmpur Hmchl,30.900491,77.023914,42105099999,CHANDIGARH(IAFB),30.733,76.883,22.98
DMR,Dharmanagar,24.366946,92.16824700000001,42618099999,KAILASHAHAR,24.317,92.0,17.93
DMRX,Dumri,25.2459362417,86.0283957056,42498099999,BHAGALPUR,25.233,86.95,92.71
DMT,Diguvametta,15.394929999999999,78.826206,43212099999,NANDYAL,15.467,78.483,37.65
DMV,Dimapur,25.905701999999998,93.72781599999999,42527099999,KOHIMA,25.633,94.167,53.42
DMW,Dalmau,26.075249999999997,81.05365,42471099999,FATEHPUR,25.933,80.833,27.14
DNA,Degana,26.897349,74.316388,42343099999,AJMER,26.45,74.617,58.02
DNDI,Dhondi,19.106268,76.736112,43017099999,PARBHANI,19.133,76.833,10.6
DNDL,Dandi Mal,20.715235,85.53418,42969099999,ANGUL,20.833,85.1,47.0
DNK,Dhanakya,26.91819,75.605607,42348099999,JAIPUR,26.824,75.812,23.0
DNKL,Dhenkanal,20.676825,85.59087799999999,42970099999,CUTTACK,20.467,85.933,42.58
DNM,Dhanmandal,20.687806,86.11228,42970099999,CUTTACK,20.467,85.933,30.84
DNN,Dina Nagar,32.134789,75.467351,42071099999,AMRITSAR,31.71,74.797,78.95
DNR,Danapur,25.581921,85.044629,42492099999,JAI PRAKASH NARAYAN INTL PATNA,25.591,85.088,4.47
DNRE,Dhanauri,25.1719686608,86.1591750293,42498099999,BHAGALPUR,25.233,86.95,79.85
DNRP,Dungarpur,23.867175000000003,73.69546199999999,42542099999,UDAIPUR / MAHARANA PRATAP,24.618,73.896,85.93
DNT,Dantan,21.930376,87.284055,42901099999,DIGHA,21.617,87.5,41.37
DNV,Donkinavalasa,18.468756,83.350942,43097099999,KORAPUT,18.817,82.717,77.21
DNWH,Daniyawan Bzr H,25.4345036206,85.2908951074,42492099999,JAI PRAKASH NARAYAN INTL PATNA,25.591,85.088,26.78
DO,Dausa,26.900046999999997,76.330336,42348099999,JAIPUR,26.824,75.812,52.11
DOA,Doraha,30.804137,76.04330300000001,42099099999,LUDHIANA,30.867,75.933,12.64
DOB,Dundlod Mukandgarh,27.93879936977548,75.23735384456813,42249099999,SIKAR,27.617,75.133,37.23
DOD,Dhodhar,23.770740999999997,75.10354600000001,42661099999,RATLAM,23.317,75.05,50.75
DOE,Deori,23.298434999999998,80.009808,42675099999,JABALPUR,23.178,80.052,14.07
DOH,Dhodra Mohar,22.281504,77.875226,42860099999,BETUL,21.867,77.933,46.47
DOK,Dholka,22.731982,72.433842,42647099999,AHMEDABAD / SARDAR VALLABHBHAI PATEL INTL,23.077,72.635,43.55
DOL,Dholi,25.976952,85.562495,42387099999,MUZAFFARPUR,26.117,85.4,22.5
DOR,Dundara,25.895799,72.796892,42339099999,JODHPUR,26.251,73.049,46.84
DOS,Dehri On Sone,24.914894999999998,84.185434,42588099999,DEHRI,24.917,84.183,0.34
DOZ,Daurai,26.395604000000002,74.619546,42343099999,AJMER,26.45,74.617,6.05
DPA,Durgapura,26.855947,75.786436,42348099999,JAIPUR,26.824,75.812,4.36
DPC,Darliput,18.365186,82.74651899999999,43097099999,KORAPUT,18.817,82.717,50.34
DPD,Dosapadu,16.468807,80.938771,43181099999,VIJAYAWADA,16.53,80.797,16.58
DPH,Dadhapara,22.028156,82.123182,42782099999,BILASPUR,21.988,82.111,4.64
DPJ,Dharmapuri,12.126595,78.154742,43301099999,DHARMAPURI,12.133,78.033,13.25
DPK,Dholipal,29.76082671390587,74.25159995444119,42123099999,GANGANAGAR,29.917,73.917,36.65
DPLN,Diplana,29.182572629698868,74.88112287595868,42131099999,HISAR,29.179,75.755,84.84
DPR,Dhampur,29.305446,78.501588,42143099999,NAJIBABAD,29.617,78.383,36.5
DPRA,Dhupdhara,25.979779,91.066009,42407099999,GOALPARA,26.183,90.633,48.79
DPS,Dangoaposi,22.167964,85.59273,42795099999,CHAIBASA,22.55,85.817,48.34
DPU,Diphu,25.83725,93.438384,42523099999,LUMDING,25.75,93.183,27.35
DPUR,Depur Ph,19.972516,83.250076,43042099999,BHAWANIPATNA,19.917,83.183,9.34
DPX,Dadpur,24.829399000000002,86.34907600000001,42498099999,BHAGALPUR,25.233,86.95,75.36
DPZ,Devpura,26.03271,76.251747,42456099999,SHEOPUR,25.667,76.683,59.3
DQG,Dhupguri,26.573532,88.994973,42399099999,JALPAIGURI,26.533,88.717,28.01
DQN,Dhanera,24.506528,72.032364,42539099999,DEESA,24.2,72.2,38.08
DQR,Dabirpura,17.366083,78.490284,43128099999,BEGUMPET AIRPORT / HYDERABAD INTL,17.452,78.461,10.05
DR,Dadar,19.017179,72.842972,43003099999,CHHATRAPATI SHIVAJI MAHARAJ INTL,19.089,72.868,8.41
DRA,Dularia,22.575660999999997,77.654362,42763099999,HOSHANGABAD,22.767,77.767,24.21
DRD,Dahanu Road,19.991217,72.74336799999999,43001099999,DAHANU,19.967,72.717,3.85
DRH,Dharhara,25.2578934114,86.4115380682,42498099999,BHAGALPUR,25.233,86.95,54.23
DRHI,Dagar Khedi,22.0812732116,76.8264017633,42855099999,KHANDWA,21.833,76.367,54.83
DRI,Dumri Juara,25.748425,84.869395,42488099999,CHAPRA,25.783,84.733,14.19
DRL,Derol,22.630205,73.462158,42744099999,VALLABH VIDYANAGAR,22.567,72.933,54.77
DRLA,Daurala,29.114015000000002,77.70616000000001,42139099999,MEERUT,29.017,77.717,10.84
DRN,Deoranian,28.64478,79.476473,42189099999,BAREILLY,28.422,79.451,24.9
DRO,Daryaogonj,27.5980988686,79.0824955792,42364099999,ETAWAH,26.921,79.062,75.32
DRS,Dhareshwar,25.777583999999997,73.667743,42339099999,JODHPUR,26.251,73.049,81.2
DRTP,Dasharathpur,25.265181819000002,86.46453228029999,42498099999,BHAGALPUR,25.233,86.95,48.96
DRU,Kadur,13.552501000000001,76.008846,43260099999,CHICKMAGALUR,13.25,75.75,43.76
DRV,Darauli,25.393753,83.60180199999999,42482099999,GHAZIPUR,25.4,83.55,5.25
DRWN,Derowan,22.487947,85.29977799999999,42793099999,ROURKELA,22.217,84.883,52.39
DSA,Delhi Shahdara,28.673098,77.293154,42182099999,SAFDARJUNG,28.585,77.206,12.97
DSB,Sadar Bazar,28.658656,77.216852,42182099999,SAFDARJUNG,28.585,77.206,8.26
DSJ,Delhi Safdarjng,28.582121,77.186969,42182099999,SAFDARJUNG,28.585,77.206,1.89
DSO,Deshnok,27.791303,73.338483,42165099999,BIKANER,28.0,73.3,23.51
DSR,Dhansiri,25.810836,93.613598,42523099999,LUMDING,25.75,93.183,43.64
DSS,Dalsingh Sarai,25.6647486,85.84146519999999,42391099999,DARBHANGA,26.167,85.9,56.15
DTAE,Dhatrigram,23.277796,88.31182199999999,42711099999,KRISHNANAGAR,23.4,88.517,24.97
DTC,Ditokcherra,25.090538,92.798715,42522099999,HAFLONG,25.167,93.017,23.56
DTF,Dantla,27.1971512117,76.9610701135,42255099999,ALWAR,27.5,76.583,50.28
DTO,Daltonganj,24.033075,84.07484299999999,42587099999,DALTONGANJ,24.05,84.067,2.04
DTP,Diviti Palli,16.740883,78.08417499999999,43168099999,MAHABUBNAGAR,16.75,78.0,9.02
DTRA,Dantra,26.772568999999997,75.149207,42343099999,AJMER,26.45,74.617,63.92
DTRD,Diyatraroad,27.733596247399998,72.8399187915,42165099999,BIKANER,28.0,73.3,54.06
DTV,Dhutra,21.896881999999998,84.09109799999999,42886099999,JHARSUGUDA / VEER SURENDRA SAI,21.914,84.05,4.65
DTVL,Dativali Cabin,19.187012,73.059049,43003099999,CHHATRAPATI SHIVAJI MAHARAJ INTL,19.089,72.868,22.84
DTX,Dangtal,26.465846,90.46504900000001,42407099999,GOALPARA,26.183,90.633,35.63
DUA,Dhaura,24.44965,78.321791,42562099999,TIKAMGARH,24.767,78.833,62.58
DUB,Dabtara,28.368424,78.991164,42189099999,BAREILLY,28.422,79.451,45.37
DUD,Dudhani,17.362420999999998,76.37871,43121099999,GULBARGA,17.35,76.85,50.04
DUE,Dudahi,26.8008621515,84.139379776,42379099999,GORAKHPUR,26.74,83.45,68.77
DUI,Dhuri,30.372740999999998,75.86660300000001,42099099999,LUDHIANA,30.867,75.933,55.33
DUJ,Dubrajpur,23.803358,87.378973,42708099999,SHANTI NIKETAN,23.65,87.7,36.86
DUMK,Dumka,24.289527,87.254975,42599099999,DUMKA,24.267,87.25,2.56
DURE,Dumraon,25.571984,84.14386499999999,42482099999,GHAZIPUR,25.4,83.55,62.6
DURG,Durg,21.200326999999998,81.291837,42876099999,DURG,21.183,81.283,2.13
DUSI,Dusi,18.369969,83.857682,43105099999,KALINGAPATAM,18.333,84.133,29.35
DUU,Dupadu,15.742888,78.01325899999999,43213099999,KURNOOL,15.8,78.067,8.57
DVD,Duvvada,17.703843,83.152059,43149099999,VISHAKHAPATNAM CTLZ,17.717,83.217,7.03
DVG,Davangere,14.467834,75.92229,43230099999,DAVANGERE,14.5,75.917,3.62
DVGM,Devgam,23.938342,71.59185599999999,42539099999,DEESA,24.2,72.2,68.25
DVL,Devlali,19.897509,73.83729,42921099999,NASIK CITY,19.967,73.817,8.01
DWD,Dhekvad,21.339179,74.13857,42846099999,NANDURBAR,21.333,74.25,11.56
DWDI,Dighwa Dubauli,26.2652295458,84.7432486377,42383099999,MOTIHARI,26.667,84.917,47.91
DWI,Dingwahi,25.416805,80.414159,42473099999,BANDA,25.467,80.367,7.32
DWK,Dwarka,22.251023,68.980434,42731099999,DWARKA,22.367,69.083,16.66
DWLE,Dhauni,25.010329682000002,86.9930409827,42498099999,BHAGALPUR,25.233,86.95,25.14
DWO,Doiwala,30.175451000000002,78.12218,42111099999,DEHRADUN,30.317,78.033,17.92
DWP,Dwarapudi,16.927556,81.922661,43189099999,KAKINADA,16.95,82.233,33.11
DWR,Dharwar,15.440386,75.004552,43200099999,DHARWAD,15.483,74.983,5.27
DWT,Dewan Hat,26.3029681,89.6653098,42403099999,COOCH BEHAR,26.333,89.467,20.05
DWV,Diwankhavati,17.855413000000002,73.418174,43111099999,MAHABALESHWAR,17.933,73.667,27.71
DWX,Dewas,22.977556,76.051191,42662099999,UJJAIN,23.183,75.783,35.7
DWZ,Dante Wara,18.907733,81.35453600000001,43093099999,BAILADILA,18.583,81.233,38.31
DXD,Digod,25.196344,76.01539600000001,42452099999,KOTA,25.16,75.846,17.52
DXG,Dharangaon,21.006447,75.286092,42851099999,JALGAON,21.05,75.567,29.55
DXH,Duhai,28.730283,77.480363,42182099999,SAFDARJUNG,28.585,77.206,31.27
DXK,Dhana Kherli,26.950169,77.53577899999999,42354099999,DHOLPUR,26.667,77.833,43.15
DXN,Duddhinagar,24.2090318514,83.21679153630001,42587099999,DALTONGANJ,24.05,84.067,88.07
DXR,Digsar,22.712403000000002,71.499375,42740099999,SURENDRANAGAR,22.733,71.6,10.57
DYD,Daryabad,26.861303,81.550114,42374099999,AYODHA,26.748,82.163,62.12
DYE,Dayanand Nagar,17.456247,78.53134999999999,43128099999,BEGUMPET AIRPORT / HYDERABAD INTL,17.452,78.461,7.48
DYP,Daryapur,26.182799,81.248588,42372099999,FURSATGANJ AIRPORT,26.25,81.383,15.35
DYW,Diyawan Halt,25.3817289022,85.2839236682,42492099999,JAI PRAKASH NARAYAN INTL PATNA,25.591,85.088,30.47
DZA,Dasuya,31.80853,75.657932,42077099999,UNA,31.467,76.267,69.04
DZB,Dahina Zainabad,28.291078574500002,76.39169434200001,42177099999,NARNAUL,28.0,76.083,44.31
DZKT,Durga Chak Town,22.066831,88.136032,42811099999,DIAMOND HARBOUR,22.183,88.2,14.5
DZL,Dhana Ladanpur,28.7502173348,76.1667579382,42176099999,ROHTAK,28.833,76.583,41.59
ED,Erode,11.327682,77.72593400000001,43338099999,ERODE,11.483,77.767,17.84
EE,Eluru,16.717816,81.11976200000001,43181099999,VIJAYAWADA,16.53,80.797,40.23
EKC,Ekchari,25.227623048199998,87.2138658521,42499099999,SABAUR,25.233,87.067,14.78
EKI,Eklakhi,25.167868000000002,88.099492,42503099999,MALDA,25.033,88.133,15.37
EKM,Ekambarakuppam,13.318603999999999,79.573126,43277099999,TIRUTTANI,13.15,79.533,19.24
EKMA,Ekma,25.967099,84.53637,42488099999,CHAPRA,25.783,84.733,28.39
EKN,Ezhukone,8.979142999999999,76.715068,43354099999,PUNALUR,9.0,76.917,22.3
EKR,Ekangarsarai,25.2224815,85.2322638,42492099999,JAI PRAKASH NARAYAN INTL PATNA,25.591,85.088,43.46
ELM,Elimala,12.0686868024,75.2308476031,43315099999,CANNUR,11.833,75.333,28.47
ENB,Ellenabad,29.44410399265112,74.6579341054894,42123099999,GANGANAGAR,29.917,73.917,88.82
ERL,Eraniel,8.212549,77.308161,43377099999,KANNIYAKUMARI,8.083,77.5,25.56
ERN,Ernakulam Town,9.991582000000001,76.2861,43353099999,COCHIN,9.946,76.272,5.3
ERS,Ernakulam,9.969541999999999,76.290672,43353099999,COCHIN,9.946,76.272,3.32
ET,Itarsi,22.608258,77.767128,42763099999,HOSHANGABAD,22.767,77.767,17.65
ETM,Ettumanur,9.676196000000001,76.545152,43355099999,KOTTAYAM,9.533,76.6,17.02
ETP,Ettapur Road,11.651009,78.468545,43325099999,SALEM,11.65,78.167,32.84
ETUE,Etmadpur,27.221535999999997,78.197973,42260099999,AGRA,27.156,77.961,24.55
ETW,Etawah,26.785970000000002,79.021502,42364099999,ETAWAH,26.921,79.062,15.54
EVA,Edavai,8.762883,76.69747699999999,43354099999,PUNALUR,9.0,76.917,35.73
FA,Falna,25.235808,73.23495299999999,42441099999,ERINPURA /JAWAI DAM SITE,25.083,73.083,22.86
FAN,Fatehnagar,24.81828,74.09578200000001,42542099999,UDAIPUR / MAHARANA PRATAP,24.618,73.896,30.05
FBD,Farrukhabad,27.38236,79.57173700000001,42271099999,HARDOI,27.383,80.167,58.77
FBG,Forbesganj,26.298901,87.262803,42395099999,FORBESGANJ,26.3,87.267,0.44
FDB,Faridabad,28.411473,77.30734799999999,42182099999,SAFDARJUNG,28.585,77.206,21.69
FDK,Faridkot,30.682857,74.76137999999999,41641099999,ALLAMA IQBAL INTL,31.522,74.404,99.32
FDN,Faridabad Nw Tn,28.376247999999997,77.30936799999999,42182099999,SAFDARJUNG,28.585,77.206,25.32
FGH,Fatehgarh Hryna,28.647921,76.243784,42176099999,ROHTAK,28.833,76.583,38.95
FGR,Fatehgarh,27.369608,79.62159,42271099999,HARDOI,27.383,80.167,53.88
FGSB,Fatehgarh Sahib,30.650726,76.38812399999999,42101099999,PATIALA,30.333,76.467,36.13
FK,Ferok,11.174972200000001,75.8302845,43314099999,KOZHIKODE,11.25,75.783,9.81
FKA,Fazilka,30.408641,74.02541699999999,42123099999,GANGANAGAR,29.917,73.917,55.65
FKG,Furkating,26.465652000000002,94.00269200000001,42420099999,GOLAGHAT,26.517,93.983,6.04
FKM,Fakiragram,26.365237,90.186189,42423099999,JORHAT,26.067,90.167,33.22
FL,Phulera,26.872814,75.24545599999999,42348099999,JAIPUR,26.824,75.812,56.47
FLD,Phulad,25.623979,73.81311799999999,42447099999,BHILWARA,25.35,74.633,87.75
FLK,Falakata,26.5383964616,89.19227488279999,42403099999,COOCH BEHAR,26.333,89.467,35.63
FLR,Fuleswar,22.4778756365,88.11604889590001,42805099999,ULUBERIA,22.5,87.95,17.24
FM,Falaknuma,17.332197,78.474481,43128599999,HYDERABAD INTL AIRPORT / RAJIV GANDHI INTL,17.233,78.417,12.61
FPS,Fatehpur-shekhawati,28.000728000000002,74.971043,42170099999,CHURU,28.25,74.917,28.22
FSP,Fateh Singhpura,26.8216101334,77.1469610779,42354099999,DHOLPUR,26.667,77.833,70.26
FSR,Faqarsar,30.189431000000003,74.57257200000001,42123099999,GANGANAGAR,29.917,73.917,69.99
FSW,Fateh Singhwala,29.91997899999999,74.029894,42123099999,GANGANAGAR,29.917,73.917,10.89
FTD,Fatehabad Chjn,23.009106,75.673338,42662099999,UJJAIN,23.183,75.783,22.35
FTG,Fursatganj,26.244522,81.41565100000001,42372099999,FURSATGANJ AIRPORT,26.25,81.383,3.31
FTH,Fatuhi,30.056984,73.871319,42123099999,GANGANAGAR,29.917,73.917,16.18
FTP,Fatehpur,25.917489,80.801869,42471099999,FATEHPUR,25.933,80.833,3.56
FTS,Fatehpur Sikri,27.093989,77.670597,42260099999,AGRA,27.156,77.961,29.56
FUT,Fatuha,25.50144,85.305488,42492099999,JAI PRAKASH NARAYAN INTL PATNA,25.591,85.088,23.98
FYZ,Faizullapur,25.869213,80.893347,42471099999,FATEHPUR,25.933,80.833,9.31
FZD,Firozabad,27.147415,78.386691,42260099999,AGRA,27.156,77.961,42.13
FZR,Firozpur Cant,30.942486,74.61843900000001,41641099999,ALLAMA IQBAL INTL,31.522,74.404,67.59
G,Gondia,21.462435,80.190842,42871099999,GONDIA ARPT/BIRSI,21.524,80.288,12.16
GA,Gudha,26.950042,75.128292,42348099999,JAIPUR,26.824,75.812,69.24
GAD,Gevra-road,22.348523999999998,82.64566,42782099999,BILASPUR,21.988,82.111,68.11
GADH,Goaldih,21.726323,85.54626499999999,42891099999,KEONGJHARGARH,21.617,85.517,12.53
GADJ,Gandhinagar Jaipur,26.873067000000002,75.79827999999999,42348099999,JAIPUR,26.824,75.812,5.62
GADM,Ganga Dham,27.20976,81.930509,42273099999,BAHRAICH,27.567,81.6,51.41
GAG,Gangaghat,23.3613982411,85.5070501038,42701099999,BIRSA MUNDA,23.314,85.322,19.61
GAH,Gawnaha,27.269838999999997,84.52017599999999,44449099999,SIMARA,27.159,84.98,47.11
GAJ,Ganeshganj,23.895862,79.074633,42671099999,SAGAR,23.85,78.75,33.4
GAJB,Gajara Bahara,24.05344,82.31176099999999,42577099999,SIDHI,24.417,81.867,60.56
GAL,Ghatla,27.731813000000002,76.628452,42255099999,ALWAR,27.5,76.583,26.16
GALE,Gankar,24.404804119599998,88.07289439819999,42603099999,BERHAMPORE,24.133,88.267,36.06
GAM,Ganjam,19.395827,85.046719,43049099999,GOPALPUR,19.267,84.883,22.37
GAMI,Gogameri,29.160244032368652,75.03507563844323,42131099999,HISAR,29.179,75.755,69.93
GAO,Gaigaon,20.720684,76.890093,42933099999,AKOLA,20.7,77.033,15.04
GAP,Gurpa,24.562542,85.29708,42591099999,GAYA,24.744,84.951,40.38
GAR,Gadarwara,22.899459,78.79173399999999,42770099999,NARSINGHPUR,22.95,79.183,40.46
GATD,Gautamdhara,23.3498809788,85.6329945703,42701099999,BIRSA MUNDA,23.314,85.322,32.0
GAUR,Gaur,26.913411,82.56115799999999,42279099999,BASTI,26.8,82.733,21.2
GAW,Gainjahwa,27.4546557588,82.24506478820001,42273099999,BAHRAICH,27.567,81.6,64.83
GAYA,Gaya,24.803978,84.999294,42591099999,GAYA,24.744,84.951,8.26
GB,Gauri Bazar,26.594934000000002,83.667801,42379099999,GORAKHPUR,26.74,83.45,26.99
GBA,Garbeta,22.844562,87.320972,42803099999,MIDNAPORE,22.417,87.317,47.54
GBB,Gubbi,13.321429,76.939264,43263099999,HASSAN,12.967,76.333,76.57
GBD,Gauribidanur,13.613081000000001,77.512781,42705699999,BANGALURU INTL AIRPORT / KEMPEGOWDA INTL,13.2,77.7,50.2
GBK,Gopalpur Balkda,20.432634999999998,85.87790899999999,42970099999,CUTTACK,20.467,85.933,6.9
GBP,Gulabpura,25.9027951891,74.65595449829999,42343099999,AJMER,26.45,74.617,60.97
GBRI,Gobarwahi,21.514747,79.723237,42871099999,GONDIA ARPT/BIRSI,21.524,80.288,58.43
GBX,Govindpur Road,23.061857490599998,85.0435794019,42701099999,BIRSA MUNDA,23.314,85.322,39.95
GCH,Gachhipura,26.953522,74.454426,42343099999,AJMER,26.45,74.617,58.27
GCT,Ghazipur City,25.583144,83.568045,42482099999,GHAZIPUR,25.4,83.55,20.45
GD,Gonda,27.154613,81.97815200000001,42374099999,AYODHA,26.748,82.163,48.78
GDA,Godhra,22.776974,73.603672,42744099999,VALLABH VIDYANAGAR,22.567,72.933,72.67
GDB,Giddarbaha,30.201319,74.663342,42123099999,GANGANAGAR,29.917,73.917,78.48
GDE,Garladinne,14.827323999999999,77.592146,43237099999,PBO ANANTAPUR,14.583,77.633,27.52
GDG,Gadag,15.437048,75.642481,43201099999,GADAG,15.417,75.633,2.45
GDGN,Gaudgaon,17.335973000000003,76.530953,43121099999,GULBARGA,17.35,76.85,33.9
GDI,Gudgeri,15.1249217339,75.3596044824,43227099999,HAVERI,14.783,75.4,38.27
GDKP,Ghundankhapa,21.655105000000002,78.42563,42860099999,BETUL,21.867,77.933,56.07
GDL,Gondal,21.972471,70.79558800000001,42737099999,RAJKOT,22.309,70.78,37.45
GDO,Goverdhan,27.520546,77.46164300000001,42257099999,MATHURA,27.5,77.683,21.95
GDP,Gudupulli,12.803672,78.27491,43302099999,TIRUPPATTUR,12.483,78.567,47.71
GDPL,Gundla Pochampalli,17.568097,78.488371,43128099999,BEGUMPET AIRPORT / HYDERABAD INTL,17.452,78.461,13.23
GDR,Gudur,14.148227,79.845121,43245099999,NELLORE,14.45,79.983,36.7
GDV,Gudivada,16.429888,80.987594,43181099999,VIJAYAWADA,16.53,80.797,23.17
GDX,Ghoksadanga,26.4228864281,89.2780105872,42403099999,COOCH BEHAR,26.333,89.467,21.32
GDYA,Ghoradongri,22.126423,78.001987,42860099999,BETUL,21.867,77.933,29.71
GEA,Ghatera,23.8293873,79.6733909,42674099999,DAMOH,23.833,79.45,22.73
GEB,Garh Baruari,26.019349,86.605596,42393099999,SUPAUL,26.133,86.583,12.84
GED,Guledagudda Rd,16.069516,75.69565899999999,43201099999,GADAG,15.417,75.633,72.87
GEK,Gegal Akhri,26.540366000000002,74.775574,42343099999,AJMER,26.45,74.617,18.71
GG,Gandhigram,23.02676,72.568831,42647099999,AHMEDABAD / SARDAR VALLABHBHAI PATEL INTL,23.077,72.635,8.78
GGA,Ghoga,25.2103054225,87.16086164,42499099999,SABAUR,25.233,87.067,9.77
GGAR,Gangadhra,21.141419000000003,73.043566,42840099999,SURAT,21.2,72.833,22.78
GGC,Gangapur City,26.468979,76.72770799999999,42456099999,SHEOPUR,25.667,76.683,89.29
GGD,Gullaguda,17.4169638619,78.03277293640001,43128099999,BEGUMPET AIRPORT / HYDERABAD INTL,17.452,78.461,45.6
GGH,Ghogardiha,26.282768,86.468503,42393099999,SUPAUL,26.133,86.583,20.19
GGJ,Goshainganj,26.569524,82.384123,42374099999,AYODHA,26.748,82.163,29.61
GGN,Gurgaon,28.489165,77.010739,42181099999,INDIRA GANDHI INTL,28.567,77.103,12.5
GGR,Gangrar,25.061279000000003,74.624757,42546099999,CHITTORGARH,24.883,74.633,19.84
GH,Ghughuli,27.0539516142,83.7137745453,42379099999,GORAKHPUR,26.74,83.45,43.62
GHAI,Ghatigaon,26.054864000000002,77.92678000000001,42361099999,GWALIOR,26.293,78.228,40.06
GHB,Gahri Bhagi,30.116782999999998,74.944234,42123099999,GANGANAGAR,29.917,73.917,101.37
GHD,Garwa Road,24.214419,83.885116,42587099999,DALTONGANJ,24.05,84.067,25.98
GHE,Ghevra,28.691982000000003,76.99853599999999,42181099999,INDIRA GANDHI INTL,28.567,77.103,17.24
GHGL,Ghagwal,32.504286,75.213604,42056099999,JAMMU,32.667,74.833,39.99
GHH,Garhi Harsaru,28.43755,76.929697,42181099999,INDIRA GANDHI INTL,28.567,77.103,22.23
GHJ,Gursahaiganj,27.118804,79.732035,42271099999,HARDOI,27.383,80.167,52.08
GHL,Golhalli,13.148289,77.413983,43295099999,BANGALORE,12.967,77.583,27.23
GHLE,Gadadharpur,24.013197,87.691891,42708099999,SHANTI NIKETAN,23.65,87.7,40.39
GHNA,Gohana,29.140297,76.68937799999999,42176099999,ROHTAK,28.833,76.583,35.7
GHNH,Ghantikhal Ndpr,20.510921999999997,85.736186,42970099999,CUTTACK,20.467,85.933,21.07
GHPU,Gandhipuram Halt,17.495052,80.31352000000001,43137099999,KHAMMAM,17.25,80.15,32.31
GHQ,Garhwa,24.1751953,83.8132154,42587099999,DALTONGANJ,24.05,84.067,29.28
GHR,Gidhaur,24.856169,86.324005,42498099999,BHAGALPUR,25.233,86.95,75.71
GHS,Guru Harsahai,30.715001,74.399987,41641099999,ALLAMA IQBAL INTL,31.522,74.404,89.74
GHX,Garhara,25.4409119004,86.0053080969,42391099999,DARBHANGA,26.167,85.9,81.42
GHY,Guwahati,26.182635,91.751851,42410099999,GUWAHATI INTL / LOKPRIYA GOPINATH BORDOLOI INTL,26.106,91.586,18.62
GID,Giddalur,15.379008,78.925583,43212099999,NANDYAL,15.467,78.483,48.44
GIMB,Gandhidham Bg,23.069086,70.14775399999999,42638099999,KANDLA AERODROME,23.15,70.117,9.53
GIN,Ginigera,15.348226,76.247613,43201099999,GADAG,15.417,75.633,66.34
GIR,Gainsari,27.526839296800002,82.5441789069,44429099999,DANG,28.05,82.5,58.33
GIZ,Gidam,18.934852,81.409001,43093099999,BAILADILA,18.583,81.233,43.29
GJD,Gujhandi,24.498121,85.463683,42591099999,GAYA,24.744,84.951,58.59
GJH,Goldinganj,25.754174,84.827254,42488099999,CHAPRA,25.783,84.733,9.97
GJJ,Gajjelakonda,15.777382,79.401298,43221099999,ONGOLE,15.5,80.083,79.24
GJL,Gajraula,28.834937999999998,78.250784,42187099999,MORADABAD,28.833,78.75,48.63
GJN,Gajner,27.9358522,73.0615538,42165099999,BIKANER,28.0,73.3,24.48
GJS,Gajsinghpur,29.658053,73.436739,41678099999,BAHAWALNAGAR,29.95,73.25,37.13
GJTA,Gurudijhatia,20.570067,85.828478,42970099999,CUTTACK,20.467,85.933,15.81
GJUT,Gangsar Jaitu,30.445082000000003,74.87951100000001,42123099999,GANGANAGAR,29.917,73.917,109.58
GK,Gola Gokaranath,28.084651,80.475468,42270099999,KHERI,27.9,80.8,37.91
GKC,Gorakhpur Cant,26.750649,83.416821,42379099999,GORAKHPUR,26.74,83.45,3.5
GKH,Guskara,23.489998,87.733397,42708099999,SHANTI NIKETAN,23.65,87.7,18.11
GKJ,Golakganj,26.108359,89.83064999999999,42404099999,DHUBRI,26.017,89.983,18.3
GKK,Gokak Road,16.205164,74.738839,43198099999,BELGAUM,15.859,74.618,40.6
GKL,Gokulpur,22.375923,87.293716,42803099999,MIDNAPORE,22.417,87.317,5.16
GKP,Gorakhpur,26.759311,83.381499,42379099999,GORAKHPUR,26.74,83.45,7.13
GLA,Garla,17.487076,80.139236,43137099999,KHAMMAM,17.25,80.15,26.39
GLG,Gulabhganj,23.684375,77.912351,42672099999,RAISEN,23.317,77.833,41.64
GLGT,Golaghat,26.508626,93.9611898,42420099999,GOLAGHAT,26.517,93.983,2.36
GLNA,Gulana,27.10333,76.564974,42255099999,ALWAR,27.5,76.583,44.14
GLP,Gollaprolu,17.1516644909,82.290817561,43189099999,KAKINADA,16.95,82.233,23.25
GLPT,Goal Para Town,26.126534999999997,90.62065899999999,42407099999,GOALPARA,26.183,90.633,6.4
GLTA,Gehlota,26.6723715203,74.967556543,42343099999,AJMER,26.45,74.617,42.74
GLU,Gullipadu,17.409805,82.63345,43147099999,TUNI,17.35,82.55,11.07
GLY,Gollapalli,16.818903000000002,78.157285,43168099999,MAHABUBNAGAR,16.75,78.0,18.41
GM,Garmadi,23.72788,71.13394,42539099999,DEESA,24.2,72.2,120.37
GMAN,Gumani,24.798952096399997,87.8052776343,42503099999,MALDA,25.033,88.133,42.07
GMD,Guramkhedi,22.682206476,78.0778207251,42763099999,HOSHANGABAD,22.767,77.767,33.24
GMDA,Gumada,18.889176000000003,83.457557,43097099999,KORAPUT,18.817,82.717,78.34
GMDN,Girimaidan,22.340478,87.306151,42803099999,MIDNAPORE,22.417,87.317,8.58
GMH,Gamharia,22.796889,86.102793,42798099999,JAMSHEDPUR,22.813,86.169,7.02
GMIA,Gumia,23.802650999999997,85.82892199999999,42701099999,BIRSA MUNDA,23.314,85.322,74.98
GMM,Gumman,30.842438,76.97194,42105099999,CHANDIGARH(IAFB),30.733,76.883,14.84
GMO,Nsc Bose J Gomo,23.873106,86.14823,42705099999,PURULIA,23.333,86.417,66.01
GMR,Gahmar,25.488685,83.80443100000001,42482099999,GHAZIPUR,25.4,83.55,27.38
GMS,Garhmuktesar,28.781743,78.07350799999999,42139099999,MEERUT,29.017,77.717,43.46
GNA,Goneana,30.318715,74.90948,42123099999,GANGANAGAR,29.917,73.917,105.39
GNB,ana Bharati Halt,12.935329000000001,77.511242,43295099999,BANGALORE,12.967,77.583,8.54
GNC,Gandhinagar Capital,23.233379,72.62916200000001,42654099999,GANDHINAGAR,23.233,72.717,8.98
GND,Govindgarh Malikpur,27.240582,75.64500100000001,42348099999,JAIPUR,26.824,75.812,49.19
GNG,Gauriganj,26.20341,81.68672600000001,42372099999,FURSATGANJ AIRPORT,26.25,81.383,30.74
GNGD,Gangadharpur,19.815673,85.29323500000001,43053099999,PURI,19.8,85.817,54.82
GNH,Gangakher,18.973377,76.755511,43017099999,PARBHANI,19.133,76.833,19.53
GNK,Garhnokha,25.09724423,84.12283778,42588099999,DEHRI,24.917,84.183,20.94
GNNA,Ganganiyan,25.265514,86.593002,42498099999,BHAGALPUR,25.233,86.95,36.09
GNO,Goregaon Road,18.162498,73.30253,43109099999,HARNAI,17.817,73.1,43.99
GNP,Ghanpur,17.8506252,79.3768995,43087099999,HANAMKONDA,18.017,79.567,27.33
GNPR,Gunupur,19.069058897799998,83.8099599005,43105099999,KALINGAPATAM,18.333,84.133,88.64
GNQ,Godhani,21.21103,79.068176,42866099999,NAGPUR (MAYO HOSPITAL),21.15,79.117,8.47
GNR,Gadiganuru,15.219036000000001,76.599178,43201099999,GADAG,15.417,75.633,105.93
GNRL,Gangraul Halt,28.28297,77.75473000000001,42183099999,BULANDSHAHR,28.4,77.867,17.03
GNS,Ghonsor,22.658083,79.95091,42776099999,MANDLA,22.583,80.367,43.52
GNST,Gandhi Smriti,20.920848,72.921021,42840099999,SURAT,21.2,72.833,32.36
GNT,Guntur,16.300784,80.44197299999999,43220099999,BAPATLA,15.9,80.467,44.65
GNU,Ganaur,29.130776,77.01074999999999,42176099999,ROHTAK,28.833,76.583,53.17
GNVR,Gondwanavisapur,19.8826389297,79.3287230096,43029099999,CHANDRAPUR,19.967,79.3,9.85
GNW,Gangiwara,22.097988,78.846139,42768099999,CHHINDWARA,22.1,79.0,15.85
GOA,Gohad Road,26.480421000000003,78.439153,42361099999,GWALIOR,26.293,78.228,29.61
GOC,Ponmalai,10.791837,78.709755,43343099999,TIRUCHIRAPALLI TOWN,10.767,78.717,2.87
GOGH,Gossaigaon Hat,26.4291071597,89.9715891956,42423099999,JORHAT,26.067,90.167,44.73
GOH,Garot,24.2790919912,75.68432197690001,42452099999,KOTA,25.16,75.846,99.3
GOK,Gokarna Road,14.582791,74.36719699999999,43225099999,KARWAR,14.783,74.133,33.62
GOL,Goilkera,22.505290000000002,85.37935200000001,42795099999,CHAIBASA,22.55,85.817,45.22
GOPG,Gopalganj,26.454202,84.43554700000001,42383099999,MOTIHARI,26.667,84.917,53.41
GOS,Ghosrana,27.179904,76.90338,42255099999,ALWAR,27.5,76.583,47.63
GOTN,Gotan,26.652200999999998,73.737284,42339099999,JODHPUR,26.251,73.049,81.76
GOY,Govindpuri,26.454423,80.313203,42367099999,KANPUR CHAKERI,26.404,80.41,11.15
GP,Raj Gangpur,22.186062000000003,84.58205099999999,42793099999,ROURKELA,22.217,84.883,31.17
GPAE,Guptipara,23.197355,88.4178,42714099999,BAGATI,22.983,88.367,24.4
GPB,Ghatprabha,16.240718896,74.7598229541,43198099999,BELGAUM,15.859,74.618,45.07
GPC,Ghatpindrai,22.952676,79.26630999999999,42770099999,NARSINGHPUR,22.95,79.183,8.54
GPD,Gummidipundi,13.409631,80.123431,43278099999,NUMGAMBAKKAM,13.067,80.2,38.99
GPH,Garpos,22.134204,84.418434,42792099999,SUNDARGARH,22.117,84.033,39.75
GPI,Gajapatinagaram,18.293291,83.33390200000001,43149099999,VISHAKHAPATNAM CTLZ,17.717,83.217,65.26
GPJ,Gorapur,18.346936,82.79406,43097099999,KORAPUT,18.817,82.717,52.9
GPU,Gulapalyamu,15.087043,77.39921,43237099999,PBO ANANTAPUR,14.583,77.633,61.42
GPY,Gangayaplle,14.55411935,78.71746345,43241099999,CUDDAPAH,14.483,78.833,14.74
GQN,Garhani,25.4118931462,84.5696156628,42488099999,CHAPRA,25.783,84.733,44.4
GRA,Gharaunda,29.541636,76.96575000000001,42137099999,KARNAL,29.7,77.033,18.77
GRB,Garh-dhrubbeswar,23.509341,86.617006,42705099999,PURULIA,23.333,86.417,28.3
GRBL,Garudubilli,18.214489999999998,83.350493,43149099999,VISHAKHAPATNAM CTLZ,17.717,83.217,57.09
GRCP,G Ramchandrapur Ph,19.990686,83.33018200000001,43042099999,BHAWANIPATNA,19.917,83.183,17.43
GRF,Gambhiri Road,24.693873,74.671009,42546099999,CHITTORGARH,24.883,74.633,21.38
GRH,Ghorasahan,26.82028731,85.12762727,42383099999,MOTIHARI,26.667,84.917,26.98
GRI,Guriya,25.998261,73.955291,42343099999,AJMER,26.45,74.617,82.94
GRKA,Gurha Kemla,28.313585999999997,76.25524899999999,42177099999,NARNAUL,28.0,76.083,38.74
GRKN,Gorakhnath,20.308158000000002,86.260098,42970099999,CUTTACK,20.467,85.933,38.4
GRL,Goraul,25.931048999999998,85.318477,42387099999,MUZAFFARPUR,26.117,85.4,22.22
GRMA,Ghormara,24.442298,86.86392,42599099999,DUMKA,24.267,87.25,43.7
GRMP,Ganga Rampur,25.390399,88.516447,42506099999,BALURGHAT,25.217,88.783,33.01
GRMR,Garhi Manikpur,25.786329,81.40315299999999,42475099999,ALLAHABAD ARPT,25.44,81.734,50.83
GRO,Gurra,22.632067,77.86729,42763099999,HOSHANGABAD,22.767,77.767,18.19
GRRU,Guraru,24.811113,84.791831,42591099999,GAYA,24.744,84.951,17.72
GRWD,Ghorawadi,18.720585,73.69698199999999,43063099999,PUNE,18.533,73.85,26.36
GRX,Gaura,25.749367000000003,82.091774,42475099999,ALLAHABAD ARPT,25.44,81.734,49.71
GSL,Godapeasal,22.530677,87.320806,42803099999,MIDNAPORE,22.417,87.317,12.65
GSO,Ghaso,29.531288,76.14336899999999,42131099999,HISAR,29.179,75.755,54.33
GSP,Gurdaspur,32.044111,75.420769,42071099999,AMRITSAR,31.71,74.797,69.64
GSPR,Gosalpur,23.381806,80.059225,42675099999,JABALPUR,23.178,80.052,22.67
GSRM,Gauri Sriram,26.7699800293,84.1867607922,42379099999,GORAKHPUR,26.74,83.45,73.23
GSW,Gursar Shnewala,30.138926513900003,74.8861198969,42123099999,GANGANAGAR,29.917,73.917,96.51
GT,Ghatkesar,17.453116,78.678217,43128099999,BEGUMPET AIRPORT / HYDERABAD INTL,17.452,78.461,23.04
GTA,Golanthra,19.219065,84.740668,43049099999,GOPALPUR,19.267,84.883,15.86
GTD,Gourinathdham,23.396293999999997,86.275105,42705099999,PURULIA,23.333,86.417,16.1
GTI,Ghutai,25.289429766,79.4413220264,42467099999,NOWGONG,25.067,79.45,24.75
GTJT,Getor Jagatpura,26.836925,75.832384,42348099999,JAIPUR,26.824,75.812,2.48
GTK,Ghutku,22.16819,82.085321,42782099999,BILASPUR,21.988,82.111,20.21
GTL,Guntakal,15.17556,77.36661099999999,43237099999,PBO ANANTAPUR,14.583,77.633,71.84
GTLM,Gotlam,18.111319,83.39573399999999,43150099999,CWC VISHAKHAPATNAM/WALTAIR,17.7,83.3,46.84
GTM,Ghatampur,26.151304,80.174712,42469099999,HAMIRPUR,25.95,80.15,22.52
GTNR,Gomati Nagar,26.860344,81.003433,42369099999,LUCKNOW / CHAUDHARY CHARAN SINGH INTL,26.761,80.889,15.84
GTS,Ghatsila,22.58616,86.479768,42799099999,JAMSHEDPUR,22.817,86.183,39.82
GTST,Gautamsthan,25.7868591282,84.6634794519,42488099999,CHAPRA,25.783,84.733,6.97
GTT,Gomta,21.873814999999997,70.72970199999999,42737099999,RAJKOT,22.309,70.78,48.67
GTU,Ghat Nandur,18.722977999999998,76.563483,43017099999,PARBHANI,19.133,76.833,53.69
GTX,Gothangam,21.294043,72.880104,42840099999,SURAT,21.2,72.833,11.54
GUA,Gua,22.218519,85.381896,42793099999,ROURKELA,22.217,84.883,51.36
GUB,Gularbhoj,29.11078373,79.30114461,42148099999,PANTNAGAR,29.033,79.467,18.29
GUD,Galudih,22.648871999999997,86.410494,42799099999,JAMSHEDPUR,22.817,86.183,29.9
GUG,Garh Jaipur,23.416141999999997,86.142459,42705099999,PURULIA,23.333,86.417,29.51
GUH,Guldhar,28.703751999999998,77.455792,42182099999,SAFDARJUNG,28.585,77.206,27.72
GUNA,Guna,24.6405,77.314104,42559099999,GUNA,24.65,77.317,1.1
GUP,Gauripur,26.078321,89.952056,42404099999,DHUBRI,26.017,89.983,7.49
GUR,Ganagapur Road,17.340443,76.5903,43121099999,GULBARGA,17.35,76.85,27.58
GUU,Gundratimadugu,17.532281,80.079953,43137099999,KHAMMAM,17.25,80.15,32.26
GUV,Guruvayur,10.596896,76.045457,43357099999,THRISSUR,10.517,76.217,20.75
GVA,Ganguvada Ph,18.66763705,84.1072235,43105099999,KALINGAPATAM,18.333,84.133,37.31
GVB,Guneru Bamori,24.4617725676,78.0625395081,42559099999,GUNA,24.65,77.317,78.25
GVD,Gholvad,20.08688,72.73799100000001,43001099999,DAHANU,19.967,72.717,13.51
GVG,Govindgarh,30.6694834261,76.2970739075,42101099999,PATIALA,30.333,76.467,40.8
GVH,Govind Garh,27.499556,76.98805800000001,42255099999,ALWAR,27.5,76.583,39.95
GVI,Garividi,18.2732681907,83.5308410095,43105099999,KALINGAPATAM,18.333,84.133,63.92
GVL,Gudlavalleru,16.348371,81.046037,43185099999,MACHILIPATNAM/FRANCHPET,16.2,81.15,19.88
GVN,Godavari,17.007707,81.77083,43184099999,NIDADAVOLE,16.833,81.583,27.87
GVR,Goresuar,26.526055630000002,91.72046680000001,42408099999,RANGIA,26.433,91.617,14.6
GW,Girwar,23.838185999999997,78.936311,42671099999,SAGAR,23.85,78.75,18.99
GWA,Ganj Dundwara,27.7264028171,78.939319176,42262099999,ALIGARH,27.883,78.067,87.55
GWD,Gadwal,16.22509,77.80967199999999,43169099999,RAICHUR,16.2,77.35,49.16
GWH,Ghoshawar,25.737421135399998,85.24335073670001,42492099999,JAI PRAKASH NARAYAN INTL PATNA,25.591,85.088,22.53
GWL,Gwalior,26.216483,78.18229199999999,42361099999,GWALIOR,26.293,78.228,9.65
GWM,Gannavaram,16.555839,80.795715,43181099999,VIJAYAWADA,16.53,80.797,2.88
GWV,Gowdavalli,17.609541,78.46819099999999,43128099999,BEGUMPET AIRPORT / HYDERABAD INTL,17.452,78.461,17.53
GY,Gooty,15.149208,77.625823,43237099999,PBO ANANTAPUR,14.583,77.633,62.96
GYJ,Gooty Junction  Cabin,15.140041,77.650955,43237099999,PBO ANANTAPUR,14.583,77.633,61.97
GYM,Gudiyattam,12.937470999999999,78.916157,43303099999,VELLORE,12.917,79.15,25.45
GYN,Gyanpur Road,25.280144010999997,82.4272883557,42479099999,LAL BAHADUR SHASTRI VARANASI INTL,25.45,82.867,48.05
GZB,Ghaziabad,28.649702,77.431099,42182099999,SAFDARJUNG,28.585,77.206,23.12
GZH,Gulzarbagh,25.597542,85.205232,42492099999,JAI PRAKASH NARAYAN INTL PATNA,25.591,85.088,11.78
GZKA,Gazika,27.607734,76.655091,42255099999,ALWAR,27.5,76.583,13.93
GZL,Gazulapalli,15.430850000000001,78.600125,43212099999,NANDYAL,15.467,78.483,13.18
GZM,Gour Malda,24.947944439999997,88.11078197,42503099999,MALDA,25.033,88.133,9.72
GZN,N Ghaziabad,28.674404,77.43800800000001,42182099999,SAFDARJUNG,28.585,77.206,24.73
GZO,Gazole,25.224984,88.19888499999999,42503099999,MALDA,25.033,88.133,22.35
HA,Hargaon,27.769192,80.728229,42270099999,KHERI,27.9,80.8,16.17
HAA,Harwada,14.740761999999998,74.259657,43225099999,KARWAR,14.783,74.133,14.41
HAD,Haripad,9.279602,76.46222900000001,43352099999,ALAPUZHA,9.55,76.417,30.47
HAN,Hindaun City,26.756164000000002,77.03168600000001,42354099999,DHOLPUR,26.667,77.833,80.21
HAPA,Hapa,22.468974,70.11814,42639099999,NEW KANDLA,23.0,70.217,59.91
HAQ,Hastavarmu,14.218403,79.1216,43241099999,CUDDAPAH,14.483,78.833,42.8
HAR,Hamirpur Road,26.016513,80.190689,42469099999,HAMIRPUR,25.95,80.15,8.44
HAS,Hassan,13.003182,76.117359,43263099999,HASSAN,12.967,76.333,23.71
HAT,Hathuran,21.501091000000002,72.969512,42840099999,SURAT,21.2,72.833,36.34
HATB,Hatibari,21.309386,84.11793899999999,42883099999,SAMBALPUR,21.467,83.967,23.48
HAUR,Haur,22.365254,87.655069,42805099999,ULUBERIA,22.5,87.95,33.81
HBF,Hadobhangi,18.8219370968,83.94176085389999,43105099999,KALINGAPATAM,18.333,84.133,57.98
HBL,Hombal,15.520135999999999,75.576122,43201099999,GADAG,15.417,75.633,12.99
HBLN,Hbl Nagar,17.134017,78.27355,43128599999,HYDERABAD INTL AIRPORT / RAJIV GANDHI INTL,17.233,78.417,18.8
HBS,Hebsur,15.42206,75.283878,43201199999,HUBLI / HUBBALLI,15.35,75.083,22.98
HBU,Halbarga,17.988470000000003,77.298175,43076099999,UDGIR,18.067,77.117,21.05
HCM,Hrschndrapuram,18.4790934357,84.1214378076,43105099999,KALINGAPATAM,18.333,84.133,16.29
HCNR,Hari Chandanpur,21.328476000000002,85.795395,42891099999,KEONGJHARGARH,21.617,85.517,43.12
HCP,Harchandpur,26.34316,81.160841,42372099999,FURSATGANJ AIRPORT,26.25,81.383,24.45
HCR,Harischandrpur,25.403999000000002,87.867051,42500099999,PURNEA,25.267,87.467,42.99
HD,Harda,22.338414,77.10084,42763099999,HOSHANGABAD,22.767,77.767,83.37
HDA,Hirnoda,26.885336000000002,75.327459,42348099999,JAIPUR,26.824,75.812,48.55
HDB,Haldibari,26.334952,88.78193599999999,41850099999,TETULIA  PANCHAGOR,26.35,88.6,18.21
HDD,Haddinagundu,15.153264,76.979148,43237099999,PBO ANANTAPUR,14.583,77.633,94.65
HDE,Hardas Bigha,25.496924,85.3276678,42492099999,JAI PRAKASH NARAYAN INTL PATNA,25.591,85.088,26.22
HDGR,Hadgaon Road,19.332338999999997,77.722863,43021099999,NANDED,19.083,77.333,49.44
HDK,Handia Khas,25.357472,82.18941,42475099999,ALLAHABAD ARPT,25.44,81.734,46.66
HDL,Hodal,27.886147,77.38869,42257099999,MATHURA,27.5,77.683,51.8
HDN,Haidarnagar,24.498081,83.951049,42587099999,DALTONGANJ,24.05,84.067,51.19
HDP,Hadapsar,18.526887000000002,73.927844,43063099999,PUNE,18.533,73.85,8.24
HDU,Hardua,23.9150542164,80.2834127417,42679099999,UMARIA,23.533,80.883,74.37
HDW,Haldwani,29.215097,79.533732,42148099999,PANTNAGAR,29.033,79.467,21.26
HEB,Hebbal,13.042299,77.58606,43295099999,BANGALORE,12.967,77.583,8.38
HEI,Heggere Halt,13.341342,77.048296,43295099999,BANGALORE,12.967,77.583,71.31
HEM,Himayatnagar,19.416708999999997,77.868855,43021099999,NANDED,19.083,77.333,67.39
HER,Her,18.4269033932,76.97130647339999,43076099999,UDGIR,18.067,77.117,42.88
HET,Hetampur,26.611148,77.942969,42354099999,DHOLPUR,26.667,77.833,12.57
HFZ,Hafizpeta,17.482275,78.36265499999999,43128099999,BEGUMPET AIRPORT / HYDERABAD INTL,17.452,78.461,10.96
HG,Hotgi,17.565668000000002,75.989943,43117099999,SOLAPUR,17.628,75.935,9.05
HGH,Haidergarh,26.621533,81.363162,42372099999,FURSATGANJ AIRPORT,26.25,81.383,41.36
HGI,Hagari,15.1512387259,77.0517473206,43237099999,PBO ANANTAPUR,14.583,77.633,88.85
HGL,Harangul,18.385198,76.48091199999999,43076099999,UDGIR,18.067,77.117,75.93
HGR,Himgir,21.876503999999997,83.742815,42886099999,JHARSUGUDA / VEER SURENDRA SAI,21.914,84.05,31.97
HGT,Hinganghat,20.542631,78.83392500000001,42939099999,WARDHA,20.667,78.583,29.55
HHL,Hirehali,13.2815759392,77.1887639459,43295099999,BANGALORE,12.967,77.583,55.19
HIJ,Hijli,22.319921,87.32016899999999,42803099999,MIDNAPORE,22.417,87.317,10.8
HIL,Hilsa,25.317354,85.277079,42492099999,JAI PRAKASH NARAYAN INTL PATNA,25.591,85.088,35.86
HIP,Haldipada,21.571438999999998,86.996648,42895099999,BALASORE,21.517,86.933,8.94
HIR,Harinagar,27.156647,84.324507,44449099999,SIMARA,27.159,84.98,64.85
HJI,Hojai,26.001794,92.851752,42414099999,CHAPARMUKH,26.2,92.517,40.04
HJP,Hajipur,25.702909000000002,85.2155,42492099999,JAI PRAKASH NARAYAN INTL PATNA,25.591,85.088,17.84
HK,Helak,27.234442,77.378757,42257099999,MATHURA,27.5,77.683,42.13
HKD,Hailakandi,24.680276000000003,92.56789,42619099999,SILCHAR,24.75,92.8,24.69
HKG,Hirakud,21.479827,83.905097,42883099999,SAMBALPUR,21.467,83.967,6.56
HKL,Harkia Khal,24.363234000000002,74.91966500000001,42546099999,CHITTORGARH,24.883,74.633,64.65
HLAR,Hole Alur,15.81959,75.64646099999999,43201099999,GADAG,15.417,75.633,44.79
HLDR,Haldaur,29.290081553100002,78.275060462,42143099999,NAJIBABAD,29.617,78.383,37.82
HLE,Heelalige,12.813180000000001,77.710974,43302599999,BANGALORE / HAL AIRPORT BENGALURU,12.95,77.668,15.91
HLK,Holalkere,14.038157957300001,76.1300544724,43233099999,CHITRADURGA,14.233,76.433,39.2
HLN,Hole Narsipur,12.786494999999999,76.24646,43263099999,HASSAN,12.967,76.333,22.16
HLR,Halisahar,22.921498999999997,88.436792,42714099999,BAGATI,22.983,88.367,9.89
HLV,Haliyuru,14.222474,76.336804,43233099999,CHITRADURGA,14.233,76.433,10.43
HLW,Hirnawali,29.710120646310926,74.27241649478674,42123099999,GANGANAGAR,29.917,73.917,41.29
HLX,Hilara,24.951767,92.62051100000001,42619099999,SILCHAR,24.75,92.8,28.83
HLZ,Haldia,22.045284,88.06589,42811099999,DIAMOND HARBOUR,22.183,88.2,20.62
HM,Hadmatiya,22.4279053359,70.47043762019999,42737099999,RAJKOT,22.309,70.78,34.47
HMA,Humma,19.443283,85.07588799999999,43049099999,GOPALPUR,19.267,84.883,28.17
HMG,Hamirgarh,25.187264,74.616939,42447099999,BHILWARA,25.35,74.633,18.17
HMH,Hanumangarh,29.614904,74.297633,42123099999,GANGANAGAR,29.917,73.917,49.78
HMK,Hindumalkote,30.147102999999998,73.925834,42123099999,GANGANAGAR,29.917,73.917,25.6
HMO,Hanumangarhtown,29.574220545495677,74.33120188303292,42123099999,GANGANAGAR,29.917,73.917,55.24
HMRR,Hamarapur,18.81964,73.086161,43060099999,MATHERAN,18.983,73.283,27.55
HMT,Himmatnagar,23.591655,72.960358,42654099999,GANDHINAGAR,23.233,72.717,46.98
HNA,Honnavar,14.316931,74.433196,43226099999,HONAVAR,14.283,74.45,4.18
HND,Hindol Road,20.768563,85.424456,42969099999,ANGUL,20.833,85.1,34.48
HNK,Hanakere,12.565639000000001,76.979837,43289099999,MANDYA,12.5,76.833,17.53
HNL,Hingoli Deccan,19.726357,77.146758,42935099999,WASHIM,20.117,77.117,43.55
HNM,Hinautaramban,24.575192,80.94306200000001,42571099999,SATNA,24.567,80.833,11.17
HNMN,Hanuman Station,15.1495189968,77.37687315369999,43237099999,PBO ANANTAPUR,14.583,77.633,68.75
HNPA,Handapa,20.943324,84.684665,42969099999,ANGUL,20.833,85.1,44.86
HNS,Hansi,29.088276999999998,75.94724099999999,42131099999,HISAR,29.179,75.755,21.22
HOH,Honaganahalli,16.679401000000002,75.732815,43161099999,BIJAPUR,16.817,75.717,15.39
HOJ,Hamitonganj,26.688907,89.416841,42403099999,COOCH BEHAR,26.333,89.467,39.89
HOL,Hol,21.198376,74.784857,42846099999,NANDURBAR,21.333,74.25,57.41
HP,Haripur,26.012397,74.024928,42343099999,AJMER,26.45,74.617,76.52
HPG,Huppuguda,17.34071,78.48196499999999,43128099999,BEGUMPET AIRPORT / HYDERABAD INTL,17.452,78.461,12.57
HPGM,Haripur Gram,20.133571999999997,85.707856,42971099999,BHUBANESHWAR / BIJU PATNAIK INTL,20.244,85.818,16.82
HPKA,Hinotia Pipalkhera,24.550797000000003,77.770415,42559099999,GUNA,24.65,77.317,47.15
HPLE,Hatpuraini,25.1558255368,86.9850695752,42498099999,BHAGALPUR,25.233,86.95,9.28
HPO,Hasanpur Road,25.714772,86.18537099999999,42391099999,DARBHANGA,26.167,85.9,57.82
HPP,Harpalpur,25.290501,79.33546100000001,42467099999,NOWGONG,25.067,79.45,27.39
HPT,Hospet,15.286807,76.38578,43201099999,GADAG,15.417,75.633,82.01
HPU,Hapur,28.739613,77.77957599999999,42139099999,MEERUT,29.017,77.717,31.44
HQR,Hirenanduru,17.258215,76.872212,43121099999,GULBARGA,17.35,76.85,10.47
HR,Harpalu,28.569053803099997,75.4910470972,42174099999,PILANI,28.333,75.583,27.74
HRG,Hirdagarh,22.142795,78.517436,42767099999,PACHMARHI,22.467,78.433,37.08
HRI,Hardoi,27.399414,80.147877,42271099999,HARDOI,27.383,80.167,2.63
HRN,Harauni,26.70651,80.74800300000001,42369099999,LUCKNOW / CHAUDHARY CHARAN SINGH INTL,26.761,80.889,15.26
HRNR,Hira Nagar,32.487007000000006,75.268733,42056099999,JAMMU,32.667,74.833,45.47
HRPG,Harpalganj,25.947582999999998,82.405421,42479099999,LAL BAHADUR SHASTRI VARANASI INTL,25.45,82.867,72.11
HRR,Harihar,14.515431,75.812314,43230099999,DAVANGERE,14.5,75.917,11.4
HRS,Hathras,27.62483,78.13706699999999,42262099999,ALIGARH,27.883,78.067,29.52
HRSN,Harisinga,26.72438,91.985001,42413099999,MAJBAT,26.75,92.35,36.36
HRT,Harnaut,25.371762836200002,85.5407224109,42492099999,JAI PRAKASH NARAYAN INTL PATNA,25.591,85.088,51.57
HRW,Harrawala,30.260892,78.097705,42111099999,DEHRADUN,30.317,78.033,8.8
HSA,Hasimara,26.72689,89.347661,42403099999,COOCH BEHAR,26.333,89.467,45.38
HSD,Hosdurga Road,13.8632737545,76.1332331232,43233099999,CHITRADURGA,14.233,76.433,52.3
HSDA,Hansdiha,24.6141943022,87.0849798193,42599099999,DUMKA,24.267,87.25,42.07
HSI,Harsauli,27.864848000000002,76.615189,42255099999,ALWAR,27.5,76.583,40.69
HSK,Harishanker Rd,20.6267890734,82.7660362524,42961099999,TITLAGARH,20.3,83.3,66.44
HSP,Hasanparti Road,18.078262,79.50184999999999,43087099999,HANAMKONDA,18.017,79.567,9.69
HSR,Hisar,29.152341,75.724305,42131099999,HISAR,29.179,75.755,4.2
HSRA,Hosur,12.717606,77.822839,43302599999,BANGALORE / HAL AIRPORT BENGALURU,12.95,77.668,30.82
HSX,Hoshiarpur,31.5240737,75.9055848,42077099999,UNA,31.467,76.267,34.85
HTC,Hathras City,27.599816899999997,78.05506869999999,42262099999,ALIGARH,27.883,78.067,31.51
HTD,Hatundi,26.354279161199997,74.6445661014,42343099999,AJMER,26.45,74.617,10.99
HTE,Hatia,23.311612999999998,85.308218,42701099999,BIRSA MUNDA,23.314,85.322,1.43
HTK,Hatkanangale,16.748424,74.42206700000001,43157099999,KOLHAPUR,16.665,74.289,16.94
HTL,Hatikhali,25.611069999999998,93.09084800000001,42523099999,LUMDING,25.75,93.183,18.0
HTN,Hatna Pur,21.761852,78.334344,42860099999,BETUL,21.867,77.933,43.05
HTNL,Hitnal,15.335637,76.291469,43201099999,GADAG,15.417,75.633,71.17
HTW,Hathua,26.3689018769,84.3402527405,42383099999,MOTIHARI,26.667,84.917,66.27
HTZ,Hathidah,25.367027,85.987826,42391099999,DARBHANGA,26.167,85.9,89.39
HTZU,Hathidah  Upper,25.351823,85.987422,42391099999,DARBHANGA,26.167,85.9,91.07
HUP,Hindupur,13.819144000000001,77.500362,42705699999,BANGALURU INTL AIRPORT / KEMPEGOWDA INTL,13.2,77.7,72.15
HVD,Halvad,23.0185158,71.1829095,42740099999,SURENDRANAGAR,22.733,71.6,53.23
HVL,Honnavalli Rd,13.2744988982,76.39004938960001,43263099999,HASSAN,12.967,76.333,34.75
HVR,Haveri,14.7943,75.410686,43227099999,HAVERI,14.783,75.4,1.7
HW,Haridwar,29.947787,78.15489899999999,42111099999,DEHRADUN,30.317,78.033,42.7
HWH,Howrah,22.584077999999998,88.34099900000001,42807099999,BEHALA,22.505,88.293,10.08
HX,Cuddapah,14.451690000000001,78.829184,43241099999,CUDDAPAH,14.483,78.833,3.51
HYB,Hyderabad,17.393362999999997,78.467377,43128099999,BEGUMPET AIRPORT / HYDERABAD INTL,17.452,78.461,6.56
HYT,Hayaghat,26.020321,85.87821199999999,42391099999,DARBHANGA,26.167,85.9,16.45
HZD,Hazaribagh Rd,24.174583,85.892035,42705099999,PURULIA,23.333,86.417,107.76
IAA,Indara,25.987832,83.61961099999999,42482099999,GHAZIPUR,25.4,83.55,65.74
IAM,Mai Halt,25.156632436000002,84.9878194543,42591099999,GAYA,24.744,84.951,46.03
IB,Ib,21.815777,83.94878100000001,42886099999,JHARSUGUDA / VEER SURENDRA SAI,21.914,84.05,15.11
IBL,Indrabil,23.445293999999997,86.78164699999999,42706099999,BANKURA,23.383,87.083,31.52
IDG,Indargarh,25.727874,76.232938,42456099999,SHEOPUR,25.667,76.683,45.6
IDGJ,Iradatganj,25.317889,81.81928099999999,42475099999,ALLAHABAD ARPT,25.44,81.734,16.06
IDH,Idgah Agra,27.17265,77.997807,42260099999,AGRA,27.156,77.961,4.08
IDM,Indemau,26.318344,80.767021,42367099999,KANPUR CHAKERI,26.404,80.41,36.82
IDP,Indupalli,16.479094,80.87706899999999,43181099999,VIJAYAWADA,16.53,80.797,10.24
IDR,Indi Road,17.211288999999997,75.919616,43117099999,SOLAPUR,17.628,75.935,46.36
IDS,Ishardaspur,25.947848999999998,81.253954,42372099999,FURSATGANJ AIRPORT,26.25,81.383,35.98
IGP,Igatpuri,19.694053,73.56237899999999,42921099999,NASIK CITY,19.967,73.817,40.38
IGU,Irugur,11.017199,77.06913399999999,43321099999,COIMBATORE,11.031,77.044,3.14
IHP,Inchhapuri,28.319499,76.7189807,42181099999,INDIRA GANDHI INTL,28.567,77.103,46.55
IJK,Irinjalakuda,10.339456,76.280924,43357099999,THRISSUR,10.517,76.217,20.94
IK,Ikran,27.211065,77.608741,42257099999,MATHURA,27.5,77.683,32.95
IKI,Itikyala,16.074589,77.852531,43213099999,KURNOOL,15.8,78.067,38.19
IKK,Ikkar,29.891989,78.099997,42143099999,NAJIBABAD,29.617,78.383,41.0
IKR,Iklehra,22.207929,78.711385,42768099999,CHHINDWARA,22.1,79.0,32.05
IMGE,Ismailpur,24.815523000000002,84.723433,42591099999,GAYA,24.744,84.951,24.31
IMR,Ibrahimpur,16.802926,75.719362,43161099999,BIJAPUR,16.817,75.717,1.59
INDB,Indore,22.71757,75.868429,42754099999,DEVI AHILYABAI HOLKAR,22.722,75.801,6.93
INJ,Innanje,13.2555864292,74.7612195679,43285099999,MANGALORE/PANAMBUR,12.95,74.833,34.86
INK,Intakanne,17.727522,79.860507,43087099999,HANAMKONDA,18.017,79.567,44.73
INP,Indapur,18.297688,73.24465000000001,43058099999,ALIBAG,18.633,72.867,54.56
IPL,Idapalli,10.034338,76.298271,43353099999,COCHIN,9.946,76.272,10.24
IPM,Ichchpuram,19.110752,84.680427,43049099999,GOPALPUR,19.267,84.883,27.47
IPPM,Ipurupalem,15.851913000000001,80.38512200000001,43220099999,BAPATLA,15.9,80.467,10.26
IPR,Islampur,25.138577101499997,85.2173007153,42591099999,GAYA,24.744,84.951,51.44
IRA,Israna,29.291379,76.85285999999999,42137099999,KARNAL,29.7,77.033,48.67
IRP,Iravipuram,8.866947999999999,76.623059,43354099999,PUNALUR,9.0,76.917,35.52
ISA,Isarda,26.170515,76.030637,42348099999,JAIPUR,26.824,75.812,75.85
ISH,Isarwara,23.927214,78.548987,42671099999,SAGAR,23.85,78.75,22.17
ISM,Ismaila Haryana,28.796977000000002,76.74656300000001,42176099999,ROHTAK,28.833,76.583,16.43
ITA,Itola,22.149889,73.156746,42744099999,VALLABH VIDYANAGAR,22.567,72.933,51.77
ITE,Intiyathok,27.275552861799998,82.0254415802,42273099999,BAHRAICH,27.567,81.6,53.04
IZN,Izzatnagar,28.388265999999998,79.421171,42189099999,BAREILLY,28.422,79.451,4.75
J,Jalna,19.830781,75.893142,43014099999,AURANGABAD,19.863,75.398,51.91
JAA,Jhalida,23.370005,85.97528199999999,42705099999,PURULIA,23.333,86.417,45.28
JAB,Yamuna Bridge,27.191512,78.03812699999999,42260099999,AGRA,27.156,77.961,8.59
JAC,Jalsu,26.844883,74.194547,42343099999,AJMER,26.45,74.617,60.75
JAIS,Jais,26.262162,81.51914,42372099999,FURSATGANJ AIRPORT,26.25,81.383,13.64
JAJ,Jhajha,24.779456,86.399854,42498099999,BHAGALPUR,25.233,86.95,74.95
JALD,Jaliya Devani,22.420182999999998,70.399597,42737099999,RAJKOT,22.309,70.78,41.02
JAM,Jamnagar,22.493992,70.053879,42639099999,NEW KANDLA,23.0,70.217,58.7
JAMA,Jama,24.345509,87.14492,42599099999,DUMKA,24.267,87.25,13.77
JAO,Jaora,23.627772999999998,75.11563199999999,42661099999,RATLAM,23.317,75.05,35.2
JAQ,Jandrapeta,15.809517,80.333681,43220099999,BAPATLA,15.9,80.467,17.45
JAT,Jammutavi,32.706975,74.880117,42056099999,JAMMU,32.667,74.833,6.26
JBD,Jallalabd,30.60775,74.268446,42123099999,GANGANAGAR,29.917,73.917,83.9
JBK,Jabbambhotla Krishnapuram,15.551155999999999,79.071072,43212099999,NANDYAL,15.467,78.483,63.7
JBN,Jogbani,26.402263,87.263262,44478099999,BIRATNAGAR,26.481,87.264,8.76
JBO,Jamadoba Ph,23.715138999999997,86.410031,42705099999,PURULIA,23.333,86.417,42.5
JBP,Jabalpur,23.164636,79.950919,42675099999,JABALPUR,23.178,80.052,10.44
JBS,Jadoli Ka Bas,27.539231,76.880759,42255099999,ALWAR,27.5,76.583,29.69
JBU,Jaabugam,22.28593,73.76050000000001,42744099999,VALLABH VIDYANAGAR,22.567,72.933,90.61
JBX,Jabri,23.294103999999997,76.889341,42667099999,BHOPAL / RAJA BHOJ,23.287,77.337,45.73
JCH,Jetha Chandan,26.999949,71.308307,42328099999,JAISALMER,26.9,70.917,40.35
JCL,Jadcherla,16.752658,78.141972,43168099999,MAHABUBNAGAR,16.75,78.0,15.12
JCNR,Juchandra,19.35986171,72.87245142,43003099999,CHHATRAPATI SHIVAJI MAHARAJ INTL,19.089,72.868,30.12
JDA,Jasoda,27.08393,79.820294,42271099999,HARDOI,27.383,80.167,47.76
JDB,Jagdalpur,19.066004,82.013757,43041099999,JAGDALPUR,19.083,82.033,2.77
JDH,Jam Jodhpur,21.906659,70.03138700000001,42830099999,PORBANDAR,21.65,69.667,47.23
JDL,Jagdevwala,28.3108582783,73.455749812,42165099999,BIKANER,28.0,73.3,37.79
JEA,Nakaha Jungle,26.803135,83.360755,42379099999,GORAKHPUR,26.74,83.45,11.3
JER,Jaleswar,21.79749,87.22049100000001,42901099999,DIGHA,21.617,87.5,35.17
JES,Jaitsar,29.342839,73.65228900000001,42123099999,GANGANAGAR,29.917,73.917,68.78
JEUR,Jeur,18.260933,75.16247100000001,43071099999,JEUR,18.2,75.2,7.85
JGA,Jogiara,26.407114392700002,85.74673274050001,42391099999,DARBHANGA,26.167,85.9,30.76
JGM,Jhargram,22.4549644863,86.9985316705,42803099999,MIDNAPORE,22.417,87.317,33.0
JGN,Jagraon,30.801197,75.47275900000001,42099099999,LUDHIANA,30.867,75.933,44.55
JGNR,Jogendranagar,23.812162,91.310464,42724099999,AGARTALA,23.887,91.24,10.98
JGP,Jalalpur,26.586308000000002,84.311942,42383099999,MOTIHARI,26.667,84.917,60.81
JGR,Jaswantnagar,26.872978000000003,78.893731,42364099999,ETAWAH,26.921,79.062,17.52
JHD,Jehanabad,25.224705,84.989964,42492099999,JAI PRAKASH NARAYAN INTL PATNA,25.591,85.088,41.9
JHDC,Jahanbad Court,25.2011434752,84.98415622680001,42492099999,JAI PRAKASH NARAYAN INTL PATNA,25.591,85.088,44.59
JHIR,Jhir,26.852187381900002,76.1146920331,42348099999,JAIPUR,26.824,75.812,30.2
JHL,Jakhal,29.8018131127,75.8245009833,42131099999,HISAR,29.179,75.755,69.58
JHN,Jakhim,24.8288034748,84.52567784239999,42588099999,DEHRI,24.917,84.183,35.93
JHT,Junehta,22.78247,78.596143,42767099999,PACHMARHI,22.467,78.433,38.87
JHW,Jhalawar Road,24.541893,75.919686,42452099999,KOTA,25.16,75.846,69.13
JI,Jhusi,25.431145,81.91664399999999,42475099999,ALLAHABAD ARPT,25.44,81.734,18.37
JID,Jagi Road,26.126113999999998,92.197461,42414099999,CHAPARMUKH,26.2,92.517,32.93
JIND,Jind,29.328875999999998,76.28961699999999,42131099999,HISAR,29.179,75.755,54.48
JIT,Jirat,23.098255,88.461461,42714099999,BAGATI,22.983,88.367,16.05
JITE,Jite,18.842284,73.119827,43060099999,MATHERAN,18.983,73.283,23.23
JJ,Jajau,26.934561,77.936725,42260099999,AGRA,27.156,77.961,24.74
JJG,Jiaganj,24.244268,88.27698,42603099999,BERHAMPORE,24.133,88.267,12.41
JJK,Jhinjhak,26.554994,79.734225,42468099999,ORAI,25.983,79.5,67.76
JJKR,Jajpur K Road,20.943544,86.132518,42970099999,CUTTACK,20.467,85.933,56.91
JJN,Jhunjhunu,28.106884063857194,75.39017865434289,42174099999,PILANI,28.333,75.583,31.45
JJP,Jhanjharpur,26.228493,86.267833,42393099999,SUPAUL,26.133,86.583,33.19
JJR,Jejuri,18.286557,74.171451,43063099999,PUNE,18.533,73.85,43.6
JJT,Jai Jai Wanti,29.16948,76.36926500000001,42176099999,ROHTAK,28.833,76.583,42.8
JJW,Jojwa,22.253213000000002,73.642431,42744099999,VALLABH VIDYANAGAR,22.567,72.933,80.84
JKB,Jakhalabandha,26.563801,92.991109,42415099999,TEZPUR,26.617,92.783,21.52
JKDP,Jankidaipur,19.888365,85.81927,43053099999,PURI,19.8,85.817,9.83
JKE,Jukehi,23.986873000000003,80.432389,42679099999,UMARIA,23.533,80.883,68.19
JKHI,Jakhodlkhera,29.209394,75.57373,42131099999,HISAR,29.179,75.755,17.92
JKN,Jakhanian,25.740942,83.369563,42482099999,GHAZIPUR,25.4,83.55,42.01
JKNI,Jharkhandi,27.4330507545,82.17975597290001,42273099999,BAHRAICH,27.567,81.6,59.09
JKO,Jakkalacheruvu,15.109121,77.726953,43237099999,PBO ANANTAPUR,14.583,77.633,59.37
JKPR,Jakhapura,20.917821,86.06533999999999,42970099999,CUTTACK,20.467,85.933,51.98
JKR,Jaulkhera,21.838466,78.216684,42860099999,BETUL,21.867,77.933,29.45
JKT,Jekot,22.865616,74.15935400000001,42661099999,RATLAM,23.317,75.05,104.01
JKZ,Jitakheri,29.0117786412,75.9873709528,42131099999,HISAR,29.179,75.755,29.25
JL,Jalgaon,21.018114999999998,75.56287499999999,42851099999,JALGAON,21.05,75.567,3.57
JLD,Jarwal Road,27.120389,81.540406,42273099999,BAHRAICH,27.567,81.6,50.01
JLL,Jalalganj,25.612516,82.772465,42479099999,LAL BAHADUR SHASTRI VARANASI INTL,25.45,82.867,20.41
JLN,Jakhalaun,24.547359,78.341911,42562099999,TIKAMGARH,24.767,78.833,55.31
JLR,Jetalsar,21.729374,70.57391,42832099999,KESHOD,21.317,70.317,53.0
JLS,Jalesar Road,27.44546,78.16993,42260099999,AGRA,27.156,77.961,38.24
JM,Jalamb,20.813007000000002,76.573236,42931099999,BULDANA,20.533,76.233,47.14
JMD,Jamdha,20.574085,74.98554700000001,42925099999,MALEGAON,20.55,74.533,47.19
JMKT,Jamikunta,18.290021,79.476918,43087099999,HANAMKONDA,18.017,79.567,31.82
JML,Jumnal,16.723002286099998,75.7141335645,43161099999,BIJAPUR,16.817,75.717,10.46
JMP,Jamalpur,25.313906,86.492285,42498099999,BHAGALPUR,25.233,86.95,46.89
JMPT,Jimidipeta,19.044582000000002,83.42234400000001,43097099999,KORAPUT,18.817,82.717,78.39
JMQ,Jamirghata,24.916623,88.06775999999999,42503099999,MALDA,25.033,88.133,14.52
JMRA,Jamira,24.307199,92.527405,42726099999,LENGPUI,23.841,92.62,52.68
JMS,Jamsar,28.24751,73.398985,42165099999,BIKANER,28.0,73.3,29.18
JMT,Jamtara,23.958904,86.805183,42599099999,DUMKA,24.267,87.25,56.67
JMU,Jamui,24.971949,86.25477500000001,42498099999,BHAGALPUR,25.233,86.95,75.78
JMV,Jambara,21.943048,78.251975,42860099999,BETUL,21.867,77.933,33.98
JNA,Julana,29.120124,76.396508,42176099999,ROHTAK,28.833,76.583,36.72
JND,Junagadh,21.530606,70.457612,42832099999,KESHOD,21.317,70.317,27.86
JNH,Janghai,25.549911,82.310962,42479099999,LAL BAHADUR SHASTRI VARANASI INTL,25.45,82.867,56.9
JNK,Jhinkpani,22.4200106276,85.77066197879999,42795099999,CHAIBASA,22.55,85.817,15.22
JNKR,Janakinagar,25.881604,87.116949,42395099999,FORBESGANJ,26.3,87.267,48.88
JNL,Jandiala,31.589979,75.05441200000001,42071099999,AMRITSAR,31.71,74.797,27.78
JNN,Jamuniatanr Halt (e),23.75454,86.191952,42705099999,PURULIA,23.333,86.417,52.19
JNO,Junnor Deo,22.191279,78.592052,42767099999,PACHMARHI,22.467,78.433,34.75
JNP,Jagan Nathapur,19.330648607,84.8681439825,43049099999,GOPALPUR,19.267,84.883,7.25
JNR,Janakpur Road,26.467914,85.70085599999999,42391099999,DARBHANGA,26.167,85.9,38.9
JNRD,Junagarh Road,19.874057,82.946083,43042099999,BHAWANIPATNA,19.917,83.183,25.23
JNRI,Jalandari,25.286385000000003,75.342247,42452099999,KOTA,25.16,75.846,52.59
JNTR,Jinti Road,18.3249544651,74.87741682800001,43069099999,BARAMATI,18.15,74.583,36.68
JNU,Jaunpur,25.762849,82.69969599999999,42479099999,LAL BAHADUR SHASTRI VARANASI INTL,25.45,82.867,38.62
JOA,Janwal,18.559639999999998,76.75514700000001,43017099999,PARBHANI,19.133,76.833,64.28
JOB,Asalpurjobner,26.900084,75.423467,42348099999,JAIPUR,26.824,75.812,39.46
JOBA,Joba,24.096599,81.762682,42577099999,SIDHI,24.417,81.867,37.16
JOC,Joychandi Pahar,23.516393,86.68033899999999,42705099999,PURULIA,23.333,86.417,33.73
JOK,Jodhka,29.493381999999997,75.218369,42131099999,HISAR,29.179,75.755,62.67
JOL,Jogal,21.696442,86.88271399999999,42895099999,BALASORE,21.517,86.933,20.62
JOO,Jamai Osmania,17.411068999999998,78.517784,43128099999,BEGUMPET AIRPORT / HYDERABAD INTL,17.452,78.461,7.55
JOP,Jaunpur City,25.734125,82.666999,42479099999,LAL BAHADUR SHASTRI VARANASI INTL,25.45,82.867,37.42
JOR,Jalor,25.35418,72.63429,42441099999,ERINPURA /JAWAI DAM SITE,25.083,73.083,54.28
JP,Jaipur,26.920203,75.786923,42348099999,JAIPUR,26.824,75.812,10.98
JPD,Jalalpur Dhai,26.021201,81.13597700000001,42471099999,FATEHPUR,25.933,80.833,31.83
JPE,Jalpaiguri Road,26.559016999999997,88.70945300000001,42399099999,JALPAIGURI,26.533,88.717,2.99
JPG,Jalpaiguri,26.51816,88.723026,42399099999,JALPAIGURI,26.533,88.717,1.76
JPH,Jhantipahari,23.353362999999998,86.904491,42706099999,BANKURA,23.383,87.083,18.52
JPL,Japla,24.538968999999998,84.00286600000001,42588099999,DEHRI,24.917,84.183,45.8
JPRD,Jenapur Road Ph,20.018355,85.786572,43053099999,PURI,19.8,85.817,24.49
JPZ,Jogighopa,26.241537,90.576384,42407099999,GOALPARA,26.183,90.633,8.62
JRA,Jaraikela,22.309555999999997,85.113703,42793099999,ROURKELA,22.217,84.883,25.88
JRBM,Jiribam,24.79884918,93.12437581,42619099999,SILCHAR,24.75,92.8,33.2
JRC,Jalandhar Cant,31.306235,75.63210600000001,42099099999,LUDHIANA,30.867,75.933,56.63
JREA,Jhareda,27.476347999999998,77.032106,42255099999,ALWAR,27.5,76.583,44.38
JRG,Jugpura Ph,21.668795,86.912796,42895099999,BALASORE,21.517,86.933,17.01
JRK,Jeruwa Khera,23.973744999999997,78.478729,42671099999,SAGAR,23.85,78.75,30.82
JRKN,Jorkian,29.8325238,74.2221512,42123099999,GANGANAGAR,29.917,73.917,30.89
JRKT,Jadarama Kunte,16.2842670722,75.83866138549999,43161099999,BIJAPUR,16.817,75.717,60.64
JRL,Jharili,28.50653,76.374648,42176099999,ROHTAK,28.833,76.583,41.61
JRLE,Jangipur Road,24.459515,88.04076,42603099999,BERHAMPORE,24.133,88.267,42.94
JRLI,Jaroli,21.952769,85.419294,42891099999,KEONGJHARGARH,21.617,85.517,38.67
JRMG,Jairamnagar,22.034344,82.29651100000001,42782099999,BILASPUR,21.988,82.111,19.81
JRNA,Jirania,23.827373,91.43198600000001,42724099999,AGARTALA,23.887,91.24,20.62
JRPD,Jarapada,20.885087,84.887597,42969099999,ANGUL,20.833,85.1,22.82
JRR,Jugaur,26.881922122,81.08856127690001,42369099999,LUCKNOW / CHAUDHARY CHARAN SINGH INTL,26.761,80.889,23.94
JRS,Joravasan,20.729778,72.96576,42915099999,BULSAR,20.617,72.933,13.0
JRT,Jarati,18.890456,82.66510099999999,43097099999,KORAPUT,18.817,82.717,9.83
JRU,Chikjajur,14.126112,76.138705,43233099999,CHITRADURGA,14.233,76.433,33.88
JRW,Joramow,24.201663,86.707773,42599099999,DUMKA,24.267,87.25,55.46
JRZ,Joranda Road,20.623365,85.640413,42970099999,CUTTACK,20.467,85.933,35.08
JSB,Yamuna South Bk,25.902334,80.226651,42469099999,HAMIRPUR,25.95,80.15,9.32
JSG,Jharsuguda,21.862274,84.017427,42886099999,JHARSUGUDA / VEER SURENDRA SAI,21.914,84.05,6.66
JSGR,Jharsuguda Road,21.850125,84.010526,42886099999,JHARSUGUDA / VEER SURENDRA SAI,21.914,84.05,8.19
JSI,Jasali,24.169914000000002,71.914081,42539099999,DEESA,24.2,72.2,29.19
JSKA,Jataula Samphka,28.372602,76.799492,42181099999,INDIRA GANDHI INTL,28.567,77.103,36.71
JSM,Jaisalmer,26.91655,70.92823899999999,42328099999,JAISALMER,26.9,70.917,2.15
JSME,Jasidih,24.514517,86.644255,42599099999,DUMKA,24.267,87.25,67.24
JSP,Jayasingpur,16.791339,74.551613,43158099999,SANGLI,16.85,74.6,8.31
JSR,Jasra,25.280002,81.774617,42475099999,ALLAHABAD ARPT,25.44,81.734,18.25
JTB,Jagatbela,26.772224,83.278505,42379099999,GORAKHPUR,26.74,83.45,17.4
JTDM,Jatdumri Halt,25.474492932500002,85.0950627991,42492099999,JAI PRAKASH NARAYAN INTL PATNA,25.591,85.088,12.97
JTI,Jaithari,23.0451865524,81.7970919489,42779099999,PENDRA ROAD,22.767,81.9,32.68
JTJ,Jolarpettai,12.560851999999999,78.57781999999999,43302099999,TIRUPPATTUR,12.483,78.567,8.74
JTL,Jhapater Dhal,23.367646,87.750181,42709099999,BURDWAN,23.233,87.85,18.11
JTO,Jutogh,31.100734,77.122043,42083099999,SHIMLA,31.1,77.167,4.28
JTRD,Jath Road,17.2166,75.110555,43158099999,SANGLI,16.85,74.6,67.88
JTS,Jatusana,28.331448,76.52110400000001,42176099999,ROHTAK,28.833,76.583,56.1
JTTN,Jorhat Town,26.750692,94.217106,42423199999,JORHAT,26.732,94.176,4.58
JTW,Jaitwar,24.740226,80.863876,42571099999,SATNA,24.567,80.833,19.51
JU,Jodhpur,26.283765,73.02319,42339099999,JODHPUR,26.251,73.049,4.46
JUC,Jalandhar City,31.331665,75.591499,42099099999,LUDHIANA,30.867,75.933,61.05
JUCT,Jodhpur Cantt,26.304264,73.075277,42339099999,JODHPUR,26.251,73.049,6.48
JUDW,Jagadhri Wshop,30.135558,77.240819,42137099999,KARNAL,29.7,77.033,52.41
JUJA,Jujomura,21.239342,84.134611,42883099999,SAMBALPUR,21.467,83.967,30.69
JUR,Jutturu,14.978847,77.898103,43237099999,PBO ANANTAPUR,14.583,77.633,52.44
JVN,Jorawarnagar,22.71246,71.641594,42740099999,SURENDRANAGAR,22.733,71.6,4.84
JW,Jatwara,26.8688202925,76.2140548169,42348099999,JAIPUR,26.824,75.812,40.2
JWB,Jawai Bandh,25.114043000000002,73.14732500000001,42441099999,ERINPURA /JAWAI DAM SITE,25.083,73.083,7.34
JWL,Jajiwal,26.3680583662,73.2228278314,42339099999,JODHPUR,26.251,73.049,21.67
JWNR,Jawaharnagar,23.924910999999998,91.895623,41915099999,SRIMANGAL,24.3,91.733,44.86
JWO,Jawad Road,24.557577000000002,74.764389,42546099999,CHITTORGARH,24.883,74.633,38.54
JWP,Jwalapur,29.928457,78.120775,42143099999,NAJIBABAD,29.617,78.383,42.89
JYG,Jaynagar,26.589465,86.134871,42391099999,DARBHANGA,26.167,85.9,52.48
JYM,Jai Samand Road,24.22064,73.86827000000001,42542099999,UDAIPUR / MAHARANA PRATAP,24.618,73.896,44.27
JYP,Jeypore,18.896375,82.55467900000001,43097099999,KORAPUT,18.817,82.717,19.23
KAD,Khandala,18.755087,73.377469,43060099999,MATHERAN,18.983,73.283,27.22
KAG,Kodaganur,14.3305086886,76.033542879,43230099999,DAVANGERE,14.5,75.917,22.64
KAH,Kalhar,23.978071,78.05717800000001,42671099999,SAGAR,23.85,78.75,71.85
KAJ,Kaliyanganj,25.6393,88.330404,41863099999,DINAJPUR,25.65,88.683,35.36
KAJG,Kajg,19.9493826187,74.9240362146,43014099999,AURANGABAD,19.863,75.398,50.48
KAL,Kallal,9.977293,78.670312,43327099999,KARAIKUDI,10.067,78.8,17.35
KALS,Kalas Halt,15.08644671,75.3899776996,43227099999,HAVERI,14.783,75.4,33.76
KAMG,Kamakhyaguri,26.484168,89.721829,42403099999,COOCH BEHAR,26.333,89.467,30.44
KAMP,Kamalpur,28.182673,77.83998100000001,42183099999,BULANDSHAHR,28.4,77.867,24.31
KAN,Khana,23.320577,87.769547,42709099999,BURDWAN,23.233,87.85,12.74
KANJ,Kanil,22.867203999999997,72.705473,42647099999,AHMEDABAD / SARDAR VALLABHBHAI PATEL INTL,23.077,72.635,24.42
KANO,Kanoh,30.992082999999997,77.11800600000001,42083099999,SHIMLA,31.1,77.167,12.88
KAP,Kalianpur,26.503485,80.25289199999999,42367099999,KANPUR CHAKERI,26.404,80.41,19.16
KAPG,Kalupara Ghat,19.896585,85.40365100000001,43053099999,PURI,19.8,85.817,44.55
KARD,Kaman Road,19.33655,72.919123,43003099999,CHHATRAPATI SHIVAJI MAHARAJ INTL,19.089,72.868,28.04
KARO,Khario,23.835655,86.192092,42705099999,PURULIA,23.333,86.417,60.41
KARR,Kharar,30.7263803992,76.6360518042,42705299999,CHANDIGARH,30.673,76.789,15.78
KART,Kiratpur Sahib,31.186811000000002,76.563302,42077099999,UNA,31.467,76.267,41.99
KASR,Kanas Road,20.06205,85.7428,42971099999,BHUBANESHWAR / BIJU PATNAIK INTL,20.244,85.818,21.7
KASU,Kasu,18.64059,73.079446,43058099999,ALIBAG,18.633,72.867,22.4
KAT,Khatauli,29.273712,77.736988,42139099999,MEERUT,29.017,77.717,28.61
KATI,Kathi,21.788742999999997,87.734128,42900099999,CONTAI,21.783,87.75,1.76
KATL,Katol,21.263201,78.590664,42867099999,DR BABA SAHEB AMBEDKAR INTL,21.092,79.047,51.0
KAV,Kalumna,21.168195,79.140955,42866099999,NAGPUR (MAYO HOSPITAL),21.15,79.117,3.2
KAW,Khajri,25.563233999999998,77.617075,42459099999,SHIVPURI,25.333,77.65,25.81
KAWR,Karwar,14.821387,74.183139,43225099999,KARWAR,14.783,74.133,6.88
KAWT,Kanwat,27.5895214437,75.67626636840001,42249099999,SIKAR,27.617,75.133,53.62
KBA,Kurabalakota,13.666284000000001,78.48584299999999,43271099999,AROGYAVARAM,13.533,78.5,14.9
KBE,Kurebhar,26.409469,82.111598,42374099999,AYODHA,26.748,82.163,37.99
KBH,Khandbaara,21.324398,74.101865,42846099999,NANDURBAR,21.333,74.25,15.37
KBJ,Kantabanji,20.474059,82.906517,42961099999,TITLAGARH,20.3,83.3,45.35
KBK,Khambli Ghat,25.626813000000002,73.864884,42447099999,BHILWARA,25.35,74.633,83.01
KBKN,Khabra Kalan,29.322476,75.412296,42131099999,HISAR,29.179,75.755,36.88
KBL,Koppal,15.353868,76.14395900000001,43201099999,GADAG,15.417,75.633,55.23
KBM,Kotabommali,18.488355,84.199842,43105099999,KALINGAPATAM,18.333,84.133,18.66
KBN,Karbigwan,26.200502,80.502629,42367099999,KANPUR CHAKERI,26.404,80.41,24.44
KBPR,Kabaka Puttur,12.7683965,75.2045015,43284099999,MANGALORE,12.961,74.89,40.26
KBQ,Kumrabad Rohini,24.467308,86.64534800000001,42599099999,DUMKA,24.267,87.25,65.17
KBR,Kabrai,25.385191218099997,80.0382402954,42473099999,BANDA,25.467,80.367,34.25
KBRV,Kanjari Boriyavi,22.614849,72.921535,42744099999,VALLABH VIDYANAGAR,22.567,72.933,5.45
KBY,Khoirabari,26.626143000000003,91.840413,42408099999,RANGIA,26.433,91.617,30.91
KCA,Kuchman,25.318877999999998,83.21503,42483099999,VARANASI,25.3,83.017,20.02
KCC,Krishna Canal,16.477152,80.604553,43181099999,VIJAYAWADA,16.53,80.797,21.34
KCD,Kurichedu,15.913391,79.572175,43177099999,RENTACHINTALA,16.55,79.55,70.83
KCG,Kacheguda,17.389561,78.499756,43128099999,BEGUMPET AIRPORT / HYDERABAD INTL,17.452,78.461,8.07
KCI,Kallkiri,13.643625,78.801131,43271099999,AROGYAVARAM,13.533,78.5,34.79
KCJ,Kasimpur,26.257189,81.539941,42372099999,FURSATGANJ AIRPORT,26.25,81.383,15.67
KCM,Kalasumudram,14.21716,78.099683,43237099999,PBO ANANTAPUR,14.583,77.633,64.66
KCP,Kalgupur,18.163878,77.19175,43076099999,UDGIR,18.067,77.117,13.36
KCR,Khonker,25.316453,77.578988,42459099999,SHIVPURI,25.333,77.65,7.37
KCT,Kirakat,25.645355,82.924798,42479099999,LAL BAHADUR SHASTRI VARANASI INTL,25.45,82.867,22.48
KCV,Krishna Ch Pura,21.824613,86.82005,42894099999,BARIPADA,21.933,86.767,13.24
KCVL,Kochuveli,8.509254,76.8961,43372099999,THIRUVANANTHAPURAM INTL,8.482,76.92,4.01
KDE,Koradacheri,10.771022,79.49003499999999,43330099999,THANJAVUR,10.783,79.133,39.02
KDF,Khundaur,26.020077,82.01505399999999,42372099999,FURSATGANJ AIRPORT,26.25,81.383,68.08
KDG,Kedgaon,18.482085398400002,74.3763730994,43069099999,BARAMATI,18.15,74.583,42.89
KDGI,Kudgi,16.530215,75.811482,43161099999,BIJAPUR,16.817,75.717,33.44
KDHL,Kundhela,22.227958,73.28142,42744099999,VALLABH VIDYANAGAR,22.567,72.933,52.0
KDJR,Kendujhar,21.66029,85.62690500000001,42891099999,KEONGJHARGARH,21.617,85.517,12.34
KDLR,Kandel Road,20.126381000000002,83.27892999999999,42961099999,TITLAGARH,20.3,83.3,19.43
KDM,Kesamudram,17.686252,79.89647099999999,43087099999,HANAMKONDA,18.017,79.567,50.68
KDMR,Khodiyar Mandir,21.739200999999998,72.00460199999999,42080199999,BHAVNAGAR,21.752,72.185,18.69
KDN,Kudatini,15.215160000000001,76.76356899999999,43233099999,CHITRADURGA,14.233,76.433,114.85
KDNL,Kadayanallur,9.085394,77.36319769999999,43354099999,PUNALUR,9.0,76.917,49.91
KDP,Kondapuram,14.773549,78.193462,43237099999,PBO ANANTAPUR,14.583,77.633,63.9
KDPA,Khadapa,19.00582,82.445719,43097099999,KORAPUT,18.817,82.717,35.43
KDPR,Kumedpur,25.4334484028,87.80435766599999,42500099999,PURNEA,25.267,87.467,38.62
KDQ,Kadipur,25.44872,83.09130300000001,42483099999,VARANASI,25.3,83.017,18.14
KDRP,Kandarpur,20.396528,86.017399,42970099999,CUTTACK,20.467,85.933,11.78
KDT,Khadarpett,14.9830781091,77.5427697052,43237099999,PBO ANANTAPUR,14.583,77.633,45.53
KDU,Kadambur,9.002019,77.86363300000001,43376099999,PALAYANKOTTAI,8.733,77.75,32.41
KDZ,Kandaghat,30.965544,77.106996,42083099999,SHIMLA,31.1,77.167,16.01
KEA,Katra,26.842992,82.204937,42374099999,AYODHA,26.748,82.163,11.35
KEB,Karambeli,20.316435,72.90153400000001,42916099999,DAMAN,20.417,72.85,12.41
KED,Kenduapada,21.030623000000002,86.38353099999999,42973099999,CHANDBALI,20.783,86.733,45.56
KEF,Krishnammakona,15.505221,78.267907,43212099999,NANDYAL,15.467,78.483,23.44
KEG,Karengi,28.346844,79.041353,42189099999,BAREILLY,28.422,79.451,40.94
KEH,Kapseti,25.357848,82.717694,42479099999,LAL BAHADUR SHASTRI VARANASI INTL,25.45,82.867,18.16
KEI,Kashi,25.326563999999998,83.031939,42483099999,VARANASI,25.3,83.017,3.31
KEJ,Kathleeghat,31.021478000000002,77.103224,42083099999,SHIMLA,31.1,77.167,10.64
KEK,Karkheli,18.944571,77.73819999999999,43021099999,NANDED,19.083,77.333,45.29
KEM,Kem,18.177508793500003,75.2746262701,43071099999,JEUR,18.2,75.2,8.27
KEN,Kotala,13.6063213389,79.2872542792,43275099999,TIRUPATHI,13.667,79.583,32.66
KEP,Kelanpur,22.233139,73.277017,42744099999,VALLABH VIDYANAGAR,22.567,72.933,51.27
KEPR,Koiripur,26.02164,82.33959499999999,42479099999,LAL BAHADUR SHASTRI VARANASI INTL,25.45,82.867,82.65
KER,Kirihrapur,26.045500525999998,83.73706466189999,42482099999,GHAZIPUR,25.4,83.55,74.18
KESR,Kesri Singhpur,29.950588999999997,73.61854,42123099999,GANGANAGAR,29.917,73.917,29.0
KFA,Koparia,25.661041,86.59816,42393099999,SUPAUL,26.133,86.583,52.5
KFD,Karanjadi,17.998115,73.404252,43111099999,MAHABALESHWAR,17.933,73.667,28.72
KFF,Kolda,21.165523,73.893108,42846099999,NANDURBAR,21.333,74.25,41.41
KFV,Kundara East,8.969608,76.691337,43354099999,PUNALUR,9.0,76.917,25.01
KGA,Khaga,25.761853,81.102658,42471099999,FATEHPUR,25.933,80.833,33.02
KGB,Kargi Road,22.297935,82.026832,42782099999,BILASPUR,21.988,82.111,35.54
KGBS,Kishangarh Balawas,28.262787,76.571554,42177099999,NARNAUL,28.0,76.083,56.12
KGD,Kalligudi,9.695381000000001,77.97402,43360099999,MADURAI,9.835,78.093,20.27
KGG,Khagaria,25.505891,86.46525100000001,42498099999,BHAGALPUR,25.233,86.95,57.38
KGI,Kengeri,12.918047,77.48431,43295099999,BANGALORE,12.967,77.583,12.0
KGIH,Kalgurki h,16.585003999999998,75.775752,43161099999,BIJAPUR,16.817,75.717,26.54
KGL,Kupgal,15.726256,77.219229,43169099999,RAICHUR,16.2,77.35,54.5
KGLE,Khagraghat Road,24.106842,88.22648099999999,42603099999,BERHAMPORE,24.133,88.267,5.04
KGM,Kathgodam,29.266583,79.54633,42147099999,MUKTESHWAR KUMAON,29.467,79.65,24.45
KGP,Kharagpur,22.341431999999998,87.32845599999999,42803099999,MIDNAPORE,22.417,87.317,8.48
KGQ,Kasaragod,12.491175,74.987652,43284099999,MANGALORE,12.961,74.89,53.31
KGS,Khongsara,22.551352,81.934151,42779099999,PENDRA ROAD,22.767,81.9,24.23
KGX,Kanginhal,15.447816999999999,75.719041,43201099999,GADAG,15.417,75.633,9.84
KHAT,Khat,21.242242,79.550792,42866099999,NAGPUR (MAYO HOSPITAL),21.15,79.117,46.13
KHBJ,Khanna Banjari,23.897087,80.822716,42679099999,UMARIA,23.533,80.883,40.95
KHBV,Kharbao,19.297247,72.983444,43003099999,CHHATRAPATI SHIVAJI MAHARAJ INTL,19.089,72.868,26.14
KHED,Khed,17.712059,73.40881499999999,43109099999,HARNAI,17.817,73.1,34.72
KHF,Khantapara,21.39628,86.822911,42895099999,BALASORE,21.517,86.933,17.61
KHH,Kichha,28.913427000000002,79.519746,42148099999,PANTNAGAR,29.033,79.467,14.25
KHM,Kusmhi,26.72824,83.453837,42379099999,GORAKHPUR,26.74,83.45,1.36
KHMA,Khatima,28.915440999999998,79.969431,42148099999,PANTNAGAR,29.033,79.467,50.59
KHN,Khanyan,23.046222,88.314472,42714099999,BAGATI,22.983,88.367,8.85
KHNM,Kunda Harnamgnj,25.714175,81.509547,42475099999,ALLAHABAD ARPT,25.44,81.734,37.9
KHNP,Khanapur Deccan,17.942175,77.382161,43125099999,BIDAR,17.917,77.533,16.2
KHNR,Kachnara,23.808778,75.101024,42661099999,RATLAM,23.317,75.05,54.93
KHOH,Khoh,25.209491000000003,80.979976,42473099999,BANDA,25.467,80.367,67.93
KHRI,Kharkhari,23.760124,86.234894,42705099999,PURULIA,23.333,86.417,50.99
KHRJ,Khumbaraj,24.363097,77.079574,42559099999,GUNA,24.65,77.317,39.94
KHRK,Kharak,28.83755,76.308694,42176099999,ROHTAK,28.833,76.583,26.72
KHS,Kharsia,21.99178,83.102414,42792099999,SUNDARGARH,22.117,84.033,96.91
KHT,Sri Kalahasti,13.7463618318,79.6830412451,43275099999,TIRUPATHI,13.667,79.583,13.95
KHTG,Khatgaon,21.26417,73.992081,42846099999,NANDURBAR,21.333,74.25,27.79
KHU,Khurhand,25.352584,80.49498,42473099999,BANDA,25.467,80.367,18.09
KHV,Karainthi,29.0138203113,76.4817815491,42176099999,ROHTAK,28.833,76.583,22.39
KI,Kondapalli,16.623242,80.54669299999999,43181099999,VIJAYAWADA,16.53,80.797,28.62
KIAT,Kyatsandra,13.3161963923,77.1481127075,43295099999,BANGALORE,12.967,77.583,61.03
KID,Khairar,25.451955,80.236073,42473099999,BANDA,25.467,80.367,13.25
KIF,Kuri,9.035098526,76.8173945569,43354099999,PUNALUR,9.0,76.917,11.61
KIK,Karaikal,10.925606,79.839712,43346099999,KARAIKAL,10.917,79.833,1.21
KIM,Kim,21.399697,72.926702,42840099999,SURAT,21.2,72.833,24.23
KIN,Kapasan,24.86221,74.312762,42546099999,CHITTORGARH,24.883,74.633,32.39
KIP,Khalilpur,28.274856,76.67836199999999,42181099999,INDIRA GANDHI INTL,28.567,77.103,52.72
KIR,Katihar,25.548947,87.566409,42500099999,PURNEA,25.267,87.467,32.9
KIS,Kapilas Road,20.558554,85.993925,42970099999,CUTTACK,20.467,85.933,12.0
KISN,Kalisen Ph,23.1816003962,87.1624991003,42706099999,BANKURA,23.383,87.083,23.82
KIT,Khallikot,19.611204999999998,85.128091,43049099999,GOPALPUR,19.267,84.883,46.1
KITA,Kita,23.364884802800002,85.76424803159999,42701099999,BIRSA MUNDA,23.314,85.322,45.5
KIU,Kinana,29.227482,76.336659,42176099999,ROHTAK,28.833,76.583,49.98
KIUL,Kiul,25.171504,86.106198,42498099999,BHAGALPUR,25.233,86.95,85.17
KIZ,Kansudhi,22.789343,73.64823,42744099999,VALLABH VIDYANAGAR,22.567,72.933,77.43
KJ,Kajgaon,20.573753,75.140405,42925099999,MALEGAON,20.55,74.533,63.29
KJA,Khajurhat,26.525308,82.126813,42374099999,AYODHA,26.748,82.163,25.02
KJG,Karajgi,14.851426,75.407636,43227099999,HAVERI,14.783,75.4,7.65
KJH,Kajra,25.182766,86.261571,42498099999,BHAGALPUR,25.233,86.95,69.48
KJI,Khajauli,26.4839415697,86.1614216113,42391099999,DARBHANGA,26.167,85.9,43.83
KJL,Khumgaon Burti,20.866943,76.401107,42931099999,BULDANA,20.533,76.233,41.04
KJM,Krishnarajapurm,13.000534,77.674016,43302599999,BANGALORE / HAL AIRPORT BENGALURU,12.95,77.668,5.66
KJME,Kajoragram,23.615327,87.18466500000001,42706099999,BANKURA,23.383,87.083,27.84
KJN,Kannauj,27.026507,79.926109,42271099999,HARDOI,27.383,80.167,46.25
KJT,Karjat,18.911157999999997,73.320691,43060099999,MATHERAN,18.983,73.283,8.92
KJU,Kuntighat,23.016799000000002,88.413149,42714099999,BAGATI,22.983,88.367,6.04
KJV,Khijadiya,21.740875,71.275556,42834099999,AMRELI,21.6,71.217,16.79
KJW,Khajwana,26.923262,73.861764,42343099999,AJMER,26.45,74.617,91.65
KJY,Khurja City,28.252454,77.84116100000001,42183099999,BULANDSHAHR,28.4,77.867,16.6
KJZ,Karonji,23.282475,82.923013,42693099999,AMBIKAPUR,23.167,83.25,35.8
KK,Khadki,18.563010000000002,73.840513,43063099999,PUNE,18.533,73.85,3.48
KKB,Karak Bel,22.992315,79.34125900000001,42770099999,NARSINGHPUR,22.95,79.183,16.87
KKD,Kalkund,22.47801,75.85927000000001,42754099999,DEVI AHILYABAI HOLKAR,22.722,75.801,27.78
KKDE,Kurukshetra,29.969440000000002,76.852795,42137099999,KARNAL,29.7,77.033,34.64
KKDI,Karaikkudi,10.068518,78.79331499999999,43327099999,KARAIKUDI,10.067,78.8,0.75
KKGT,Kalkalighat,24.5804202061,92.2952717633,42618099999,KAILASHAHAR,24.317,92.0,41.85
KKHT,Kakarghatti,26.183484,85.94826499999999,42391099999,DARBHANGA,26.167,85.9,5.15
KKJ,Kakori,26.885454000000003,80.79835,42369099999,LUCKNOW / CHAUDHARY CHARAN SINGH INTL,26.761,80.889,16.51
KKK,Khakharia,21.653052,70.932064,42834099999,AMRELI,21.6,71.217,30.04
KKLR,Kaikolur,16.551026,81.21831599999999,43185099999,MACHILIPATNAM/FRANCHPET,16.2,81.15,39.71
KKLU,Kaklur,18.883305,81.619792,43041099999,JAGDALPUR,19.083,82.033,48.79
KKM,Kamalapuram,14.591762,78.666113,43241099999,CUDDAPAH,14.483,78.833,21.65
KKN,Khirkiya,22.166444000000002,76.85944699999999,42855099999,KHANDWA,21.833,76.367,62.87
KKNH,Karukhirhar Nagar Halt,25.891166,86.61649100000001,42393099999,SUPAUL,26.133,86.583,27.1
KKP,Kot Kapura,30.578495999999998,74.818173,42099099999,LUDHIANA,30.867,75.933,111.29
KKPM,Kallakkudi Palanganatham,10.966118999999999,78.948759,43324099999,ARIYALUR,11.167,79.0,23.03
KKRD,Kikakui Road,21.12908,73.481234,42840099999,SURAT,21.2,72.833,67.68
KKRH,Karahia,25.471614,83.771397,42482099999,GHAZIPUR,25.4,83.55,23.62
KKS,Kurasti Kalan,25.955085,80.752455,42471099999,FATEHPUR,25.933,80.833,8.42
KKT,Kath Kuiyan,26.8568018382,84.0478709076,42379099999,GORAKHPUR,26.74,83.45,60.74
KKU,Kanakpura,26.92883,75.702559,42348099999,JAIPUR,26.824,75.812,15.93
KKV,Kunkavav,21.653448,70.975052,42834099999,AMRELI,21.6,71.217,25.71
KKW,Kankavli,16.2587773,73.71987089999999,43193099999,VENGURLA,15.867,73.633,44.54
KKZ,Kottarakara,9.000279,76.765986,43354099999,PUNALUR,9.0,76.917,16.59
KL,Kherli,27.2002567722,77.0364244739,42255099999,ALWAR,27.5,76.583,55.82
KLA,Kulwa,27.982509,78.007062,42262099999,ALIGARH,27.883,78.067,12.53
KLAR,Kulpahar,25.29552,79.63751,42467099999,NOWGONG,25.067,79.45,31.65
KLB,Kiraoli,27.133898,77.78581199999999,42260099999,AGRA,27.156,77.961,17.51
KLBA,Kalambha,21.344635,78.558413,42867099999,DR BABA SAHEB AMBEDKAR INTL,21.092,79.047,57.91
KLCR,Katlichera,24.453018,92.547042,42619099999,SILCHAR,24.75,92.8,41.77
KLD,Khalilabad,26.77453,83.055073,42279099999,BASTI,26.8,82.733,32.09
KLE,Kaithal,29.792735,76.397796,42101099999,PATIALA,30.333,76.467,60.44
KLG,Kalunga,22.222144,84.73367300000001,42793099999,ROURKELA,22.217,84.883,15.38
KLGD,Kollengode,10.626984,76.697715,43335099999,PALAKKAD,10.767,76.65,16.42
KLHD,Kolhadi,20.900243,76.058938,42931099999,BULDANA,20.533,76.233,44.67
KLJ,Kamalganj,27.292663,79.620832,42271099999,HARDOI,27.383,80.167,54.88
KLK,Kalka,30.837667,76.931759,42105099999,CHANDIGARH(IAFB),30.733,76.883,12.54
KLL,Kalol,23.244576000000002,72.50363,42654099999,GANDHINAGAR,23.233,72.717,21.84
KLM,Kadlimatti,16.236489,75.796092,43161099999,BIJAPUR,16.817,75.717,65.1
KLMG,Kalamboli Goods,19.035116,73.11494900000001,43060099999,MATHERAN,18.983,73.283,18.59
KLMR,Kalamasseri,10.061818,76.32695600000001,43353099999,COCHIN,9.946,76.272,14.22
KLNK,Kalanaur Kalan,28.8349236,76.389612,42176099999,ROHTAK,28.833,76.583,18.84
KLNP,Kalinarynpur,23.206506,88.573216,42711099999,KRISHNANAGAR,23.4,88.517,22.27
KLP,Kotalpukur,24.741141,87.823724,42503099999,MALDA,25.033,88.133,45.02
KLQ,Kilikollur,8.9182952655,76.6327939999,43354099999,PUNALUR,9.0,76.917,32.51
KLRE,Khalari,23.651055,85.001627,42701099999,BIRSA MUNDA,23.314,85.322,49.72
KLRS,Kolaras,25.224926,77.590411,42459099999,SHIVPURI,25.333,77.65,13.43
KLT,Kulitalai,10.932727,78.42089299999999,43344099999,TIRUCHIRAPPALLI,10.765,78.71,36.67
KLU,Kalluru,14.924474,77.581419,43237099999,PBO ANANTAPUR,14.583,77.633,38.37
KLV,Kelva Road,19.624601000000002,72.79082100000001,43001099999,DAHANU,19.967,72.717,38.85
KLWL,Kilanwali Punjb,30.137221,74.11242,42123099999,GANGANAGAR,29.917,73.917,30.88
KLX,Kolakalur,16.295185999999998,80.627521,43181099999,VIJAYAWADA,16.53,80.797,31.76
KLYT,Kolayat,27.835319,72.95507400000001,42165099999,BIKANER,28.0,73.3,38.52
KLZ,Keolari,22.374838,79.90885,42771099999,SEONI,22.083,79.55,49.17
KMA,Kaima,24.611085,80.845912,42571099999,SATNA,24.567,80.833,5.07
KMAE,Khamargachhi,23.054229,88.44421,42714099999,BAGATI,22.983,88.367,11.19
KMAH,Kamathe,17.477292,73.515552,43111099999,MAHABALESHWAR,17.933,73.667,53.15
KMBL,Khambhaliya,22.217513,69.657344,42731099999,DWARKA,22.367,69.083,61.38
KMC,Kamareddi,18.32586,78.335858,43083099999,MEDAK,18.05,78.267,31.52
KMD,Kodumudi,11.076073000000001,77.885771,43342099999,K. PARAMATHY,10.95,78.083,25.69
KMDR,Karimuddin Pur,25.700369000000002,83.860581,42482099999,GHAZIPUR,25.4,83.55,45.68
KMEZ,Kumar Maranga,19.038845,81.94987,43041099999,JAGDALPUR,19.083,82.033,10.02
KMGE,Kumahu,24.976944,83.946305,42588099999,DEHRI,24.917,84.183,24.78
KMH,Kalamalia,14.667107,78.470174,43241099999,CUDDAPAH,14.483,78.833,44.09
KMI,Kumhari,21.243782,81.516054,42872099999,MANA,21.233,81.65,13.93
KMJ,Kaimganj,27.5409770085,79.3272155493,42266099999,SHAHJAHANPUR,27.883,79.9,68.01
KMK,Komakhan,20.979703,82.45769200000001,42875099999,SWAMI VIVEKANANDA,21.183,81.733,78.51
KMKD,Khamkhed,20.904161000000002,76.122339,42931099999,BULDANA,20.533,76.233,42.85
KML,Kamtaul,26.337348000000002,85.808624,42391099999,DARBHANGA,26.167,85.9,21.02
KMLR,Kamalur,18.854521000000002,81.276887,43093099999,BAILADILA,18.583,81.233,30.54
KMME,Kumardubi,23.747453,86.794065,42706099999,BANKURA,23.383,87.083,50.1
KMNC,Kuchaman City,27.0535465396,74.8514568066,42249099999,SIKAR,27.617,75.133,68.55
KMNR,Kamalnagar,18.240644,77.178835,43076099999,UDGIR,18.067,77.117,20.38
KMQ,Kumbla,12.590263,74.943503,43284099999,MANGALORE,12.961,74.89,41.63
KMQA,Komali,14.936387,77.927597,43237099999,PBO ANANTAPUR,14.583,77.633,50.47
KMS,Karamnasa,25.239738,83.430892,42482099999,GHAZIPUR,25.4,83.55,21.47
KMSD,Kumar Sadra,18.912986,81.671506,43041099999,JAGDALPUR,19.083,82.033,42.45
KMSI,Kumsi,14.051954,75.402042,43258099999,SHIVAMOGGA,13.858,75.62,31.91
KMST,Kamshet,18.766938,73.552352,43060099999,MATHERAN,18.983,73.283,37.15
KMT,Khammam,17.249347,80.138491,43137099999,KHAMMAM,17.25,80.15,1.22
KMTI,Kumarhatti,30.889186,77.05598099999999,42105099999,CHANDIGARH(IAFB),30.733,76.883,23.97
KMU,Kumbakonam,10.952962,79.388644,43330099999,THANJAVUR,10.783,79.133,33.71
KMV,Karmad,19.872663603099998,75.5378981451,43014099999,AURANGABAD,19.863,75.398,14.67
KMX,Komati Palli,18.381027,83.34104699999999,43149099999,VISHAKHAPATNAM CTLZ,17.717,83.217,74.99
KMZ,Katni Murwara,23.8343563,80.4014844,42679099999,UMARIA,23.533,80.883,59.39
KN,Kadalundi,11.133481,75.82803299999999,43314099999,KOZHIKODE,11.25,75.783,13.86
KNAR,Khanpur Ahir,27.911754000000002,76.589847,42255099999,ALWAR,27.5,76.583,45.79
KND,Kandra,22.852966,86.047863,42798099999,JAMSHEDPUR,22.813,86.169,13.19
KNDP,Khandip,26.641030999999998,76.911821,42354099999,DHOLPUR,26.667,77.833,91.59
KNE,Kishanganj,26.097746,87.949657,41850099999,TETULIA  PANCHAGOR,26.35,88.6,70.68
KNF,Khanodih,23.820217999999997,86.19215700000001,42705099999,PURULIA,23.333,86.417,58.82
KNGR,Kashinagar,18.8568644473,83.87569620789999,43105099999,KALINGAPATAM,18.333,84.133,64.25
KNHE,Kanhe,18.762352,73.59401600000001,43063099999,PUNE,18.533,73.85,37.12
KNHN,Kanhan,21.225502000000002,79.238908,42866099999,NAGPUR (MAYO HOSPITAL),21.15,79.117,15.17
KNJ,Krishngr Cty,23.388714,88.493636,42711099999,KRISHNANAGAR,23.4,88.517,2.69
KNKT,Kanakot,22.488122,70.876238,42737099999,RAJKOT,22.309,70.78,22.24
KNL,Kalanwali,29.835057,74.97985,42123099999,GANGANAGAR,29.917,73.917,102.88
KNLP,Kanamalo Palle,14.428768999999999,78.925335,43241099999,CUDDAPAH,14.483,78.833,11.63
KNLS,Kanalas,22.319955,69.896549,42830099999,PORBANDAR,21.65,69.667,78.17
KNN,Khanna,30.707973,76.22513400000001,42099099999,LUDHIANA,30.867,75.933,33.04
KNNA,Khinaniyan,29.345637263205944,74.7179570607841,42123099999,GANGANAGAR,29.917,73.917,100.15
KNNK,Kanina Khas,28.321248999999998,76.300375,42177099999,NARNAUL,28.0,76.083,41.59
KNO,Kundgol,15.258352,75.250168,43201199999,HUBLI / HUBBALLI,15.35,75.083,20.62
KNP,Khanapur,15.6379344079,74.49975681459999,43197099999,BELGAUM,15.85,74.533,23.85
KNPR,Kendrapara Road,20.498481,85.917437,42970099999,CUTTACK,20.467,85.933,3.86
KNPS,Kendposi,22.294845000000002,85.73248199999999,42795099999,CHAIBASA,22.55,85.817,29.67
KNRT,Kuneru,18.966946,83.440724,43097099999,KORAPUT,18.817,82.717,77.94
KNS,Kanchausi,26.59792371,79.6354260596,42364099999,ETAWAH,26.921,79.062,67.32
KNSR,Kanasar,28.145913,73.324726,42165099999,BIKANER,28.0,73.3,16.41
KNT,Kanth,29.059768000000002,78.621471,42187099999,MORADABAD,28.833,78.75,28.15
KNVT,Kinwat,19.618502,78.20243500000001,43025099999,ADILABAD,19.65,78.533,34.8
KNW,Khandwa Junction,21.823596,76.353227,42855099999,KHANDWA,21.833,76.367,1.76
KO,Kosgi,15.847871999999999,77.23640800000001,43169099999,RAICHUR,16.2,77.35,40.99
KOAA,Kolkatta Terminal,22.601174999999998,88.385179,42809099999,NETAJI SUBHASH CHANDRA BOSE INTL,22.655,88.447,8.72
KOHL,Kohli,21.273749,78.807616,42867099999,DR BABA SAHEB AMBEDKAR INTL,21.092,79.047,32.01
KOHR,Kohir Deccan,17.608886,77.71197699999999,43125099999,BIDAR,17.917,77.533,39.15
KOI,Khodri,22.665094,81.93569600000001,42779099999,PENDRA ROAD,22.767,81.9,11.91
KOJ,Kokrajhar,26.405057,90.274125,42423099999,JORHAT,26.067,90.167,39.08
KOKA,Koka,21.263021,79.71240900000001,42866099999,NAGPUR (MAYO HOSPITAL),21.15,79.117,62.99
KOL,Kolad,18.392294,73.223871,43058099999,ALIBAG,18.633,72.867,46.18
KOLA,Kotla,15.8120341064,78.03755196290001,43213099999,KURNOOL,15.8,78.067,3.42
KOLR,Kolnur,18.496319274500003,79.4199093701,43086099999,RAMGUNDAM,18.767,79.433,30.13
KON,Kudal Nagar,9.944876,78.108666,43359099999,MADURAI,9.917,78.117,3.23
KONN,Konnur,16.424621000000002,77.884404,43168099999,MAHABUBNAGAR,16.75,78.0,38.22
KONY,Kisoni,23.301733000000002,76.371773,42662099999,UJJAIN,23.183,75.783,61.59
KOO,Khusropur,25.484893,85.387309,42492099999,JAI PRAKASH NARAYAN INTL PATNA,25.591,85.088,32.26
KOP,Kolhapur,16.70257,74.237695,43157099999,KOLHAPUR,16.665,74.289,6.88
KOPR,Kopar,19.211345,73.077841,43003099999,CHHATRAPATI SHIVAJI MAHARAJ INTL,19.089,72.868,25.9
KOTA,Kota,25.223553,75.8805,42452099999,KOTA,25.16,75.846,7.87
KOTI,Koti,30.852821,76.994519,42105099999,CHANDIGARH(IAFB),30.733,76.883,17.06
KOTT,Kottur Halt,17.149739999999998,78.28622100000001,43128599999,HYDERABAD INTL AIRPORT / RAJIV GANDHI INTL,17.233,78.417,16.69
KOU,Koduru,13.948578,79.345687,43275099999,TIRUPATHI,13.667,79.583,40.46
KOV,Kirloskarvadi,17.084152,74.41635799999999,43158099999,SANGLI,16.85,74.6,32.55
KOX,Kachujor,23.8426777354,87.4650456,42708099999,SHANTI NIKETAN,23.65,87.7,32.11
KP,Kamptee,21.21172,79.197947,42866099999,NAGPUR (MAYO HOSPITAL),21.15,79.117,10.84
KPA,Kanchrapara,22.946024,88.451231,42714099999,BAGATI,22.983,88.367,9.55
KPD,Katpadi,12.972734,79.13534100000001,43303099999,VELLORE,12.917,79.15,6.4
KPE,Kauwapur,27.5158216097,82.2979015082,44429099999,DANG,28.05,82.5,62.64
KPG,Kopargaon,19.902943,74.503328,42920099999,OZAR AIR FORCE STATION /NASHIK ARPT,20.119,73.914,66.09
KPGM,Karpoorigram,25.869802,85.72417800000001,42391099999,DARBHANGA,26.167,85.9,37.43
KPI,Kalpi,26.119339,79.755607,42468099999,ORAI,25.983,79.5,29.7
KPJG,Kerejanga,20.855813,84.97670600000001,42969099999,ANGUL,20.833,85.1,13.06
KPK,Kalipahari,23.6652,87.01593,42706099999,BANKURA,23.383,87.083,32.12
KPL,Kantakapalle,17.954718999999997,83.20820499999999,43149099999,VISHAKHAPATNAM CTLZ,17.717,83.217,26.45
KPLD,Kapali Road,21.040967000000002,86.407911,42973099999,CHANDBALI,20.783,86.733,44.31
KPLE,Kopai,23.759063,87.689548,42708099999,SHANTI NIKETAN,23.65,87.7,12.17
KPLL,Kotta Pndlpalli,15.761413999999998,80.281949,43220099999,BAPATLA,15.9,80.467,25.09
KPN,Kuppam,12.746834,78.339549,43302099999,TIRUPPATTUR,12.483,78.567,38.34
KPNA,Kapan,22.026018,82.494827,42782099999,BILASPUR,21.988,82.111,39.8
KPO,Karanpura,27.1230467855,76.7783649164,42255099999,ALWAR,27.5,76.583,46.15
KPP,Kalapipal,23.332775,76.834002,42667099999,BHOPAL / RAJA BHOJ,23.287,77.337,51.62
KPQ,Kannapuram,11.984076,75.31381,43315099999,CANNUR,11.833,75.333,16.93
KPRD,Kalyanpur Road,25.275564886399998,86.5806353711,42498099999,BHAGALPUR,25.233,86.95,37.45
KPRR,Kotapar Road,19.041434,82.30895,43041099999,JAGDALPUR,19.083,82.033,29.37
KPS,Kopa Samhota,25.851866,84.65281399999999,42488099999,CHAPRA,25.783,84.733,11.09
KPTN,Keshorai Patan,25.324522,75.937733,42452099999,KOTA,25.16,75.846,20.49
KPTO,Karanpurato,25.136401449999997,87.7340281628,42500099999,PURNEA,25.267,87.467,30.54
KPU,Krishnapuram,14.493468,78.776559,43241099999,CUDDAPAH,14.483,78.833,6.19
KPV,Kashipur,29.204978,78.96071,42187099999,MORADABAD,28.833,78.75,46.16
KPXR,Kaipada Road,20.10484,85.639666,42971099999,BHUBANESHWAR / BIJU PATNAIK INTL,20.244,85.818,24.21
KPY,Karunagappalli,9.065268000000001,76.54402300000001,43354099999,PUNALUR,9.0,76.917,41.6
KPZ,Kapren,25.444815000000002,76.08649199999999,42452099999,KOTA,25.16,75.846,39.84
KQA,Kondagunta,14.080027999999999,79.79392,43245099999,NELLORE,14.45,79.983,45.91
KQD,Khairatabad Dcn,17.414221,78.46165,43128099999,BEGUMPET AIRPORT / HYDERABAD INTL,17.452,78.461,4.2
KQE,Kala Akhar,22.394548999999998,77.818115,42763099999,HOSHANGABAD,22.767,77.767,41.75
KQI,Kalachand,25.339050999999998,93.13311999999999,42522099999,HAFLONG,25.167,93.017,22.41
KQK,Kotikulam,12.423507,75.024008,43284099999,MANGALORE,12.961,74.89,61.51
KQL,Kandhla,29.324701,77.293239,42137099999,KARNAL,29.7,77.033,48.74
KQN,Kodaikanal Road,10.179613000000002,77.909593,43359099999,MADURAI,9.917,78.117,36.99
KQQ,Kaukuntla,16.538962,77.850451,43168099999,MAHABUBNAGAR,16.75,78.0,28.36
KQR,Koderma,24.434741000000002,85.52945799999999,42591099999,GAYA,24.744,84.951,67.85
KQU,Kamarkundu,22.821631,88.205127,42714099999,BAGATI,22.983,88.367,24.43
KRA,Karepalli,17.511408000000003,80.27186499999999,43137099999,KHAMMAM,17.25,80.15,31.81
KRAI,Kahet,21.137196,73.294162,42840099999,SURAT,21.2,72.833,48.33
KRAR,Khariar Road,20.901385555799997,82.510513277,42875099999,SWAMI VIVEKANANDA,21.183,81.733,86.55
KRBA,Korba,22.337584,82.71301299999999,42782099999,BILASPUR,21.988,82.111,73.17
KRBP,Khudiram Bose Pusa,25.906434,85.672677,42387099999,MUZAFFARPUR,26.117,85.4,35.93
KRD,Karad,17.310011,74.215686,43113099999,SATARA,17.517,74.05,28.96
KRDL,Kirandul,18.757486,81.25813099999999,43093099999,BAILADILA,18.583,81.233,19.58
KRE,Kartarpur,31.432388,75.492544,42071099999,AMRITSAR,31.71,74.797,72.77
KRG,Koregaon,17.690976,74.147622,43113099999,SATARA,17.517,74.05,21.94
KRH,Khairthal,27.797324415,76.64170412169999,42255099999,ALWAR,27.5,76.583,33.56
KRHA,Korahia,26.529839579999997,86.15361374000001,42391099999,DARBHANGA,26.167,85.9,47.61
KRIH,Korai Halt,20.959417000000002,86.17599399999999,42970099999,CUTTACK,20.467,85.933,60.31
KRJ,Khurja,28.206407000000002,77.81903999999999,42183099999,BULANDSHAHR,28.4,77.867,22.03
KRKN,Karkend,23.765615,86.369799,42705099999,PURULIA,23.333,86.417,48.34
KRLI,Kurali,30.835005000000002,76.57193000000001,42705299999,CHANDIGARH,30.673,76.789,27.47
KRMA,Karamtola,25.2554212612,87.5531429022,42500099999,PURNEA,25.267,87.467,8.76
KRMI,Karmali,15.490212900000001,73.9246644,43192099999,GOA/PANJIM,15.483,73.817,11.56
KRND,Khorason Road,26.089745999999998,82.867173,42479099999,LAL BAHADUR SHASTRI VARANASI INTL,25.45,82.867,71.14
KRNI,Krishnai,26.070884,90.68256799999999,42407099999,GOALPARA,26.183,90.633,13.41
KRNN,Karnauti Halt,25.396291565400002,85.54704889770001,42492099999,JAI PRAKASH NARAYAN INTL PATNA,25.591,85.088,50.91
KRNR,Krishnarajnagar,12.4454105,76.38862689999999,43291099999,MYSORE,12.3,76.7,37.49
KRNT,Kurnool City,15.833715,78.032655,43213099999,KURNOOL,15.8,78.067,5.25
KRON,Karona Halt,25.263396537800002,85.00541057619999,42492099999,JAI PRAKASH NARAYAN INTL PATNA,25.591,85.088,37.36
KRP,Krishnapur,24.406330999999998,88.25613200000001,42603099999,BERHAMPORE,24.133,88.267,30.41
KRPP,Kuruppantara,9.734535000000001,76.51060899999999,43352099999,ALAPUZHA,9.55,76.417,22.94
KRPR,Karepur,18.589152000000002,76.681135,43017099999,PARBHANI,19.133,76.833,62.55
KRPU,Koraput,18.792189999999998,82.719436,43097099999,KORAPUT,18.817,82.717,2.77
KRQ,Karari,25.530800000000003,78.509084,42463099999,JHANSI,25.491,78.558,6.61
KRR,Karur,10.965642,78.085087,43342099999,K. PARAMATHY,10.95,78.083,1.75
KRS,Karisath,25.549488,84.563141,42488099999,CHAPRA,25.783,84.733,31.05
KRSA,Kharsaliya,22.7050879399,73.55448093439999,42744099999,VALLABH VIDYANAGAR,22.567,72.933,65.6
KRTH,Kiratgarh,22.538155,77.77251,42763099999,HOSHANGABAD,22.767,77.767,25.45
KRV,Karavadi,15.553014,80.11315599999999,43221099999,ONGOLE,15.5,80.083,6.72
KRW,Kharwa,26.204383999999997,74.42653,42343099999,AJMER,26.45,74.617,33.26
KRY,Kadiri,14.114788,78.165591,43271099999,AROGYAVARAM,13.533,78.5,74.09
KRZ,Kharawar,28.83154,76.681044,42176099999,ROHTAK,28.833,76.583,9.55
KS,Kheta Sarai,25.965774583199998,82.6886636169,42479099999,LAL BAHADUR SHASTRI VARANASI INTL,25.45,82.867,60.07
KSAR,Kudala Sangam,16.306774,75.891059,43161099999,BIJAPUR,16.817,75.717,59.69
KSB,Kosamba,21.464052,72.95459799999999,42840099999,SURAT,21.2,72.833,31.95
KSC,Kashi Chak,25.070798999999997,85.718754,42591099999,GAYA,24.744,84.951,85.53
KSD,Keshod,21.297662,70.252274,42832099999,KESHOD,21.317,70.317,7.04
KSE,Kosad,21.255892,72.86573000000001,42840099999,SURAT,21.2,72.833,7.08
KSF,Khalispur,25.525798,82.83174700000001,42479099999,LAL BAHADUR SHASTRI VARANASI INTL,25.45,82.867,9.14
KSG,Kishangarh,26.588968,74.855553,42343099999,AJMER,26.45,74.617,28.32
KSH,Kali Sindh,23.344476,76.430306,42662099999,UJJAIN,23.183,75.783,68.52
KSI,Kosli,28.411947,76.464704,42176099999,ROHTAK,28.833,76.583,48.22
KSJ,Kasganj,27.801887,78.64602599999999,42262099999,ALIGARH,27.883,78.067,57.64
KSK,Kasimkota,17.673315,82.963751,43149099999,VISHAKHAPATNAM CTLZ,17.717,83.217,27.26
KSM,Kamasamudram,12.880706,78.200119,43272099999,CHINTAMANI,13.2,78.067,38.32
KSN,Krishna,16.409324,77.328563,43169099999,RAICHUR,16.2,77.35,23.39
KSNG,Kesinga,20.188102999999998,83.224709,42961099999,TITLAGARH,20.3,83.3,14.71
KSP,Kishanpur,25.925351000000003,85.840384,42391099999,DARBHANGA,26.167,85.9,27.52
KSPR,Kashipura Sarar,22.120085999999997,73.145838,42744099999,VALLABH VIDYANAGAR,22.567,72.933,54.3
KSQ,Kanspur Gugauli,26.074302,80.625838,42471099999,FATEHPUR,25.933,80.833,25.99
KSRA,Kasara,19.647159,73.472003,42921099999,NASIK CITY,19.967,73.817,50.67
KSTA,Kastha,24.802484,84.921751,42591099999,GAYA,24.744,84.951,7.14
KSU,Kustaur,23.430415999999997,86.498336,42705099999,PURULIA,23.333,86.417,13.65
KSV,Kosi Kalan,27.788551,77.445999,42257099999,MATHURA,27.5,77.683,39.68
KSW,Kheri Salwa,26.4285105345,73.3907543195,42339099999,JODHPUR,26.251,73.049,39.36
KSWD,Kasar Wadi,18.607555174,73.8207010529,43063099999,PUNE,18.533,73.85,8.85
KSWR,Kalmeshwar,21.229072,78.91586099999999,42867099999,DR BABA SAHEB AMBEDKAR INTL,21.092,79.047,20.43
KSX,Kotshila,23.411691,86.079548,42705099999,PURULIA,23.333,86.417,35.54
KT,Kumta,14.436871,74.420652,43226099999,HONAVAR,14.283,74.45,17.4
KTCE,Katoghan,25.730035,81.16560600000001,42471099999,FATEHPUR,25.933,80.833,40.22
KTD,Kantadih,23.21838,86.29629,42705099999,PURULIA,23.333,86.417,17.73
KTDD,Kataiya Dandi,25.149062471199997,81.3984808771,42475099999,ALLAHABAD ARPT,25.44,81.734,46.74
KTE,Katni,23.833385,80.400543,42679099999,UMARIA,23.533,80.883,59.41
KTES,Katni South,23.824725,80.401113,42679099999,UMARIA,23.533,80.883,58.82
KTH,Katrasgarh,23.795757000000002,86.302399,42705099999,PURULIA,23.333,86.417,52.77
KTHD,Kothari Road,22.156964000000002,82.70858000000001,42782099999,BILASPUR,21.988,82.111,64.38
KTHU,Kathua,32.397897,75.551922,42056099999,JAMMU,32.667,74.833,73.74
KTJ,Khaltipur,24.875742000000002,88.021646,42503099999,MALDA,25.033,88.133,20.78
KTJI,Katha Jori,20.45107,85.896353,42970099999,CUTTACK,20.467,85.933,4.21
KTK,Kyataneakeri Rd,17.05336,75.821206,43161099999,BIJAPUR,16.817,75.717,28.52
KTKA,Kotakadra,16.668744,77.869477,43168099999,MAHABUBNAGAR,16.75,78.0,16.58
KTKH,Kotlakheri,22.078204,76.173654,42855099999,KHANDWA,21.833,76.367,33.78
KTKR,Kumtha Khurd,18.4218389359,77.0092961456,43076099999,UDGIR,18.067,77.117,41.06
KTM,Kuttalam,11.069825000000002,79.557389,43346099999,KARAIKAL,10.917,79.833,34.55
KTMA,Kotma,23.202833000000002,81.979022,42779099999,PENDRA ROAD,22.767,81.9,49.13
KTO,Katora,23.3115927105,82.7112187811,42693099999,AMBIKAPUR,23.167,83.25,57.35
KTP,Katepurna,20.723777,77.25938099999999,42934099999,AKOLA,20.699,77.059,21.02
KTPK,Kotha Pakki,30.143767,73.966186,42123099999,GANGANAGAR,29.917,73.917,25.66
KTQ,Kudra,25.048552,83.79337100000001,42588099999,DEHRI,24.917,84.183,41.91
KTRA,Kotra,25.811253999999998,78.381661,42460099999,DATIA,25.667,78.467,18.18
KTRR,Kathara Road,26.310011,80.228735,42367099999,KANPUR CHAKERI,26.404,80.41,20.87
KTSH,Kotmi Sonar Halt,22.024158,82.360215,42782099999,BILASPUR,21.988,82.111,26.01
KTU,Kuttippuram,10.845723999999999,76.03339700000001,42705599999,CALICUT,11.137,75.955,33.5
KTV,Kottavalasa,17.892374999999998,83.18509999999999,43149099999,VISHAKHAPATNAM CTLZ,17.717,83.217,19.79
KTW,Kotdwara,29.742927896,78.52116372309999,42143099999,NAJIBABAD,29.617,78.383,19.34
KTX,Katakhal,24.83436,92.62706700000001,42619099999,SILCHAR,24.75,92.8,19.82
KTY,Kotturu,14.826788325296278,76.21354088187218,43230099999,DAVANGERE,14.5,75.917,48.35
KTYM,Kottayam,9.594177,76.532168,43355099999,KOTTAYAM,9.533,76.6,10.08
KUA,Kulharia,25.568172999999998,84.757807,42488099999,CHAPRA,25.783,84.733,24.02
KUC,Karukkutty,10.225757,76.373077,43351099999,FORT COCHIN,9.967,76.233,32.6
KUCE,Kuchai,22.013657,86.695652,42894099999,BARIPADA,21.933,86.767,11.6
KUD,Kudachi,16.62608,74.85868699999999,43158099999,SANGLI,16.85,74.6,37.13
KUDA,Kundapura,13.612909,74.728366,43229099999,SHIRALI,14.067,74.533,54.72
KUDL,Kudal,16.017651,73.67813000000001,43193099999,VENGURLA,15.867,73.633,17.43
KUE,Kursela,25.440774,87.253655,42500099999,PURNEA,25.267,87.467,28.86
KUG,Kusugali,15.392095,75.233643,43201199999,HUBLI / HUBBALLI,15.35,75.083,16.82
KUGT,Kumar Ghat,24.1506303119,92.0348331158,42618099999,KAILASHAHAR,24.317,92.0,18.83
KUH,Khachrod,23.442673,75.286337,42661099999,RATLAM,23.317,75.05,27.88
KUK,Korukonda,18.054196,83.320296,43149099999,VISHAKHAPATNAM CTLZ,17.717,83.217,39.06
KULH,Kulha-halt,26.369411,80.656456,42367099999,KANPUR CHAKERI,26.404,80.41,24.85
KUM,Kuram,20.808396000000002,77.58733000000001,42937099999,AMRAOTI,20.933,77.783,24.6
KUN,Karnal,29.694566000000002,76.969821,42137099999,KARNAL,29.7,77.033,6.13
KUND,Kund,28.145183762800002,76.39848079709999,42177099999,NARNAUL,28.0,76.083,34.91
KUPR,Khurdpur,31.424854,75.72317,42077099999,UNA,31.467,76.267,51.8
KUR,Khurda Road,20.153076,85.70823399999999,42971099999,BHUBANESHWAR / BIJU PATNAIK INTL,20.244,85.818,15.28
KURJ,Khajuraho,24.7969839,79.8900217,42567099999,KHAJURAHO,24.983,79.917,20.86
KURO,Korari,26.48788,80.529002,42367099999,KANPUR CHAKERI,26.404,80.41,15.08
KUT,Kanauta,26.842216007599998,75.955996106,42348099999,JAIPUR,26.824,75.812,14.43
KUTI,Khumtai,26.626403999999997,93.86427300000001,42420099999,GOLAGHAT,26.517,93.983,16.95
KUU,Kuhuri,19.859987,85.3527,43053099999,PURI,19.8,85.817,49.02
KUV,Kundara,8.960373,76.67854899999999,43354099999,PUNALUR,9.0,76.917,26.56
KUW,Kanwar,25.7036520692,81.21464405030001,42471099999,FATEHPUR,25.933,80.833,45.93
KVDU,Kadavakuduru,15.722540512,80.2572977045,43220099999,BAPATLA,15.9,80.467,29.88
KVGM,Kolvagram,26.9894838995,76.46876528439999,42255099999,ALWAR,27.5,76.583,57.88
KVK,Kavathe Mahankal,17.007517,74.94491099999999,43158099999,SANGLI,16.85,74.6,40.66
KVLS,Karakavalasa,18.292228,82.991426,43097099999,KORAPUT,18.817,82.717,65.13
KVR,Kovvur,17.007084,81.726495,43184099999,NIDADAVOLE,16.833,81.583,24.65
KVS,Kalsur,14.888042065499999,75.40095653559999,43227099999,HAVERI,14.783,75.4,11.68
KVU,Kadakavur,8.679078,76.766672,43372099999,THIRUVANANTHAPURAM INTL,8.482,76.92,27.65
KVZ,Kavali,14.915993,79.988271,43243099999,KAVALI,14.9,79.983,1.87
KWAE,Katwa,23.640315,88.124085,42708099999,SHANTI NIKETAN,23.65,87.7,43.21
KWE,Khurial,25.4911139274,87.82685530639999,42500099999,PURNEA,25.267,87.467,43.91
KWGN,Kawargaon,18.896086,81.53352199999999,43093099999,BAILADILA,18.583,81.233,47.05
KWM,Kampur,26.1606011328,92.6577872687,42414099999,CHAPARMUKH,26.2,92.517,14.72
KWMD,Kumbhawas Mundalia D,28.255391,76.660871,42181099999,INDIRA GANDHI INTL,28.567,77.103,55.41
KWO,Karauta,25.468639,85.46824000000001,42492099999,JAI PRAKASH NARAYAN INTL PATNA,25.591,85.088,40.51
KWP,Khatipura,26.835709,75.89049800000001,42348099999,JAIPUR,26.824,75.812,7.9
KWR,Koelwar,25.5687,84.792055,42488099999,CHAPRA,25.783,84.733,24.55
KWV,Kurduvadi,18.091348,75.41711799999999,43071099999,JEUR,18.2,75.2,25.93
KXB,Kanjai,24.331047,78.169132,42671099999,SAGAR,23.85,78.75,79.61
KXE,Kalian Chak,25.03452,87.736758,42500099999,PURNEA,25.267,87.467,37.49
KXG,Kharia Khangar,26.609843,73.686313,42339099999,JODHPUR,26.251,73.049,74.96
KXH,Kapurthala,31.366846,75.38272400000001,42071099999,AMRITSAR,31.71,74.797,67.36
KXI,Kurumurthi,16.494924,77.863463,43168099999,MAHABUBNAGAR,16.75,78.0,31.88
KXJ,Karimganj,24.860717,92.373769,42619099999,SILCHAR,24.75,92.8,44.75
KXN,Kanshbahal,22.215278,84.66628899999999,42793099999,ROURKELA,22.217,84.883,22.31
KXP,Kaniyapuram,8.587612,76.854482,43372099999,THIRUVANANTHAPURAM INTL,8.482,76.92,13.78
KXT,Ketti,11.381409,76.736915,43317099999,UDHAGAMANDALAM,11.4,76.733,2.11
KY,Kareli,22.932344,79.066765,42770099999,NARSINGHPUR,22.95,79.183,12.06
KYA,Kauriya,25.5509123644,84.5212854932,42488099999,CHAPRA,25.783,84.733,33.41
KYE,Khurai,24.051525,78.33112799999999,42671099999,SAGAR,23.85,78.75,48.1
KYF,Kajrat Nawadih,24.591041,84.05014,42588099999,DEHRI,24.917,84.183,38.65
KYG,Kidiyanaga,23.47934,70.768891,42638099999,KANDLA AERODROME,23.15,70.117,75.98
KYI,Kalyani,22.969219,88.467499,42714099999,BAGATI,22.983,88.367,10.4
KYJ,Kayankulam,9.182586,76.512933,43355099999,KOTTAYAM,9.533,76.6,40.12
KYM,Kadiyan,16.914337999999997,81.832674,43184099999,NIDADAVOLE,16.833,81.583,28.06
KYN,Kalyan,19.234716000000002,73.12974,43003099999,CHHATRAPATI SHIVAJI MAHARAJ INTL,19.089,72.868,31.91
KYOP,Kottapalli,18.5402681328,79.40385903139999,43086099999,RAMGUNDAM,18.767,79.433,25.4
KYQ,Kamakhya,26.156154,91.689505,42410099999,GUWAHATI INTL / LOKPRIYA GOPINATH BORDOLOI INTL,26.106,91.586,11.74
KYT,Kailahat,25.155223,82.947581,42483099999,VARANASI,25.3,83.017,17.55
KZA,Khada,27.182926,83.868376,44438099999,BHAIRAHAWA / GAUTAM BUDDHA,27.506,83.416,57.33
KZB,Kurumbur,8.585754999999999,78.03964,43379099999,TUTICORIN NEW PORT,8.75,78.183,24.12
KZE,Kanhangad,12.320267999999999,75.08524799999999,43315099999,CANNUR,11.833,75.333,60.51
KZH,Kila Zafargarh,29.0805810005,76.4289531995,42176099999,ROHTAK,28.833,76.583,31.35
KZJ,Kazipet,17.974211,79.511025,43087099999,HANAMKONDA,18.017,79.567,7.59
KZK,Kazhakuttam,8.555848000000001,76.872235,43372099999,THIRUVANANTHAPURAM INTL,8.482,76.92,9.75
KZT,Kulitthurai,8.302348,77.218817,43371099999,THIRUVANANTHAPURAM,8.483,76.95,35.75
KZU,Kunki,22.875933,86.067757,42798099999,JAMSHEDPUR,22.813,86.169,12.51
KZY,Kayalpattinam,8.566912,78.09973,43379099999,TUTICORIN NEW PORT,8.75,78.183,22.32
LAA,Lakhpat,23.597666,71.028821,42638099999,KANDLA AERODROME,23.15,70.117,105.54
LAD,Lohardaga  Bs,23.445967,84.70733,42701099999,BIRSA MUNDA,23.314,85.322,64.43
LAE,Lakholi,21.201827,81.890652,42875099999,SWAMI VIVEKANANDA,21.183,81.733,16.48
LAL,Lushala,21.3918244015,70.32629040219999,42832099999,KESHOD,21.317,70.317,8.38
LAR,Lalitpur,24.688222,78.395791,42562099999,TIKAMGARH,24.767,78.833,45.02
LAT,Lathi,21.73935,71.386531,42834099999,AMRELI,21.6,71.217,23.39
LAU,Ladnun,27.64255,74.4056,42249099999,SIKAR,27.617,75.133,71.72
LAV,Labha,25.439646755400002,87.74514032169999,42500099999,PURNEA,25.267,87.467,33.91
LB,Laine Bazar(halt),26.429190879300002,84.2806012268,42383099999,MOTIHARI,26.667,84.917,68.6
LBA,Lambhua,26.133687000000002,82.223283,42374099999,AYODHA,26.748,82.163,68.57
LBG,Limbgaon,19.176458097999998,77.2061342529,43021099999,NANDED,19.083,77.333,16.9
LBN,Laban,25.574304,76.207965,42456099999,SHEOPUR,25.667,76.683,48.73
LBT,Lalgarh Bihar Halt,24.161147,83.979632,42587099999,DALTONGANJ,24.05,84.067,15.21
LC,Lucknow City,26.859109,80.917866,42369099999,LUCKNOW / CHAUDHARY CHARAN SINGH INTL,26.761,80.889,11.28
LCAE,Lalbagh Crt Rd,24.173693,88.246307,42603099999,BERHAMPORE,24.133,88.267,4.99
LD,Londa,15.450273,74.496982,43197099999,BELGAUM,15.85,74.533,44.61
LDA,Lidhora Khurd,23.852972,78.87232300000001,42671099999,SAGAR,23.85,78.75,12.44
LDH,Ludhiana,30.912367,75.84787299999999,42099099999,LUDHIANA,30.867,75.933,9.56
LDK,Ladhuka,30.49849,74.119614,42123099999,GANGANAGAR,29.917,73.917,67.53
LDU,Lunidhar,21.715431000000002,71.085551,42834099999,AMRELI,21.6,71.217,18.69
LDX,Ladda,19.102692,83.412196,43097099999,KORAPUT,18.817,82.717,79.71
LEB,Lemuabad,25.482271329699998,85.7783575873,42492099999,JAI PRAKASH NARAYAN INTL PATNA,25.591,85.088,70.31
LEDO,Ledo,27.288435,95.725374,42314099999,DIBRUGARH,27.484,95.017,73.24
LGCE,Lagargawan,24.464248,80.81431,42571099999,SATNA,24.567,80.833,11.58
LGDH,Lalaguda Gate,17.440355,78.52440299999999,43128099999,BEGUMPET AIRPORT / HYDERABAD INTL,17.452,78.461,6.85
LGH,Lalgarh,28.043638,73.313909,42165099999,BIKANER,28.0,73.3,5.04
LGL,Lalgola,24.421152,88.257513,42603099999,BERHAMPORE,24.133,88.267,32.06
LGO,Lalgopalganj,25.642195,81.630185,42475099999,ALLAHABAD ARPT,25.44,81.734,24.78
LGT,Langting,25.49759,93.110265,42523099999,LUMDING,25.75,93.183,29.0
LGTR,Lingaraj Tmp Rd,20.234947,85.81587200000001,42971099999,BHUBANESHWAR / BIJU PATNAIK INTL,20.244,85.818,1.03
LHA,Lehra Gaga,29.937832,75.810079,42101099999,PATIALA,30.333,76.467,76.95
LHB,Lahabon,24.6403400956,86.6001380908,42498099999,BHAGALPUR,25.233,86.95,74.75
LHLL,Lahli,28.854316999999998,76.44533799999999,42176099999,ROHTAK,28.833,76.583,13.62
LHN,Lachyan,17.2795737583,75.9717014606,43117099999,SOLAPUR,17.628,75.935,38.94
LHU,Loharu,28.427051,75.801613,42174099999,PILANI,28.333,75.583,23.81
LIJ,Lakshmiganj,26.927786,83.788161,42379099999,GORAKHPUR,26.74,83.45,39.52
LIR,Lachmipur,27.25415,83.379037,44438099999,BHAIRAHAWA / GAUTAM BUDDHA,27.506,83.416,28.24
LJN,Lucknow,26.831967000000002,80.91858699999999,42369099999,LUCKNOW / CHAUDHARY CHARAN SINGH INTL,26.761,80.889,8.42
LJR,Lanjigarh Road,19.9434221772,83.4003416858,43042099999,BHAWANIPATNA,19.917,83.183,22.91
LKA,Lanka,25.914426,92.958001,42523099999,LUMDING,25.75,93.183,29.01
LKBL,Lakhabawal,22.409215,69.99951399999999,42639099999,NEW KANDLA,23.0,70.217,69.38
LKD,Lakodara,21.991872,73.09899399999999,42744099999,VALLABH VIDYANAGAR,22.567,72.933,66.19
LKDU,Lankalakoderu,16.534517,81.68124399999999,43187099999,NARSAPUR,16.433,81.7,11.46
LKE,Lakheri,25.639864,76.192147,42456099999,SHEOPUR,25.667,76.683,49.29
LKG,Lamsakhang,25.796536,93.046846,42523099999,LUMDING,25.75,93.183,14.58
LKKD,Lakkad Kot,21.163562,73.603025,42846099999,NANDURBAR,21.333,74.25,69.65
LKMR,Lakshmipur Road,19.003986,83.104298,43097099999,KORAPUT,18.817,82.717,45.74
LKN,Lakhminia,25.426072,86.309269,42498099999,BHAGALPUR,25.233,86.95,67.88
LKO,Lucknow,26.830675,80.925291,42369099999,LUCKNOW / CHAUDHARY CHARAN SINGH INTL,26.761,80.889,8.54
LKR,Luckeesarai,25.1716617005,86.093210587,42498099999,BHAGALPUR,25.233,86.95,86.47
LKS,Lunkaransar,28.493395,73.743155,42165099999,BIKANER,28.0,73.3,69.96
LKT,Hulkoti,15.434667000000001,75.531958,43201099999,GADAG,15.417,75.633,11.01
LKU,Lalkua,29.071574,79.517641,42148099999,PANTNAGAR,29.033,79.467,6.53
LKW,Lakhewali,30.447834,74.341781,42123099999,GANGANAGAR,29.917,73.917,71.77
LKY,Lakhmapur,15.870282,75.627712,43201099999,GADAG,15.417,75.633,50.41
LKZ,Lakadiya,23.339664,70.58674500000001,42638099999,KANDLA AERODROME,23.15,70.117,52.42
LLBR,Lalbazar,24.561850000000003,92.610161,42619099999,SILCHAR,24.75,92.8,28.39
LLD,Lalavadi,21.930346999999998,78.189646,42860099999,BETUL,21.867,77.933,27.4
LLI,Lalgudi,10.875733,78.813672,43343099999,TIRUCHIRAPALLI TOWN,10.767,78.717,16.05
LLJ,Lalganj,26.172392000000002,80.973175,42471099999,FATEHPUR,25.933,80.833,30.08
LLP,Lalitgram,26.35666473117378,87.01226592063904,42395099999,FORBESGANJ,26.3,87.267,26.16
LLPR,Lalit Lakshmipur,26.436785,86.1562,42391099999,DARBHANGA,26.167,85.9,39.4
LM,Limbdi,22.566039999999997,71.789599,42740099999,SURENDRANAGAR,22.733,71.6,26.89
LMD,Linganenidoddi,15.399929,77.703397,43213099999,KURNOOL,15.8,78.067,59.12
LMG,Lumding,25.750035999999998,93.17660000000001,42523099999,LUMDING,25.75,93.183,0.64
LMK,Limkheda,22.833894,73.984515,42744099999,VALLABH VIDYANAGAR,22.567,72.933,111.87
LMM,Lailakh Mamlkha,25.21827008,87.1050667084,42499099999,SABAUR,25.233,87.067,4.16
LMN,Lachhmanpur,26.050472,81.25726300000001,42372099999,FURSATGANJ AIRPORT,26.25,81.383,25.49
LMNR,Lakshmibai Ngr,22.742296,75.858526,42754099999,DEVI AHILYABAI HOLKAR,22.722,75.801,6.32
LMO,Liliya Mota,21.540317,71.372863,42834099999,AMRELI,21.6,71.217,17.43
LMP,Lakhimpur,27.947414,80.777625,42270099999,KHERI,27.9,80.8,5.71
LMT,Almatti,16.3459,75.90050000000001,43161099999,BIJAPUR,16.817,75.717,55.92
LNH,Lachhman Garh Sikar,27.832586,75.034114,42249099999,SIKAR,27.617,75.133,25.87
LNK,Lohian Khas,31.165462,75.196445,42071099999,AMRITSAR,31.71,74.797,71.43
LNL,Lonavala,18.748883,73.407657,43060099999,MATHERAN,18.983,73.283,29.15
LNN,Lonand,18.040769,74.190477,43069099999,BARAMATI,18.15,74.583,43.23
LNWT,Lko Alambagh W Cabin,26.829443,80.909614,42369099999,LUCKNOW / CHAUDHARY CHARAN SINGH INTL,26.761,80.889,7.88
LOG,Lohgara,25.250449999999997,81.73019000000001,42475099999,ALLAHABAD ARPT,25.44,81.734,21.08
LOGH,Lottegollahalli,13.043169,77.562257,43295099999,BANGALORE,12.967,77.583,8.76
LOL,Loliem,14.939155,74.08778,43225099999,KARWAR,14.783,74.133,18.03
LONI,Loni,18.491630999999998,74.02051399999999,43063099999,PUNE,18.533,73.85,18.56
LOT,Lohta,25.3156017921,82.93066368230001,42483099999,VARANASI,25.3,83.017,8.85
LOV,Lovedale,11.382403,76.704285,43317099999,UDHAGAMANDALAM,11.4,76.733,3.69
LPG,Lapanga,21.732794,84.03998,42886099999,JHARSUGUDA / VEER SURENDRA SAI,21.914,84.05,20.18
LPI,Lingampalli,17.482874000000002,78.31677400000001,43128099999,BEGUMPET AIRPORT / HYDERABAD INTL,17.452,78.461,15.68
LPJ,Lalpur Jam,22.194537580600002,69.9524202618,42830099999,PORBANDAR,21.65,69.667,67.33
LR,Ladpura,26.504385,74.728726,42343099999,AJMER,26.45,74.617,12.66
LRD,Lar Road,26.21389,83.91018299999999,42379099999,GORAKHPUR,26.74,83.45,74.3
LRI,Lihuri,18.913242,83.849833,43105099999,KALINGAPATAM,18.333,84.133,71.09
LRJ,Laksar,29.754037999999998,78.019628,42143099999,NAJIBABAD,29.617,78.383,38.27
LRU,Lalpur Umri,26.429998,76.680536,42456099999,SHEOPUR,25.667,76.683,84.84
LS,Lasalgaon,20.154847999999998,74.22597599999999,42920099999,OZAR AIR FORCE STATION /NASHIK ARPT,20.119,73.914,32.81
LSD,Lusadiya,23.685409999999997,73.421111,42654099999,GANDHINAGAR,23.233,72.717,87.69
LSI,Laheria Sarai,26.110633,85.903825,42391099999,DARBHANGA,26.167,85.9,6.28
LSR,Lasur,19.926081,75.01148900000001,43014099999,AURANGABAD,19.863,75.398,41.02
LSX,Loisingha,20.852667,83.514083,42961099999,TITLAGARH,20.3,83.3,65.37
LTA,Lamta,22.1390377316,80.1244293225,42776099999,MANDLA,22.583,80.367,55.31
LTD,Lathidad,22.090056,71.702802,42080199999,BHAVNAGAR,21.752,72.185,62.35
LTHR,Latehar,23.725092,84.46812,42587099999,DALTONGANJ,24.05,84.067,54.48
LTR,Lakhtar,22.873403,71.77672700000001,42740099999,SURENDRANAGAR,22.733,71.6,23.91
LTRR,Latur Road,18.506494,76.845289,43076099999,UDGIR,18.067,77.117,56.67
LTT,Lokmanyatilak,19.070320000000002,72.89173899999999,43003099999,CHHATRAPATI SHIVAJI MAHARAJ INTL,19.089,72.868,3.25
LUNI,Luni,26.001255999999998,73.003175,42339099999,JODHPUR,26.251,73.049,28.14
LUR,Latur,18.429166,76.55604899999999,43076099999,UDGIR,18.067,77.117,71.63
LUSA,Lusa,24.876545999999998,82.843318,42483099999,VARANASI,25.3,83.017,50.23
LW,Lorwada,24.217193,72.08968,42539099999,DEESA,24.2,72.2,11.35
LWR,Alnavar,15.424244,74.738116,43200099999,DHARWAD,15.483,74.983,27.05
LWS,Lukwasa,25.110195,77.590102,42459099999,SHIVPURI,25.333,77.65,25.5
LXA,Lakswa,27.004637018300002,94.8439823962,42314099999,DIBRUGARH,27.484,95.017,55.98
LXD,Lakshannath Rd,21.842011,87.25095300000001,42901099999,DIGHA,21.617,87.5,35.89
LYD,Layabad,23.773417,86.351907,42705099999,PURULIA,23.333,86.417,49.42
MA,Madha,18.029712,75.546507,43071099999,JEUR,18.2,75.2,41.23
MAAR,Malhar,27.2041163361,72.37553642820001,42237099999,PHALODI,27.133,72.367,7.95
MABA,Mandi Bamora,24.054032,78.08243700000001,42671099999,SAGAR,23.85,78.75,71.53
MABD,Mahbubabad,17.597561,79.999792,43137099999,KHAMMAM,17.25,80.15,41.8
MABN,Maban,24.641196,77.371542,42559099999,GUNA,24.65,77.317,5.6
MACR,Manguli Chowdwar,20.529594,85.943313,42970099999,CUTTACK,20.467,85.933,7.04
MAD,Maddur,12.604742,77.049522,43289099999,MANDYA,12.5,76.833,26.23
MADR,Madure,15.812975,73.80896700000001,43193099999,VENGURLA,15.867,73.633,19.76
MAG,Mangalagiri,16.438256,80.564992,43181099999,VIJAYAWADA,16.53,80.797,26.76
MAHE,Mahe,11.699226999999999,75.546967,43315099999,CANNUR,11.833,75.333,27.64
MAI,Mehsi,26.354898000000002,85.096319,42383099999,MOTIHARI,26.667,84.917,39.02
MAJN,Mangalore Junction,12.866193,74.88006,43284099999,MANGALORE,12.961,74.89,10.6
MAKM,Mararikulam,9.597994,76.31801800000001,43352099999,ALAPUZHA,9.55,76.417,12.09
MAKR,Malkheri,24.169924,78.223009,42671099999,SAGAR,23.85,78.75,64.27
MALB,Maliya Miyana,23.103166868099997,70.75488469119999,42639099999,NEW KANDLA,23.0,70.217,56.22
MALK,Malkapur Road,21.904426,77.967468,42860099999,BETUL,21.867,77.933,5.47
MALM,Manthralayam Rd,15.949035,77.299196,43169099999,RAICHUR,16.2,77.35,28.43
MAM,Mangal Mahudi,22.83578,74.058492,42661099999,RATLAM,23.317,75.05,114.68
MAN,Maninagar,23.000142,72.610413,42647099999,AHMEDABAD / SARDAR VALLABHBHAI PATEL INTL,23.077,72.635,8.91
MANA,Mana,20.761491,77.469063,42937099999,AMRAOTI,20.933,77.783,37.79
MANE,Maneswar,21.411344,84.04398800000001,42883099999,SAMBALPUR,21.467,83.967,10.09
MANK,Manki,14.1744388792,74.4932361584,43229099999,SHIRALI,14.067,74.533,12.69
MANU,Manu,23.9881925448,91.9989317505,42618099999,KAILASHAHAR,24.317,92.0,36.56
MAO,Madgaon Junction,15.267911000000002,73.97072399999999,43194099999,GOA INTL,15.381,73.831,19.56
MAP,Morappur,12.124073000000001,78.393874,43301099999,DHARMAPURI,12.133,78.033,39.24
MAQ,Mangalore Central,12.862325,74.844068,43285099999,MANGALORE/PANAMBUR,12.95,74.833,9.82
MAR,Mulanur,12.661484999999999,78.40638899999999,43302099999,TIRUPPATTUR,12.483,78.567,26.41
MAS,Puratchi Thalaivar Dr Mgr Ctl,13.0847613,80.27485630000001,43278099999,NUMGAMBAKKAM,13.067,80.2,8.34
MAU,Mau,25.93948,83.564347,42482099999,GHAZIPUR,25.4,83.55,60.0
MAUR,Maur,30.062745999999997,75.22772,42131099999,HISAR,29.179,75.755,110.7
MAY,Mariahu,25.597006,82.598166,42479099999,LAL BAHADUR SHASTRI VARANASI INTL,25.45,82.867,31.54
MAYR,Mayar,29.100107,75.86074699999999,42131099999,HISAR,29.179,75.755,13.51
MB,Moradabad,28.831621000000002,78.765801,42187099999,MORADABAD,28.833,78.75,1.55
MBA,Mahoba,25.306914,79.849079,42567099999,KHAJURAHO,24.983,79.917,36.66
MBB,Murshidabad,24.176963999999998,88.281598,42603099999,BERHAMPORE,24.133,88.267,5.11
MBG,Maibang,25.30497,93.13537099999999,42522099999,HAFLONG,25.167,93.017,19.42
MBI,Madhubani,26.348165,86.076784,42391099999,DARBHANGA,26.167,85.9,26.77
MBM,Mambalam,13.038154,80.228164,43278099999,NUMGAMBAKKAM,13.067,80.2,4.43
MBNL,Marwar Bhinmal,25.000632999999997,72.275398,42540099999,MOUNT ABU,24.6,72.717,63.02
MBNR,Mahbubnagar,16.757768,77.999429,43168099999,MAHABUBNAGAR,16.75,78.0,0.87
MBP,Mohibullapur,26.909235,80.938923,42369099999,LUCKNOW / CHAUDHARY CHARAN SINGH INTL,26.761,80.889,17.21
MBS,Madhosingh,25.249931,82.552278,42479099999,LAL BAHADUR SHASTRI VARANASI INTL,25.45,82.867,38.67
MBT,Marwar Bithri,27.099589,72.290171,42237099999,PHALODI,27.133,72.367,8.46
MBY,Mandi Dabwali,29.966227,74.700155,42123099999,GANGANAGAR,29.917,73.917,75.66
MCA,Mecheda,22.414105,87.85883,42805099999,ULUBERIA,22.5,87.95,13.38
MCI,Mancheral,18.878745000000002,79.448848,43086099999,RAMGUNDAM,18.767,79.433,12.54
MCN,Mukundarayapurm,12.977678,79.289067,43303099999,VELLORE,12.917,79.15,16.51
MCQ,Mirchadhori,24.291847,82.793413,42577099999,SIDHI,24.417,81.867,94.87
MCS,Mancheswar,20.321861,85.84486600000001,42971099999,BHUBANESHWAR / BIJU PATNAIK INTL,20.244,85.818,9.1
MCU,Mulacalacheruvu,13.802188000000001,78.26482899999999,43271099999,AROGYAVARAM,13.533,78.5,39.26
MCVM,Machavaram,16.025343,80.54154100000001,43220099999,BAPATLA,15.9,80.467,16.05
MDB,Mandor,26.350708,73.042126,42339099999,JODHPUR,26.251,73.049,11.11
MDCR,Masaudhi Court Halt,25.366289184800003,85.0439060474,42492099999,JAI PRAKASH NARAYAN INTL PATNA,25.591,85.088,25.38
MDDP,Mandi Dip,23.093747,77.511077,42667099999,BHOPAL / RAJA BHOJ,23.287,77.337,27.9
MDE,Makhdumpur Gaya,25.077130999999998,84.979105,42591099999,GAYA,24.744,84.951,37.15
MDF,Muradi,23.593092000000002,86.80929,42706099999,BANKURA,23.383,87.083,36.4
MDGR,Manendragarh,23.219746999999998,82.197734,42779099999,PENDRA ROAD,22.767,81.9,58.85
MDJ,Muhammadganj,24.42644,83.869978,42587099999,DALTONGANJ,24.05,84.067,46.38
MDJN,Madar,26.464294,74.686507,42343099999,AJMER,26.45,74.617,7.1
MDKD,Madhukunda,23.626630000000002,86.869091,42706099999,BANKURA,23.383,87.083,34.78
MDKU,Modukuru,16.124988000000002,80.58380799999999,43220099999,BAPATLA,15.9,80.467,27.96
MDL,Mandal,25.439631738299997,74.59395891049999,42447099999,BHILWARA,25.35,74.633,10.71
MDLE,Mandar Hill,24.8060780645,87.02615830570001,42499099999,SABAUR,25.233,87.067,47.65
MDLL,Muddalingahalli,13.2391442032,77.3047403595,43295099999,BANGALORE,12.967,77.583,42.71
MDN,Midnapore,22.42498,87.307379,42803099999,MIDNAPORE,22.417,87.317,1.33
MDNR,Modinagar,28.827907,77.571716,42139099999,MEERUT,29.017,77.717,25.34
MDP,Madhupur,24.270633,86.642183,42599099999,DUMKA,24.267,87.25,61.61
MDPR,Modpur,22.2625878623,69.81170376339999,42830099999,PORBANDAR,21.65,69.667,69.73
MDR,Madhira,16.921826,80.366849,43182099999,NANDIGAMA,16.783,80.283,17.83
MDRR,Madhavnagar Road,23.7866102083,80.3948243298,42679099999,UMARIA,23.533,80.883,57.16
MDS,Mandasor,24.075937000000003,75.07634300000001,42661099999,RATLAM,23.317,75.05,84.43
MDT,Madarihat,26.694551388,89.274559021,42403099999,COOCH BEHAR,26.333,89.467,44.53
MDU,Madurai,9.919907,78.11031399999999,43359099999,MADURAI,9.917,78.117,0.8
MDUN,Madhranagar,16.5253522399,80.6476081836,43181099999,VIJAYAWADA,16.53,80.797,15.93
MDVK,Mahadeokhedi,24.217392,78.193689,42671099999,SAGAR,23.85,78.75,69.72
MDVL,Mandavalli,16.518809308199998,81.1607440393,43185099999,MACHILIPATNAM/FRANCHPET,16.2,81.15,35.47
MDW,Marwar Mundwa,27.063606,73.815965,42343099999,AJMER,26.45,74.617,104.79
ME,Masaipet,17.8805365542,78.4669570667,43083099999,MEDAK,18.05,78.267,28.33
MED,Medchal,17.639335,78.474557,43128099999,BEGUMPET AIRPORT / HYDERABAD INTL,17.452,78.461,20.88
MEE,Methai,25.907006000000003,86.72458900000001,42393099999,SUPAUL,26.133,86.583,28.84
MEJ,Maniyachchi,8.882102999999999,77.890651,43376099999,PALAYANKOTTAI,8.733,77.75,22.67
MEM,Mau Aimma,25.698324,81.91377,42475099999,ALLAHABAD ARPT,25.44,81.734,33.92
MEP,Mahidpur Road,23.567509,75.500338,42662099999,UJJAIN,23.183,75.783,51.58
MEQ,Malethu Kanak,26.60377,82.124891,42374099999,AYODHA,26.748,82.163,16.48
MER,Metpanjra,21.26917,78.65915899999999,42867099999,DR BABA SAHEB AMBEDKAR INTL,21.092,79.047,44.78
MET,Malerkotla,30.529403,75.87169200000001,42099099999,LUDHIANA,30.867,75.933,37.99
MEW,Marhaura,25.969081,84.850984,42488099999,CHAPRA,25.783,84.733,23.82
MEX,Mukerian,31.941873,75.61183799999999,42062099999,DHARMSALA,32.267,76.383,81.14
MFB,Mustafabad,30.181009,77.123303,42103099999,AMBALA,30.383,76.767,40.93
MFJ,Muftiganj,25.700913,82.827774,42479099999,LAL BAHADUR SHASTRI VARANASI INTL,25.45,82.867,28.18
MFKA,Musafir Khana,26.379585,81.79981699999999,42372099999,FURSATGANJ AIRPORT,26.25,81.383,43.97
MFL,Misrauli,26.114370421700002,81.84839619259999,42372099999,FURSATGANJ AIRPORT,26.25,81.383,48.83
MFP,Muzaffarpur,26.122311,85.378006,42387099999,MUZAFFARPUR,26.117,85.4,2.27
MFQ,Mahroi,23.951414,80.919501,42679099999,UMARIA,23.533,80.883,46.67
MFX,Madaraha,25.273637,81.764284,42475099999,ALLAHABAD ARPT,25.44,81.734,18.75
MGAE,Morgram,24.304919,88.018413,42603099999,BERHAMPORE,24.133,88.267,31.64
MGB,Mudigubba,14.349934000000001,77.994996,43237099999,PBO ANANTAPUR,14.583,77.633,46.81
MGD,Mugad,15.46241,74.915401,43200099999,DHARWAD,15.483,74.983,7.6
MGE,Migrendisa,25.171242,93.06155700000001,42522099999,HAFLONG,25.167,93.017,4.51
MGKM,Mungiakami,23.8838302513,91.7101089758,41915099999,SRIMANGAL,24.3,91.733,46.33
MGL,Mugalalli Halt,16.223191,75.74938300000001,43161099999,BIJAPUR,16.817,75.717,66.12
MGLE,Manigram,24.3428549076,88.107881626,42603099999,BERHAMPORE,24.133,88.267,28.37
MGLP,Mangolpuri,28.6832457826,77.0905744531,42181099999,INDIRA GANDHI INTL,28.567,77.103,12.98
MGM,Muragacha,23.529636,88.421243,42711099999,KRISHNANAGAR,23.4,88.517,17.41
MGME,Mccluskieganj,23.651781,84.940855,42701099999,BIRSA MUNDA,23.314,85.322,54.05
MGN,Meghnagar,22.907459,74.539834,42661099999,RATLAM,23.317,75.05,69.25
MGRD,Magardoh,22.248104,77.894738,42860099999,BETUL,21.867,77.933,42.56
MGRR,Magarpur,25.322705000000003,78.858785,42463099999,JHANSI,25.491,78.558,35.54
MGW,Magarwara,26.523705,80.428892,42367099999,KANPUR CHAKERI,26.404,80.41,13.44
MHAD,Mohadi Prgn Lng,20.863002,74.77978399999999,42925099999,MALEGAON,20.55,74.533,43.25
MHBT,Mahbub Nagar Town Ha,16.742879000000002,77.982649,43168099999,MAHABUBNAGAR,16.75,78.0,2.01
MHC,Masrakh,26.1022287466,84.8085433154,42488099999,CHAPRA,25.783,84.733,36.29
MHD,Mahemadavad Kheda Road,22.819556000000002,72.752481,42647099999,AHMEDABAD / SARDAR VALLABHBHAI PATEL INTL,23.077,72.635,31.05
MHDB,Mahadia Ph,20.750947,85.475883,42969099999,ANGUL,20.833,85.1,40.13
MHH,Maghar,26.750013,83.133741,42379099999,GORAKHPUR,26.74,83.45,31.42
MHI,Manihari,25.343215469,87.6197250085,42500099999,PURNEA,25.267,87.467,17.54
MHJ,Mahajan,28.793007,73.85366599999999,42165099999,BIKANER,28.0,73.3,103.48
MHPR,Mahiyarpur,25.411453041399998,87.613385199,42500099999,PURNEA,25.267,87.467,21.78
MHQ,Mohuda,23.747481,86.27078300000001,42705099999,PURULIA,23.333,86.417,48.44
MHRG,Mahendragarh,28.281433000000003,76.14863000000001,42177099999,NARNAUL,28.0,76.083,31.95
MHRN,Mahendranath,26.000739,84.509909,42488099999,CHAPRA,25.783,84.733,32.93
MHT,Manjhi F,25.828485,84.58475899999999,42488099999,CHAPRA,25.783,84.733,15.68
MHU,Manheru,28.701227,76.203117,42176099999,ROHTAK,28.833,76.583,39.82
MHUL,Mehuwala Halt,29.411154,75.31496800000001,42131099999,HISAR,29.179,75.755,49.87
MHUR,Mohanpur,24.488460999999997,86.78564800000001,42599099999,DUMKA,24.267,87.25,53.09
MHV,Mahuva,21.09412,71.756011,42837099999,MAHUVA,21.083,71.783,3.06
MIA,Mania,26.805806,77.91964999999999,42354099999,DHOLPUR,26.667,77.833,17.67
MID,Madhi,21.145672,73.24268000000001,42840099999,SURAT,21.2,72.833,42.91
MIH,Mihrawan,25.871178,82.694333,42479099999,LAL BAHADUR SHASTRI VARANASI INTL,25.45,82.867,49.93
MIK,Manikul,22.919528,86.066359,42798099999,JAMSHEDPUR,22.813,86.169,15.84
MIL,Milak,28.612475,79.16411699999999,42189099999,BAREILLY,28.422,79.451,35.13
MIM,Maniram,26.838267,83.342407,42379099999,GORAKHPUR,26.74,83.45,15.28
MINA,Miyana,24.85653,77.472164,42559099999,GUNA,24.65,77.317,27.8
MINJ,Maikalganj,27.7175372166,80.3378219061,42271099999,HARDOI,27.383,80.167,40.83
MIPM,Marri Palem Halt,17.7363,83.252629,43149099999,VISHAKHAPATNAM CTLZ,17.717,83.217,4.34
MIQ,Mirhakur,27.151203539700003,77.8660122473,42260099999,AGRA,27.156,77.961,9.41
MITA,Mitha,24.082494,71.672422,42539099999,DEESA,24.2,72.2,55.1
MIU,Maripat,28.586886,77.495428,42182099999,SAFDARJUNG,28.585,77.206,28.26
MJ,Marwar,25.720478999999997,73.609301,42339099999,JODHPUR,26.251,73.049,81.34
MJA,Meja Road,25.221545,82.089337,42475099999,ALLAHABAD ARPT,25.44,81.734,43.19
MJBK,Manjari Budruk,18.512039,73.971424,43063099999,PUNE,18.533,73.85,13.01
MJBT,Majbat,26.784587,92.287814,42413099999,MAJBAT,26.75,92.35,7.27
MJF,Malkajgiri,17.448392000000002,78.529606,43128099999,BEGUMPET AIRPORT / HYDERABAD INTL,17.452,78.461,7.29
MJG,Majhagawan,24.913389000000002,80.811656,42571099999,SATNA,24.567,80.833,38.58
MJHR,Majhiari,25.1789843066,81.5188330261,42475099999,ALLAHABAD ARPT,25.44,81.734,36.2
MJL,Majhowalia,26.802772,84.619139,42383099999,MOTIHARI,26.667,84.917,33.21
MJN,Makum,27.485742,95.440958,42314099999,DIBRUGARH,27.484,95.017,41.82
MJNL,Majri Nangal,28.011996999999997,76.554869,42177099999,NARNAUL,28.0,76.083,46.34
MJO,Majorda Junction,15.314045,73.922408,43194099999,GOA INTL,15.381,73.831,12.31
MJP,Moharajpur,25.219587,87.74030800000001,42500099999,PURNEA,25.267,87.467,27.99
MJRI,Majri,20.139283,79.043522,43029099999,CHANDRAPUR,19.967,79.3,32.93
MJS,Manjeshwar,12.724197,74.887582,43285099999,MANGALORE/PANAMBUR,12.95,74.833,25.8
MJY,Maramjhiri,21.946123,77.883002,42860099999,BETUL,21.867,77.933,10.2
MJZ,Majhola Pakarya,28.831681000000003,79.899341,42148099999,PANTNAGAR,29.033,79.467,47.66
MKA,Mokama,25.391885,85.91304899999999,42492099999,JAI PRAKASH NARAYAN INTL PATNA,25.591,85.088,85.72
MKB,Mankatha,25.207216,86.056352,42498099999,BHAGALPUR,25.233,86.95,89.94
MKBH,Manwala Kot Bak,30.040498999999997,74.95205,42123099999,GANGANAGAR,29.917,73.917,100.64
MKC,Maksi Junction,23.251625,76.159116,42662099999,UJJAIN,23.183,75.783,39.19
MKD,Markundi,25.017393,80.947114,42571099999,SATNA,24.567,80.833,51.39
MKDD,Mukundwadi Halt,19.859544,75.367553,43014099999,AURANGABAD,19.863,75.398,3.21
MKDN,Markadhana,22.11073,78.501566,42767099999,PACHMARHI,22.467,78.433,40.24
MKH,Malakhera,27.390236,76.618982,42255099999,ALWAR,27.5,76.583,12.71
MKHR,Marwar Khara,27.060569440800002,72.1300715057,42237099999,PHALODI,27.133,72.367,24.8
MKN,Makrana,27.037532,74.72314899999999,42343099999,AJMER,26.45,74.617,66.18
MKO,Markona,21.195555,86.596117,42973099999,CHANDBALI,20.783,86.733,48.02
MKP,Manikpur,25.063492,81.09365700000001,42571099999,SATNA,24.567,80.833,61.16
MKPR,Muktapur,25.884676,85.79556,42391099999,DARBHANGA,26.167,85.9,33.08
MKPT,Malikpeth,17.899981999999998,75.608752,43117099999,SOLAPUR,17.628,75.935,45.91
MKR,Maddikera,15.256635000000001,77.411496,43237099999,PBO ANANTAPUR,14.583,77.633,78.59
MKRD,Machhakunda,18.566875,82.666955,43097099999,KORAPUT,18.817,82.717,28.31
MKRN,Makronia,23.867050000000003,78.80807700000001,42671099999,SAGAR,23.85,78.75,6.2
MKS,Muktsar,30.47821,74.514271,42123099999,GANGANAGAR,29.917,73.917,84.79
MKSR,Mokalsar,25.625350216,72.5180445245,42441099999,ERINPURA /JAWAI DAM SITE,25.083,73.083,82.82
MKU,Malkapur,20.891974,76.202946,42931099999,BULDANA,20.533,76.233,40.04
MKX,Morak,24.730953,75.97333900000001,42452099999,KOTA,25.16,75.846,49.41
MKZ,Mahkepar Road Ph,21.632916,79.67892,42771099999,SEONI,22.083,79.55,51.79
ML,Malhour,26.8534491635,81.0404752448,42369099999,LUCKNOW / CHAUDHARY CHARAN SINGH INTL,26.761,80.889,18.21
MLAR,Malanpur,26.413117999999997,78.27281099999999,42361099999,GWALIOR,26.293,78.228,14.08
MLC,Malkisar,28.654232,73.862645,42165099999,BIKANER,28.0,73.3,91.24
MLD,Malihabad,26.930598,80.71503200000001,42369099999,LUCKNOW / CHAUDHARY CHARAN SINGH INTL,26.761,80.889,25.56
MLDT,Malda Town,25.015659,88.130338,42503099999,MALDA,25.033,88.133,1.95
MLG,Malhargarh,24.265618,74.972666,42546099999,CHITTORGARH,24.883,74.633,76.76
MLGH,Mandal Garh,25.194176,75.08094,42447099999,BHILWARA,25.35,74.633,48.26
MLHA,Maliya Hatina,21.15957,70.29970100000001,42832099999,KESHOD,21.317,70.317,17.6
MLI,Mangaliyawas,26.278197000000002,74.492705,42343099999,AJMER,26.45,74.617,22.77
MLK,Malkapuram,15.368943999999999,77.96755599999999,43213099999,KURNOOL,15.8,78.067,49.1
MLKA,Maluka,22.202912,85.672936,42795099999,CHAIBASA,22.55,85.817,41.34
MLM,Malthan,18.3689511683,74.7243673877,43069099999,BARAMATI,18.15,74.583,28.56
MLMR,Melmaruvathur,12.429554,79.83380100000001,43331099999,M.O. PONDICHERRY,11.967,79.817,51.47
MLN,Mailani,28.284349000000002,80.347318,44409099999,DHANGADHI (ATARIYA),28.8,80.55,60.66
MLO,Malur,12.992108,77.940033,43272099999,CHINTAMANI,13.2,78.067,26.9
MLP,Mallapur,15.672447,75.610219,43201099999,GADAG,15.417,75.633,28.51
MLPR,Malipur,26.281482,82.63130000000001,42279099999,BASTI,26.8,82.733,58.54
MLQ,Malkera,23.779733,86.29694900000001,42705099999,PURULIA,23.333,86.417,51.16
MLSA,Mallasandra,13.335173,77.015018,43295099999,BANGALORE,12.967,77.583,73.88
MLT,Malatipatpur,19.865258,85.83177,43053099999,PURI,19.8,85.817,7.42
MLTR,Melattur,11.06543,76.272805,43316099999,NILAMBUR,11.283,76.233,24.58
MLV,Mallarpur,24.080029,87.726275,42708099999,SHANTI NIKETAN,23.65,87.7,47.89
MLX,Mullanpur,30.83811,75.66501600000001,42099099999,LUDHIANA,30.867,75.933,25.78
MLY,Maula Ali,17.44041,78.55054100000001,43128099999,BEGUMPET AIRPORT / HYDERABAD INTL,17.452,78.461,9.59
MLZ,Malarna,26.231078,76.534634,42456099999,SHEOPUR,25.667,76.683,64.45
MMA,Muhammadabad,26.026235,83.376007,42482099999,GHAZIPUR,25.4,83.55,71.78
MMB,Mahmudabad Avdh,27.288294999999998,81.114404,42273099999,BAHRAICH,27.567,81.6,57.07
MMC,Mahamandir,26.3087448868,73.037935174,42339099999,JODHPUR,26.251,73.049,6.52
MMH,Mahadanapuram,10.953711,78.299178,43342099999,K. PARAMATHY,10.95,78.083,23.6
MMK,Madurantakam,12.50442,79.89308700000001,43331099999,M.O. PONDICHERRY,11.967,79.817,60.33
MMKB,Memra Memrakhabad Halt,25.472507999999998,85.82685199999999,42492099999,JAI PRAKASH NARAYAN INTL PATNA,25.591,85.088,75.3
MML,Madan Mahal,23.159475,79.920425,42675099999,JABALPUR,23.178,80.052,13.61
MMM,Mandapam,9.280516,79.157354,43363099999,PAMBAN,9.283,79.217,6.55
MMP,Mambalappattu,11.95223333,79.37390499,43329099999,CUDDALORE,11.767,79.767,47.48
MMPL,Mantapampalle,14.321639000000001,79.078603,43241099999,CUDDAPAH,14.483,78.833,31.96
MMR,Manmad,20.249887,74.438305,42925099999,MALEGAON,20.55,74.533,34.8
MMS,Mandasa Road,18.840628000000002,84.494113,43049099999,GOPALPUR,19.267,84.883,62.6
MMV,Mahali Marup,22.757135,85.879316,42795099999,CHAIBASA,22.55,85.817,23.9
MMVR,Murga Mahadev Road,22.06048608,85.46586180999999,42891099999,KEONGJHARGARH,21.617,85.517,49.6
MMY,Marwar Mathaniya,26.532173,72.978778,42339099999,JODHPUR,26.251,73.049,32.04
MMZ,Mandamari,18.971272,79.47014800000001,43086099999,RAMGUNDAM,18.767,79.433,23.05
MNAE,Mankar,23.420373,87.555822,42708099999,SHANTI NIKETAN,23.65,87.7,29.46
MNC,Madankata,24.140881,86.70195,42599099999,DUMKA,24.267,87.25,57.33
MNCR,Monacherra,24.611951,92.550058,42619099999,SILCHAR,24.75,92.8,29.55
MND,Munderwa,26.776435,82.903373,42279099999,BASTI,26.8,82.733,17.11
MNDH,Mandir Hasaud,21.226191999999998,81.772807,42875099999,SWAMI VIVEKANANDA,21.183,81.733,6.33
MNDR,Mandi Dhanaura,28.953119,78.26149799999999,42187099999,MORADABAD,28.833,78.75,49.4
MNE,Mansi,25.509398,86.554446,42498099999,BHAGALPUR,25.233,86.95,50.24
MNF,Manda Road,25.162718,82.236678,42475099999,ALLAHABAD ARPT,25.44,81.734,59.2
MNGD,Muniguda,19.62753,83.488343,43042099999,BHAWANIPATNA,19.917,83.183,45.35
MNI,Mangaon,18.247286000000003,73.275679,43109099999,HARNAI,17.817,73.1,51.32
MNJ,Manoharganj,25.524992,81.55907499999999,42475099999,ALLAHABAD ARPT,25.44,81.734,19.94
MNJR,Manjhlepur,25.994578,81.178625,42372099999,FURSATGANJ AIRPORT,26.25,81.383,34.97
MNL,Minchnal,16.971395,75.822432,43161099999,BIJAPUR,16.817,75.717,20.51
MNM,Manamadurai,9.681538999999999,78.45351,43360099999,MADURAI,9.835,78.093,43.03
MNO,Mehnar Road,25.654307800700003,85.504477691,42492099999,JAI PRAKASH NARAYAN INTL PATNA,25.591,85.088,42.35
MNP,Mananpur,25.1049319287,86.15540512449999,42498099999,BHAGALPUR,25.233,86.95,81.22
MNQ,Mainpuri,27.216507,79.034774,42364099999,ETAWAH,26.921,79.062,32.97
MNS,Manshahi,25.4756828749,87.5881226697,42500099999,PURNEA,25.267,87.467,26.2
MNSR,Manaksar,29.680074,74.383621,42123099999,GANGANAGAR,29.917,73.917,52.17
MNTT,Mulanturutti,9.901576,76.389673,43353099999,COCHIN,9.946,76.272,13.8
MNV,Mungaoli,24.402175,78.11099,42562099999,TIKAMGARH,24.767,78.833,83.52
MO,Mohol,17.805205,75.675995,43117099999,SOLAPUR,17.628,75.935,33.78
MOA,Manopad,15.994114,77.941968,43213099999,KURNOOL,15.8,78.067,25.39
MOAR,Monipur Bagan,24.400845,92.54072000000001,42619099999,SILCHAR,24.75,92.8,46.85
MOB,Manoharabad,17.75573,78.45439599999999,43128099999,BEGUMPET AIRPORT / HYDERABAD INTL,17.452,78.461,33.78
MOBD,Moabund,26.66857,94.071748,42423199999,JORHAT,26.732,94.176,12.53
MOF,Mondh,25.427572,82.48463699999999,42479099999,LAL BAHADUR SHASTRI VARANASI INTL,25.45,82.867,38.48
MOG,Mohiuddinnagar,25.606296391399997,85.70332322690001,42492099999,JAI PRAKASH NARAYAN INTL PATNA,25.591,85.088,61.73
MOGA,Moga,30.817296,75.16846699999999,42099099999,LUDHIANA,30.867,75.933,73.2
MOJ,Mohana,25.980207999999998,77.83395499999999,42361099999,GWALIOR,26.293,78.228,52.51
MOL,Muli Road,22.676562,71.43486,42740099999,SURENDRANAGAR,22.733,71.6,18.06
MOMU,Molakalmuru,14.709669,76.74572699999999,43233099999,CHITRADURGA,14.233,76.433,62.79
MON,Modran,25.187428,72.447631,42441099999,ERINPURA /JAWAI DAM SITE,25.083,73.083,65.01
MONJ,Monglajhora,26.259236,89.963309,42404099999,DHUBRI,26.017,89.983,27.01
MOO,Muddanuru,14.688415,78.395393,43241099999,CUDDAPAH,14.483,78.833,52.34
MOPR,Mohanpura,29.992445,73.845031,42123099999,GANGANAGAR,29.917,73.917,10.88
MOR,Mor,25.43034549,85.8567601593,42492099999,JAI PRAKASH NARAYAN INTL PATNA,25.591,85.088,79.19
MOT,Malout,30.184671,74.49550799999999,42123099999,GANGANAGAR,29.917,73.917,63.14
MOTC,Motichur,29.981150000000003,78.177678,42111099999,DEHRADUN,30.317,78.033,39.85
MOTH,Moth,25.74157,78.948673,42463099999,JHANSI,25.491,78.558,48.07
MOU,Manoharpur,22.373359,85.196894,42793099999,ROURKELA,22.217,84.883,36.68
MOZ,Muzaffarnagar,29.468689,77.707807,42139099999,MEERUT,29.017,77.717,50.23
MPA,Manaparai,10.6075620105,78.4177652356,43345099999,KUDIMIAMALAI,10.4,78.667,35.71
MPI,Melpatti,12.859507,78.797049,43303099999,VELLORE,12.917,79.15,38.79
MPJ,Madanpur,23.005927999999997,88.489717,42714099999,BAGATI,22.983,88.367,12.82
MPL,Madanapalle Rd,13.644442,78.55442400000001,43271099999,AROGYAVARAM,13.533,78.5,13.72
MPR,Makar Pura,22.232706,73.175422,42744099999,VALLABH VIDYANAGAR,22.567,72.933,44.75
MPT,Mangalampeta,13.568344,79.074022,43275099999,TIRUPATHI,13.667,79.583,56.09
MPU,Medapadu,17.005091,82.096133,43189099999,KAKINADA,16.95,82.233,15.79
MPY,Murarpur,25.232759,86.886908,42498099999,BHAGALPUR,25.233,86.95,6.35
MQ,Mannargudi,10.674541000000001,79.455639,43330099999,THANJAVUR,10.783,79.133,37.25
MQC,Mundka,28.6884911989,77.0285688654,42181099999,INDIRA GANDHI INTL,28.567,77.103,15.34
MQL,Mirkhal,19.2036411097,76.9150573724,43017099999,PARBHANI,19.133,76.833,11.66
MQN,Manyamkonda,16.683425,77.904883,43168099999,MAHABUBNAGAR,16.75,78.0,12.55
MQO,Munroturuttu,8.9949977685,76.6119083966,43354099999,PUNALUR,9.0,76.917,33.51
MQR,Malkhaid Road,17.147112,77.17396099999999,43121099999,GULBARGA,17.35,76.85,41.14
MQS,Malsian Shahkht,31.110293,75.354756,42099099999,LUDHIANA,30.867,75.933,61.4
MQU,Murukkampuzha,8.613629999999999,76.830245,43372099999,THIRUVANANTHAPURAM INTL,8.482,76.92,17.65
MRA,Morena,26.500504,78.003442,42354099999,DHOLPUR,26.667,77.833,25.1
MRB,Munirabad,15.308524,76.335537,43201099999,GADAG,15.417,75.633,76.29
MRBL,Muribahal,20.385885000000002,83.016704,42961099999,TITLAGARH,20.3,83.3,31.04
MRDL,Meramandoli,20.802387,85.30494300000001,42969099999,ANGUL,20.833,85.1,21.57
MRDW,Murdeshwar,14.100277,74.50524700000001,43229099999,SHIRALI,14.067,74.533,4.76
MRE,Manauri,25.470171,81.662491,42475099999,ALLAHABAD ARPT,25.44,81.734,7.92
MRF,Marpalli,17.54542,77.771485,43125099999,BIDAR,17.917,77.533,48.43
MRG,Margherita,27.289315000000002,95.6726,42314099999,DIBRUGARH,27.484,95.017,68.25
MRGA,Miryalaguda,16.860392,79.533503,43133099999,NALGONDA,17.0,79.25,33.92
MRHA,Murahara,24.9133804384,86.9345261145,42498099999,BHAGALPUR,25.233,86.95,35.57
MRHT,Moranhat,27.1829782,94.9193076,42314099999,DIBRUGARH,27.484,95.017,34.84
MRIJ,Murliganj,25.888506,87.000446,42393099999,SUPAUL,26.133,86.583,49.79
MRJ,Miraj,16.819946,74.638839,43158099999,SANGLI,16.85,74.6,5.32
MRK,Markapur Road,15.714678,79.301115,43221099999,ONGOLE,15.5,80.083,87.07
MRL,Maroli,21.019949,72.88999799999999,42840099999,SURAT,21.2,72.833,20.88
MRM,Mamanduru,13.745895,79.458115,43275099999,TIRUPATHI,13.667,79.583,16.09
MRN,Morwani,23.2764855209,74.9779687335,42661099999,RATLAM,23.317,75.05,8.63
MRND,Morinda,30.791519,76.502461,42705299999,CHANDIGARH,30.673,76.789,30.39
MROA,Mora,27.516762,77.612747,42257099999,MATHURA,27.5,77.683,7.17
MRPR,Mau Ranipur,25.261270999999997,79.136793,42467099999,NOWGONG,25.067,79.45,38.21
MRR,Murarai,24.440886,87.85865299999999,42603099999,BERHAMPORE,24.133,88.267,53.71
MRSH,Morshi,21.326057,77.995446,42937099999,AMRAOTI,20.933,77.783,48.95
MRT,Mathura Cant,27.491013,77.685113,42257099999,MATHURA,27.5,77.683,1.02
MRTL,Mirthal,32.112895,75.608482,42062099999,DHARMSALA,32.267,76.383,74.87
MRZA,Mirza,26.0727512878,91.51740114900001,42410099999,GUWAHATI INTL / LOKPRIYA GOPINATH BORDOLOI INTL,26.106,91.586,7.78
MS,Chennai Egmore,13.077677999999999,80.260193,43278099999,NUMGAMBAKKAM,13.067,80.2,6.63
MSDG,Mhasoba Dongargaon,17.265553999999998,75.136269,43158099999,SANGLI,16.85,74.6,73.38
MSDN,Masudan,25.2352713892,86.3578830731,42498099999,BHAGALPUR,25.233,86.95,59.56
MSH,Mahesana,23.602623,72.388708,42654099999,GANDHINAGAR,23.233,72.717,53.02
MSK,Mahes Khunt,25.46082,86.641818,42498099999,BHAGALPUR,25.233,86.95,40.01
MSMD,Mahasamund,21.113138000000003,82.10389,42875099999,SWAMI VIVEKANANDA,21.183,81.733,39.24
MSR,Masur,17.404241,74.14420899999999,43113099999,SATARA,17.517,74.05,16.03
MSW,Maskanwa,27.0013792301,82.3597396039,42374099999,AYODHA,26.748,82.163,34.27
MSZ,Mansa,29.989694999999998,75.402584,42131099999,HISAR,29.179,75.755,96.37
MTA,Mathela,21.8802561555,76.38997105099999,42855099999,KHANDWA,21.833,76.367,5.76
MTBG,Mathia Barghat Halt,26.941536,83.75710400000001,42379099999,GORAKHPUR,26.74,83.45,37.82
MTC,Meerut City,28.977610000000002,77.675106,42139099999,MEERUT,29.017,77.717,5.98
MTD,Merta Road,26.728077000000003,73.917896,42343099999,AJMER,26.45,74.617,76.08
MTH,Mataundh,25.418978,80.148507,42473099999,BANDA,25.467,80.367,22.58
MTHP,Mithapur,22.411601,69.00869499999999,42731099999,DWARKA,22.367,69.083,9.11
MTI,Mitawali,27.292310999999998,78.19892399999999,42260099999,AGRA,27.156,77.961,27.99
MTJ,Mathura,27.480145,77.67311699999999,42257099999,MATHURA,27.5,77.683,2.41
MTJR,Moterjhar,26.133968,89.864509,42404099999,DHUBRI,26.017,89.983,17.58
MTL,Mailam,12.160501,79.60220000000001,43331099999,M.O. PONDICHERRY,11.967,79.817,31.76
MTM,Machelipatnam,16.171258,81.137763,43185099999,MACHILIPATNAM/FRANCHPET,16.2,81.15,3.45
MTP,Metupalaiyam,11.299729,76.934533,43318099999,COONOOR,11.35,76.8,15.7
MTPC,Motipura Chauki,24.6093382288,77.04829951629999,42559099999,GUNA,24.65,77.317,27.53
MTR,Motipur,26.257038720999997,85.1681972229,42387099999,MUZAFFARPUR,26.117,85.4,27.88
MTU,Matmari,16.046723,77.302973,43169099999,RAICHUR,16.2,77.35,17.77
MTV,Matalkunta,17.768291,77.56294000000001,43125099999,BIDAR,17.917,77.533,16.84
MTWN,Mitewani Ph,21.424028,79.712797,42871099999,GONDIA ARPT/BIRSI,21.524,80.288,60.55
MTY,Multai,21.783543,78.26283000000001,42860099999,BETUL,21.867,77.933,35.29
MUD,Muradnagar,28.759017,77.506774,42182099999,SAFDARJUNG,28.585,77.206,35.15
MUE,Mudkhed,19.148087,77.509661,43021099999,NANDED,19.083,77.333,19.92
MUG,Magra,22.983124999999998,88.36829,42714099999,BAGATI,22.983,88.367,0.13
MUGR,Manuguru,17.925272,80.799034,43136099999,BHADRACHALAM,17.667,80.883,30.06
MULK,Mulki,13.068517,74.804962,43285099999,MANGALORE/PANAMBUR,12.95,74.833,13.52
MUM,Mangapatnam,14.7366964885,78.2607534143,43241099999,CUDDAPAH,14.483,78.833,67.73
MUP,Murhipar,21.183141,81.14815399999999,42876099999,DURG,21.183,81.283,13.98
MUPA,Mupa,25.368686,93.122747,42522099999,HAFLONG,25.167,93.017,24.82
MUR,Mankapur,27.039058,82.227648,42374099999,AYODHA,26.748,82.163,32.99
MURD,Mandawar M Rd,27.1560976594,76.8508226947,42255099999,ALWAR,27.5,76.583,46.5
MURI,Muri,23.376284371,85.8669906885,42701099999,BIRSA MUNDA,23.314,85.322,56.07
MUT,Meerut Cant,29.015997000000002,77.686937,42139099999,MEERUT,29.017,77.717,2.93
MUW,Mathurapur,24.386518000000002,86.631692,42599099999,DUMKA,24.267,87.25,64.04
MUZ,Mohiuddinpur,28.885405000000002,77.621531,42139099999,MEERUT,29.017,77.717,17.33
MV,Mayiladuturai,11.095237000000001,79.62868,43346099999,KARAIKAL,10.917,79.833,29.84
MVA,Malaka Vemala,14.268888,78.053936,43237099999,PBO ANANTAPUR,14.583,77.633,57.23
MVD,Mulvad,16.620372,75.746926,43161099999,BIJAPUR,16.817,75.717,22.1
MVE,Mundhewadi,17.7417646618,75.7065479559,43117099999,SOLAPUR,17.628,75.935,27.31
MVF,Manabar,18.839732,82.695903,43097099999,KORAPUT,18.817,82.717,3.36
MVG,Maligura,18.953174999999998,82.638614,43097099999,KORAPUT,18.817,82.717,17.24
MVI,Morbi,22.825342,70.829277,42737099999,RAJKOT,22.309,70.78,57.64
MVJ,Mavli,24.794585,73.973721,42542099999,UDAIPUR / MAHARANA PRATAP,24.618,73.896,21.15
MVL,Malavli,18.743833000000002,73.48064000000001,43060099999,MATHERAN,18.983,73.283,33.76
MVLK,Mavelikara,9.239487,76.545692,43355099999,KOTTAYAM,9.533,76.6,33.18
MVO,Manwath Road,19.358161,76.534516,43017099999,PARBHANI,19.133,76.833,40.11
MVV,Maheshi,25.236912,86.799239,42498099999,BHAGALPUR,25.233,86.95,15.17
MVW,Mallividu,17.971931,83.17285799999999,43149099999,VISHAKHAPATNAM CTLZ,17.717,83.217,28.73
MW,Mairwa,26.240309,84.151979,42488099999,CHAPRA,25.783,84.733,77.18
MWAD,Mowad,21.455554,78.451335,42860099999,BETUL,21.867,77.933,70.44
MWC,Mandawali Chander Vihar Halt,28.613384,77.253315,42182099999,SAFDARJUNG,28.585,77.206,5.59
MWH,Malwan,26.017246,80.685594,42471099999,FATEHPUR,25.933,80.833,17.46
MWJ,Marwasgram,24.098212,81.836685,42577099999,SIDHI,24.417,81.867,35.58
MWK,Mordad Tanda,20.688190000000002,74.904782,42925099999,MALEGAON,20.55,74.533,41.63
MWM,Malleswaram,13.001289,77.56320699999999,43295099999,BANGALORE,12.967,77.583,4.37
MWQ,Motari Halt,20.090583,85.72919200000001,42971099999,BHUBANESHWAR / BIJU PATNAIK INTL,20.244,85.818,19.41
MWRN,Madwarani,22.165407000000002,82.711553,42782099999,BILASPUR,21.988,82.111,64.95
MWT,Marwar Lohawat,26.981256000000002,72.58927,42237099999,PHALODI,27.133,72.367,27.73
MWUE,Mahrawal,27.937875000000002,78.04247000000001,42262099999,ALIGARH,27.883,78.067,6.56
MWW,Mahwa,27.483719999999998,76.60887100000001,42255099999,ALWAR,27.5,76.583,3.13
MWX,Mallanwala Khas,31.0470049078,74.8134271344,41641099999,ALLAMA IQBAL INTL,31.522,74.404,65.6
MXH,Makhu,31.105935,74.983505,42071099999,AMRITSAR,31.71,74.797,69.46
MXK,Mandrak,27.7686349988,78.1102865904,42262099999,ALIGARH,27.883,78.067,13.41
MXL,Mokholi,26.160967,76.460845,42456099999,SHEOPUR,25.667,76.683,59.25
MXN,Mariani,26.652434999999997,94.30820299999999,42423199999,JORHAT,26.732,94.176,15.84
MXR,Mahur,25.187996,93.126299,42522099999,HAFLONG,25.167,93.017,11.24
MXT,Malakpet,17.375398,78.494244,43128099999,BEGUMPET AIRPORT / HYDERABAD INTL,17.452,78.461,9.22
MXW,Mahadevsal,22.510448,85.328849,42795099999,CHAIBASA,22.55,85.817,50.33
MYA,Mandya,12.529176,76.897256,43289099999,MANDYA,12.5,76.833,7.69
MYD,Manderdisa,25.707319,93.123109,42523099999,LUMDING,25.75,93.183,7.65
MYG,Miyagam Karjan,22.050722,73.120353,42744099999,VALLABH VIDYANAGAR,22.567,72.933,60.56
MYK,Mayakonda,14.284214,76.08138100000001,43230099999,DAVANGERE,14.5,75.917,29.82
MYL,Malliyala,15.397805,77.77675500000001,43213099999,KURNOOL,15.8,78.067,54.46
MYM,Memari,23.172935,88.095637,42709099999,BURDWAN,23.233,87.85,25.98
MYR,Maihar,24.255485,80.763148,42571099999,SATNA,24.567,80.833,35.35
MYS,Mysore,12.318946,76.646013,43291099999,MYSORE,12.3,76.7,6.23
MYX,Metyalsahar Halt,23.482582,86.748784,42706099999,BANKURA,23.383,87.083,35.85
MYY,Mayyanad,8.837759,76.64733100000001,43354099999,PUNALUR,9.0,76.917,34.68
MZC,Mirza Cheuki,25.2587767836,87.4979796002,42500099999,PURNEA,25.267,87.467,3.25
MZL,Mirzapalli,18.017962999999998,78.41529899999999,43083099999,MEDAK,18.05,78.267,16.08
MZM,Muzzampur yn,29.58301,78.222356,42143099999,NAJIBABAD,29.617,78.383,15.98
MZP,Mirzapur,25.13435,82.56986900000001,42479099999,LAL BAHADUR SHASTRI VARANASI INTL,25.45,82.867,46.09
MZQ,Majgaon Assam,26.430697,90.57413700000001,42407099999,GOALPARA,26.183,90.633,28.16
MZR,Murtajapur,20.736468000000002,77.35482499999999,42934099999,AKOLA,20.699,77.059,31.05
MZY,Machapur,20.569003,85.768912,42970099999,CUTTACK,20.467,85.933,20.51
MZZ,Manjuri Road,21.012135999999998,86.319698,42973099999,CHANDBALI,20.783,86.733,49.92
NAB,Nagbhir,20.579811999999997,79.700138,42946099999,BRAMHAPURI,20.6,79.85,15.76
NAC,Nawa City,27.029479,74.99883200000001,42249099999,SIKAR,27.617,75.133,66.66
NAD,Nagda,23.45592,75.41249099999999,42661099999,RATLAM,23.317,75.05,40.09
NAK,Naksalbari,26.682578,88.20223499999999,42398099999,BAGDOGRA,26.681,88.329,12.6
NAL,Nal Halt,28.038590055100002,73.21761215939999,42165099999,BIKANER,28.0,73.3,9.16
NAM,Namrup,27.19627,95.313642,42314099999,DIBRUGARH,27.484,95.017,43.38
NAN,Nandgaon Road,16.387453999999998,73.73056000000001,43193099999,VENGURLA,15.867,73.633,58.8
NANA,Nana,24.925895,73.110095,42441099999,ERINPURA /JAWAI DAM SITE,25.083,73.083,17.68
NAND,Nandikoor,13.133125,74.806474,43285099999,MANGALORE/PANAMBUR,12.95,74.833,20.56
NANR,Naranpur,21.617209,85.63786800000001,42891099999,KEONGJHARGARH,21.617,85.517,12.49
NASP,Narasingapalli,17.606751,82.891038,43149099999,VISHAKHAPATNAM CTLZ,17.717,83.217,36.65
NAT,Nathnagar,25.237052000000002,86.935373,42498099999,BHAGALPUR,25.233,86.95,1.54
NAVI,Navi,20.902137,77.732428,42937099999,AMRAOTI,20.933,77.783,6.27
NAW,Nawandgi,17.2170998262,77.427908244,43121099999,GULBARGA,17.35,76.85,63.11
NAWN,Nawan,29.653071999999998,74.353285,42123099999,GANGANAGAR,29.917,73.917,51.32
NAZJ,Nazirganj,25.724315,85.80632700000001,42391099999,DARBHANGA,26.167,85.9,50.11
NB,Nimbhora,21.160781,75.975186,42851099999,JALGAON,21.05,75.567,44.1
NBA,Nabha,30.363819,76.14639600000001,42101099999,PATIALA,30.333,76.467,30.95
NBD,Najibabad,29.603540000000002,78.335733,42143099999,NAJIBABAD,29.617,78.383,4.81
NBG,Nabinagar Road,24.653944,84.094044,42588099999,DEHRI,24.917,84.183,30.6
NBH,Nimbahera,24.623252,74.694312,42546099999,CHITTORGARH,24.883,74.633,29.54
NBI,Nadbai,27.213674308399998,77.2080875122,42257099999,MATHURA,27.5,77.683,56.69
NBL,Nimbal,17.118384,75.859907,43161099999,BIJAPUR,16.817,75.717,36.8
NBPH,New Balrampur Halt,24.051233,88.24737400000001,42603099999,BERHAMPORE,24.133,88.267,9.31
NBQ,New Bongaigaon,26.4758354405,90.53684346440001,42407099999,GOALPARA,26.183,90.633,33.94
NBR,Namburu,16.358721,80.49582500000001,43181099999,VIJAYAWADA,16.53,80.797,37.34
NBT,Nayabagirthipur,20.781585,85.382445,42969099999,ANGUL,20.833,85.1,29.91
NBUE,Nibkarori,27.3287489158,79.40995965580001,42364099999,ETAWAH,26.921,79.062,56.93
NCB,New Cooch Behar,26.353158999999998,89.469766,42403099999,COOCH BEHAR,26.333,89.467,2.26
NCE,Nlachrvuru East,13.988212499000001,78.1854899005,43271099999,AROGYAVARAM,13.533,78.5,60.96
NCH,Nakachari,26.7081333353,94.3939129431,42423199999,JORHAT,26.732,94.176,21.81
NCJ,Nagercoil Junction,8.17385,77.44347,43377099999,KANNIYAKUMARI,8.083,77.5,11.86
NCR,Nagore,10.818430000000001,79.846188,43347099999,NAGAPPATTINAM,10.767,79.85,5.73
NCU,Nallacheruvu,14.020565,78.17773399999999,43271099999,AROGYAVARAM,13.533,78.5,64.42
ND,Nadiad,22.694105999999998,72.855718,42744099999,VALLABH VIDYANAGAR,22.567,72.933,16.21
NDAE,Nabadwip Dham,23.396593,88.356472,42711099999,KRISHNANAGAR,23.4,88.517,16.39
NDB,Nandurbar,21.374812,74.246482,42846099999,NANDURBAR,21.333,74.25,4.66
NDD,Nidadavolu,16.898297,81.67550399999999,43184099999,NIDADAVOLE,16.833,81.583,12.23
NDJ,Nandganj,25.54457,83.396867,42482099999,GHAZIPUR,25.4,83.55,22.24
NDKD,Nadikode,16.590634,79.72356500000001,43177099999,RENTACHINTALA,16.55,79.55,19.04
NDKR,Nandakumar Ph,22.1909239649,87.927872196,42811099999,DIAMOND HARBOUR,22.183,88.2,28.03
NDL,Nandyal,15.468024,78.472545,43212099999,NANDYAL,15.467,78.483,1.13
NDLS,New Delhi,28.642314,77.22000399999999,42182099999,SAFDARJUNG,28.585,77.206,6.52
NDM,Nidamanuru,16.507237,80.730551,43181099999,VIJAYAWADA,16.53,80.797,7.52
NDN,Nardana,21.178209,74.82874699999999,42846099999,NANDURBAR,21.333,74.25,62.4
NDO,Nidubrolu,16.067904,80.557243,43220099999,BAPATLA,15.9,80.467,21.01
NDPU,Nudurupadu,16.273407,80.193376,43220099999,BAPATLA,15.9,80.467,50.78
NDRT,Nangal Degrota,28.367897,76.067464,42177099999,NARNAUL,28.0,76.083,40.94
NDT,Nathdwara,24.92025,73.909396,42542099999,UDAIPUR / MAHARANA PRATAP,24.618,73.896,33.64
NDU,Nadaul,25.296538788200003,85.0173352112,42492099999,JAI PRAKASH NARAYAN INTL PATNA,25.591,85.088,33.5
NDV,Nidvanda,13.245141950999999,77.2731255127,43295099999,BANGALORE,12.967,77.583,45.64
NDW,Nadwan,25.3966869286,85.0656737195,42492099999,JAI PRAKASH NARAYAN INTL PATNA,25.591,85.088,21.72
NDZ,Nidigallu,13.988306000000001,79.660594,43275099999,TIRUPATHI,13.667,79.583,36.7
NED,Nanded,19.160522,77.31047799999999,43021099999,NANDED,19.083,77.333,8.94
NEMA,Nema Halt,25.409592285400002,85.0722485132,42492099999,JAI PRAKASH NARAYAN INTL PATNA,25.591,85.088,20.23
NEO,Neora,25.57459,84.986523,42492099999,JAI PRAKASH NARAYAN INTL PATNA,25.591,85.088,10.34
NEP,Nenpur,22.847183,72.725207,42647099999,AHMEDABAD / SARDAR VALLABHBHAI PATEL INTL,23.077,72.635,27.17
NERH,Ner Halt,25.017219,84.97536099999999,42591099999,GAYA,24.744,84.951,30.48
NES,Natesar,24.963884576399998,85.2718057104,42591099999,GAYA,24.744,84.951,40.56
NEW,Nivari,25.328061,78.82007,42463099999,JHANSI,25.491,78.558,31.95
NEWC,New West Cabin,25.273789999999998,83.10921,42483099999,VARANASI,25.3,83.017,9.72
NFK,New Farakka,24.794558,87.915236,42503099999,MALDA,25.033,88.133,34.43
NG,Nagari,13.307882,79.579647,43277099999,TIRUTTANI,13.15,79.533,18.27
NGA,Ningala,22.0252,71.70935200000001,42080199999,BHAVNAGAR,21.752,72.185,57.72
NGAN,Nagaon,26.356211990000002,92.67253075,42414099999,CHAPARMUKH,26.2,92.517,23.28
NGF,Nagarnabi,24.590321491500003,87.8680748517,42503099999,MALDA,25.033,88.133,56.02
NGG,Nagina,29.437919,78.424119,42143099999,NAJIBABAD,29.617,78.383,20.31
NGI,Nagari,20.406983,78.889984,42939099999,WARDHA,20.667,78.583,43.1
NGLT,Naglatula,26.92382,77.421273,42354099999,DHOLPUR,26.667,77.833,49.86
NGN,Nandgaon,20.307616,74.659526,42925099999,MALEGAON,20.55,74.533,30.0
NGNT,New Guntur,16.3100404,80.4582228,43181099999,VIJAYAWADA,16.53,80.797,43.63
NGO,Nagaur,27.199991,73.72357199999999,42165099999,BIKANER,28.0,73.3,98.26
NGP,Nagpur,21.153567,79.089004,42866099999,NAGPUR (MAYO HOSPITAL),21.15,79.117,2.93
NGR,Annigeri,15.432164,75.43085099999999,43201099999,GADAG,15.417,75.633,21.73
NGRD,Nilgiri Road,21.426415000000002,86.855469,42895099999,BALASORE,21.517,86.933,12.88
NGT,Nagappattinam,10.759221,79.845998,43347099999,NAGAPPATTINAM,10.767,79.85,0.97
NGTN,Nagothane,18.539932,73.14076899999999,43058099999,ALIBAG,18.633,72.867,30.65
NGZ,Shri-kshetra Nagjhari,20.761640999999997,76.755353,42933099999,AKOLA,20.7,77.033,29.68
NH,Naihati,22.888555,88.4185,42714099999,BAGATI,22.983,88.367,11.75
NHB,Noh Bachhamdi,27.223368999999998,77.546395,42257099999,MATHURA,27.5,77.683,33.59
NHF,Nihasta Halt,26.212312999999998,80.92503500000001,42471099999,FATEHPUR,25.933,80.833,32.39
NHH,Nihalgarh,26.460131,81.632581,42372099999,FURSATGANJ AIRPORT,26.25,81.383,34.12
NHK,Naharkatiya,27.289403,95.32977500000001,42314099999,DIBRUGARH,27.484,95.017,37.71
NHM,Nandol Dehegam,23.17417,72.815845,42654099999,GANDHINAGAR,23.233,72.717,12.04
NHN,Nigohan,26.567225,81.045358,42369099999,LUCKNOW / CHAUDHARY CHARAN SINGH INTL,26.761,80.889,26.56
NHR,Nohar,29.192562738768984,74.77362781763077,42131099999,HISAR,29.179,75.755,95.28
NHT,Nalhati,24.295706,87.83867000000001,42603099999,BERHAMPORE,24.133,88.267,47.05
NHY,Naganahalli,12.380243,76.651081,43291099999,MYSORE,12.3,76.7,10.39
NIA,Janjgir Naila,22.022963999999998,82.56458900000001,42782099999,BILASPUR,21.988,82.111,46.92
NIDI,Nidi,18.472247,73.106567,43058099999,ALIBAG,18.633,72.867,30.94
NIIJ,Nilaje,19.155061999999997,73.079908,43003099999,CHHATRAPATI SHIVAJI MAHARAJ INTL,19.089,72.868,23.44
NIL,Nilambur Road,11.278805,76.254779,43316099999,NILAMBUR,11.283,76.233,2.42
NILE,Nimitita,24.625338,88.00764,42503099999,MALDA,25.033,88.133,47.06
NIM,Nimdih,22.993643,86.142118,42799099999,JAMSHEDPUR,22.817,86.183,20.08
NIP,Nizampur,27.9667684942,76.0107869,42177099999,NARNAUL,28.0,76.083,8.0
NIR,Nainpur,22.425676,80.108853,42776099999,MANDLA,22.583,80.367,31.77
NIRA,Nira,18.1049649229,74.20908244200001,43069099999,BARAMATI,18.15,74.583,39.83
NIU,Nabipur,21.807541,73.030592,42840099999,SURAT,21.2,72.833,70.58
NIV,Nivasar,16.946588000000002,73.454552,43110099999,RATNAGIRI,16.983,73.333,13.55
NJP,New Jalpaiguri,26.683025,88.443391,42398099999,BAGDOGRA,26.681,88.329,11.37
NJT,Nager Coil Town,8.199571810899998,77.4194318207,43377099999,KANNIYAKUMARI,8.083,77.5,15.71
NK,Nasik Road,19.947627,73.841897,42921099999,NASIK CITY,19.967,73.817,3.38
NKB,Nagrakata,26.885533,88.917581,42399099999,JALPAIGURI,26.533,88.717,43.97
NKBR,Narkatia Bazar Halt,26.488339,84.38246,42383099999,MOTIHARI,26.667,84.917,56.75
NKD,Nekonda,17.794877999999997,79.80459300000001,43087099999,HANAMKONDA,18.017,79.567,35.24
NKDO,Nakkanadoddi,15.165309,77.47667899999999,43237099999,PBO ANANTAPUR,14.583,77.633,66.89
NKE,Narkatiaganj,27.105035,84.464045,44449099999,SIMARA,27.159,84.98,51.41
NKI,Naikheri,23.196778,75.689198,42662099999,UJJAIN,23.183,75.783,9.71
NKM,Namkom,23.351755,85.37667200000001,42701099999,BIRSA MUNDA,23.314,85.322,6.98
NKN,Nyoli Kalan,29.189764,75.633124,42131099999,HISAR,29.179,75.755,11.89
NKP,Nirakarpur,19.991740999999998,85.53046400000001,43053099999,PURI,19.8,85.817,36.77
NKR,Nimar Kheri,22.11119,76.150998,42855099999,KHANDWA,21.833,76.367,38.12
NKRA,Nokhra,27.607994992800002,72.6654016473,42237099999,PHALODI,27.133,72.367,60.48
NKW,Nilakantheswar Asthan,21.426066,85.798221,42891099999,KEONGJHARGARH,21.617,85.517,36.01
NKX,Nakati Semra,19.062273,82.07392999999999,43041099999,JAGDALPUR,19.083,82.033,4.88
NLBR,Nilambazar,24.743292,92.36512599999999,42619099999,SILCHAR,24.75,92.8,43.92
NLD,Nalanda,25.122359,85.46277400000001,42492099999,JAI PRAKASH NARAYAN INTL PATNA,25.591,85.088,64.29
NLDA,Nalgonda,17.06118,79.283436,43133099999,NALGONDA,17.0,79.25,7.68
NLDM,Nangal Dam,31.370543,76.37261500000001,42077099999,UNA,31.467,76.267,14.68
NLE,Nileshwar,12.255885000000001,75.13575,43315099999,CANNUR,11.833,75.333,51.68
NLI,Namli,23.455521,75.067161,42661099999,RATLAM,23.317,75.05,15.5
NLKR,Nilokheri,29.831492,76.925491,42137099999,KARNAL,29.7,77.033,17.93
NLKT,Nalkata,24.0683888436,91.999618396,42618099999,KAILASHAHAR,24.317,92.0,27.64
NLPD,Nallapadu,16.308263,80.397756,43220099999,BAPATLA,15.9,80.467,46.0
NLQ,Nangal Pathani Halt,28.364489,76.496786,42176099999,ROHTAK,28.833,76.583,52.77
NLR,Nellore,14.460592,79.989383,43245099999,NELLORE,14.45,79.983,1.36
NLV,Nalbari,26.450629,91.440291,42408099999,RANGIA,26.433,91.617,17.7
NMA,Nirmali,26.305325,86.57461500000001,42393099999,SUPAUL,26.133,86.583,19.18
NMBR,N Mayurbhanj Rd,21.666901,87.038724,42895099999,BALASORE,21.517,86.933,19.93
NMD,Nomoda,26.280074,76.57945000000001,42456099999,SHEOPUR,25.667,76.683,68.95
NMDA,New Morinda,30.776469,76.518125,42705299999,CHANDIGARH,30.673,76.789,28.33
NMGT,Nmg Tamdalge,16.769023999999998,74.486113,43158099999,SANGLI,16.85,74.6,15.1
NMGY,Numoligarh,26.601184,93.865713,42420099999,GOLAGHAT,26.517,93.983,14.96
NMH,Nimach,24.459872999999998,74.853025,42546099999,CHITTORGARH,24.883,74.633,52.04
NMJ,Nidamangalam,10.773563999999999,79.412736,43330099999,THANJAVUR,10.783,79.133,30.57
NMK,Nim Ka Thana,27.741573,75.779691,42177099999,NARNAUL,28.0,76.083,41.41
NML,Nellimaria,18.183131,83.456046,43150099999,CWC VISHAKHAPATNAM/WALTAIR,17.7,83.3,56.2
NMM,New Misamari,26.810166,92.57545400000001,42413099999,MAJBAT,26.75,92.35,23.36
NMT,Namtiali,26.851588,94.619336,42423199999,JORHAT,26.732,94.176,45.97
NMX,New Maynaguri,26.578607,88.822868,42399099999,JALPAIGURI,26.533,88.717,11.69
NMZ,New Mal,26.87368,88.724837,42296099999,KALIMPONG,27.067,88.467,33.39
NN,Nandura,20.838889,76.46015799999999,42931099999,BULDANA,20.533,76.233,41.42
NNA,Naugachia,25.385261,87.09387,42499099999,SABAUR,25.233,87.067,17.14
NNL,Narnaul,28.044396,76.123133,42177099999,NARNAUL,28.0,76.083,6.32
NNN,Nanguneri,8.4891,77.66259199999999,43376099999,PALAYANKOTTAI,8.733,77.75,28.77
NNO,Nangloi,28.686261000000002,77.05696599999999,42181099999,INDIRA GANDHI INTL,28.567,77.103,14.0
NNR,Narayanpur,25.398348,86.85938800000001,42498099999,BHAGALPUR,25.233,86.95,20.52
NNW,Narayanpur Tatwara,26.344258999999997,76.635578,42456099999,SHEOPUR,25.667,76.683,75.46
NOI,Nariaoli,23.89567,78.604147,42671099999,SAGAR,23.85,78.75,15.68
NOK,Nokha,27.556203,73.47484800000001,42165099999,BIKANER,28.0,73.3,52.26
NOMD,Noamundi,22.15311,85.513684,42795099999,CHAIBASA,22.55,85.817,54.04
NOQ,New Alipurduar,26.48572,89.541398,42403099999,COOCH BEHAR,26.333,89.467,18.53
NPD,Nawapara Road,20.809717,82.562564,42961099999,TITLAGARH,20.3,83.3,95.43
NPL,Nagalapalle,17.460567,78.229966,43128099999,BEGUMPET AIRPORT / HYDERABAD INTL,17.452,78.461,24.53
NPNR,Nepanagar,21.463933,76.397032,42855099999,KHANDWA,21.833,76.367,41.16
NPRD,Nagpur Road Ph,23.279379000000002,82.349049,42779099999,PENDRA ROAD,22.767,81.9,73.2
NPS,Napasar,27.980942000000002,73.56399,42165099999,BIKANER,28.0,73.3,26.01
NPZ,Nawapatra,24.318387,86.64786699999999,42599099999,DUMKA,24.267,87.25,61.29
NQR,Naraj Marathapur,20.459324,85.779525,42970099999,CUTTACK,20.467,85.933,16.01
NR,Niphad,20.096584,74.079481,42920099999,OZAR AIR FORCE STATION /NASHIK ARPT,20.119,73.914,17.46
NRA,Nunkhar,26.425483,83.880179,42379099999,GORAKHPUR,26.74,83.45,55.25
NRD,Naroda,23.085662,72.658017,42647099999,AHMEDABAD / SARDAR VALLABHBHAI PATEL INTL,23.077,72.635,2.54
NRDP,Nagireddipalli,17.422255,78.939987,43128099999,BEGUMPET AIRPORT / HYDERABAD INTL,17.452,78.461,50.92
NRE,Nandalur,14.264922,79.105722,43241099999,CUDDAPAH,14.483,78.833,38.09
NRG,Nergundi,20.538381,85.959078,42970099999,CUTTACK,20.467,85.933,8.39
NRGO,Narganjo Halt,24.7439751193,86.4578033173,42498099999,BHAGALPUR,25.233,86.95,73.6
NRI,Naraina,26.796463999999997,75.193029,42348099999,JAIPUR,26.824,75.812,61.5
NRKR,Narkher,21.468725,78.52481399999999,42867099999,DR BABA SAHEB AMBEDKAR INTL,21.092,79.047,68.43
NRL,Neral,19.027113,73.318955,43060099999,MATHERAN,18.983,73.283,6.19
NRLR,Norla Road,20.041394,83.373301,43042099999,BHAWANIPATNA,19.917,83.183,24.22
NRM,Nurmahal,31.081588999999997,75.601431,42099099999,LUDHIANA,30.867,75.933,39.61
NRN,Singhiaghat,25.746997,85.975081,42391099999,DARBHANGA,26.167,85.9,47.3
NRO,Nakodar,31.111697,75.47560800000001,42099099999,LUDHIANA,30.867,75.933,51.39
NRP,Narsipatnam Rd,17.452852,82.724605,43147099999,TUNI,17.35,82.55,21.77
NRS,Nagaria Sadat,28.550179,79.205555,42189099999,BAREILLY,28.422,79.451,27.9
NRT,Narasaraopet,16.231527,80.041607,43220099999,BAPATLA,15.9,80.467,58.52
NRW,Narwana,29.588632,76.109286,42131099999,HISAR,29.179,75.755,57.04
NRX,Noadar Dhal,23.433926999999997,87.745014,42708099999,SHANTI NIKETAN,23.65,87.7,24.46
NRZB,Nowrozabad,23.394425,80.980363,42679099999,UMARIA,23.533,80.883,18.33
NS,Narasapur,16.445891,81.699909,43187099999,NARSAPUR,16.433,81.7,1.43
NSD,Nasirabad,26.294459999999997,74.71699100000001,42343099999,AJMER,26.45,74.617,19.96
NSI,Nikursini,22.004654000000002,87.30618600000001,42803099999,MIDNAPORE,22.417,87.317,45.86
NSL,Nagarsol,20.102455,74.541646,42925099999,MALEGAON,20.55,74.533,49.77
NSU,Nisui,28.290931,79.236446,42189099999,BAREILLY,28.422,79.451,25.56
NSVP,National Police Academy Shivar,17.3237142919,78.4372038177,43128599999,HYDERABAD INTL AIRPORT / RAJIV GANDHI INTL,17.233,78.417,10.31
NSX,Narsipuram Halt,18.737614999999998,83.406282,43097099999,KORAPUT,18.817,82.717,73.1
NTR,Nittur,13.3016546778,76.8558716895,43263099999,HASSAN,12.967,76.333,67.75
NTSK,New Tinsukia,27.479748,95.334128,42314099999,DIBRUGARH,27.484,95.017,31.29
NTV,Nautanwa,27.42688,83.42129700000001,44438099999,BHAIRAHAWA / GAUTAM BUDDHA,27.506,83.416,8.81
NTW,Nanjangud Town,12.12211,76.68442999999999,43291099999,MYSORE,12.3,76.7,19.85
NTZ,Nathwana,28.563319,73.813703,42165099999,BIKANER,28.0,73.3,80.34
NU,Narsinghpur,22.943112,79.214385,42770099999,NARSINGHPUR,22.95,79.183,3.3
NUA,Nua,28.058125832368518,75.28570594266057,42170099999,CHURU,28.25,74.917,41.97
NUB,Nurabad,26.406043999999998,78.078092,42361099999,GWALIOR,26.293,78.228,19.52
NUD,Navagadh,21.764344,70.61672100000001,42832099999,KESHOD,21.317,70.317,58.61
NUQ,Nagar Untari,24.285735,83.51416499999999,42587099999,DALTONGANJ,24.05,84.067,61.91
NUR,Narela,28.846886,77.085727,42181099999,INDIRA GANDHI INTL,28.567,77.103,31.17
NVG,Nawagaon,22.088704,78.436386,42767099999,PACHMARHI,22.467,78.433,42.07
NVRD,Navade Road,19.052388999999998,73.102716,43060099999,MATHERAN,18.983,73.283,20.46
NVS,Navsari,20.946851,72.914294,42840099999,SURAT,21.2,72.833,29.39
NVT,Navipet,18.770457,78.013194,43081099999,NIZAMABAD,18.667,78.1,14.69
NW,Nalwar,16.936043,77.019937,43121099999,GULBARGA,17.35,76.85,49.44
NWB,Niwas Road,24.053618,82.013256,42577099999,SIDHI,24.417,81.867,43.04
NWD,Nawadah,24.886758,85.54864500000001,42591099999,GAYA,24.744,84.951,62.37
NWH,Nawalgarh,27.844017432134876,75.24608317762613,42249099999,SIKAR,27.617,75.133,27.59
NWN,Nanwan,28.371336999999997,76.014318,42177099999,NARNAUL,28.0,76.083,41.84
NWP,Naupada,18.5794097271,84.2829220099,43105099999,KALINGAPATAM,18.333,84.133,31.64
NWR,Niwar,23.7204627184,80.3695901074,42679099999,UMARIA,23.533,80.883,56.3
NWU,Navapur,21.166844,73.771183,42846099999,NANDURBAR,21.333,74.25,52.95
NXN,Nuagaon,22.386583,84.94203300000001,42793099999,ROURKELA,22.217,84.883,19.81
NYA,Narayangarh,22.174233,87.380456,42803099999,MIDNAPORE,22.417,87.317,27.77
NYG,Nayagarh,21.839609,85.433342,42891099999,KEONGJHARGARH,21.617,85.517,26.22
NYH,Nayandahalli,12.941162,77.520696,43295099999,BANGALORE,12.967,77.583,7.34
NYM,Neyamatpur,24.937206,84.988344,42591099999,GAYA,24.744,84.951,21.81
NYN,Naini,25.393138,81.86004199999999,42475099999,ALLAHABAD ARPT,25.44,81.734,13.69
NYO,Nayagaon,25.763263,85.099366,42492099999,JAI PRAKASH NARAYAN INTL PATNA,25.591,85.088,19.19
NYP,Nayudupeta,13.908321,79.900898,43275099999,TIRUPATHI,13.667,79.583,43.57
NYY,Neyyattinkara,8.41041,77.08111000000001,43371099999,THIRUVANANTHAPURAM,8.483,76.95,16.53
NZB,Nizamabad,18.679164999999998,78.103238,43081099999,NIZAMABAD,18.667,78.1,1.4
NZD,Nuzvid,16.649931,80.96152799999999,43181099999,VIJAYAWADA,16.53,80.797,22.03
NZM,Hazrat Nizamuddin,28.587329999999998,77.254249,42182099999,SAFDARJUNG,28.585,77.206,4.72
NZP,Niyazipur Halt,25.143791455699997,84.98843942260001,42591099999,GAYA,24.744,84.951,44.61
NZT,Nazareth,8.563997,77.976271,43379099999,TUTICORIN NEW PORT,8.75,78.183,30.73
OBM,Obalapuram,15.009799000000001,76.836422,43233099999,CHITRADURGA,14.233,76.433,96.67
OBR,Obra Dam,24.438661,82.975949,42483099999,VARANASI,25.3,83.017,95.87
OBVP,Obulavaripalli,14.04083,79.268221,43275099999,TIRUPATHI,13.667,79.583,53.69
OCH,Odhaniya Chacha,26.972848,71.718687,42237099999,PHALODI,27.133,72.367,66.63
OCR,Ochira,9.132022999999998,76.525576,43355099999,KOTTAYAM,9.533,76.6,45.33
OD,Od,22.65471,73.07946299999999,42744099999,VALLABH VIDYANAGAR,22.567,72.933,17.92
ODB,Oodlabari,26.866793,88.624639,42296099999,KALIMPONG,27.067,88.467,27.2
ODC,Oddanchatram,10.4855987634,77.7465317596,43339099999,KODAIKANAL,10.233,77.467,41.52
ODG,Obaidulla Ganj,22.994912,77.587299,42763099999,HOSHANGABAD,22.767,77.767,31.32
ODM,Ondagrarm,23.147973999999998,87.202275,42706099999,BANKURA,23.383,87.083,28.83
OEA,Odela,18.456554241099997,79.4497442804,43086099999,RAMGUNDAM,18.767,79.433,34.57
OGL,Ongole,15.498064000000001,80.057404,43221099999,ONGOLE,15.5,80.083,2.75
OKA,Okhla,28.559332,77.264825,42182099999,SAFDARJUNG,28.585,77.206,6.41
OKHA,Okha,22.470959999999998,69.073775,42730099999,OKHA,22.483,69.117,4.64
OLR,Ollur,10.473341999999999,76.237184,43357099999,THRISSUR,10.517,76.217,5.33
ON,Unnao,26.548354,80.486199,42367099999,KANPUR CHAKERI,26.404,80.41,17.75
OND,Aunlajori,22.440956,86.16420749999999,42795099999,CHAIBASA,22.55,85.817,37.67
ONR,Coonoor,11.343714,76.791337,43318099999,COONOOR,11.35,76.8,1.17
OPL,Uppal,18.183408,79.48098,43087099999,HANAMKONDA,18.017,79.567,20.62
ORAI,Orai,25.9825370076,79.459533963,42468099999,ORAI,25.983,79.5,4.05
ORC,Orchha,25.401119,78.644228,42463099999,JHANSI,25.491,78.558,13.22
OREH,Ore  Halt,24.915065,84.991898,42591099999,GAYA,24.744,84.951,19.46
ORGA,Orga,22.448548,84.91578,42793099999,ROURKELA,22.217,84.883,25.97
ORKI,Orki,30.091597,73.891318,42123099999,GANGANAGAR,29.917,73.917,19.57
ORR,Orr,24.530939,77.799315,42559099999,GUNA,24.65,77.317,50.53
OSN,Osiyan,26.729223,72.899779,42339099999,JODHPUR,26.251,73.049,55.21
OTD,Ootwar,27.626063,76.73256,42255099999,ALWAR,27.5,76.583,20.34
OTP,Ottappalam,10.770046,76.377993,43335099999,PALAKKAD,10.767,76.65,29.72
OTR,Moturu,16.439968999999998,81.051142,43185099999,MACHILIPATNAM/FRANCHPET,16.2,81.15,28.69
OYR,Waria,23.537562,87.246177,42706099999,BANKURA,23.383,87.083,23.93
PAA,Patas,18.4732663908,74.4696527191,43069099999,BARAMATI,18.15,74.583,37.88
PAD,Pardi,20.513153,72.92431099999999,42915099999,BULSAR,20.617,72.933,11.58
PAK,Pakala,13.451133,79.11408,43275099999,TIRUPATHI,13.667,79.583,56.08
PAL,Palasner,22.304246,77.050174,42855099999,KHANDWA,21.833,76.367,87.76
PAM,Panapakam,13.513241,79.210821,43275099999,TIRUPATHI,13.667,79.583,43.71
PAN,Panagarh,23.443034,87.439587,42708099999,SHANTI NIKETAN,23.65,87.7,35.13
PANP,Pandavapura,12.463018,76.681387,43289099999,MANDYA,12.5,76.833,16.97
PAO,Panoli,21.535197,72.978371,42840099999,SURAT,21.2,72.833,40.2
PAP,Pithapuram,17.11087,82.257512,43189099999,KAKINADA,16.95,82.233,18.08
PAR,Pandhurna,21.589996,78.525394,42860099999,BETUL,21.867,77.933,68.51
PARH,Padarkheda,25.705583,77.642772,42459099999,SHIVPURI,25.333,77.65,41.44
PASA,Parassala,8.3398400051,77.16548966,43371099999,THIRUVANANTHAPURAM,8.483,76.95,28.55
PASG,Panisagar,24.27276,92.149035,42618099999,KAILASHAHAR,24.317,92.0,15.89
PAU,Purna,19.180526999999998,77.024985,43017099999,PARBHANI,19.133,76.833,20.85
PAV,Pedana,16.252107000000002,81.143792,43185099999,MACHILIPATNAM/FRANCHPET,16.2,81.15,5.83
PAVI,Pavi,22.342282,73.840166,42744099999,VALLABH VIDYANAGAR,22.567,72.933,96.51
PAW,Pandabeswar,23.711965,87.277416,42706099999,BANKURA,23.383,87.083,41.6
PAY,Payyanur,12.092248,75.195107,43315099999,CANNUR,11.833,75.333,32.5
PAZ,Payangadi,12.021507999999999,75.2596,43315099999,CANNUR,11.833,75.333,22.43
PB,Puntamba,19.762025526800002,74.621959715,43009099999,AHMADNAGAR,19.083,74.8,77.78
PBA,Piardoba,22.956881,87.322164,42706099999,BANKURA,23.383,87.083,53.32
PBE,Pilibhit,28.614977999999997,79.813946,42189099999,BAREILLY,28.422,79.451,41.45
PBKS,Pambakovil Shandy,9.130538,77.431001,43376099999,PALAYANKOTTAI,8.733,77.75,56.41
PBL,Pathsala,26.497475,91.176255,42408099999,RANGIA,26.433,91.617,44.45
PBM,Pamban,9.279729,79.213482,43363099999,PAMBAN,9.283,79.217,0.53
PBN,Parbhani,19.257460000000002,76.774119,43017099999,PARBHANI,19.133,76.833,15.16
PBR,Porbandar,21.643597999999997,69.615506,42830099999,PORBANDAR,21.65,69.667,5.37
PBV,Paliba,18.659914999999998,82.695712,43097099999,KORAPUT,18.817,82.717,17.61
PBW,Pantnagar,29.017708,79.51778,42148099999,PANTNAGAR,29.033,79.467,5.22
PC,Pachora,20.668385,75.34831,42851099999,JALGAON,21.05,75.567,48.13
PCH,Pachhapur,16.093145,74.672174,43198099999,BELGAUM,15.859,74.618,26.67
PCK,Pachrukhi,26.162627999999998,84.415667,42488099999,CHAPRA,25.783,84.733,52.8
PCL,Pulicherla,13.598983,79.040396,43271099999,AROGYAVARAM,13.533,78.5,58.87
PCLI,Palachauri,22.201012,78.659087,42768099999,CHHINDWARA,22.1,79.0,36.86
PCN,Panch Piplia,23.06329,74.737549,42661099999,RATLAM,23.317,75.05,42.61
PCQ,Pichkurirdhal,23.54342,87.720914,42708099999,SHANTI NIKETAN,23.65,87.7,12.04
PCR,Panchra,23.771990000000002,87.330151,42708099999,SHANTI NIKETAN,23.65,87.7,40.02
PCU,Putlacheruvu,16.484823,81.112395,43185099999,MACHILIPATNAM/FRANCHPET,16.2,81.15,31.92
PCV,Palakkodu,12.297417999999999,78.072073,43301099999,DHARMAPURI,12.133,78.033,18.77
PCX,Pagla Chandi,23.743195,88.303969,42603099999,BERHAMPORE,24.133,88.267,43.51
PCZ,Pocharam,17.486717000000002,80.234583,43137099999,KHAMMAM,17.25,80.15,27.81
PDA,Pundooah,23.070861999999998,88.270115,42714099999,BAGATI,22.983,88.367,13.92
PDD,Padubidri,13.197027,74.76816500000001,43285099999,MANGALORE/PANAMBUR,12.95,74.833,28.35
PDF,Padampur,23.519468000000003,70.836786,42638099999,KANDLA AERODROME,23.15,70.117,84.19
PDH,Padadhari,22.429596,70.60534299999999,42737099999,RAJKOT,22.309,70.78,22.41
PDJ,Phiding,25.221835000000002,93.14983,42522099999,HAFLONG,25.167,93.017,14.69
PDKN,Pedakakani Halt,16.34323912,80.48615482999999,43181099999,VIJAYAWADA,16.53,80.797,39.12
PDKT,Pudukkottai,10.372456999999999,78.801946,43345099999,KUDIMIAMALAI,10.4,78.667,15.07
PDL,Pendekallu,15.374513,77.647361,43213099999,KURNOOL,15.8,78.067,65.26
PDNA,Peddadinne,16.100078,77.83502,43213099999,KURNOOL,15.8,78.067,41.58
PDNR,Padnur,17.3223703821,75.9846818945,43117099999,SOLAPUR,17.628,75.935,34.39
PDO,Poodoor,16.153896999999997,77.820931,43213099999,KURNOOL,15.8,78.067,47.33
PDP,Padse,21.132043,74.924335,42851099999,JALGAON,21.05,75.567,67.3
PDPH,Padapahar,22.156554999999997,85.545961,42795099999,CHAIBASA,22.55,85.817,51.87
PDPL,Peddapalli,18.613795999999997,79.39208,43086099999,RAMGUNDAM,18.767,79.433,17.57
PDR,Payagpur,27.407067,81.776186,42273099999,BAHRAICH,27.567,81.6,24.87
PDRD,Pindra Road,25.497052,82.851162,42479099999,LAL BAHADUR SHASTRI VARANASI INTL,25.45,82.867,5.47
PDSN,Peddasana,18.593147,84.18448500000001,43105099999,KALINGAPATAM,18.333,84.133,29.43
PDT,Pendurti,17.813498,83.195211,43149099999,VISHAKHAPATNAM CTLZ,17.717,83.217,10.98
PDU,Ponduru,18.362876,83.776548,43105099999,KALINGAPATAM,18.333,84.133,37.77
PDW,Pandaul,26.2804866136,86.0866355896,42391099999,DARBHANGA,26.167,85.9,22.49
PDX,Payradanga,23.128660999999997,88.545481,42714099999,BAGATI,22.983,88.367,24.41
PDY,Pondicherry,11.925445999999999,79.828127,43331099999,M.O. PONDICHERRY,11.967,79.817,4.78
PDZ,Pilioda,26.606366,76.86438199999999,42354099999,DHOLPUR,26.667,77.833,96.51
PEC,Pencharthal,24.196225,92.10823,42618099999,KAILASHAHAR,24.317,92.0,17.34
PEH,Pathardih,23.675524600000003,86.4345602,42705099999,PURULIA,23.333,86.417,38.13
PEM,Peralam,10.959358,79.656384,43346099999,KARAIKAL,10.917,79.833,19.85
PEN,Pen,18.735604455900003,73.0867978516,43058099999,ALIBAG,18.633,72.867,25.81
PER,Perambur,13.10702,80.24453299999999,43278099999,NUMGAMBAKKAM,13.067,80.2,6.56
PERN,Pernem,15.707894,73.81653700000001,43192099999,GOA/PANJIM,15.483,73.817,25.01
PES,Phesar,24.845489,84.41808499999999,42588099999,DEHRI,24.917,84.183,25.01
PFL,Piprala,23.652483999999998,71.097619,42740099999,SURENDRANAGAR,22.733,71.6,114.41
PFM,Phaphamau,25.524255999999998,81.866406,42475099999,ALLAHABAD ARPT,25.44,81.734,16.26
PFR,Pachor Road,23.729095,76.741609,42557099999,RAJGARH,24.0,76.717,30.23
PFT,Pothahi,25.486605,85.098643,42492099999,JAI PRAKASH NARAYAN INTL PATNA,25.591,85.088,11.66
PFU,Padua,18.396744,82.687882,43097099999,KORAPUT,18.817,82.717,46.83
PGA,Pagara,24.65577,77.44077,42559099999,GUNA,24.65,77.317,12.52
PGC,Panchgachia,25.969294,86.59822100000001,42393099999,SUPAUL,26.133,86.583,18.27
PGI,Parpanangadi,11.045910000000001,75.861006,42705599999,CALICUT,11.137,75.955,14.41
PGK,Pili Bangan,29.483825,74.079282,42123099999,GANGANAGAR,29.917,73.917,50.65
PGL,Pagdhal,22.42054,77.351451,42763099999,HOSHANGABAD,22.767,77.767,57.48
PGR,Pugalur,11.051701999999999,77.99070900000001,43342099999,K. PARAMATHY,10.95,78.083,15.14
PGRL,Piduguralla,16.477787000000003,79.876294,43177099999,RENTACHINTALA,16.55,79.55,35.7
PGT,Palakkad,10.802091,76.641926,43335099999,PALAKKAD,10.767,76.65,4.0
PGTN,Palghat Town,10.7753892,76.65216699999999,43335099999,PALAKKAD,10.767,76.65,0.96
PGU,Padugupadu,14.496976,79.989954,43245099999,NELLORE,14.45,79.983,5.28
PGW,Phagwara,31.217555749800002,75.7655019775,42099099999,LUDHIANA,30.867,75.933,42.12
PHA,Patharia,23.905726,79.192899,42674099999,DAMOH,23.833,79.45,27.37
PHD,Phaphund,26.632118317699998,79.5542552124,42364099999,ETAWAH,26.921,79.062,58.48
PHK,Punarakh,25.481495000000002,85.803757,42492099999,JAI PRAKASH NARAYAN INTL PATNA,25.591,85.088,72.84
PHM,Patapatnam,18.7407526287,84.081469892,43105099999,KALINGAPATAM,18.333,84.133,45.66
PHN,Pokhrayan,26.222964,79.84088799999999,42468099999,ORAI,25.983,79.5,43.25
PHR,Phillaur,31.016907,75.78576100000001,42099099999,LUDHIANA,30.867,75.933,21.8
PIA,Pipraigaon,24.503643,77.964258,42559099999,GUNA,24.65,77.317,67.44
PIGT,Pilighat,24.660758,77.49331000000001,42559099999,GUNA,24.65,77.317,17.86
PIH,Parhihara,27.926801,74.559809,42170099999,CHURU,28.25,74.917,50.19
PIL,Piler,13.662347,78.927499,43271099999,AROGYAVARAM,13.533,78.5,48.39
PIO,Pilol,22.39641,73.186675,42744099999,VALLABH VIDYANAGAR,22.567,72.933,32.24
PIP,Piplia,24.203692999999998,75.007483,42546099999,CHITTORGARH,24.883,74.633,84.5
PIRO,Piro,25.321358352999997,84.4205444342,42588099999,DEHRI,24.917,84.183,50.93
PIS,Piska Fs,23.3295427441,85.20610187930001,42701099999,BIRSA MUNDA,23.314,85.322,11.96
PIT,Palitana,21.538300999999997,71.82319700000001,42080199999,BHAVNAGAR,21.752,72.185,44.31
PIZ,Pingli,19.21840134,76.8577266418,43017099999,PARBHANI,19.133,76.833,9.84
PJ,Peppeganj,26.930569,83.294438,42379099999,GORAKHPUR,26.74,83.45,26.22
PJK,Panj Kosi,30.137676000000003,74.057408,42123099999,GANGANAGAR,29.917,73.917,28.01
PK,Pakni,17.7248659449,75.7788740411,43117099999,SOLAPUR,17.628,75.935,19.74
PKA,Pradhankhunta,23.772589999999997,86.515977,42705099999,PURULIA,23.333,86.417,49.91
PKD,Penukonda,14.099641,77.592521,43237099999,PBO ANANTAPUR,14.583,77.633,53.92
PKF,Pokla,22.89496,84.951364,42701099999,BIRSA MUNDA,23.314,85.322,60.07
PKK,Pakki,30.164759,74.35550400000001,42123099999,GANGANAGAR,29.917,73.917,50.4
PKNS,Pokharni snha,19.118747261,76.7316388525,43017099999,PARBHANI,19.133,76.833,10.77
PKO,Palakollu,16.522244,81.717145,43187099999,NARSAPUR,16.433,81.7,10.09
PKQ,Pattikkad,11.020627,76.23179499999999,43316099999,NILAMBUR,11.283,76.233,29.17
PKR,Pakaur,24.638002,87.856054,42503099999,MALDA,25.033,88.133,52.06
PKRD,Pakaria Road,24.0512,80.505599,42571099999,SATNA,24.567,80.833,66.26
PKU,Panskura,22.393102763,87.7430237079,42805099999,ULUBERIA,22.5,87.95,24.37
PKW,Pilkhua,28.712335,77.668008,42139099999,MEERUT,29.017,77.717,34.21
PLCJ,Phalodi,27.124914,72.36686300000001,42237099999,PHALODI,27.133,72.367,0.9
PLD,Paldhi,21.022831999999998,75.46157,42851099999,JALGAON,21.05,75.567,11.35
PLE,Piplee,23.817141,71.530851,42539099999,DEESA,24.2,72.2,80.2
PLG,Palghar,19.698038,72.77248,43001099999,DAHANU,19.967,72.717,30.47
PLH,Paralakhemundi,18.786579,84.08063800000001,43105099999,KALINGAPATAM,18.333,84.133,50.74
PLJ,Palej,21.921578,73.072387,42744099999,VALLABH VIDYANAGAR,22.567,72.933,73.19
PLMD,Pilamedu,11.033241,76.999566,43321099999,COIMBATORE,11.031,77.044,4.86
PLNI,Palani,10.458722,77.52118300000001,43339099999,KODAIKANAL,10.233,77.467,25.79
PLO,Pulgaon,20.726734,78.318111,42939099999,WARDHA,20.667,78.583,28.34
PLP,Phulpur,25.552533999999998,82.091535,42475099999,ALLAHABAD ARPT,25.44,81.734,38.0
PLS,Pipalsana,28.952153,78.83533,42187099999,MORADABAD,28.833,78.75,15.64
PLSG,Palasingi,19.014074,83.805056,43105099999,KALINGAPATAM,18.333,84.133,83.24
PLSN,Palsana,27.484876,75.38008,42249099999,SIKAR,27.617,75.133,28.45
PLU,Patakottacheru,15.172077,77.521795,43237099999,PBO ANANTAPUR,14.583,77.633,66.58
PLW,Pingleshwar,23.2111360434,75.8603440417,42662099999,UJJAIN,23.183,75.783,8.5
PLWR,Phulwaria,26.4688026951,84.255615343,42383099999,MOTIHARI,26.667,84.917,69.37
PLY,Plassey,23.777986000000002,88.28447,42603099999,BERHAMPORE,24.133,88.267,39.52
PM,Palam,28.585656,77.09295,42181099999,INDIRA GANDHI INTL,28.567,77.103,2.29
PMK,Paramakkudi,9.539071,78.591131,43361099999,TONDI,9.733,79.033,53.02
PMKT,Pimpalkhuti,19.829473,78.581025,43025099999,ADILABAD,19.65,78.533,20.58
PML,Papanasam,10.922767,79.26854200000001,43330099999,THANJAVUR,10.783,79.133,21.46
PMP,Pimpri,18.622977,73.801991,43063099999,PUNE,18.533,73.85,11.21
PMPR,Prempur,26.2451000771,80.4835424152,42367099999,KANPUR CHAKERI,26.404,80.41,19.13
PMR,Pitambarpur,28.200105,79.538072,42189099999,BAREILLY,28.422,79.451,26.1
PMT,Pullampet,14.120622000000001,79.205606,43241099999,CUDDAPAH,14.483,78.833,56.88
PMU,Parmanandpur,25.741290999999997,85.133951,42492099999,JAI PRAKASH NARAYAN INTL PATNA,25.591,85.088,17.33
PMY,Pali Marwar,25.790692,73.327309,42339099999,JODHPUR,26.251,73.049,58.25
PNBE,Patna,25.60256,85.136824,42492099999,JAI PRAKASH NARAYAN INTL PATNA,25.591,85.088,5.06
PNC,Patna Saheb,25.585856,85.230942,42492099999,JAI PRAKASH NARAYAN INTL PATNA,25.591,85.088,14.35
PND,Pendra Road,22.755824999999998,81.89917,42779099999,PENDRA ROAD,22.767,81.9,1.25
PNDM,Pennadam,11.397962999999999,79.219978,43324099999,ARIYALUR,11.167,79.0,35.14
PNE,Prantik,23.694435000000002,87.693501,42708099999,SHANTI NIKETAN,23.65,87.7,4.99
PNF,Pangaon,18.634293,76.635315,43017099999,PARBHANI,19.133,76.833,59.23
PNHI,Panhai,25.081679,81.189495,42574099999,REWA,24.533,81.3,62.02
PNHR,Panihar,26.099221,78.014931,42361099999,GWALIOR,26.293,78.228,30.27
PNM,Panyam,15.50076,78.339158,43212099999,NANDYAL,15.467,78.483,15.86
PNME,Parasnath,23.987971,86.037862,42705099999,PURULIA,23.333,86.417,82.43
PNP,Panipat,29.388948,76.96379300000001,42137099999,KARNAL,29.7,77.033,35.23
PNPL,Panpali,21.915685999999997,84.139173,42886099999,JHARSUGUDA / VEER SURENDRA SAI,21.914,84.05,9.2
PNPN,Panpana,21.358714999999997,86.790524,42895099999,BALASORE,21.517,86.933,22.96
PNQ,Punkunnam,10.535053999999999,76.20943,43357099999,THRISSUR,10.517,76.217,2.17
PNSA,Punsia,24.9531673111,87.0037506653,42498099999,BHAGALPUR,25.233,86.95,31.58
PNU,Palanpur,24.174433,72.430172,42539099999,DEESA,24.2,72.2,23.52
PNUG,Punpun Ghat Halt,25.5255878987,85.1099123547,42492099999,JAI PRAKASH NARAYAN INTL PATNA,25.591,85.088,7.6
PNVL,Panvel,18.990918999999998,73.121756,43060099999,MATHERAN,18.983,73.283,16.98
PNVT,Pancharatna,26.158866,90.55599600000001,42407099999,GOALPARA,26.183,90.633,8.14
PNW,Pundag,23.508909,86.08957600000001,42705099999,PURULIA,23.333,86.417,38.71
PNWN,Pachwan,23.208785000000002,77.128302,42667099999,BHOPAL / RAJA BHOJ,23.287,77.337,23.03
PNYA,Paniya Hawa,27.167486,83.933839,44438099999,BHAIRAHAWA / GAUTAM BUDDHA,27.506,83.416,63.51
PO,Parangipettai,11.476847000000001,79.73604499999999,43207099999,PARANGIPETTAI,11.5,79.767,4.24
POA,Palikona,16.061989,80.80435100000001,43185099999,MACHILIPATNAM/FRANCHPET,16.2,81.15,39.98
POE,Pawapuri Road,25.160225,85.512918,42492099999,JAI PRAKASH NARAYAN INTL PATNA,25.591,85.088,64.16
POK,Pokran,26.930571,71.923129,42237099999,PHALODI,27.133,72.367,49.39
PON,Ponneri,13.332319,80.19879900000001,43278099999,NUMGAMBAKKAM,13.067,80.2,29.5
POR,Pipalda Road,24.956611,76.616541,42559099999,GUNA,24.65,77.317,78.49
PORA,Pora,27.532025,78.154207,42262099999,ALIGARH,27.883,78.067,39.96
POU,Padrauna,26.897709199999998,83.982606,42379099999,GORAKHPUR,26.74,83.45,55.69
POX,Pola-patthar,22.347657,77.85334900000001,42763099999,HOSHANGABAD,22.767,77.767,47.46
POY,Pollachi,10.653079,77.001342,43335099999,PALAKKAD,10.767,76.65,40.42
POZ,Potul,19.918567,75.12177700000001,43014099999,AURANGABAD,19.863,75.398,29.54
PP,Puranpur,28.514911,80.150951,44409099999,DHANGADHI (ATARIYA),28.8,80.55,50.21
PPA,Pipra,26.489784,84.98573499999999,42383099999,MOTIHARI,26.667,84.917,20.86
PPC,Pipraich,26.828307,83.535848,42379099999,GORAKHPUR,26.74,83.45,13.0
PPD,Piplod,22.819148000000002,73.9091,42744099999,VALLABH VIDYANAGAR,22.567,72.933,103.99
PPEA,Paprera,27.226004,77.308829,42257099999,MATHURA,27.5,77.683,47.89
PPG,Piploda Bagla,23.357472,75.433639,42661099999,RATLAM,23.317,75.05,39.43
PPI,Pipariya,22.753941,78.354538,42767099999,PACHMARHI,22.467,78.433,32.91
PPLI,Pipli,22.345082,69.934426,42639099999,NEW KANDLA,23.0,70.217,78.38
PPM,Phirangipuram,16.292376,80.255894,43220099999,BAPATLA,15.9,80.467,49.11
PPN,Punpun,25.488229642500002,85.09876768800001,42492099999,JAI PRAKASH NARAYAN INTL PATNA,25.591,85.088,11.48
PPO,Panposh,22.228538,84.804627,42793099999,ROURKELA,22.217,84.883,8.17
PPR,Pipar Road,26.452849999999998,73.448703,42339099999,JODHPUR,26.251,73.049,45.72
PPT,Pirpainti,25.2903753934,87.4218244568,42500099999,PURNEA,25.267,87.467,5.23
PPTA,Patliputra,25.621426,85.068505,42492099999,JAI PRAKASH NARAYAN INTL PATNA,25.591,85.088,3.91
PPU,Piparpur,26.137823,82.038949,42372099999,FURSATGANJ AIRPORT,26.25,81.383,66.63
PPW,Pachperwa,27.528038,82.657808,44429099999,DANG,28.05,82.5,60.08
PPZ,Peddempet,18.802669374,79.4268241321,43086099999,RAMGUNDAM,18.767,79.433,4.02
PQL,Pindlai,17.925189,79.454715,43087099999,HANAMKONDA,18.017,79.567,15.66
PQN,Pwn Klaknder Rd,25.825794000000002,81.368601,42372099999,FURSATGANJ AIRPORT,26.25,81.383,47.19
PQT,Puniyavant,22.332118,73.95733100000001,42744099999,VALLABH VIDYANAGAR,22.567,72.933,108.46
PRB,Parbati,23.250527,77.012393,42667099999,BHOPAL / RAJA BHOJ,23.287,77.337,33.41
PRBZ,Parsa Bazar,25.550023,85.11887899999999,42492099999,JAI PRAKASH NARAYAN INTL PATNA,25.591,85.088,5.51
PRCA,Perecherla,16.319601000000002,80.339519,43220099999,BAPATLA,15.9,80.467,48.6
PRDP,Paradeep,20.280364,86.62014099999999,42976099999,PARADIP (C.W.R.),20.3,86.683,6.91
PRF,Parsipur,25.37052,82.63716199999999,42479099999,LAL BAHADUR SHASTRI VARANASI INTL,25.45,82.867,24.72
PRG,Prayag,25.467939,81.867081,42475099999,ALLAHABAD ARPT,25.44,81.734,13.72
PRH,Powerpet,16.713189,81.106602,43181099999,VIJAYAWADA,16.53,80.797,38.77
PRI,Pathri,29.851996,78.076506,42143099999,NAJIBABAD,29.617,78.383,39.48
PRJ,Prantij,23.439324000000003,72.862688,42654099999,GANDHINAGAR,23.233,72.717,27.34
PRKH,Parkanhatti,16.140169,74.695447,43198099999,BELGAUM,15.859,74.618,32.34
PRL,Polur,12.511327000000001,79.13055800000001,43303099999,VELLORE,12.917,79.15,45.16
PRLI,Parli Vaijnath,18.853005,76.524424,43017099999,PARBHANI,19.133,76.833,44.97
PRNA,Purnia,25.790678,87.519124,42500099999,PURNEA,25.267,87.467,58.46
PRND,Perinad,8.947916000000001,76.620341,43354099999,PUNALUR,9.0,76.917,33.09
PRNR,Porjanpur,21.789139000000002,85.521374,42891099999,KEONGJHARGARH,21.617,85.517,19.15
PRP,Paharpur,24.624931999999998,85.204571,42591099999,GAYA,24.744,84.951,28.84
PRR,Purulia,23.324911,86.37787,42705099999,PURULIA,23.333,86.417,4.1
PRSL,Pandrasali,22.63341,85.806909,42795099999,CHAIBASA,22.55,85.817,9.33
PRT,Panruti,11.773239,79.555153,43329099999,CUDDALORE,11.767,79.767,23.07
PRTL,Pirtala,24.359325000000002,88.28058300000001,42603099999,BERHAMPORE,24.133,88.267,25.2
PRTN,Pratapnagar,22.281143,73.210289,42744099999,VALLABH VIDYANAGAR,22.567,72.933,42.69
PRTP,Partapur,28.925112000000002,77.648699,42139099999,MEERUT,29.017,77.717,12.19
PRWD,Parewadi,18.289799000000002,74.952285,43071099999,JEUR,18.2,75.2,28.0
PRY,Paraiya,24.809464,84.85079200000001,42591099999,GAYA,24.744,84.951,12.46
PRZ,Parsa,27.435147999999998,82.908499,44438099999,BHAIRAHAWA / GAUTAM BUDDHA,27.506,83.416,50.68
PS,Paras,20.724519,76.815865,42933099999,AKOLA,20.7,77.033,22.75
PSA,Palasa,18.756782,84.42209100000001,43105099999,KALINGAPATAM,18.333,84.133,56.12
PSAE,Purbasthali,23.453302,88.323896,42711099999,KRISHNANAGAR,23.4,88.517,20.57
PSB,Parsabad,24.307559,85.73873,42591099999,GAYA,24.744,84.951,93.3
PSD,Parsoda,19.953696573000002,74.8751352301,43014099999,AURANGABAD,19.863,75.398,55.59
PSDA,Pasivedala,16.99331,81.700939,43184099999,NIDADAVOLE,16.833,81.583,21.8
PSE,Pusauli,25.097235,83.72151,42482099999,GHAZIPUR,25.4,83.55,37.83
PSL,Parisal,27.669476,76.61526599999999,42255099999,ALWAR,27.5,76.583,19.11
PSLI,Parsoli,25.113462000000002,74.875358,42546099999,CHITTORGARH,24.883,74.633,35.4
PSO,Palsora Makrawa,23.260650211799998,75.5315691821,42662099999,UJJAIN,23.183,75.783,27.1
PSPY,Prasannaya Palli,14.6311777937,77.602106203,43237099999,PBO ANANTAPUR,14.583,77.633,6.3
PSR,Pasraha,25.403765,86.743883,42498099999,BHAGALPUR,25.233,86.95,28.1
PT,Patli,28.399583000000003,76.85347200000001,42181099999,INDIRA GANDHI INTL,28.567,77.103,30.68
PTA,Patiala,30.344248999999998,76.4041,42101099999,PATIALA,30.333,76.467,6.16
PTAB,Patia Halt,20.349273,85.841374,42971099999,BHUBANESHWAR / BIJU PATNAIK INTL,20.244,85.818,11.96
PTB,Pattambi,10.8019329802,76.1813366473,43357099999,THRISSUR,10.517,76.217,31.92
PTD,Petlad,22.5452909,72.9294731,42744099999,VALLABH VIDYANAGAR,22.567,72.933,2.44
PTH,Patranga,26.825007,81.625869,42374099999,AYODHA,26.748,82.163,54.0
PTI,Patiali,27.6843201328,78.9841732028,42364099999,ETAWAH,26.921,79.062,85.22
PTJ,Podanur,10.965425,76.990125,43321099999,COIMBATORE,11.031,77.044,9.37
PTK,Pathankot,32.271804,75.644427,42062099999,DHARMSALA,32.267,76.383,69.44
PTKC,Pathankot Cantt,32.2593,75.636044,42062099999,DHARMSALA,32.267,76.383,70.24
PTKD,Patharkandi,24.604506,92.31911,42618099999,KAILASHAHAR,24.317,92.0,45.44
PTKP,Potkapalli,18.4290619835,79.4644454974,43086099999,RAMGUNDAM,18.767,79.433,37.72
PTLI,Pathauli,27.1568431942,77.924593761,42260099999,AGRA,27.156,77.961,3.6
PTN,Patan,23.853292,72.13167200000001,42539099999,DEESA,24.2,72.2,39.17
PTNR,Patelnagar,28.660009076599998,77.15626035310001,42182099999,SAFDARJUNG,28.585,77.206,9.65
PTP,Patal Pani,22.514232000000003,75.797002,42754099999,DEVI AHILYABAI HOLKAR,22.722,75.801,23.11
PTRD,Pataudi Road,28.350738,76.755565,42181099999,INDIRA GANDHI INTL,28.567,77.103,41.62
PTRE,Patara,26.232167999999998,80.203446,42367099999,KANPUR CHAKERI,26.404,80.41,28.09
PTRL,Pathrala,30.006625,74.74395299999999,42123099999,GANGANAGAR,29.917,73.917,80.28
PTRU,Patratu,23.667024,85.30587700000001,42701099999,BIRSA MUNDA,23.314,85.322,39.29
PTT,Putalapattu,13.373419,79.098727,43303099999,VELLORE,12.917,79.15,51.05
PTU,Partur,19.575715,76.212767,43017099999,PARBHANI,19.133,76.833,81.59
PTWA,Patwara,23.9143072844,80.4137045734,42679099999,UMARIA,23.533,80.883,63.87
PU,Patchur,12.586657299999999,78.4694944,43302099999,TIRUPPATTUR,12.483,78.567,15.65
PUA,Pulla,16.809911,81.324846,43184099999,NIDADAVOLE,16.833,81.583,27.6
PUD,Phanda,23.232986,77.189255,42667099999,BHOPAL / RAJA BHOJ,23.287,77.337,16.24
PUK,Pudukad,10.420507,76.26070700000001,43357099999,THRISSUR,10.517,76.217,11.75
PUL,Rampura Phul,30.269357000000003,75.23737999999999,42099099999,LUDHIANA,30.867,75.933,94.08
PUN,Pundi,18.665917999999998,84.370679,43105099999,KALINGAPATAM,18.333,84.133,44.71
PUNE,Pune,18.529378,73.873086,43063099999,PUNE,18.533,73.85,2.47
PUO,Pir Umrod,23.2558608677,76.2299643091,42662099999,UJJAIN,23.183,75.783,46.39
PURI,Puri,19.811459000000003,85.839992,43053099999,PURI,19.8,85.817,2.72
PUS,Phusro,23.767488999999998,86.01025,42705099999,PURULIA,23.333,86.417,63.66
PUSA,Pusla,21.493095999999998,78.354883,42860099999,BETUL,21.867,77.933,60.24
PUT,Puttur,13.439642,79.552666,43275099999,TIRUPATHI,13.667,79.583,25.49
PUU,Punalur,9.023336,76.916104,43354099999,PUNALUR,9.0,76.917,2.6
PUW,Patuwas Mehrana,28.557035,76.33368800000001,42176099999,ROHTAK,28.833,76.583,39.15
PUX,Parasia,22.193186,78.76432,42768099999,CHHINDWARA,22.1,79.0,26.39
PVD,Peddavadiapudi,16.414205000000003,80.612645,43181099999,VIJAYAWADA,16.53,80.797,23.5
PVP,Parvatipuram,18.770670000000003,83.42696600000001,43097099999,KORAPUT,18.817,82.717,74.91
PVPT,Parvatipuram Tn,18.783875,83.433701,43097099999,KORAPUT,18.817,82.717,75.53
PVR,Pandharpur,17.66849,75.319283,43071099999,JEUR,18.2,75.2,60.43
PVRD,Piravam Road,9.828669,76.454731,43353099999,COCHIN,9.946,76.272,23.89
PVU,Paravur,8.815758,76.66823799999999,43354099999,PUNALUR,9.0,76.917,34.15
PWL,Palwal,28.151841,77.34223200000001,42182099999,SAFDARJUNG,28.585,77.206,49.98
PWS,Phulwari Sharif,25.586297,85.07942999999999,42492099999,JAI PRAKASH NARAYAN INTL PATNA,25.591,85.088,1.01
PWXP,Pawani Kumarpur Halt,25.5276889185,83.9359635205,42482099999,GHAZIPUR,25.4,83.55,41.27
PYOL,Payyoli,11.516715999999999,75.617595,43314099999,KOZHIKODE,11.25,75.783,34.71
PYX,Peyanapalli,13.131636,79.138282,43303099999,VELLORE,12.917,79.15,23.9
QLD,Quilandi,11.446139,75.693924,43314099999,KOZHIKODE,11.25,75.783,23.87
QLM,Kulem,15.334036,74.24423,43194099999,GOA INTL,15.381,73.831,44.62
QLN,Kollam,8.886586000000001,76.59675299999999,43354099999,PUNALUR,9.0,76.917,37.37
QSR,Kansrao,30.0785698608,78.1417954028,42111099999,DEHRADUN,30.317,78.033,28.5
R,Raipur,21.256462000000003,81.629328,42872099999,MANA,21.233,81.65,3.38
RA,Ramparda,22.634966,71.352035,42740099999,SURENDRANAGAR,22.733,71.6,27.68
RAA,Barara,30.213325,77.035501,42103099999,AMBALA,30.383,76.767,31.94
RAH,Ramgarh,27.576612,76.811256,42255099999,ALWAR,27.5,76.583,24.06
RAI,Raibha,27.181549999999998,77.803634,42260099999,AGRA,27.156,77.961,15.82
RAIR,Raikakhol,21.046744999999998,84.333562,42883099999,SAMBALPUR,21.467,83.967,60.22
RAJP,Rajapur Road,16.635175,73.626565,43110099999,RATNAGIRI,16.983,73.333,49.72
RAKD,Radhakund,27.537943,77.523598,42257099999,MATHURA,27.5,77.683,16.28
RAL,Repalle,16.019794,80.828736,43185099999,MACHILIPATNAM/FRANCHPET,16.2,81.15,39.74
RAM,Ramapuram,13.098011999999999,79.178793,43303099999,VELLORE,12.917,79.15,20.37
RAMA,Ramva,25.8911534211,80.8532993597,42471099999,FATEHPUR,25.933,80.833,5.08
RANI,Rani,25.347582,73.31039,42441099999,ERINPURA /JAWAI DAM SITE,25.083,73.083,37.27
RAY,Ray,23.690082,85.077816,42701099999,BIRSA MUNDA,23.314,85.322,48.67
RBA,Rambha,19.537957,85.09407900000001,43049099999,GOPALPUR,19.267,84.883,37.39
RBD,Rahimabad,26.9993432467,80.600638797,42369099999,LUCKNOW / CHAUDHARY CHARAN SINGH INTL,26.761,80.889,38.99
RBG,Raybag,16.483374512,74.80682566349999,43158099999,SANGLI,16.85,74.6,46.34
RBL,Rae Bareli,26.232684,81.23932,42372099999,FURSATGANJ AIRPORT,26.25,81.383,14.46
RBN,Raghubans Nagar,25.756709,87.060056,42499099999,SABAUR,25.233,87.067,58.24
RBR,Ribada,22.124961,70.80095200000001,42737099999,RAJKOT,22.309,70.78,20.58
RBS,Rupbas,26.9903803821,77.5909632294,42260099999,AGRA,27.156,77.961,41.01
RBZ,Rambhaddarpur,25.977172,85.86518199999999,42391099999,DARBHANGA,26.167,85.9,21.39
RC,Raichur,16.192441000000002,77.339165,43169099999,RAICHUR,16.2,77.35,1.43
RCF,Rail Coach Factory,31.326976000000002,75.34282,42071099999,AMRITSAR,31.71,74.797,67.01
RCJ,Ranayala Jasnia,23.161929,76.072554,42662099999,UJJAIN,23.183,75.783,29.69
RCP,Ramachandrapur,25.996484000000002,81.267274,42372099999,FURSATGANJ AIRPORT,26.25,81.383,30.47
RCTC,Raghunathpur,20.351679,86.14960500000001,42970099999,CUTTACK,20.467,85.933,25.96
RDD,Rikhabdev Road,23.997173,73.74805500000001,42542099999,UDAIPUR / MAHARANA PRATAP,24.618,73.896,70.64
RDDE,Rathdhana,28.904132,77.05914800000001,42181099999,INDIRA GANDHI INTL,28.567,77.103,37.73
RDG,Rayadurg,14.705815,76.856828,43233099999,CHITRADURGA,14.233,76.433,69.62
RDHP,Radhanpur,23.84693,71.58559399999999,42539099999,DEESA,24.2,72.2,73.72
RDI,Kardi,13.2673774949,76.5736995709,43263099999,HASSAN,12.967,76.333,42.37
RDL,Rudauli,26.762188000000002,81.754202,42374099999,AYODHA,26.748,82.163,40.62
RDM,Ramgundam,18.763329,79.43509999999999,43086099999,RAMGUNDAM,18.767,79.433,0.46
RDN,Rudain,27.579928,79.186618,42364099999,ETAWAH,26.921,79.062,74.3
RDP,Radhikapur,25.643573999999997,88.448153,41863099999,DINAJPUR,25.65,88.683,23.55
RDRA,Ramdevra,27.006279,71.929837,42237099999,PHALODI,27.133,72.367,45.52
RDU,Radhamohanpur,22.356484,87.612611,42803099999,MIDNAPORE,22.417,87.317,31.13
RE,Rewari,28.202779000000003,76.609414,42177099999,NARNAUL,28.0,76.083,56.34
RECH,Rechni Road,19.140541,79.451894,43086099999,RAMGUNDAM,18.767,79.433,41.58
REG,Regupalem,17.505201,82.790267,43147099999,TUNI,17.35,82.55,30.78
REI,Rithi,23.904168,80.140267,42674099999,DAMOH,23.833,79.45,70.63
REJ,Rejinagar,23.850089999999998,88.259255,42603099999,BERHAMPORE,24.133,88.267,31.47
REN,Ren,26.788798,74.07446200000001,42343099999,AJMER,26.45,74.617,65.79
RENH,Renhat,25.979937999999997,77.83368499999999,42361099999,GWALIOR,26.293,78.228,52.55
RET,Rentia,22.863268,74.210847,42661099999,RATLAM,23.317,75.05,99.56
REWA,Rewa,24.537122,81.250615,42574099999,REWA,24.533,81.3,5.02
RFJ,Rafiganj,24.819694000000002,84.634804,42591099999,GAYA,24.744,84.951,33.01
RG,Rajghat Narora,28.235655,78.353587,42262099999,ALIGARH,27.883,78.067,48.25
RGD,Rajgir,25.033068999999998,85.41469699999999,42591099999,GAYA,24.744,84.951,56.75
RGDA,Rayagada,19.175642,83.410505,43097099999,KORAPUT,18.817,82.717,83.11
RGH,Ramgarhwa,26.873842826500002,84.7971486487,42383099999,MOTIHARI,26.667,84.917,25.9
RGI,Ramgiri,13.9501446899,76.1254542236,43233099999,CHITRADURGA,14.233,76.433,45.71
RGJ,Raiganj,25.619125,88.127696,41863099999,DINAJPUR,25.65,88.683,55.78
RGJI,Rangjuli,25.988405,90.95595800000001,42407099999,GOALPARA,26.183,90.633,38.84
RGL,Rengali,21.636895,84.042299,42883099999,SAMBALPUR,21.467,83.967,20.43
RGM,Rangapuram,15.406776,78.059153,43213099999,KURNOOL,15.8,78.067,43.73
RGO,Rotegaon,19.956132,74.75787,43014099999,AURANGABAD,19.863,75.398,67.72
RGP,Raghunathpalli,17.7564788113,79.2553036017,43087099999,HANAMKONDA,18.017,79.567,43.9
RGPM,Raghavapuram,18.681242,79.411187,43086099999,RAMGUNDAM,18.767,79.433,9.81
RGQ,Raigadh Road,23.596666,73.183592,42654099999,GANDHINAGAR,23.233,72.717,62.47
RGS,Ringas,27.373379,75.56360400000001,42249099999,SIKAR,27.617,75.133,50.38
RGT,Rajghat Halt,21.764461999999998,87.15507600000001,42895099999,BALASORE,21.517,86.933,35.83
RGU,Ragaul,25.686945,80.129683,42469099999,HAMIRPUR,25.95,80.15,29.32
RHA,Ranaghat,23.173344,88.568184,42711099999,KRISHNANAGAR,23.4,88.517,25.74
RHE,Rakha Mines,22.674292,86.354133,42799099999,JAMSHEDPUR,22.817,86.183,23.66
RHG,Rajgarh,27.240827,76.607541,42255099999,ALWAR,27.5,76.583,28.92
RHMA,Rahama,20.298605,86.405224,42976099999,PARADIP (C.W.R.),20.3,86.683,28.97
RHN,Roshanpur,29.046556,78.887727,42187099999,MORADABAD,28.833,78.75,27.27
RIG,Raigarh,21.891288999999997,83.39067,42886099999,JHARSUGUDA / VEER SURENDRA SAI,21.914,84.05,68.07
RIKA,Ratikheda,24.59745,77.656544,42559099999,GUNA,24.65,77.317,34.82
RJA,Rajnagar,26.401801,86.152987,42391099999,DARBHANGA,26.167,85.9,36.3
RJAP,Rajapur,16.859603,78.163648,43168099999,MAHABUBNAGAR,16.75,78.0,21.26
RJB,Rajabera,23.751105,86.080936,42705099999,PURULIA,23.333,86.417,57.75
RJG,Rajgram,24.544607,87.86763599999999,42503099999,MALDA,25.033,88.133,60.55
RJGR,Raj Athgarh,20.576104,85.741633,42970099999,CUTTACK,20.467,85.933,23.33
RJK,Raja Ka Sahaspr,28.626216,78.780097,42187099999,MORADABAD,28.833,78.75,23.18
RJLA,Rajla,24.7563630003,86.4230669043,42498099999,BHAGALPUR,25.233,86.95,75.03
RJLK,Rajalukah,22.125193,86.64224200000001,42894099999,BARIPADA,21.933,86.767,24.94
RJN,Raj Nandgaon,21.101186000000002,81.039019,42948099999,RAJNANDGAON,21.1,81.033,0.64
RJO,Rajendra Pul,25.387446999999998,86.01054599999999,42391099999,DARBHANGA,26.167,85.9,87.39
RJP,Razampeta,14.184524999999999,79.15274099999999,43241099999,CUDDAPAH,14.483,78.833,47.83
RJPB,Rajendra Nagar,25.603351,85.162449,42492099999,JAI PRAKASH NARAYAN INTL PATNA,25.591,85.088,7.59
RJPM,Rajapalayam,9.452404,77.561026,43360099999,MADURAI,9.835,78.093,72.19
RJR,Rajaldesar,28.033672,74.47771200000001,42170099999,CHURU,28.25,74.917,49.33
RJS,Rajiyasar,29.0674933054,73.8421637408,42123099999,GANGANAGAR,29.917,73.917,94.74
RJT,Rajkot,22.312206,70.803446,42737099999,RAJKOT,22.309,70.78,2.44
RJY,Rajamundry,16.984159000000002,81.783901,43184099999,NIDADAVOLE,16.833,81.583,27.19
RK,Roorkee,29.851671,77.87417,42111099999,DEHRADUN,30.317,78.033,53.95
RKB,Raika Bagh,26.291628000000003,73.039744,42339099999,JODHPUR,26.251,73.049,4.61
RKD,Rukadi,16.724871999999998,74.356715,43157099999,KOLHAPUR,16.665,74.289,9.82
RKK,Ratangrh Knkwal,29.922760999999998,74.966758,42123099999,GANGANAGAR,29.917,73.917,101.17
RKL,Ramkola,26.90674,83.836714,42379099999,GORAKHPUR,26.74,83.45,42.62
RKM,Raja Ki Mandi,27.193811,77.996613,42260099999,AGRA,27.156,77.961,5.49
RKO,Ramakistapuram Gate,17.476299,78.52847299999999,43128099999,BEGUMPET AIRPORT / HYDERABAD INTL,17.452,78.461,7.65
RKSH,Rishikesh,30.107173,78.287498,42111099999,DEHRADUN,30.317,78.033,33.8
RKSN,Rajkharsawan,22.733525,85.811158,42795099999,CHAIBASA,22.55,85.817,20.42
RKY,Kothariya,22.176807,70.81438200000001,42737099999,RAJKOT,22.309,70.78,15.12
RLA,Rajula,21.103699,71.479251,42837099999,MAHUVA,21.083,71.783,31.6
RLL,Regadipalli,14.813572,78.136002,43237099999,PBO ANANTAPUR,14.583,77.633,59.87
RLO,Rayalcheruvu,15.055957000000001,77.82103500000001,43237099999,PBO ANANTAPUR,14.583,77.633,56.34
RLP,Harlapur,15.434833000000001,75.799259,43201099999,GADAG,15.417,75.633,17.93
RLR,Raila Road,25.630348,74.596325,42447099999,BHILWARA,25.35,74.633,31.39
RM,Rajmane,20.643085,74.941672,42925099999,MALEGAON,20.55,74.533,43.78
RMA,Ramganj Mandi,24.644606,75.939411,42452099999,KOTA,25.16,75.846,58.08
RMB,Rampura Beri,28.5301320576,75.64547982849999,42174099999,PILANI,28.333,75.583,22.76
RMC,Ram Chaura Road,25.609488,81.686954,42475099999,ALLAHABAD ARPT,25.44,81.734,19.43
RMD,Ramanathapuram,9.358387,78.83686200000001,43363099999,PAMBAN,9.283,79.217,42.55
RMF,Ramna,24.239748,83.605713,42587099999,DALTONGANJ,24.05,84.067,51.34
RMGM,Ramanagaram,12.720096,77.283451,43295099999,BANGALORE,12.967,77.583,42.52
RMH,Rangmahal,29.405815999999998,73.974734,42123099999,GANGANAGAR,29.917,73.917,57.11
RMJK,Ram Nagar,32.863528,75.14542599999999,42056099999,JAMMU,32.667,74.833,36.48
RMM,Rameswaram,9.280973,79.306787,43363099999,PAMBAN,9.283,79.217,9.86
RMN,Raman,29.959833999999997,74.96208800000001,42123099999,GANGANAGAR,29.917,73.917,100.81
RMNP,Ramannapet,17.282344000000002,79.087023,43133099999,NALGONDA,17.0,79.25,35.85
RMP,Rahimatpur,17.612152,74.17217,43113099999,SATARA,17.517,74.05,16.72
RMPB,Rampur,25.358763,88.60611,42506099999,BALURGHAT,25.217,88.783,23.76
RMPR,Rampur  Halt,25.1721586608,86.1406539392,42498099999,BHAGALPUR,25.233,86.95,81.71
RMR,Ramnagar,29.390223,79.12223900000001,42147099999,MUKTESHWAR KUMAON,29.467,79.65,51.82
RMRB,Ramnagar Bengal,21.677450999999998,87.55405,42901099999,DIGHA,21.617,87.5,8.74
RMT,Ramgarh Cantt,23.617327,85.520249,42701099999,BIRSA MUNDA,23.314,85.322,39.33
RMU,Rampur,28.778862999999998,79.023419,42187099999,MORADABAD,28.833,78.75,27.31
RMV,Ramavarappadu,16.5262013806,80.67971387700001,43181099999,VIJAYAWADA,16.53,80.797,12.51
RMY,Rukmapur,17.27365,77.67542399999999,43168099999,MAHABUBNAGAR,16.75,78.0,67.69
RMZ,Routhpuram Halt,18.6209643431,84.3356803912,43105099999,KALINGAPATAM,18.333,84.133,38.5
RN,Ratnagiri,17.002793,73.356938,43110099999,RATNAGIRI,16.983,73.333,3.37
RNC,Ranchi,23.348811,85.33352,42701099999,BIRSA MUNDA,23.314,85.322,4.05
RNE,Ranjani,19.646129,76.107028,43014099999,AURANGABAD,19.863,75.398,78.02
RNG,Raniganj,23.602851,87.11698,42706099999,BANKURA,23.383,87.083,24.69
RNGG,Rangaliting,26.656417,93.918286,42420099999,GOLAGHAT,26.517,93.983,16.78
RNH,Runkhera,23.413846043299998,75.1888022272,42661099999,RATLAM,23.317,75.05,17.8
RNJ,Runija,23.06077,75.3768327,42662099999,UJJAIN,23.183,75.783,43.7
RNL,Ranala,21.372813,74.47179,42846099999,NANDURBAR,21.333,74.25,23.39
RNO,Ranoli,22.405252095399998,73.1122662115,42744099999,VALLABH VIDYANAGAR,22.567,72.933,25.74
RNPR,Rupnarayanpur,23.818703000000003,86.885481,42706099999,BANKURA,23.383,87.083,52.46
RNQ,Renukut,24.203558,83.039896,42587099999,DALTONGANJ,24.05,84.067,105.62
RNR,Ranibennur,14.625461,75.635054,43227099999,HAVERI,14.783,75.4,30.76
RNRD,Ranipur Road,25.270917999999998,79.055869,42467099999,NOWGONG,25.067,79.45,45.69
RNT,Ranthambhore,26.093062999999997,76.41000100000001,42456099999,SHEOPUR,25.667,76.683,54.68
RNTL,Ranital,21.149665,86.55647400000001,42973099999,CHANDBALI,20.783,86.733,44.7
RNV,Raniwara,24.750455,72.204293,42540099999,MOUNT ABU,24.6,72.717,54.44
RNW,Renwal,27.149463,75.356234,42249099999,SIKAR,27.617,75.133,56.47
RNY,Rangiya,26.447900999999998,91.605929,42408099999,RANGIA,26.433,91.617,1.99
ROA,Rusera Ghat,25.746302,86.035742,42391099999,DARBHANGA,26.167,85.9,48.71
ROHA,Roha,18.44649043,73.12357712000001,43058099999,ALIBAG,18.633,72.867,34.08
ROHN,Rohednagar Halt,28.7611280103,76.8140929907,42176099999,ROHTAK,28.833,76.583,23.89
ROI,Reoti,25.833886,84.37469,42488099999,CHAPRA,25.783,84.733,36.31
ROK,Rohtak,28.890904,76.57955000000001,42176099999,ROHTAK,28.833,76.583,6.45
ROP,Rupsa,21.621995,87.018507,42895099999,BALASORE,21.517,86.933,14.65
RORA,Rora,25.293896,79.236769,42467099999,NOWGONG,25.067,79.45,33.12
ROU,Rourkela,22.22844,84.86313200000001,42793099999,ROURKELA,22.217,84.883,2.41
ROZA,Roza,27.853121,79.956038,42266099999,SHAHJAHANPUR,27.883,79.9,6.43
RPAN,Rangapara North,26.8215934,92.682658,42415099999,TEZPUR,26.617,92.783,24.84
RPAR,Rupnagar,30.972816,76.533241,42705299999,CHANDIGARH,30.673,76.789,41.33
RPH,Rampur Hat,24.179797,87.78214700000001,42603099999,BERHAMPORE,24.133,88.267,49.47
RPJ,Rajpura,30.486458949,76.5940201901,42104099999,NAHAN,30.4,76.767,19.17
RPMN,Rampurmani Haran,29.8055980689,77.4598714294,42137099999,KARNAL,29.7,77.033,42.85
RPO,Rawatpur,26.482981000000002,80.298113,42367099999,KANPUR CHAKERI,26.404,80.41,14.19
RPR,Raghunathpur,25.565439,84.305227,42488099999,CHAPRA,25.783,84.733,49.22
RPRD,Rupra Road,20.08447,83.330956,42961099999,TITLAGARH,20.3,83.3,24.18
RPRL,Raparla Halt,15.619244,80.16912099999999,43221099999,ONGOLE,15.5,80.083,16.15
RPUR,Ratanpur,25.279794000000003,86.57608,42498099999,BHAGALPUR,25.233,86.95,37.96
RPV,Rajapatti,26.1808149265,84.80838331540001,42488099999,CHAPRA,25.783,84.733,44.87
RPZ,Rana Pratap Nagar,24.582417,73.72805600000001,42542099999,UDAIPUR / MAHARANA PRATAP,24.618,73.896,17.43
RRB,Birur,13.591101,75.974749,43260099999,CHICKMAGALUR,13.25,75.75,45.05
RRGA,Rangareddy Guda,16.901936,78.18083299999999,43168099999,MAHABUBNAGAR,16.75,78.0,25.61
RRL,Rewral,21.261121,79.468096,42866099999,NAGPUR (MAYO HOSPITAL),21.15,79.117,38.44
RRME,Ranchi Road,23.665992000000003,85.51160300000001,42701099999,BIRSA MUNDA,23.314,85.322,43.66
RRP,Rairangpur,22.440956,86.16420749999999,42795099999,CHAIBASA,22.55,85.817,37.67
RRS,Raghuraj Singh,26.255836,80.87966899999999,42471099999,FATEHPUR,25.933,80.833,36.2
RRU,Rayaru,26.307454,78.12986400000001,42361099999,GWALIOR,26.293,78.228,9.91
RSG,Ramsagar,23.106248,87.277063,42706099999,BANKURA,23.383,87.083,36.61
RSH,Ratanshahar,28.158119435028283,75.52398098632693,42174099999,PILANI,28.333,75.583,20.29
RSJ,Rayser,24.915225999999997,77.549884,42559099999,GUNA,24.65,77.317,37.72
RSMN,Ramgovindsingh Mahuli Halt,25.5318741843,85.11323059809999,42492099999,JAI PRAKASH NARAYAN INTL PATNA,25.591,85.088,7.04
RSNR,Rai Singh Nagar,29.535956,73.450472,41678099999,BAHAWALNAGAR,29.95,73.25,49.94
RSR,Rasra,25.861714,83.85785,42482099999,GHAZIPUR,25.4,83.55,59.9
RSWT,Ramgarh Shekhawati,28.169397,74.993046,42170099999,CHURU,28.25,74.917,11.66
RSYI,Rasayani,18.894001999999997,73.151919,43060099999,MATHERAN,18.983,73.283,16.97
RTA,Ruthiyai Junction,24.531922,77.175827,42559099999,GUNA,24.65,77.317,19.39
RTGH,Ratangarh,28.0665867073,74.6236025668,42170099999,CHURU,28.25,74.917,35.26
RTI,Raoti,23.183572,74.87867399999999,42661099999,RATLAM,23.317,75.05,22.95
RTM,Ratlam,23.34038,75.050826,42661099999,RATLAM,23.317,75.05,2.6
RTN,Retang,20.199417999999998,85.760851,42971099999,BHUBANESHWAR / BIJU PATNAIK INTL,20.244,85.818,7.75
RTP,Ratanpura,25.921924,83.744472,42482099999,GHAZIPUR,25.4,83.55,61.22
RTWS,Rahatwas,24.522934000000003,77.83266,42559099999,GUNA,24.65,77.317,54.02
RU,Renigunta,13.636261,79.50628999999999,43275099999,TIRUPATHI,13.667,79.583,8.97
RUB,Rasulabad,25.826999,80.977088,42471099999,FATEHPUR,25.933,80.833,18.62
RUI,Rukni,23.551806,86.548025,42705099999,PURULIA,23.333,86.417,27.76
RUPC,Rudrapur City,28.969281,79.379212,42148099999,PANTNAGAR,29.033,79.467,11.09
RUR,Ranpur,22.359871000000002,71.717303,42740099999,SURENDRANAGAR,22.733,71.6,43.2
RURA,Rura,26.485377,79.908216,42367099999,KANPUR CHAKERI,26.404,80.41,50.77
RV,Raver,21.222201,76.044594,42851099999,JALGAON,21.05,75.567,53.11
RVK,Raja Bhat Khawa,26.6201438112,89.528605351,42403099999,COOCH BEHAR,26.333,89.467,32.51
RVKH,Ravindrakhani,18.936594000000003,79.461396,43086099999,RAMGUNDAM,18.767,79.433,19.09
RWJ,Rawania Dungar,25.887841,76.313705,42456099999,SHEOPUR,25.667,76.683,44.39
RWL,Raiwala,30.032143,78.209877,42111099999,DEHRADUN,30.317,78.033,35.95
RWO,Ranavav,21.698214,69.726078,42830099999,PORBANDAR,21.65,69.667,8.12
RWTB,Rowta Bagan,26.736799,92.21490999999999,42413099999,MAJBAT,26.75,92.35,13.49
RXL,Raxaul,26.987018000000003,84.84456399999999,44449099999,SIMARA,27.159,84.98,23.36
RXM,Rooma,26.35704,80.43035699999999,42367099999,KANPUR CHAKERI,26.404,80.41,5.6
RYP,Rayanapad,16.577504,80.562937,43181099999,VIJAYAWADA,16.53,80.797,25.5
SA,Salem,11.671726000000001,78.113415,43325099999,SALEM,11.65,78.167,6.32
SAA,Sathiaon,26.034194,83.28731699999999,42482099999,GHAZIPUR,25.4,83.55,75.27
SAB,Santamagulur,16.147071,79.91505599999999,43177099999,RENTACHINTALA,16.55,79.55,59.37
SAC,Sanichara,26.363371,78.198369,42361099999,GWALIOR,26.293,78.228,8.36
SADP,Saidapur,16.5700011556,77.2497912268,43169099999,RAICHUR,16.2,77.35,42.51
SAG,Sangrur,30.2437913998,75.8305174701,42101099999,PATIALA,30.333,76.467,61.91
SAGM,Sagma,24.622107,80.828347,42571099999,SATNA,24.567,80.833,6.15
SAH,Saphale,19.576592,72.82182599999999,43001099999,DAHANU,19.967,72.717,44.78
SAK,Sak Bahadurpur,22.178375,73.559848,42744099999,VALLABH VIDYANAGAR,22.567,72.933,77.6
SAL,Salwa,21.236542,79.292976,42866099999,NAGPUR (MAYO HOSPITAL),21.15,79.117,20.63
SALE,Salar,23.774579,88.111097,42603099999,BERHAMPORE,24.133,88.267,42.89
SALI,Saheli,26.705766999999998,75.031546,42343099999,AJMER,26.45,74.617,50.08
SAN,Sandila,27.059455,80.517354,42369099999,LUCKNOW / CHAUDHARY CHARAN SINGH INTL,26.761,80.889,49.59
SANK,Sank,26.430519999999998,78.059751,42361099999,GWALIOR,26.293,78.228,22.69
SANR,Sardarnagar,26.700858999999998,83.494054,42379099999,GORAKHPUR,26.74,83.45,6.17
SAO,Sagoni,23.811896152499997,79.8114389709,42674099999,DAMOH,23.833,79.45,36.84
SAP,Sattenapalle,16.405018,80.152704,43182099999,NANDIGAMA,16.783,80.283,44.26
SAPE,Sape Wamane,18.085549,73.356471,43111099999,MAHABALESHWAR,17.933,73.667,36.96
SAS,Sheodaspura Padampura,26.71363,75.88328200000001,42348099999,JAIPUR,26.824,75.812,14.17
SASN,Sahibzada Ajit Singh Nagar,30.666125,76.739952,42705299999,CHANDIGARH,30.673,76.789,4.75
SASR,Sausar,21.658885,78.80252499999999,42768099999,CHHINDWARA,22.1,79.0,53.11
SAT,Sant Road,22.7963945628,73.80040253419999,42744099999,VALLABH VIDYANAGAR,22.567,72.933,92.57
SAU,Sanand,23.024215821600002,72.3847494653,42647099999,AHMEDABAD / SARDAR VALLABHBHAI PATEL INTL,23.077,72.635,26.27
SAV,Savda,21.111116,75.91065900000001,42851099999,JALGAON,21.05,75.567,36.3
SAW,Suriawan,25.461039999999997,82.423665,42479099999,LAL BAHADUR SHASTRI VARANASI INTL,25.45,82.867,44.53
SBB,Sahibabad,28.674037,77.364182,42182099999,SAFDARJUNG,28.585,77.206,18.34
SBBJ,Sri Bala Bramareshwara Jogulamba,15.915692,78.04160499999999,43213099999,KURNOOL,15.8,78.067,13.15
SBC,Ksr Bengaluru,12.977595,77.56808299999999,43295099999,BANGALORE,12.967,77.583,2.0
SBD,Sleemanabad Rd,23.614369,80.285208,42675099999,JABALPUR,23.178,80.052,54.04
SBE,Sorbhog,26.494286000000002,90.88828099999999,42407099999,GOALPARA,26.183,90.633,42.96
SBG,Sahibganj,25.241391999999998,87.63457700000001,42500099999,PURNEA,25.267,87.467,17.09
SBH,Sulebhavi,15.912563,74.641724,43198099999,BELGAUM,15.859,74.618,6.47
SBHR,Subrahmanya Road,12.7312724613,75.5576150342,43287099999,MADIKERI,12.417,75.733,39.79
SBLT,Shri Bhadriya Lathi,27.030421,71.515941,42328099999,JAISALMER,26.9,70.917,61.1
SBNM,Subarnamrigi,24.27321,88.292124,42603099999,BERHAMPORE,24.133,88.267,15.8
SBO,Sabaur,25.239083,87.045918,42499099999,SABAUR,25.233,87.067,2.23
SBP,Sambalpur,21.4830514376,83.9603252667,42883099999,SAMBALPUR,21.467,83.967,1.91
SBPY,Sambalpur City,21.4770222859,84.0076171613,42883099999,SAMBALPUR,21.467,83.967,4.35
SBR,Sambhar Lake,26.904308,75.179915,42348099999,JAIPUR,26.824,75.812,63.33
SBRA,Sarbahara,22.710501999999998,81.91042900000001,42779099999,PENDRA ROAD,22.767,81.9,6.37
SBT,Sabarmati,23.077545999999998,72.58928200000001,42647099999,AHMEDABAD / SARDAR VALLABHBHAI PATEL INTL,23.077,72.635,4.68
SBV,S Bhakhtiyarpur,25.7208597875,86.5973840167,42393099999,SUPAUL,26.133,86.583,45.85
SBW,Shewbabudih,23.659482,86.390668,42705099999,PURULIA,23.333,86.417,36.4
SBZ,Siswa Bazar,27.1495669522,83.7563490747,44438099999,BHAIRAHAWA / GAUTAM BUDDHA,27.506,83.416,51.97
SC,Secunderabad,17.433146999999998,78.50148100000001,43128099999,BEGUMPET AIRPORT / HYDERABAD INTL,17.452,78.461,4.78
SCA,Salchapra,24.827278,92.671939,42619099999,SILCHAR,24.75,92.8,15.52
SCH,Sachin,21.077673,72.874083,42840099999,SURAT,21.2,72.833,14.25
SCI,Sanchi,23.488096,77.735783,42672099999,RAISEN,23.317,77.833,21.46
SCKR,Salichauka Road,22.833649,78.67629099999999,42767099999,PACHMARHI,22.467,78.433,47.81
SCL,Silchar,24.830337999999998,92.786795,42619099999,SILCHAR,24.75,92.8,9.03
SCM,Simhachalam,17.744667,83.220449,43149099999,VISHAKHAPATNAM CTLZ,17.717,83.217,3.1
SCMN,Simhachalam North,17.752094,83.209636,43149099999,VISHAKHAPATNAM CTLZ,17.717,83.217,3.98
SCPR,Shyama Charanpur Hal,20.642413,85.616279,42970099999,CUTTACK,20.467,85.933,38.31
SCT,Sengottai,8.9874125,77.24185,43354099999,PUNALUR,9.0,76.917,35.71
SCV,Sukhchain,29.767847,74.99009799999999,42131099999,HISAR,29.179,75.755,98.84
SCY,Sachiwalay(halt),25.5962020296,85.1173521326,42492099999,JAI PRAKASH NARAYAN INTL PATNA,25.591,85.088,3.0
SD,Sidhauli,27.281001999999997,80.837587,42369099999,LUCKNOW / CHAUDHARY CHARAN SINGH INTL,26.761,80.889,58.05
SDAH,Sealdah,22.566758,88.374713,42807099999,BEHALA,22.505,88.293,10.84
SDB,Shahabad,17.121662999999998,76.943513,43121099999,GULBARGA,17.35,76.85,27.26
SDD,Sindhawadar,22.546528000000002,70.894135,42737099999,RAJKOT,22.309,70.78,28.9
SDE,Sadisopur,25.566169000000002,84.916992,42492099999,JAI PRAKASH NARAYAN INTL PATNA,25.591,85.088,17.37
SDF,Sudsar,28.012356,73.785795,42165099999,BIKANER,28.0,73.3,47.71
SDGH,Sri Dungargarh,28.070311,74.008011,42165099999,BIKANER,28.0,73.3,69.93
SDGM,Sardargram,23.070758,72.641987,42647099999,AHMEDABAD / SARDAR VALLABHBHAI PATEL INTL,23.077,72.635,1.0
SDH,Saradhna,26.3404260124,74.5662047516,42343099999,AJMER,26.45,74.617,13.19
SDI,Sagardighi,24.287789,88.105398,42603099999,BERHAMPORE,24.133,88.267,23.77
SDL,Shahdol,23.285961999999998,81.36407299999999,42679099999,UMARIA,23.533,80.883,56.25
SDLE,Swadinpur,24.253477999999998,87.822587,42603099999,BERHAMPORE,24.133,88.267,47.02
SDLP,Sadulpur,28.631138,75.386989,42174099999,PILANI,28.333,75.583,38.29
SDMD,Sudamdih,23.654478,86.44032,42705099999,PURULIA,23.333,86.417,35.83
SDMK,Sidmukh,28.893890064746117,75.290472144261,42131099999,HISAR,29.179,75.755,55.18
SDN,Sholavandan,10.02227,77.96508200000001,43359099999,MADURAI,9.917,78.117,20.34
SDNR,Seydunganallur,8.639358,77.834992,43376099999,PALAYANKOTTAI,8.733,77.75,13.99
SDRA,Sudharana,28.453681,76.425807,42176099999,ROHTAK,28.833,76.583,44.88
SDS,Sadulshahr,29.902641430417788,74.17270445264876,42123099999,GANGANAGAR,29.917,73.917,24.7
SDT,Sadat,25.673309,83.308384,42482099999,GHAZIPUR,25.4,83.55,38.87
SDV,Somidevipalle,15.4534,79.038111,43212099999,NANDYAL,15.467,78.483,59.51
SDVL,Soldevanahalli,13.091395,77.490385,43295099999,BANGALORE,12.967,77.583,17.09
SEB,Son Nagar,24.882212999999997,84.22927299999999,42588099999,DEHRI,24.917,84.183,6.06
SED,Shedbal,16.720293,74.752769,43158099999,SANGLI,16.85,74.6,21.74
SEE,Sonpur,25.696849,85.16685100000001,42492099999,JAI PRAKASH NARAYAN INTL PATNA,25.591,85.088,14.18
SEG,Shegaon,20.801724,76.690331,42933099999,AKOLA,20.7,77.033,37.38
SEGM,Sevagram,20.739076,78.619225,42939099999,WARDHA,20.667,78.583,8.86
SEH,Sehore,23.215095,77.07788199999999,42667099999,BHOPAL / RAJA BHOJ,23.287,77.337,27.65
SEJ,Sarkhej,22.981944000000002,72.497486,42647099999,AHMEDABAD / SARDAR VALLABHBHAI PATEL INTL,23.077,72.635,17.6
SELU,Selu,19.448059999999998,76.43326400000001,43017099999,PARBHANI,19.133,76.833,54.66
SEM,Seram,17.180683000000002,77.28353,43121099999,GULBARGA,17.35,76.85,49.74
SEN,Senapura,13.717680182199999,74.6840119482,43229099999,SHIRALI,14.067,74.533,42.12
SEO,Seohara,29.204807000000002,78.580977,42187099999,MORADABAD,28.833,78.75,44.49
SEP,Sodpur,22.698850999999998,88.382193,42809099999,NETAJI SUBHASH CHANDRA BOSE INTL,22.655,88.447,8.25
SES,Semari,24.07001,73.841822,42542099999,UDAIPUR / MAHARANA PRATAP,24.618,73.896,61.18
SEU,Sendra,26.077973999999998,74.194143,42343099999,AJMER,26.45,74.617,59.07
SEY,Seoni,22.075431,79.545769,42771099999,SEONI,22.083,79.55,0.95
SF,Settigunta,13.87431,79.382302,43275099999,TIRUPATHI,13.667,79.583,31.64
SFC,Saintala,20.433878,83.335045,42961099999,TITLAGARH,20.3,83.3,15.33
SFG,Subedarganj,25.439879,81.789897,42475099999,ALLAHABAD ARPT,25.44,81.734,5.61
SFH,Safedabad,26.8978573678,81.1166012347,42369099999,LUCKNOW / CHAUDHARY CHARAN SINGH INTL,26.761,80.889,27.23
SFR,Safrai,27.029014999999998,94.942883,42314099999,DIBRUGARH,27.484,95.017,51.12
SFW,Sarangpur,23.5810641859,76.4871872211,42557099999,RAJGARH,24.0,76.717,52.12
SFX,Safilguda,17.461671,78.53311000000001,43128099999,BEGUMPET AIRPORT / HYDERABAD INTL,17.452,78.461,7.72
SFY,Shajapur,23.425074,76.297843,42662099999,UJJAIN,23.183,75.783,59.07
SGA,Shergarh,30.080230999999998,74.947251,42123099999,GANGANAGAR,29.917,73.917,100.86
SGAC,Sogariya,25.230055,75.90022099999999,42452099999,KOTA,25.16,75.846,9.51
SGAM,Sareigram,24.039636,82.205614,42577099999,SIDHI,24.417,81.867,54.22
SGBJ,Surgaon Banjari,21.946109,76.544215,42855099999,KHANDWA,21.833,76.367,22.19
SGD,Songadh,21.728936,71.886759,42080199999,BHAVNAGAR,21.752,72.185,30.91
SGDM,Sigadam,18.360601,83.68144099999999,43105099999,KALINGAPATAM,18.333,84.133,47.76
SGDP,Sagadapata,21.244692,85.909396,42891099999,KEONGJHARGARH,21.617,85.517,58.0
SGE,Sankaridurg,11.445732,77.870439,43338099999,ERODE,11.483,77.767,12.01
SGF,Sangat,30.088059,74.83253,42123099999,GANGANAGAR,29.917,73.917,90.19
SGG,Sultanganj,25.24085,86.736175,42498099999,BHAGALPUR,25.233,86.95,21.52
SGJ,Safdarganj,26.914454,81.36116,42369099999,LUCKNOW / CHAUDHARY CHARAN SINGH INTL,26.761,80.889,49.86
SGKM,Srungavruksham,16.543756,81.601906,43187099999,NARSAPUR,16.433,81.7,16.16
SGL,Sagauli,26.758187,84.73934,42383099999,MOTIHARI,26.667,84.917,20.35
SGLA,Sangola,17.435563000000002,75.187581,43117099999,SOLAPUR,17.628,75.935,82.09
SGNR,Shri Ganganagar,29.931792,73.87141700000001,42123099999,GANGANAGAR,29.917,73.917,4.69
SGO,Saugor,23.84735,78.74292,42671099999,SAGAR,23.85,78.75,0.78
SGP,Sohagpur,22.693813,78.194338,42767099999,PACHMARHI,22.467,78.433,35.16
SGR,Sangameshwar Road,17.201998999999997,73.546234,43110099999,RATNAGIRI,16.983,73.333,33.27
SGRA,Sangaria,29.792507999999998,74.466053,42123099999,GANGANAGAR,29.917,73.917,54.73
SGRD,Saragaon Road  Halt,22.019979,82.743775,42782099999,BILASPUR,21.988,82.111,65.33
SGRL,Singrauli,24.204257000000002,82.642735,42577099999,SIDHI,24.417,81.867,82.09
SGS,Shoghi,31.038759000000002,77.12423700000001,42083099999,SHIMLA,31.1,77.167,7.93
SGUJ,Siliguri,26.723204,88.413663,42398099999,BAGDOGRA,26.681,88.329,9.63
SGV,Saragchni,24.01772,88.244037,42603099999,BERHAMPORE,24.133,88.267,13.03
SGZ,Shamgarh,24.191141000000002,75.642842,42452099999,KOTA,25.16,75.846,109.67
SHAN,Srinivasa Nagar,17.9099557799,78.4619205481,43083099999,MEDAK,18.05,78.267,25.84
SHC,Saharsa,25.875207999999997,86.594953,42393099999,SUPAUL,26.133,86.583,28.69
SHDM,Shahbad Marknda,30.166186,76.861554,42103099999,AMBALA,30.383,76.767,25.76
SHDR,Shadhoragaon,24.633366,77.584671,42559099999,GUNA,24.65,77.317,27.12
SHE,Seoraphuli,22.774749,88.328809,42809099999,NETAJI SUBHASH CHANDRA BOSE INTL,22.655,88.447,18.01
SHF,Shirud,20.735376,74.876271,42925099999,MALEGAON,20.55,74.533,41.24
SHG,Shahganj,26.061399,82.679662,42479099999,LAL BAHADUR SHASTRI VARANASI INTL,25.45,82.867,70.53
SHGN,Shri Ghasinagar,27.086514837299998,76.6268054126,42255099999,ALWAR,27.5,76.583,46.18
SHH,Shapur,21.478281,70.37105700000001,42832099999,KESHOD,21.317,70.317,18.79
SHK,Sheikpura,25.132088,85.854024,42492099999,JAI PRAKASH NARAYAN INTL PATNA,25.591,85.088,92.35
SHM,Shalimar,22.555508,88.315615,42807099999,BEHALA,22.505,88.293,6.08
SHMI,Shiroor,13.930712,74.59396600000001,43229099999,SHIRALI,14.067,74.533,16.52
SHN,Suchan Kotli,29.515832999999997,75.170322,42131099999,HISAR,29.179,75.755,67.93
SHNR,Shadnagar,17.064646,78.213273,43128599999,HYDERABAD INTL AIRPORT / RAJIV GANDHI INTL,17.233,78.417,28.62
SHR,Sihora Road,23.467136,80.110265,42675099999,JABALPUR,23.178,80.052,32.7
SHSK,Saharsrakund,19.402665,78.00795299999999,43025099999,ADILABAD,19.65,78.533,61.52
SHTT,Silghat Town,26.608902,92.929931,42415099999,TEZPUR,26.617,92.783,14.63
SHU,Sholinghur,13.013974,79.484589,43277099999,TIRUTTANI,13.15,79.533,16.01
SHV,Shivani,13.8111396742,76.0582362866,43258099999,SHIVAMOGGA,13.858,75.62,47.6
SHZ,Summer Hill,31.107469,77.138165,42083099999,SHIMLA,31.1,77.167,2.87
SIA,Shivlankha,23.380465,70.620232,42638099999,KANDLA AERODROME,23.15,70.117,57.44
SID,Siddhpur,23.918067,72.367959,42539099999,DEESA,24.2,72.2,35.69
SIE,Siddampalli,13.160644999999999,79.137135,43303099999,VELLORE,12.917,79.15,27.13
SII,Sitimani,16.31992,75.865598,43161099999,BIJAPUR,16.817,75.717,57.5
SIKD,Sikroda Kwanri,26.569564,77.96285300000001,42354099999,DHOLPUR,26.667,77.833,16.85
SIKR,Sikar,27.616275,75.15337799999999,42249099999,SIKAR,27.617,75.133,2.01
SIL,Sakhi Gopal,19.942882,85.816074,43053099999,PURI,19.8,85.817,15.89
SILO,Silao,25.078598999999997,85.434638,42591099999,GAYA,24.744,84.951,61.35
SINI,Sini,22.78946,85.94702600000001,42798099999,JAMSHEDPUR,22.813,86.169,22.9
SIOB,Samakhiali B G,23.309819,70.503394,42638099999,KANDLA AERODROME,23.15,70.117,43.3
SIP,Suraimanpur,25.80918,84.48002199999999,42488099999,CHAPRA,25.783,84.733,25.49
SIPA,Singhookharia,22.498243000000002,85.795126,42795099999,CHAIBASA,22.55,85.817,6.18
SIPR,Sihapar,26.757903231,83.16487227660001,42379099999,GORAKHPUR,26.74,83.45,28.38
SIR,Sirhind,30.624222,76.383194,42101099999,PATIALA,30.333,76.467,33.36
SIRD,Sird,27.5544208128,72.5964046204,42237099999,PHALODI,27.133,72.367,52.05
SIW,Shiravade,17.3606825795,74.1573548438,43113099999,SATARA,17.517,74.05,20.78
SJL,Sgm Jagarlamudi,16.246589,80.570521,43181099999,VIJAYAWADA,16.53,80.797,39.71
SJN,Sanjan,20.19165,72.820594,42916099999,DAMAN,20.417,72.85,25.24
SJP,Shujalpur,23.381235999999998,76.72347500000001,42667099999,BHOPAL / RAJA BHOJ,23.287,77.337,63.51
SJQ,Surajpur Road,23.289233,82.880146,42693099999,AMBIKAPUR,23.167,83.25,40.16
SJS,Shamlaji Road,23.621619,73.335655,42654099999,GANDHINAGAR,23.233,72.717,76.49
SJT,Shujaatpur,25.605607000000003,81.401934,42475099999,ALLAHABAD ARPT,25.44,81.734,38.07
SK,Saakhun,26.7380786343,75.0911894116,42343099999,AJMER,26.45,74.617,57.0
SKA,Sikandra Rao,27.684085999999997,78.387573,42262099999,ALIGARH,27.883,78.067,38.52
SKAP,Skpara,23.971989,91.94712,42618099999,KAILASHAHAR,24.317,92.0,38.74
SKAR,Sakariya,24.607481,80.90078,42571099999,SATNA,24.567,80.833,8.2
SKB,Shikohabad,27.085686,78.57495499999999,42364099999,ETAWAH,26.921,79.062,51.61
SKEN,Sukhshena Halt,25.790577,87.111962,42395099999,FORBESGANJ,26.3,87.267,58.72
SKF,Sakhoti Tanda,29.192626,77.71804900000001,42139099999,MEERUT,29.017,77.717,19.53
SKGH,Saktesgarh,24.999741,82.821887,42483099999,VARANASI,25.3,83.017,38.73
SKHK,Sukhasan Kothi Halt,25.841387,87.15210099999999,42395099999,FORBESGANJ,26.3,87.267,52.27
SKI,Sakri,26.208947000000002,86.078137,42391099999,DARBHANGA,26.167,85.9,18.38
SKJ,Sahibpur Kamal,25.4270372397,86.4001292639,42498099999,BHAGALPUR,25.233,86.95,59.33
SKLI,Sukli,21.677859,79.683653,42771099999,SEONI,22.083,79.55,47.11
SKLR,Sakleshpur,12.945368,75.778745,43260099999,CHICKMAGALUR,13.25,75.75,34.02
SKM,Singarayakonda,15.253117999999999,80.027126,43221099999,ONGOLE,15.5,80.083,28.1
SKN,Srikrishn Nagar,25.88403,82.447803,42479099999,LAL BAHADUR SHASTRI VARANASI INTL,25.45,82.867,63.99
SKND,Sukinda Road,20.971268,86.05375,42970099999,CUTTACK,20.467,85.933,57.46
SKP,Shankarpalli,17.450825,78.131116,43128099999,BEGUMPET AIRPORT / HYDERABAD INTL,17.452,78.461,34.99
SKQ,Sikandarpur,28.247759000000002,77.783931,42183099999,BULANDSHAHR,28.4,77.867,18.78
SKRI,Sikaria,25.5633290199,84.34768584109999,42488099999,CHAPRA,25.783,84.733,45.69
SKS,Salekasa,21.30163,80.493224,42871099999,GONDIA ARPT/BIRSI,21.524,80.288,32.6
SKT,Sakti,22.011785000000003,82.956526,42782099999,BILASPUR,21.988,82.111,87.21
SKTN,Shaktinagar,24.122899,82.704734,42577099999,SIDHI,24.417,81.867,91.0
SKZR,Sirpur Kaghaznagar,19.345659,79.489201,43086099999,RAMGUNDAM,18.767,79.433,64.61
SL,Surathkal,12.989191,74.80617699999999,43285099999,MANGALORE/PANAMBUR,12.95,74.833,5.24
SLB,Salboni,22.640971,87.321899,42803099999,MIDNAPORE,22.417,87.317,24.91
SLD,Sakaldiha,25.331472,83.289193,42482099999,GHAZIPUR,25.4,83.55,27.29
SLF,Silli,23.351563397099998,85.82812938660001,42701099999,BIRSA MUNDA,23.314,85.322,51.85
SLGE,Sulerjavalge,17.45892,75.974841,43117099999,SOLAPUR,17.628,75.935,19.27
SLGR,Simaluguri,26.917281,94.756816,42423199999,JORHAT,26.732,94.176,61.21
SLI,Sangli,16.858669000000003,74.588939,43158099999,SANGLI,16.85,74.6,1.52
SLJ,Sakrigali,25.243358999999998,87.715967,42500099999,PURNEA,25.267,87.467,25.18
SLKR,Salka Road,22.36745,82.010606,42782099999,BILASPUR,21.988,82.111,43.44
SLKX,Salakati,26.44577,90.357339,42407099999,GOALPARA,26.183,90.633,40.11
SLM,Somalapuram,14.914015000000001,76.86885600000001,43233099999,CHITRADURGA,14.233,76.433,89.08
SLN,Sultanpur,26.263027,82.066106,42374099999,AYODHA,26.748,82.163,54.78
SLNA,Salauna,25.603476,86.260279,42393099999,SUPAUL,26.133,86.583,67.15
SLO,Samalkot,17.044827,82.168724,43189099999,KAKINADA,16.95,82.233,12.57
SLR,Salogra,30.934311,77.130516,42083099999,SHIMLA,31.1,77.167,18.75
SLRA,Sarala,21.511822,84.017534,42883099999,SAMBALPUR,21.467,83.967,7.22
SLRD,Surla Road,19.177016000000002,84.719145,43049099999,GOPALPUR,19.267,84.883,19.9
SLS,Salanpur,23.760355,86.876395,42706099999,BANKURA,23.383,87.083,46.95
SLW,Sohwal,26.753048,81.983837,42374099999,AYODHA,26.748,82.163,17.8
SLX,Seleng Hat,26.783438032899998,94.4827626898,42423199999,JORHAT,26.732,94.176,30.99
SLY,Samalpatti,12.311594,78.484032,43302099999,TIRUPPATTUR,12.483,78.567,21.08
SM,Samsi,25.276197,88.00975700000001,42503099999,MALDA,25.033,88.133,29.75
SMAE,Samudra Garh,23.335767,88.324967,42711099999,KRISHNANAGAR,23.4,88.517,20.86
SMBL,Simbhooli,28.765190999999998,77.98347199999999,42139099999,MEERUT,29.017,77.717,38.17
SMBX,Samba,32.528358000000004,75.120256,42056099999,JAMMU,32.667,74.833,31.01
SMDP,Shahabad Mdpur,28.560927,77.071838,42181099999,INDIRA GANDHI INTL,28.567,77.103,3.12
SME,Shimoga,13.927613,75.592671,43258099999,SHIVAMOGGA,13.858,75.62,8.28
SMET,Shimoga Town,13.943036999999999,75.583174,43258099999,SHIVAMOGGA,13.858,75.62,10.26
SMF,Samar Gopalpur,28.9608890803,76.51864460750001,42176099999,ROHTAK,28.833,76.583,15.54
SMI,Sitamarhi,26.594374000000002,85.504707,42387099999,MUZAFFARPUR,26.117,85.4,54.1
SMK,Samalkha,29.240172,77.003034,42137099999,KARNAL,29.7,77.033,51.21
SML,Shimla,31.102794,77.159932,42083099999,SHIMLA,31.1,77.167,0.74
SMLA,Samlaya,22.483966,73.302104,42744099999,VALLABH VIDYANAGAR,22.567,72.933,39.02
SMLG,Shimili Guda,18.303639999999998,82.95710500000001,43097099999,KORAPUT,18.817,82.717,62.44
SMNE,Somatne,18.952233,73.145524,43060099999,MATHERAN,18.983,73.283,14.86
SMO,Semapur,25.524483,87.47044100000001,42500099999,PURNEA,25.267,87.467,28.63
SMP,Shambhupura,24.771439,74.641918,42546099999,CHITTORGARH,24.883,74.633,12.44
SMPA,Shyampura,25.222941000000002,75.233108,42447099999,BHILWARA,25.35,74.633,61.97
SMPR,Shri Madhopur,27.457628,75.59829400000001,42249099999,SIKAR,27.617,75.133,49.18
SMQL,Shamli,29.444596999999998,77.316231,42137099999,KARNAL,29.7,77.033,39.46
SMR,Samdhari,25.837202,72.57300699999999,42339099999,JODHPUR,26.251,73.049,66.17
SMRL,Samarala,30.824281,76.18245499999999,42099099999,LUDHIANA,30.867,75.933,24.28
SMRR,Sumreri,24.006945,78.399411,42671099999,SAGAR,23.85,78.75,39.68
SMT,Salamatpur,23.461639,77.67275,42672099999,RAISEN,23.317,77.833,22.94
SMTL,Simariatal,25.9219956094,78.3042595734,42460099999,DATIA,25.667,78.467,32.7
SMX,Simurali,23.041337,88.51016399999999,42714099999,BAGATI,22.983,88.367,16.02
SMZ,Sarai Mir,26.0281419,82.9239538,42479099999,LAL BAHADUR SHASTRI VARANASI INTL,25.45,82.867,64.54
SNA,Sadanapura,22.602487999999997,73.01247500000001,42744099999,VALLABH VIDYANAGAR,22.567,72.933,9.06
SNAR,Srinagar,25.3640471585,75.5690913623,42452099999,KOTA,25.16,75.846,35.92
SNC,S Narayan Chhapia,26.9810021017,82.3961659851,42374099999,AYODHA,26.748,82.163,34.73
SNCA,Singra,25.984617,91.143131,42410099999,GUWAHATI INTL / LOKPRIYA GOPINATH BORDOLOI INTL,26.106,91.586,46.26
SNDD,Sindhudurg,16.111322,73.67934,43193099999,VENGURLA,15.867,73.633,27.62
SNF,Sanatnagar,17.4616070935,78.4359471722,43128099999,BEGUMPET AIRPORT / HYDERABAD INTL,17.452,78.461,2.86
SNGN,Sanganer,26.814113,75.772245,42348099999,JAIPUR,26.824,75.812,4.1
SNGR,Sanganapur,19.188596,76.7364,43017099999,PARBHANI,19.133,76.833,11.88
SNH,Saunshi,15.206786,75.295781,43201199999,HUBLI / HUBBALLI,15.35,75.083,27.83
SNI,Sindi,20.816446,78.883342,42867099999,DR BABA SAHEB AMBEDKAR INTL,21.092,79.047,35.04
SNIE,Sath Naraini,25.795325,81.03942,42471099999,FATEHPUR,25.933,80.833,25.71
SNK,Sindkheda,21.234022,74.73536700000001,42846099999,NANDURBAR,21.333,74.25,51.48
SNKB,Sonkhamb,21.274259,78.725612,42867099999,DR BABA SAHEB AMBEDKAR INTL,21.092,79.047,39.0
SNKG,Sankaragummanur Halt,15.167166,77.235523,43237099999,PBO ANANTAPUR,14.583,77.633,77.74
SNKL,Sankarankovil,9.176539,77.525924,43376099999,PALAYANKOTTAI,8.733,77.75,55.12
SNKR,Sanka,23.52693,86.616164,42705099999,PURULIA,23.333,86.417,29.63
SNL,Sanahwal,30.837436,75.9795,42099099999,LUDHIANA,30.867,75.933,5.52
SNLR,Santalpur,23.759161000000002,71.181545,42539099999,DEESA,24.2,72.2,114.5
SNM,Sitanagaram,18.672547,83.375524,43097099999,KORAPUT,18.817,82.717,71.18
SNN,Sonegaon,20.629319,78.709706,42939099999,WARDHA,20.667,78.583,13.83
SNP,Sonipat,28.989423000000002,77.017343,42176099999,ROHTAK,28.833,76.583,45.72
SNPR,Singarpur,27.116202,77.72370699999999,42260099999,AGRA,27.156,77.961,23.89
SNQ,Sankarpur,24.427623,86.637552,42599099999,DUMKA,24.267,87.25,64.56
SNRR,Sansarpur,23.6789703455,80.3473074512,42679099999,UMARIA,23.533,80.883,56.94
SNS,Sasni,27.704263607599998,78.1224601752,42262099999,ALIGARH,27.883,78.067,20.61
SNSI,Sainagar Shirdi,19.780792299999998,74.4806877,42920099999,OZAR AIR FORCE STATION /NASHIK ARPT,20.119,73.914,70.16
SNSL,Sonshelu,21.274379,74.66225600000001,42846099999,NANDURBAR,21.333,74.25,43.2
SNT,Sainthia,23.949741,87.68120499999999,42708099999,SHANTI NIKETAN,23.65,87.7,33.38
SNTD,Santaldih,23.596660999999997,86.48312299999999,42705099999,PURULIA,23.333,86.417,30.08
SNX,Saneh Road,29.689652272500002,78.4494025903,42143099999,NAJIBABAD,29.617,78.383,10.32
SOA,Sanosara,21.748110299,71.7894786566,42080199999,BHAVNAGAR,21.752,72.185,40.85
SOAE,Somra Bazar,23.13916,88.433032,42714099999,BAGATI,22.983,88.367,18.63
SOD,Sojat Road,25.862203,73.75567199999999,42339099999,JODHPUR,26.251,73.049,82.78
SOG,Suratgarh,29.324152,73.90724800000001,42123099999,GANGANAGAR,29.917,73.917,65.93
SOGR,Sagra,22.153756,84.459478,42792099999,SUNDARGARH,22.117,84.033,44.12
SOJN,Sihor Gujarat,21.724798000000003,71.957197,42080199999,BHAVNAGAR,21.752,72.185,23.72
SOL,Solan,30.907937,77.097531,42083099999,SHIMLA,31.1,77.167,22.36
SOM,Somna,28.052674,77.948193,42262099999,ALIGARH,27.883,78.067,22.18
SONH,Seonan Halt,25.285709039300002,85.01186038569999,42492099999,JAI PRAKASH NARAYAN INTL PATNA,25.591,85.088,34.8
SONI,Soni,26.527305000000002,78.55522599999999,42361099999,GWALIOR,26.293,78.228,41.72
SOQ,Sompur Road,15.421498999999999,75.87207,43201099999,GADAG,15.417,75.633,25.63
SOR,Sonagir,25.730668,78.409099,42460099999,DATIA,25.667,78.467,9.15
SORO,Soro,21.291083999999998,86.69253900000001,42895099999,BALASORE,21.517,86.933,35.37
SOS,Somesar,25.520225999999997,73.450999,42441099999,ERINPURA /JAWAI DAM SITE,25.083,73.083,61.09
SOT,Shohratgarh,27.374710999999998,82.96929300000001,44438099999,BHAIRAHAWA / GAUTAM BUDDHA,27.506,83.416,46.44
SOU,Supaul,26.117556999999998,86.603023,42393099999,SUPAUL,26.133,86.583,2.64
SPC,Sitapur City,27.583612,80.679695,42270099999,KHERI,27.9,80.8,37.12
SPDM,Singhpur Dumra,25.065781416,79.8964954901,42567099999,KHAJURAHO,24.983,79.917,9.43
SPE,Sullurupeta,13.696463,80.018161,43275099999,TIRUPATHI,13.667,79.583,47.13
SPF,Stuartpuram,15.868003,80.406913,43220099999,BAPATLA,15.9,80.467,7.35
SPGR,Sampige Road,13.270203,76.760983,43263099999,HASSAN,12.967,76.333,57.31
SPJ,Samastipur,25.858304,85.78736,42391099999,DARBHANGA,26.167,85.9,36.12
SPK,Sapekhati,27.110416,95.160918,42314099999,DIBRUGARH,27.484,95.017,43.91
SPLE,Sujnipara,24.571584,88.03679699999999,42503099999,MALDA,25.033,88.133,52.22
SPN,Shahjehanpur,27.894224,79.904605,42266099999,SHAHJAHANPUR,27.883,79.9,1.33
SPP,Shahpur Patoree,25.639425999999997,85.5813,42492099999,JAI PRAKASH NARAYAN INTL PATNA,25.591,85.088,49.75
SPRD,Singapuram Road,19.258673,83.403066,43042099999,BHAWANIPATNA,19.917,83.183,76.75
SPRM,Sitapuram,18.814443,83.982854,43105099999,KALINGAPATAM,18.333,84.133,55.82
SPT,Sompeta,18.981296999999998,84.58149999999999,43049099999,GOPALPUR,19.267,84.883,44.86
SPX,Sapatgram,26.334709,90.10955799999999,42423099999,JORHAT,26.067,90.167,30.31
SPYA,Sipaya,26.564981,84.326498,42383099999,MOTIHARI,26.667,84.917,59.79
SPZ,Sampla,28.781933000000002,76.773299,42176099999,ROHTAK,28.833,76.583,19.39
SQF,Sukritipur,24.913078000000002,92.582849,42619099999,SILCHAR,24.75,92.8,28.44
SQL,Sontalai,22.613017999999997,77.94977499999999,42763099999,HOSHANGABAD,22.767,77.767,25.39
SQN,Sarai Kansrai,25.516633,82.34519800000001,42479099999,LAL BAHADUR SHASTRI VARANASI INTL,25.45,82.867,52.9
SQQ,Salagaon,20.56434,85.957487,42970099999,CUTTACK,20.467,85.933,11.12
SQR,Sultanpur Lodi,31.211713,75.203016,42071099999,AMRITSAR,31.71,74.797,67.48
SQW,Sidhwalia,26.333838,84.666995,42383099999,MOTIHARI,26.667,84.917,44.62
SRAS,Siras,26.2571138478,76.00108138670001,42348099999,JAIPUR,26.824,75.812,65.78
SRBA,Saragbundia,22.212297,82.732324,42782099999,BILASPUR,21.988,82.111,68.7
SRC,Santragachi,22.58393,88.284011,42807099999,BEHALA,22.505,88.293,8.83
SRE,Saharanpur,29.960529,77.54173899999999,42137099999,KARNAL,29.7,77.033,56.99
SRF,Sagar Jambagaru,14.142728,75.15471199999999,43258099999,SHIVAMOGGA,13.858,75.62,59.35
SRGH,Surajgarh,28.30168415387253,75.73429978452623,42174099999,PILANI,28.333,75.583,15.21
SRGM,Srirangam,10.857918,78.696348,43343099999,TIRUCHIRAPALLI TOWN,10.767,78.717,10.36
SRGP,Saragipali,20.98404,84.565386,42969099999,ANGUL,20.833,85.1,58.02
SRGT,Surendranagar G,22.734565,71.636053,42740099999,SURENDRANAGAR,22.733,71.6,3.7
SRID,Sridham,23.033843,79.484397,42770099999,NARSINGHPUR,22.95,79.183,32.23
SRJ,Shankargarh,25.1813005966,81.6190324237,42475099999,ALLAHABAD ARPT,25.44,81.734,31.0
SRJM,Sirjam,23.403864,86.83509699999999,42706099999,BANKURA,23.383,87.083,25.41
SRJN,Sirajnagar,23.818590999999998,88.27076000000001,42603099999,BERHAMPORE,24.133,88.267,34.96
SRKI,Semarkheri,24.288941,78.177733,42671099999,SAGAR,23.85,78.75,75.88
SRKR,Salarkhurd,26.447388357799998,84.273451449,42383099999,MOTIHARI,26.667,84.917,68.51
SRNK,Soron Shukar Kshetra,27.883353999999997,78.748458,42262099999,ALIGARH,27.883,78.067,66.98
SRNR,Sriramnagar,16.306568,77.865894,43168099999,MAHABUBNAGAR,16.75,78.0,51.34
SRNT,Sarnath,25.375998,83.032634,42483099999,VARANASI,25.3,83.017,8.6
SRO,Sirathu,25.650642,81.31786,42475099999,ALLAHABAD ARPT,25.44,81.734,47.87
SRP,Serampore,22.753967999999997,88.338031,42809099999,NETAJI SUBHASH CHANDRA BOSE INTL,22.655,88.447,15.69
SRPJ,Swarupganj,24.6581702628,72.9319259351,42540099999,MOUNT ABU,24.6,72.717,22.67
SRPM,Siripuram,16.412602999999997,80.295123,43182099999,NANDIGAMA,16.783,80.283,41.21
SRR,Shoranur,10.758854999999999,76.27219600000001,43357099999,THRISSUR,10.517,76.217,27.56
SRRG,Surergoth,27.18282,76.605353,42255099999,ALWAR,27.5,76.583,35.34
SRSI,Sarsi,25.86331602863504,87.28521798737347,42395099999,FORBESGANJ,26.3,87.267,48.59
SRT,Satur,9.357545,77.92156999999999,43360099999,MADURAI,9.835,78.093,56.32
SRTL,Cherthala,9.690992,76.325151,43352099999,ALAPUZHA,9.55,76.417,18.63
SRTN,Sibsagar Town,26.989967999999998,94.643517,42423199999,JORHAT,26.732,94.176,54.53
SRU,Salempur,26.298048,83.923271,42379099999,GORAKHPUR,26.74,83.45,68.06
SRVX,Suravali (h),15.291947,73.939328,43194099999,GOA INTL,15.381,73.831,15.26
SRW,Shri Karanpur,29.844419000000002,73.458716,41678099999,BAHAWALNAGAR,29.95,73.25,23.29
SRWN,Saraswati Nagar,21.251382,81.603905,42872099999,MANA,21.233,81.65,5.2
SRY,Sirari,25.132853,85.952587,42492099999,JAI PRAKASH NARAYAN INTL PATNA,25.591,85.088,100.71
SSA,Sirsa,29.539153,75.034944,42131099999,HISAR,29.179,75.755,80.46
SSB,Shakurbasti,28.680227328700003,77.1299115857,42181099999,INDIRA GANDHI INTL,28.567,77.103,12.86
SSD,Shamsabad,27.469911999999997,79.438167,42266099999,SHAHJAHANPUR,27.883,79.9,64.64
SSIA,Suisa,23.196775,85.909013,42798099999,JAMSHEDPUR,22.813,86.169,50.29
SSKL,Suskal,22.316377000000003,73.806077,42744099999,VALLABH VIDYANAGAR,22.567,72.933,93.96
SSL,Sirsaul,26.297301,80.462852,42367099999,KANPUR CHAKERI,26.404,80.41,12.98
SSM,Sasaram,24.955926,84.019423,42588099999,DEHRI,24.917,84.183,17.05
SSN,Sason,21.5595350543,84.03917034669999,42883099999,SAMBALPUR,21.467,83.967,12.71
SSNH,Shri Sharada Nagar,13.260739,76.454627,43263099999,HASSAN,12.967,76.333,35.22
SSNS,Shaeed Suraj Naryan Singh,26.2010198369,86.04289692260001,42391099999,DARBHANGA,26.167,85.9,14.75
SSPD,Sadashivapet Rd,17.4835646427,77.8728203638,43125099999,BIDAR,17.917,77.533,60.16
SSPN,Sai P Nilayam,14.160468,77.757559,43237099999,PBO ANANTAPUR,14.583,77.633,48.86
SSPR,Sadashibapur,20.735286,85.504693,42969099999,ANGUL,20.833,85.1,43.45
SSU,Sasa Musa,26.527558,84.357082,42383099999,MOTIHARI,26.667,84.917,57.79
SSV,Sasvad Road,18.4732023111,73.9546461121,43063099999,PUNE,18.533,73.85,12.88
ST,Surat,21.206568,72.840793,42840099999,SURAT,21.2,72.833,1.09
STA,Satna,24.568619,80.827717,42571099999,SATNA,24.567,80.833,0.56
STBJ,Sitabinj,21.500203,85.79053,42891099999,KEONGJHARGARH,21.617,85.517,31.13
STD,Satrod,29.108936,75.82118,42131099999,HISAR,29.179,75.755,10.1
STF,Sikta,27.024365,84.680541,44449099999,SIMARA,27.159,84.98,33.21
STJT,Sathajagat,25.631007269799998,85.86778899539999,42391099999,DARBHANGA,26.167,85.9,59.69
STKT,Sasthankotta,9.0323103106,76.59888294679999,43354099999,PUNALUR,9.0,76.917,35.12
STL,Simultala,24.713365,86.541782,42498099999,BHAGALPUR,25.233,86.95,70.93
STLI,Sithouli,26.145594,78.18700399999999,42361099999,GWALIOR,26.293,78.228,16.89
STLR,Sitalpur,25.768739999999998,85.03663800000001,42492099999,JAI PRAKASH NARAYAN INTL PATNA,25.591,85.088,20.42
STN,Sitarampur,23.723864,86.896472,42706099999,BANKURA,23.383,87.083,42.4
STNL,Satnali,28.382338,75.966232,42174099999,PILANI,28.333,75.583,37.9
STP,Sitapur,27.558728,80.697762,42270099999,KHERI,27.9,80.8,39.26
STPD,Sitafal Mandi,17.428339,78.520289,43128099999,BEGUMPET AIRPORT / HYDERABAD INTL,17.452,78.461,6.82
STR,Satara,17.688361,74.063727,43113099999,SATARA,17.517,74.05,19.11
STSN,Shaitansinghanagar,27.052218,72.468139,42237099999,PHALODI,27.133,72.367,13.45
STW,Sahatwar,25.827831,84.295491,42488099999,CHAPRA,25.783,84.733,44.08
SUBR,Subhagpur,27.26251,82.01764299999999,42273099999,BAHRAICH,27.567,81.6,53.35
SUD,Sudhani,25.727853611399997,87.87948867189999,42500099999,PURNEA,25.267,87.467,65.88
SUI,Sui,28.8992313011,76.0614295142,42131099999,HISAR,29.179,75.755,43.07
SUJH,Sujangarh,27.708763,74.463659,42249099999,SIKAR,27.617,75.133,66.7
SUKU,Suku,18.714329,82.726061,43097099999,KORAPUT,18.817,82.717,11.46
SUL,Suldhal,16.001728105999998,74.67814298520001,43198099999,BELGAUM,15.859,74.618,17.12
SUNR,Surendranagar,22.7443,71.630056,42740099999,SURENDRANAGAR,22.733,71.6,3.33
SUP,Shrungavarpukta,18.116239,83.132531,43149099999,VISHAKHAPATNAM CTLZ,17.717,83.217,45.28
SUR,Solapur,17.664496,75.893401,43117099999,SOLAPUR,17.628,75.935,5.99
SURI,Siuri,23.890185,87.5327,42708099999,SHANTI NIKETAN,23.65,87.7,31.67
SURL,Sureli,26.118939,76.077102,42456099999,SHEOPUR,25.667,76.683,78.73
SV,Siwan,26.210724000000003,84.359267,42488099999,CHAPRA,25.783,84.733,60.47
SVA,Suwasra,24.069844,75.64834400000001,42662099999,UJJAIN,23.183,75.783,99.56
SVC,Siwan Kachari,26.226705,84.34871700000001,42488099999,CHAPRA,25.783,84.733,62.52
SVDK,Shri Mata Vaishno Devi Katra,32.982814,74.935736,42056099999,JAMMU,32.667,74.833,36.41
SVG,Sawalgi,17.339489999999998,76.71113700000001,43121099999,GULBARGA,17.35,76.85,14.78
SVGA,Sivaganga,9.852970000000001,78.49906899999999,43327099999,KARAIKUDI,10.067,78.8,40.65
SVH,Sonadanga,23.636393,88.354092,42711099999,KRISHNANAGAR,23.4,88.517,31.09
SVHE,Sisvinhalli,15.4300360491,75.3193615509,43201199999,HUBLI / HUBBALLI,15.35,75.083,26.86
SVJR,Shivaji Nagar,18.531738,73.851147,43063099999,PUNE,18.533,73.85,0.19
SVKD,Savarkundla,21.335082,71.31266699999999,42834099999,AMRELI,21.6,71.217,31.08
SVKS,Sivakasi,9.463321,77.78924400000001,43360099999,MADURAI,9.835,78.093,53.07
SVL,Sevaliya,22.807897,73.344328,42744099999,VALLABH VIDYANAGAR,22.567,72.933,49.98
SVM,Sanvordem (kudchade),15.264064,74.10866,43194099999,GOA INTL,15.381,73.831,32.49
SVNR,Savanur,14.9617089325,75.4063188531,43227099999,HAVERI,14.783,75.4,19.88
SVPI,Shivpuri,25.438444,77.638246,42459099999,SHIVPURI,25.333,77.65,11.78
SVPR,Srivilliputtur,9.497497,77.64494,43360099999,MADURAI,9.835,78.093,61.81
SVQ,Sivok,26.880144,88.468742,42296099999,KALIMPONG,27.067,88.467,20.78
SVRP,Shivanarayanpur,25.2937259592,87.3330938318,42500099999,PURNEA,25.267,87.467,13.79
SVV,Srivaikuntam,8.622475999999999,77.906323,43376099999,PALAYANKOTTAI,8.733,77.75,21.13
SVX,Sawarda,17.405007,73.515528,43110099999,RATNAGIRI,16.983,73.333,50.77
SWA,Sahjanwa,26.763075,83.2147,42379099999,GORAKHPUR,26.74,83.45,23.5
SWC,Shivrampur,25.219375000000003,80.82678299999999,42473099999,BANDA,25.467,80.367,53.79
SWD,Sanawad,22.17581,76.074567,42855099999,KHANDWA,21.833,76.367,48.6
SWM,Sawai Madhopur,26.018279,76.35622,42456099999,SHEOPUR,25.667,76.683,50.94
SWNI,Siwani,28.9148353709,75.6040669287,42131099999,HISAR,29.179,75.755,32.83
SWO,Sonwara,30.894075,77.004229,42105099999,CHANDIGARH(IAFB),30.733,76.883,21.33
SWPR,Sewapuri,25.35077,82.76954900000001,42479099999,LAL BAHADUR SHASTRI VARANASI INTL,25.45,82.867,14.75
SWR,Sonua,22.576498,85.464081,42795099999,CHAIBASA,22.55,85.817,36.36
SWRT,Sahawar Town,27.794835,78.831344,42262099999,ALIGARH,27.883,78.067,75.79
SWV,Sawantwadi Road,15.866512,73.785308,43193099999,VENGURLA,15.867,73.633,16.29
SXA,Sagphata,21.574033,76.392141,42855099999,KHANDWA,21.833,76.367,28.91
SXB,Sambre,15.891067999999999,74.593121,43198099999,BELGAUM,15.859,74.618,4.45
SXN,Sonakhan,22.166579000000002,84.519562,42793099999,ROURKELA,22.217,84.883,37.84
SXT,Salem Town,11.660046,78.162096,43325099999,SALEM,11.65,78.167,1.24
SY,Sirkazhi,11.240305,79.726353,43207099999,PARANGIPETTAI,11.5,79.767,29.21
SYA,Salaia,23.8460764217,79.96911659119999,42674099999,DAMOH,23.833,79.45,52.82
SYC,Sarai Chandi,25.5394209652,81.97958463810001,42475099999,ALLAHABAD ARPT,25.44,81.734,27.02
SYL,Salpura,24.773701,76.733005,42559099999,GUNA,24.65,77.317,60.57
SYM,Savalyapuram,16.102801,79.81953,43177099999,RENTACHINTALA,16.55,79.55,57.45
SYN,Sayan,21.317203,72.890287,42840099999,SURAT,21.2,72.833,14.32
SYWN,Saiyid Sarawan,25.494982,81.613788,42475099999,ALLAHABAD ARPT,25.44,81.734,13.53
SZB,Sarona Cabin,21.2532719083,81.5736163281,42872099999,MANA,21.233,81.65,8.23
SZM,Subzi Mandi,28.668683,77.199696,42182099999,SAFDARJUNG,28.585,77.206,9.33
SZR,Sarupathar,26.195595,93.862021,42420099999,GOLAGHAT,26.517,93.983,37.72
SZY,Silak Jhori,18.982188,81.672904,43041099999,JAGDALPUR,19.083,82.033,39.48
SZZ,Sabira,21.236882,86.62923699999999,42895099999,BALASORE,21.517,86.933,44.27
TA,Tanur,10.97954,75.880597,42705599999,CALICUT,11.137,75.955,19.3
TAA,Tadla Pusapalli,17.626312868499998,79.9541837128,43137099999,KHAMMAM,17.25,80.15,46.72
TABU,Talaburu,22.358169,85.75594199999999,42795099999,CHAIBASA,22.55,85.817,22.23
TAC,Taticherla,14.7483502106,77.59500059450001,43237099999,PBO ANANTAPUR,14.583,77.633,18.84
TADA,Tada,13.587948,80.035435,43275099999,TIRUPATHI,13.667,79.583,49.68
TAE,Tadali,20.034835,79.187503,43029099999,CHANDRAPUR,19.967,79.3,13.97
TAKU,Taku,22.5155599418,77.8158087866,42763099999,HOSHANGABAD,22.767,77.767,28.4
TALL,Tall,25.3787000521,85.9546829749,42391099999,DARBHANGA,26.167,85.9,87.83
TAN,Tarana Road,23.264582,76.06701699999999,42662099999,UJJAIN,23.183,75.783,30.41
TAO,Tamna,23.268988,86.352313,42705099999,PURULIA,23.333,86.417,9.71
TAP,Tapang,20.052879,85.580989,42971099999,BHUBANESHWAR / BIJU PATNAIK INTL,20.244,85.818,32.62
TAPA,Tapa,30.302839,75.366053,42099099999,LUDHIANA,30.867,75.933,82.95
TAR,Tharsa,21.256602,79.41467,42866099999,NAGPUR (MAYO HOSPITAL),21.15,79.117,33.06
TAS,Thasra,22.797769,73.221682,42744099999,VALLABH VIDYANAGAR,22.567,72.933,39.19
TAT,Tummanamgutta,13.707414,78.37926300000001,43271099999,AROGYAVARAM,13.533,78.5,23.37
TATA,Tatanagar,22.768954,86.20056000000001,42799099999,JAMSHEDPUR,22.817,86.183,5.64
TAZ,Targaon,17.514242,74.155817,43113099999,SATARA,17.517,74.05,11.22
TBA,Timba Road,22.781628,73.385859,42744099999,VALLABH VIDYANAGAR,22.567,72.933,52.23
TBAE,Tribeni,22.990357999999997,88.398096,42714099999,BAGATI,22.983,88.367,3.29
TBB,Tilbhita,24.677287999999997,87.842581,42503099999,MALDA,25.033,88.133,49.22
TBL,Tarcherra Brlrm,27.205008000000003,77.104134,42255099999,ALWAR,27.5,76.583,61.03
TBM,Tambaram,12.926035689399999,80.1191573807,43279099999,CHENNAI INTL,12.994,80.181,10.1
TBN,Timarni,22.375860000000003,77.2294,42763099999,HOSHANGABAD,22.767,77.767,70.28
TBT,Talbahat,25.039255,78.414552,42562099999,TIKAMGARH,24.767,78.833,51.94
TBV,Timbarva,21.146312,73.144398,42840099999,SURAT,21.2,72.833,32.84
TCL,Tyakal,12.984096000000001,78.070518,43272099999,CHINTAMANI,13.2,78.067,24.01
TCN,Tiruchendur,8.501774,78.117118,43379099999,TUTICORIN NEW PORT,8.75,78.183,28.54
TCR,Thrisur,10.514790000000001,76.207919,43357099999,THRISSUR,10.517,76.217,1.02
TDD,Tadepalligudem,16.809960999999998,81.526314,43184099999,NIDADAVOLE,16.833,81.583,6.55
TDL,Tundla,27.207747,78.233285,42260099999,AGRA,27.156,77.961,27.54
TDLE,Tildanga,24.786749,87.873801,42503099999,MALDA,25.033,88.133,37.86
TDN,Tiruparankundram,9.879446999999999,78.065958,43360099999,MADURAI,9.835,78.093,5.76
TDO,Tanda Urmar,31.672179,75.637595,42077099999,UNA,31.467,76.267,63.84
TDPR,Tiruppadiripuliyur,11.748883,79.753349,43329099999,CUDDALORE,11.767,79.767,2.5
TDU,Tandur,17.25044,77.585037,43168099999,MAHABUBNAGAR,16.75,78.0,71.02
TEA,Taregna,25.3552301906,85.038112915,42492099999,JAI PRAKASH NARAYAN INTL PATNA,25.591,85.088,26.69
TEK,Tekkali Ph,18.605282,84.231178,43105099999,KALINGAPATAM,18.333,84.133,32.0
TEL,Tenali,16.242409000000002,80.640413,43181099999,VIJAYAWADA,16.53,80.797,36.08
TELO,Telo,23.811038,86.13389199999999,42705099999,PURULIA,23.333,86.417,60.48
TELY,Telia,24.8058876,87.0262456,42499099999,SABAUR,25.233,87.067,47.67
TEN,Tirunelveli,8.73636,77.707979,43376099999,PALAYANKOTTAI,8.733,77.75,4.63
TEO,Teegaon,21.637046,78.460308,42860099999,BETUL,21.867,77.933,60.16
TET,Tetulmari,23.814441,86.34357,42705099999,PURULIA,23.333,86.417,54.05
TETA,Telta,25.806579,87.84221,42500099999,PURNEA,25.267,87.467,70.83
TFGN,Tufanganj,26.303308,89.667639,42403099999,COOCH BEHAR,26.333,89.467,20.27
TGA,Teghra,25.511020000000002,85.941774,42391099999,DARBHANGA,26.167,85.9,73.06
TGL,Tuggali,15.310975000000001,77.53014599999999,43213099999,KURNOOL,15.8,78.067,79.15
TGM,Tangarmunda,22.09407,84.35861200000001,42792099999,SUNDARGARH,22.117,84.033,33.64
TGN,Talegaon,18.734829,73.67201399999999,43063099999,PUNE,18.533,73.85,29.25
TGP,Tuljapur,20.800701,78.808237,42939099999,WARDHA,20.667,78.583,27.74
TGQ,Tenganmada,22.507027,81.99575,42779099999,PENDRA ROAD,22.767,81.9,30.53
TGRL,Tangiri Apal,21.164083,85.925812,42891099999,KEONGJHARGARH,21.617,85.517,65.79
TGU,Tarigoppula,16.485676,80.836307,43181099999,VIJAYAWADA,16.53,80.797,6.47
TH,Tinich,26.882281000000003,82.639707,42279099999,BASTI,26.8,82.733,13.01
THA,Tehta,25.1130684669,84.98502287230001,42591099999,GAYA,24.744,84.951,41.18
THAN,Than,22.578960000000002,71.20653300000001,42740099999,SURENDRANAGAR,22.733,71.6,43.86
THB,Thana Bihpur,25.393571,86.934758,42498099999,BHAGALPUR,25.233,86.95,17.92
THDR,Thandla Rd,23.032708,74.666939,42661099999,RATLAM,23.317,75.05,50.32
THE,Thawe,26.438991,84.394398,42383099999,MOTIHARI,26.667,84.917,57.83
THEA,Thalera,25.3152769684,75.73774364929999,42452099999,KOTA,25.16,75.846,20.41
THKU,Thalaku,14.450854,76.675366,43233099999,CHITRADURGA,14.233,76.433,35.62
THM,Thaiyat Hamira,26.992725999999998,71.077426,42328099999,JAISALMER,26.9,70.917,18.95
THO,Tulin,23.378363,85.902125,42705099999,PURULIA,23.333,86.417,52.8
THP,Taherpur,23.259379000000003,88.54311899999999,42711099999,KRISHNANAGAR,23.4,88.517,15.86
THV,Therubali,19.335826,83.42130900000001,43042099999,BHAWANIPATNA,19.917,83.183,69.28
THVM,Thivim,15.62955,73.87610400000001,43192099999,GOA/PANJIM,15.483,73.817,17.48
TIA,Tilaya,24.821998,85.401101,42591099999,GAYA,24.744,84.951,46.26
TIBI,Tibi,29.54286582323833,74.50160639360547,42123099999,GANGANAGAR,29.917,73.917,70.12
TIG,Titlagarh,20.284399,83.154382,42961099999,TITLAGARH,20.3,83.3,15.29
TIHU,Tihu,26.471321,91.267699,42408099999,RANGIA,26.433,91.617,35.03
TIM,Timmanacherla,15.163466000000001,77.394077,43237099999,PBO ANANTAPUR,14.583,77.633,69.46
TIR,Tirur,10.917757,75.92186500000001,42705599999,CALICUT,11.137,75.955,24.65
TIS,Tatisilwai,23.369844999999998,85.435706,42701099999,BIRSA MUNDA,23.314,85.322,13.17
TISI,Tisi,21.382994,74.364777,42846099999,NANDURBAR,21.333,74.25,13.12
TIT,Talit,23.29331,87.819122,42709099999,BURDWAN,23.233,87.85,7.41
TIU,Tilaru,18.4704858205,84.0726809924,43105099999,KALINGAPATAM,18.333,84.133,16.56
TIW,Tivari,26.554730000000003,72.889577,42339099999,JODHPUR,26.251,73.049,37.32
TJ,Thanjavur,10.778085,79.138296,43330099999,THANJAVUR,10.783,79.133,0.8
TJH,Tajgadh,22.350958,73.90478800000001,42744099999,VALLABH VIDYANAGAR,22.567,72.933,102.71
TJP,Tajpur,23.2169677672,75.9235679364,42662099999,UJJAIN,23.183,75.783,14.85
TK,Tumkur,13.333033,77.10243899999999,43295099999,BANGALORE,12.967,77.583,66.06
TKA,Teharka,25.300234,78.917318,42463099999,JHANSI,25.491,78.558,41.87
TKB,Tupkadih,23.7136175901,86.0638904572,42705099999,PURULIA,23.333,86.417,55.56
TKBG,Teka Bigha,25.465009000000002,85.485186,42492099999,JAI PRAKASH NARAYAN INTL PATNA,25.591,85.088,42.24
TKBN,Tsakibanda,15.163457000000001,77.178109,43237099999,PBO ANANTAPUR,14.583,77.633,80.97
TKD,Tuglakabad,28.511962999999998,77.294046,42182099999,SAFDARJUNG,28.585,77.206,11.83
TKE,Tarikere,13.710886,75.812209,43258099999,SHIVAMOGGA,13.858,75.62,26.43
TKG,Thakurganj,26.426933,88.129704,42398099999,BAGDOGRA,26.681,88.329,34.51
TKH,Thakurtota,21.651992,86.97071700000001,42895099999,BALASORE,21.517,86.933,15.51
TKHE,Takarkhede,21.03491,75.167017,42851099999,JALGAON,21.05,75.567,41.54
TKJ,Tilak Bridge,28.627633,77.237995,42182099999,SAFDARJUNG,28.585,77.206,5.68
TKMG,Tikamgarh,24.7672962666,78.8406655457,42562099999,TIKAMGARH,24.767,78.833,0.77
TKN,Tankuppa,24.704046,85.119402,42591099999,GAYA,24.744,84.951,17.58
TKPL,Tikirapal Halt,21.535575,86.944638,42895099999,BALASORE,21.517,86.933,2.39
TKQ,Trikarpur,12.142185,75.176143,43315099999,CANNUR,11.833,75.333,38.38
TKR,Takari,17.129756,74.36337599999999,43158099999,SANGLI,16.85,74.6,40.01
TKRI,Tikiri,19.177667000000003,83.09910500000001,43097099999,KORAPUT,18.817,82.717,56.77
TKRP,Tikauli Rawatpr,26.399047,80.613163,42367099999,KANPUR CHAKERI,26.404,80.41,20.24
TKU,Tanakallu,13.922427,78.201224,43271099999,AROGYAVARAM,13.533,78.5,54.01
TKWD,Tikekarwadi,17.614967,75.933458,43117099999,SOLAPUR,17.628,75.935,1.46
TKYR,Tikaria,24.99538,80.86436,42571099999,SATNA,24.567,80.833,47.74
TLAM,Tulsi Ashram,25.3422743391,83.35123571720001,42482099999,GHAZIPUR,25.4,83.55,20.98
TLB,Talwa Bazar,24.694736735,86.55630277830001,42498099999,BHAGALPUR,25.233,86.95,71.81
TLC,Talchhapar,27.824805,74.487037,42170099999,CHURU,28.25,74.917,63.37
TLD,Tilda,21.550734,81.794586,42872099999,MANA,21.233,81.65,38.37
TLE,Talgaria,23.681625999999998,86.335511,42705099999,PURULIA,23.333,86.417,39.65
TLGP,Talguppa,14.214011,74.914093,43229099999,SHIRALI,14.067,74.533,44.22
TLH,Tilhar,27.972984,79.741776,42266099999,SHAHJAHANPUR,27.883,79.9,18.49
TLHD,Talcher Road,20.886651,85.207934,42969099999,ANGUL,20.833,85.1,12.7
TLHR,Talcher,20.932262,85.200385,42969099999,ANGUL,20.833,85.1,15.19
TLJ,Taljhari,25.0823504143,87.7416879089,42500099999,PURNEA,25.267,87.467,34.43
TLM,Tirusulam,12.98064,80.166111,43279099999,CHENNAI INTL,12.994,80.181,2.19
TLMR,Teliamura,23.861247,91.617734,42724099999,AGARTALA,23.887,91.24,38.51
TLO,Talandu,23.009788,88.345088,42714099999,BAGATI,22.983,88.367,3.73
TLR,Tulsipur,27.531769928899998,82.4114096783,44429099999,DANG,28.05,82.5,58.28
TLT,Tilati,17.503553,76.069348,43117099999,SOLAPUR,17.628,75.935,19.86
TLU,Tarlupadu,15.660536,79.21946200000001,43212099999,NANDYAL,15.467,78.483,81.77
TLV,Talvadya,21.9272990641,76.4437843848,42855099999,KHANDWA,21.833,76.367,13.14
TLWA,Thalwara,26.072734999999998,85.89750699999999,42391099999,DARBHANGA,26.167,85.9,10.48
TLY,Thalassery,11.75314,75.492987,43315099999,CANNUR,11.833,75.333,19.55
TMA,Tamuria,26.245715,86.352761,42393099999,SUPAUL,26.133,86.583,26.17
TMB,Temburu,18.633565,84.12696299999999,43105099999,KALINGAPATAM,18.333,84.133,33.43
TME,Tuti Melur,8.808373999999999,78.145808,43379099999,TUTICORIN NEW PORT,8.75,78.183,7.67
TMKA,Tomka,21.107333,85.975352,42970099999,CUTTACK,20.467,85.933,71.34
TMQ,Tirumangalam,9.824778,77.99090199999999,43360099999,MADURAI,9.835,78.093,11.24
TMR,Tumsar Road,21.342437,79.75141900000001,42871099999,GONDIA ARPT/BIRSI,21.524,80.288,59.09
TMS,Tumsar Town Ph,21.383833000000003,79.741784,42871099999,GONDIA ARPT/BIRSI,21.524,80.288,58.64
TMV,Tindivanam,12.229410999999999,79.65133499999999,43331099999,M.O. PONDICHERRY,11.967,79.817,34.29
TMX,Timmapur,17.169347000000002,78.288344,43128599999,HYDERABAD INTL AIRPORT / RAJIV GANDHI INTL,17.233,78.417,15.39
TMZ,Tamluk,22.275813,87.91914399999999,42805099999,ULUBERIA,22.5,87.95,25.13
TN,Tuticorin,8.806109000000001,78.15535899999999,43379099999,TUTICORIN NEW PORT,8.75,78.183,6.94
TNA,Thane,19.185757000000002,72.97541700000001,43003099999,CHHATRAPATI SHIVAJI MAHARAJ INTL,19.089,72.868,15.59
TNGL,Toranagallu,15.203137,76.66392400000001,43233099999,CHITRADURGA,14.233,76.433,110.7
TNH,Tinkheda,21.407727,78.523446,42867099999,DR BABA SAHEB AMBEDKAR INTL,21.092,79.047,64.63
TNI,Tandarai,12.1180073562,79.1470127649,43331099999,M.O. PONDICHERRY,11.967,79.817,74.77
TNJR,Tajnagar,28.3853476007,76.82424935060001,42181099999,INDIRA GANDHI INTL,28.567,77.103,33.92
TNKU,Tanuku,16.752035,81.674075,43184099999,NIDADAVOLE,16.833,81.583,13.23
TNL,Tangla,26.658355,91.912274,42408099999,RANGIA,26.433,91.617,38.61
TNM,Tiruvannamalai,12.238103,79.077782,43302099999,TIRUPPATTUR,12.483,78.567,61.8
TNR,Tanguturu,15.337535,80.033546,43221099999,ONGOLE,15.5,80.083,18.83
TNRI,Teneri Halt,25.3146062619,85.02551828,42492099999,JAI PRAKASH NARAYAN INTL PATNA,25.591,85.088,31.37
TOD,Talod,23.351347999999998,72.94796099999999,42654099999,GANDHINAGAR,23.233,72.717,27.01
TOI,Tamkuhi Road,26.721823999999998,84.228415,42383099999,MOTIHARI,26.667,84.917,68.68
TOK,Thokur,12.963579000000001,74.829167,43285099999,MANGALORE/PANAMBUR,12.95,74.833,1.57
TORI,Tori,23.680808,84.739774,42701099999,BIRSA MUNDA,23.314,85.322,72.03
TP,Tiruchchirappalli Fort,10.825594,78.688891,43344099999,TIRUCHIRAPPALLI,10.765,78.71,7.12
TPF,Tarapith Road,24.1265252897,87.7522050836,42603099999,BERHAMPORE,24.133,88.267,52.25
TPH,Tinpahar,24.996925863999998,87.7438070306,42503099999,MALDA,25.033,88.133,39.42
TPJ,Tiruchchirappalli,10.794067,78.685355,43344099999,TIRUCHIRAPPALLI,10.765,78.71,4.21
TPK,Tipkai,26.295354,90.047264,42423099999,JORHAT,26.067,90.167,28.06
TPND,Taloja Panchand,19.078901,73.087316,43003099999,CHHATRAPATI SHIVAJI MAHARAJ INTL,19.089,72.868,23.07
TPQ,Tokopal,19.007080000000002,81.878645,43041099999,JAGDALPUR,19.083,82.033,18.29
TPT,Tirupattur,12.497951,78.561419,43302099999,TIRUPPATTUR,12.483,78.567,1.77
TPTN,Tiruchrpali Twn,10.829084,78.702834,43343099999,TIRUCHIRAPALLI TOWN,10.767,78.717,7.07
TPTY,Tirupati,13.62763,79.418968,43275099999,TIRUPATHI,13.667,79.583,18.26
TPU,Tanakpur,29.067103,80.10904500000001,44409099999,DHANGADHI (ATARIYA),28.8,80.55,52.19
TPV,Tinpheria,26.618891,84.292251,42383099999,MOTIHARI,26.667,84.917,62.32
TPW,Tirupati W Hlt,13.624534,79.404624,43275099999,TIRUPATHI,13.667,79.583,19.84
TPY,Tadakalpudi,17.530163,80.532205,43136099999,BHADRACHALAM,17.667,80.883,40.17
TPZ,Tapri,29.915727999999998,77.58327200000001,42137099999,KARNAL,29.7,77.033,58.26
TQA,Takia,26.311678999999998,80.782017,42367099999,KANPUR CHAKERI,26.404,80.41,38.46
TR,Taru,20.06888,74.590775,42925099999,MALEGAON,20.55,74.533,53.84
TRAN,Torang,23.26814,85.858638,42701099999,BIRSA MUNDA,23.314,85.322,55.05
TRB,Tiruverumbur,10.787167,78.776419,43343099999,TIRUCHIRAPALLI TOWN,10.767,78.717,6.87
TRDI,Tirodi,21.688066,79.724564,42771099999,SEONI,22.083,79.55,47.46
TRG,Tarighat,25.571721452321867,83.60210496000946,42482099999,GHAZIPUR,25.4,83.55,19.8
TRJ,Tariasujan,26.653609000000003,84.270833,42383099999,MOTIHARI,26.667,84.917,64.23
TRK,Tirukkovilur,11.976052306,79.22381373900001,43329099999,CUDDALORE,11.767,79.767,63.51
TRKR,Turekala Road,20.563094809,82.8147164221,42961099999,TITLAGARH,20.3,83.3,58.42
TRL,Tiruvallur,13.115764,79.913105,43278099999,NUMGAMBAKKAM,13.067,80.2,31.54
TRO,Tirora,21.415039,79.91803499999999,42871099999,GONDIA ARPT/BIRSI,21.524,80.288,40.16
TRR,Taraori,29.797906,76.93858,42137099999,KARNAL,29.7,77.033,14.2
TRS,Tarsarai,26.194364999999998,86.013311,42391099999,DARBHANGA,26.167,85.9,11.71
TRT,Tiruttani,13.179217000000001,79.611386,43277099999,TIRUTTANI,13.15,79.533,9.09
TRTR,Tripunittura,9.9501,76.352761,43353099999,COCHIN,9.946,76.272,8.86
TRVL,Tiruvalla,9.392148,76.580267,43355099999,KOTTAYAM,9.533,76.6,15.81
TRWT,Taravata,24.74613,77.381391,42559099999,GUNA,24.65,77.317,12.51
TSAH,Tatasigua,23.7745106829,86.3316696973,42705099999,PURULIA,23.333,86.417,49.86
TSD,Tahsil Bhadra,29.101436164956112,75.16145411878824,42131099999,HISAR,29.179,75.755,58.29
TSF,Tahsil Fatehpur,27.168445000000002,81.203969,42369099999,LUCKNOW / CHAUDHARY CHARAN SINGH INTL,26.761,80.889,55.02
TSI,Tenkasi,8.963993,77.30733799999999,43354099999,PUNALUR,9.0,76.917,43.06
TSK,Tinsukia,27.4864,95.356367,42314099999,DIBRUGARH,27.484,95.017,33.48
TSL,Taksal,30.845271,76.954267,42105099999,CHANDIGARH(IAFB),30.733,76.883,14.22
TSR,Tsunduru,16.157497,80.58648699999999,43220099999,BAPATLA,15.9,80.467,31.35
TTB,Titabar,26.602048,94.199758,42423199999,JORHAT,26.732,94.176,14.64
TTL,Tiruttangal,9.4772991528,77.8108864374,43360099999,MADURAI,9.835,78.093,50.38
TTPT,Talcher Thermal Ph,20.905032,85.21712600000001,42969099999,ANGUL,20.833,85.1,14.57
TTR,Tiptur,13.256152,76.475987,43263099999,HASSAN,12.967,76.333,35.69
TU,Tadipatri,14.907558000000002,77.978985,43237099999,PBO ANANTAPUR,14.583,77.633,51.83
TUA,Tirunnavaya,10.874721,75.985675,42705599999,CALICUT,11.137,75.955,29.36
TUL,Tiraldih,23.132246,85.930834,42798099999,JAMSHEDPUR,22.813,86.169,43.07
TUN,Tohana,29.7266,75.904581,42131099999,HISAR,29.179,75.755,62.59
TUNI,Tuni,17.361079999999998,82.542462,43147099999,TUNI,17.35,82.55,1.47
TUP,Tiruppur,11.108906,77.341247,43321099999,COIMBATORE,11.031,77.044,33.57
TUV,Tuvvur,11.120495,76.282913,43316099999,NILAMBUR,11.283,76.233,18.87
TUVR,Turavur,9.772809,76.309979,43353099999,COCHIN,9.946,76.272,19.7
TUWA,Tuwa,22.800702,73.463163,42744099999,VALLABH VIDYANAGAR,22.567,72.933,60.28
TUX,Tunia,22.540308999999997,85.426059,42795099999,CHAIBASA,22.55,85.817,40.16
TVC,Thiruvananthapuram Central,8.486679,76.95120999999999,43371099999,THIRUVANANTHAPURAM,8.483,76.95,0.43
TVG,Tavargatti,15.414853643999999,74.6628751227,43200099999,DHARWAD,15.483,74.983,35.14
TVI,Taradevi,31.0758,77.139253,42083099999,SHIMLA,31.1,77.167,3.77
TVL,Tadwal,17.393190999999998,75.975729,43117099999,SOLAPUR,17.628,75.935,26.46
TVP,Trivandrum Pett,8.494524,76.931673,43372099999,THIRUVANANTHAPURAM INTL,8.482,76.92,1.89
TVR,Thiruvarur,10.764347,79.63389799999999,43347099999,NAGAPPATTINAM,10.767,79.85,23.61
TWB,Talwandi,30.861364000000002,74.92363399999999,41641099999,ALLAMA IQBAL INTL,31.522,74.404,88.54
TWG,Twining Ganj,25.568766,84.218022,42488099999,CHAPRA,25.783,84.733,56.84
TWV,Thuwavi,22.153761,73.381517,42744099999,VALLABH VIDYANAGAR,22.567,72.933,65.11
TYAE,Tenya,23.822157,88.148864,42603099999,BERHAMPORE,24.133,88.267,36.59
TZR,Turki Road,24.548879000000003,81.11757300000001,42574099999,REWA,24.533,81.3,18.54
UA,Upleta,21.746916,70.282434,42832099999,KESHOD,21.317,70.317,47.94
UAA,Uppala,12.6698,74.906488,43285099999,MANGALORE/PANAMBUR,12.95,74.833,32.16
UAM,Udagamandalam,11.404584999999999,76.694727,43317099999,UDHAGAMANDALAM,11.4,76.733,4.2
UB,Uska Bazar,27.189993,83.12594999999999,44438099999,BHAIRAHAWA / GAUTAM BUDDHA,27.506,83.416,45.34
UBC,Ambala City,30.378497,76.763996,42103099999,AMBALA,30.383,76.767,0.58
UBL,Sss Hubballi,15.350302000000001,75.148104,43201199999,HUBLI / HUBBALLI,15.35,75.083,6.98
UBR,Umbargam Road,20.153499,72.79082100000001,43001099999,DAHANU,19.967,72.717,22.12
UCA,Uchana,29.466064000000003,76.178544,42131099999,HISAR,29.179,75.755,52.01
UCR,Unchahar,25.902315,81.30014299999999,42372099999,FURSATGANJ AIRPORT,26.25,81.383,39.54
UD,Udupi,13.336341000000001,74.771733,43285099999,MANGALORE/PANAMBUR,12.95,74.833,43.47
UDGR,Udgir,18.3906018255,77.1099430353,43076099999,UDGIR,18.067,77.117,35.99
UDL,Andal,23.579012000000002,87.181194,42706099999,BANKURA,23.383,87.083,23.99
UDN,Udhna,21.171156,72.851461,42840099999,SURAT,21.2,72.833,3.74
UDPR,Udaipura,24.775688911699998,78.65148636960001,42562099999,TIKAMGARH,24.767,78.833,18.35
UDR,Amdara,24.099500875799997,80.5779045111,42571099999,SATNA,24.567,80.833,58.05
UDZ,Udaipur City,24.566862,73.699632,42542099999,UDAIPUR / MAHARANA PRATAP,24.618,73.896,20.65
UGD,Uppugunduru,15.650668,80.194463,43221099999,ONGOLE,15.5,80.083,20.57
UGNA,Ugna Halt,26.2506466399,86.0925137378,42391099999,DARBHANGA,26.167,85.9,21.34
UGR,Ugar Khurd,16.669705,74.822126,43158099999,SANGLI,16.85,74.6,31.0
UHL,Una Himachal,31.478782000000002,76.27566,42077099999,UNA,31.467,76.267,1.55
UHR,Unchhera,24.38137,80.79457,42571099999,SATNA,24.567,80.833,21.0
UJ,Ujalvav,21.905096,71.705115,42080199999,BHAVNAGAR,21.752,72.185,52.38
UJA,Unjha,23.796456,72.381669,42539099999,DEESA,24.2,72.2,48.52
UJH,Ujhani,27.995236,79.01491,42189099999,BAREILLY,28.422,79.451,63.86
UJN,Ujjain,23.178154,75.781403,42662099999,UJJAIN,23.183,75.783,0.56
UJP,Ujiarpur,25.780378,85.799605,42391099999,DARBHANGA,26.167,85.9,44.15
UKA,Ukhra,23.653692,87.232537,42706099999,BANKURA,23.383,87.083,33.74
UKC,Ukshi,17.1297597205,73.4559422882,43110099999,RATNAGIRI,16.983,73.333,20.91
UKD,Ulindakonda,15.652934,77.968687,43213099999,KURNOOL,15.8,78.067,19.45
UKH,Ukhali,18.912675,76.60581400000001,43017099999,PARBHANI,19.133,76.833,34.21
UKL,Uttukuli,11.156494,77.448615,43321099999,COIMBATORE,11.031,77.044,46.3
UKN,Uklana,29.498980000000003,75.883133,42131099999,HISAR,29.179,75.755,37.69
UKR,Udalkachhar,23.287243,82.291923,42779099999,PENDRA ROAD,22.767,81.9,70.39
ULB,Ulubaria,22.472428,88.093209,42805099999,ULUBERIA,22.5,87.95,15.03
ULG,Udalguri,26.744291,92.094329,42413099999,MAJBAT,26.75,92.35,25.4
ULL,Ullal,12.791319999999999,74.85477900000001,43285099999,MANGALORE/PANAMBUR,12.95,74.833,17.8
ULM,Urlam,18.435565999999998,83.989515,43105099999,KALINGAPATAM,18.333,84.133,18.96
ULT,Kulti,23.737816,86.84886999999999,42706099999,BANKURA,23.383,87.083,46.11
ULU,Ulundurpet,11.702177,79.317787,43329099999,CUDDALORE,11.767,79.767,49.43
UMB,Ambala Cant,30.338918,76.826966,42103099999,AMBALA,30.383,76.767,7.56
UMD,Usmanabad,18.248154,76.022663,43117099999,SOLAPUR,17.628,75.935,69.58
UMED,Umed,26.549322,73.605896,42339099999,JODHPUR,26.251,73.049,64.63
UMH,Umreth,22.693375999999997,73.119782,42744099999,VALLABH VIDYANAGAR,22.567,72.933,23.77
UMR,Umaria,23.52273,80.823244,42679099999,UMARIA,23.533,80.883,6.2
UMRA,Umra,24.522588,73.771734,42542099999,UDAIPUR / MAHARANA PRATAP,24.618,73.896,16.45
UMRI,Umri,19.0418,77.642682,43021099999,NANDED,19.083,77.333,32.87
UNDI,Undi,16.580375476,81.46418718439999,43187099999,NARSAPUR,16.433,81.7,30.01
UNL,Unhel,23.316776,75.472209,42662099999,UJJAIN,23.183,75.783,35.06
UOI,Umroli,19.754447000000003,72.76033699999999,43001099999,DAHANU,19.967,72.717,24.07
UPL,Uppalur,16.492803000000002,80.780125,43181099999,VIJAYAWADA,16.53,80.797,4.51
UR,Umdanagar,17.262932000000003,78.393143,43128599999,HYDERABAD INTL AIRPORT / RAJIV GANDHI INTL,17.233,78.417,4.18
URD,Untare Road,24.34094,83.834497,42587099999,DALTONGANJ,24.05,84.067,40.03
UREN,Uren,25.1712379405,86.2142016541,42498099999,BHAGALPUR,25.233,86.95,74.35
URGA,Urga,22.265791999999998,82.736062,42782099999,BILASPUR,21.988,82.111,71.41
URI,Uruli,18.494237,74.13682,43063099999,PUNE,18.533,73.85,30.55
URK,Urkura,21.289034,81.644569,42872099999,MANA,21.233,81.65,6.26
URMA,Urma,23.157777,86.253775,42705099999,PURULIA,23.333,86.417,25.65
URML,Upramal,25.247947,75.276627,42452099999,KOTA,25.16,75.846,58.11
URN,Utran,21.232602,72.85479600000001,42840099999,SURAT,21.2,72.833,4.27
URPR,Ugrasenpur,25.568212,82.189171,42475099999,ALLAHABAD ARPT,25.44,81.734,47.85
USD,Ukai Songadh,21.147743,73.55554,42846099999,NANDURBAR,21.333,74.25,74.86
USK,Usia Khas,25.434324,83.706967,42482099999,GHAZIPUR,25.4,83.55,16.22
USL,Uslapur,22.102548,82.111546,42782099999,BILASPUR,21.988,82.111,12.74
USRA,Usra,22.842055,74.102942,42661099999,RATLAM,23.317,75.05,110.34
UTL,Utarlai,25.788344000000002,71.44363799999999,42435099999,BARMER,25.75,71.383,7.42
UVD,Udvada,20.461236,72.918698,42916099999,DAMAN,20.417,72.85,8.69
VAA,Bhaga,23.723330999999998,86.405555,42705099999,PURULIA,23.333,86.417,43.42
VAK,Varkala,8.740732,76.722872,43354099999,PUNALUR,9.0,76.917,35.86
VAL,Vadal,21.611243,70.492663,42832099999,KESHOD,21.317,70.317,37.43
VAN,Vadhvana,22.152185,73.487264,42744099999,VALLABH VIDYANAGAR,22.567,72.933,73.32
VAPI,Vapi,20.374337999999998,72.90912700000001,42916099999,DAMAN,20.417,72.85,7.78
VAPM,Valapattanam,11.927728,75.346365,43315099999,CANNUR,11.833,75.333,10.63
VAR,Vidyanagar,17.402485,78.511657,43128099999,BEGUMPET AIRPORT / HYDERABAD INTL,17.452,78.461,7.69
VARD,Vaikam Road,9.777648,76.47461100000001,43352099999,ALAPUZHA,9.55,76.417,26.09
VBL,Bobbili,18.576763999999997,83.34572200000001,43097099999,KORAPUT,18.817,82.717,71.41
VBW,Vaibhavwadi Road,16.512013,73.707645,43157099999,KOLHAPUR,16.665,74.289,64.25
VD,Vagdiya,22.6141762638,71.2916898169,42740099999,SURENDRANAGAR,22.733,71.6,34.28
VDA,Vasad,22.452351,73.05999100000001,42744099999,VALLABH VIDYANAGAR,22.567,72.933,18.24
VDD,Vendodu,14.026947000000002,79.72840000000001,43275099999,TIRUPATHI,13.667,79.583,42.99
VDE,Vedayapalem,14.404478,79.957106,43245099999,NELLORE,14.45,79.983,5.78
VDH,Vedchha,20.874651,72.93641500000001,42915099999,BULSAR,20.617,72.933,28.65
VDI,Veldurti,15.553699,77.927621,43213099999,KURNOOL,15.8,78.067,31.19
VDL,Vaithisvarankoil,11.195825000000001,79.703785,43346099999,KARAIKAL,10.917,79.833,34.06
VDN,Vadgaon,18.742927,73.636925,43063099999,PUNE,18.533,73.85,32.39
VDS,Vidyasagar,24.103820000000002,86.69841500000001,42599099999,DUMKA,24.267,87.25,58.82
VDV,Vadiya Devli,21.689791,70.853196,42834099999,AMRELI,21.6,71.217,38.9
VEER,Veer,18.113401793300003,73.3300770068,43111099999,MAHABALESHWAR,17.933,73.667,40.89
VEN,Verna,15.353587,73.912519,43194099999,GOA INTL,15.381,73.831,9.26
VG,Viramgam,23.129098,72.052968,42647099999,AHMEDABAD / SARDAR VALLABHBHAI PATEL INTL,23.077,72.635,59.81
VGE,Valappadi G Hlt,11.654623999999998,78.400452,43325099999,SALEM,11.65,78.167,25.43
VGN,Vangaon,19.882845,72.76318500000001,43001099999,DAHANU,19.967,72.717,10.53
VI,Villianur,11.919269000000002,79.757506,43331099999,M.O. PONDICHERRY,11.967,79.817,8.37
VID,Vilavade,16.785593,73.619321,43110099999,RATNAGIRI,16.983,73.333,37.55
VINH,Vinhere,17.907649,73.38400999999999,43111099999,MAHABALESHWAR,17.933,73.667,30.07
VJA,Vejandla,16.237226,80.519729,43220099999,BAPATLA,15.9,80.467,37.92
VJPJ,Vijiypur Jammu,32.57197,75.020996,42056099999,JAMMU,32.667,74.833,20.53
VJR,Vijayanagar,16.7778119655,74.696289906,43158099999,SANGLI,16.85,74.6,13.02
VKA,Verka,31.665699,74.931669,42071099999,AMRITSAR,31.71,74.797,13.66
VKB,Vikarabad,17.337132,77.90940900000001,43128599999,HYDERABAD INTL AIRPORT / RAJIV GANDHI INTL,17.233,78.417,55.12
VKD,Bakhrabad,22.118541,87.36345,42803099999,MIDNAPORE,22.417,87.317,33.53
VKG,Vavadi Khurd,22.79511,73.502962,42744099999,VALLABH VIDYANAGAR,22.567,72.933,63.74
VKH,Vikhran,21.302739000000003,74.617881,42846099999,NANDURBAR,21.333,74.25,38.26
VKI,Venkatagiri,13.943864,79.60398699999999,43275099999,TIRUPATHI,13.667,79.583,30.87
VKM,Venkatesapuram,11.9307785279,79.442293656,43329099999,CUDDALORE,11.767,79.767,39.75
VKN,Vinukonda,16.050748,79.748004,43177099999,RENTACHINTALA,16.55,79.55,59.4
VKR,Venkatnagar,22.923269,81.872187,42779099999,PENDRA ROAD,22.767,81.9,17.61
VKT,Venkatachalam,14.327256,79.92732000000001,43245099999,NELLORE,14.45,79.983,14.91
VLA,Bavla,22.833389,72.36512300000001,42647099999,AHMEDABAD / SARDAR VALLABHBHAI PATEL INTL,23.077,72.635,38.7
VLD,Vayalpad,13.634506,78.624967,43271099999,AROGYAVARAM,13.533,78.5,17.6
VLI,Vallikunnu,11.09046,75.85165099999999,42705599999,CALICUT,11.137,75.955,12.41
VLNK,Vellankanni,10.687498999999999,79.846763,43347099999,NAGAPPATTINAM,10.767,79.85,8.85
VLR,Vellore Cantonment,12.910718,79.127493,43303099999,VELLORE,12.917,79.15,2.54
VLT,Valathoor,12.889517,78.839324,43303099999,VELLORE,12.917,79.15,33.81
VLY,Valliyur,8.376159999999999,77.61399,43377099999,KANNIYAKUMARI,8.083,77.5,34.93
VM,Villupuram,11.942971,79.500101,43331099999,M.O. PONDICHERRY,11.967,79.817,34.58
VMA,Vikramgarh Alot,23.765121,75.53837899999999,42662099999,UJJAIN,23.183,75.783,69.37
VML,Vemulapadu,15.022098,77.85137900000001,43237099999,PBO ANANTAPUR,14.583,77.633,54.18
VMU,Vemuru,16.178119,80.743187,43181099999,VIJAYAWADA,16.53,80.797,39.55
VN,Vaniyambadi,12.678487,78.621651,43302099999,TIRUPPATTUR,12.483,78.567,22.53
VNA,Varangaon,21.0097131944,75.9006577881,42851099999,JALGAON,21.05,75.567,34.92
VNB,Vaniyambalam,11.188459,76.260513,43316099999,NILAMBUR,11.283,76.233,10.93
VNM,Ontimitta,14.392459,79.016272,43241099999,CUDDAPAH,14.483,78.833,22.15
VNR,Devanur,13.439281999999999,76.08846,43260099999,CHICKMAGALUR,13.25,75.75,42.24
VNUP,Vishnupuram,16.7045104904,79.6387859326,43177099999,RENTACHINTALA,16.55,79.55,19.61
VONB,Vondh,23.303951,70.399876,42638099999,KANDLA AERODROME,23.15,70.117,33.59
VP,Virapur,15.158976,77.131692,43237099999,PBO ANANTAPUR,14.583,77.633,83.69
VPDA,Vidyapatidham,25.602064857400002,85.80243268800001,42391099999,DARBHANGA,26.167,85.9,63.57
VPL,Venkatampalle,15.0448535871,77.44160447690001,43237099999,PBO ANANTAPUR,14.583,77.633,55.32
VPT,Virudunagar,9.596405,77.95773700000001,43360099999,MADURAI,9.835,78.093,30.39
VPZ,Vailapuzha,10.842075999999999,76.252495,43357099999,THRISSUR,10.517,76.217,36.35
VR,Virar,19.454407,72.811737,43003099999,CHHATRAPATI SHIVAJI MAHARAJ INTL,19.089,72.868,41.06
VRB,Vishrambag,16.850569999999998,74.602231,43158099999,SANGLI,16.85,74.6,0.25
VRE,Varediya,21.85838,73.048979,42840099999,SURAT,21.2,72.833,76.54
VRG,Vikramnagar,23.162187,75.817754,42662099999,UJJAIN,23.183,75.783,4.24
VRH,Virbhadra,30.074509,78.251864,42111099999,DEHRADUN,30.317,78.033,34.2
VRI,Vriddhachalam,11.534965,79.316073,43207099999,PARANGIPETTAI,11.5,79.767,49.28
VRL,Veraval,20.913351,70.370689,42909099999,VERAVAL,20.9,70.367,1.53
VRM,Varnama,22.184274000000002,73.16928300000001,42744099999,VALLABH VIDYANAGAR,22.567,72.933,49.0
VRN,Vanganur,14.847442,78.080906,43237099999,PBO ANANTAPUR,14.583,77.633,56.44
VRR,Virpur,21.848343,70.707212,42737099999,RAJKOT,22.309,70.78,51.77
VRX,Varahi,23.800674,71.43129599999999,42539099999,DEESA,24.2,72.2,89.83
VS,Vishvamitri,22.283932999999998,73.178656,42744099999,VALLABH VIDYANAGAR,22.567,72.933,40.35
VSG,Vasco Da Gama,15.397241000000001,73.813425,43194099999,GOA INTL,15.381,73.831,2.61
VSKP,Visakhapatnam,17.72159,83.289514,43150099999,CWC VISHAKHAPATNAM/WALTAIR,17.7,83.3,2.65
VST,Bijaysota,23.978724,81.11095900000001,42679099999,UMARIA,23.533,80.883,54.72
VSU,Bishnupur,23.065499000000003,87.30107100000001,42706099999,BANKURA,23.383,87.083,41.75
VTJ,Vartej,21.746198,72.05519899999999,42080199999,BHAVNAGAR,21.752,72.185,13.42
VTM,Vetapalemu,15.783376,80.30065,43220099999,BAPATLA,15.9,80.467,22.02
VTN,Vaitarna,19.517672,72.849578,43003099999,CHHATRAPATI SHIVAJI MAHARAJ INTL,19.089,72.868,47.71
VTP,Vastrapur,23.00802,72.517982,42647099999,AHMEDABAD / SARDAR VALLABHBHAI PATEL INTL,23.077,72.635,14.22
VU,Vaghpura,23.781878,71.34996600000001,42539099999,DEESA,24.2,72.2,98.07
VV,Valivade,16.703574,74.298965,43157099999,KOLHAPUR,16.665,74.289,4.42
VVB,Viveka Vihar,28.673319000000003,77.31951000000001,42182099999,SAFDARJUNG,28.585,77.206,14.8
VVKP,Vivekanand Puri Halt,28.664098,77.183702,42182099999,SAFDARJUNG,28.585,77.206,9.06
VVM,Viravasaram,16.542123999999998,81.63254,43187099999,NARSAPUR,16.433,81.7,14.11
VYA,Vyara,21.118142,73.383847,42840099999,SURAT,21.2,72.833,57.84
VZM,Vizianagram,18.111374,83.39558600000001,43150099999,CWC VISHAKHAPATNAM/WALTAIR,17.7,83.3,46.85
VZR,Bhanjpur,21.95074,86.73407,42894099999,BARIPADA,21.933,86.767,3.93
WADI,Wadi,17.054312,76.99154999999999,43121099999,GULBARGA,17.35,76.85,36.15
WADO,Wadoda,20.8885446711,76.279846955,42931099999,BULDANA,20.533,76.233,39.83
WAIR,Wair,28.347255,77.69926699999999,42183099999,BULANDSHAHR,28.4,77.867,17.43
WANI,Wani,20.06638,78.962635,43029099999,CHANDRAPUR,19.967,79.3,36.94
WC,Wadhwan City,22.702931,71.67236,42740099999,SURENDRANAGAR,22.733,71.6,8.14
WDA,Wadrengdisa,25.263973,93.177527,42522099999,HAFLONG,25.167,93.017,19.42
WDL,Wandal,16.416601,75.86371000000001,43161099999,BIJAPUR,16.817,75.717,47.19
WDLN,Wadwal Nagnath,18.538466,76.80741,43076099999,UDGIR,18.067,77.117,61.78
WDM,Wyndhamganj,24.264112,83.401605,42587099999,DALTONGANJ,24.05,84.067,71.58
WDN,Vadgaon Nila,18.929059,76.643889,43017099999,PARBHANI,19.133,76.833,30.16
WDR,Wadiaram,17.972607,78.455417,43083099999,MEDAK,18.05,78.267,21.7
WDS,Wadsinge,18.066132304299998,75.4887746527,43071099999,JEUR,18.2,75.2,33.95
WEL,Wellington,11.3559,76.786078,43318099999,COONOOR,11.35,76.8,1.65
WENA,Wena,25.3266239799,85.5319560193,42492099999,JAI PRAKASH NARAYAN INTL PATNA,25.591,85.088,53.39
WFD,Whitefield,12.995253,77.76130500000001,43302599999,BANGALORE / HAL AIRPORT BENGALURU,12.95,77.668,11.29
WG,Wagholi,20.585085,78.767038,42939099999,WARDHA,20.667,78.583,21.21
WGA,Waghoda,21.255951999999997,76.08875499999999,42851099999,JALGAON,21.05,75.567,58.75
WGI,Waghai,20.772638155885446,73.50047372281551,42915099999,BULSAR,20.617,72.933,61.51
WHM,Washim,20.103101,77.147986,42935099999,WASHIM,20.117,77.117,3.59
WJR,Walajah Road,12.970676,79.360511,43303099999,VELLORE,12.917,79.15,23.58
WKA,Vakav,17.988187,75.579724,43071099999,JEUR,18.2,75.2,46.54
WKI,Wadakancheri,10.648956,76.237041,43357099999,THRISSUR,10.517,76.217,14.84
WKR,Wankaner,22.622552,70.96561700000001,42737099999,RAJKOT,22.309,70.78,39.74
WL,Warangal,17.972477,79.604929,43087099999,HANAMKONDA,18.017,79.567,6.37
WLGN,Walgaon,21.020729000000003,77.71074,42937099999,AMRAOTI,20.933,77.783,12.31
WNG,Wanegaon,19.1668082025,77.2501103802,43021099999,NANDED,19.083,77.333,12.75
WOC,Warud Orange City,21.458720999999997,78.276164,42860099999,BETUL,21.867,77.933,57.61
WPR,Wanparti Road,16.3820535896,77.88514998289999,43168099999,MAHABUBNAGAR,16.75,78.0,42.71
WR,Wardha,20.732777,78.594157,42939099999,WARDHA,20.667,78.583,7.41
WRC,Wrs Colony,21.277967999999998,81.639183,42872099999,MANA,21.233,81.65,5.12
WRR,Warora,20.244263,79.00994399999999,43029099999,CHANDRAPUR,19.967,79.3,43.22
WRS,Waris Aleganj,25.015425,85.642177,42591099999,GAYA,24.744,84.951,75.97
WSA,Wadsa,20.624198,79.96351299999999,42946099999,BRAMHAPURI,20.6,79.85,12.12
WSB,Washimbe,18.284021,75.003799,43071099999,JEUR,18.2,75.2,22.73
WSJ,Wansjaliya,21.799383000000002,69.873569,42830099999,PORBANDAR,21.65,69.667,27.04
WTJ,Jam Wanthali,22.429409,70.321802,42737099999,RAJKOT,22.309,70.78,48.98
WTR,Wathar,17.89054,74.135767,43113099999,SATARA,17.517,74.05,42.52
WZJ,Wazerganj,24.813122,85.225637,42591099999,GAYA,24.744,84.951,28.77
XBKJ,Bikramganj,25.218913999999998,84.27373100000001,42588099999,DEHRI,24.917,84.183,34.79
Y,Yeliyur,12.5106209267,76.82957502260001,43289099999,MANDYA,12.5,76.833,1.24
YA,Yerraguntla,14.642328000000001,78.534003,43241099999,CUDDAPAH,14.483,78.833,36.73
YAD,Yeulkhed,20.724559000000003,77.07497000000001,42934099999,AKOLA,20.699,77.059,3.29
YFP,Yusufpur,25.639006,83.74868400000001,42482099999,GHAZIPUR,25.4,83.55,33.22
YG,Yadgir,16.744396,77.13036600000001,43169099999,RAICHUR,16.2,77.35,64.91
YGD,Yerragudipad,14.618673,78.606374,43241099999,CUDDAPAH,14.483,78.833,28.68
YGL,Yelgur,17.860901,79.74703099999999,43087099999,HANAMKONDA,18.017,79.567,25.77
YJUD,Yamunanagar Jagadhri,30.1174255334,77.28757996649999,42137099999,KARNAL,29.7,77.033,52.5
YKA,Yakutpura,17.359554,78.49171100000001,43128099999,BEGUMPET AIRPORT / HYDERABAD INTL,17.452,78.461,10.78
YL,Yeola,20.043188999999998,74.503246,42925099999,MALEGAON,20.55,74.533,56.44
YLG,Yalvigi,15.0342535867,75.4094012659,43227099999,HAVERI,14.783,75.4,27.96
YLK,Yellakaru,13.84646,79.65057200000001,43275099999,TIRUPATHI,13.667,79.583,21.25
YLM,Elamanchili,17.553652000000003,82.85262,43147099999,TUNI,17.35,82.55,39.28
YNG,Yenugonda,16.758073,78.036337,43168099999,MAHABUBNAGAR,16.75,78.0,3.97
YNK,Yelahanka,13.102795,77.593069,43295099999,BANGALORE,12.967,77.583,15.14
YP,Errupalem,16.825374,80.471049,43182099999,NANDIGAMA,16.783,80.283,20.56
YPD,Yerpedu,13.689108000000001,79.578514,43275099999,TIRUPATHI,13.667,79.583,2.51
YPR,Yasvantpur,13.022839000000001,77.55117399999999,43295099999,BANGALORE,12.967,77.583,7.1
YT,Yevat,18.4889359723,74.2563176276,43063099999,PUNE,18.533,73.85,43.12
ZARP,Zarap,15.94768,73.734105,43193099999,VENGURLA,15.867,73.633,14.05
ZB,Zahirabad,17.674958,77.61021299999999,43125099999,BIDAR,17.917,77.533,28.13
ZBD,Zafarabad,25.708436,82.719014,42479099999,LAL BAHADUR SHASTRI VARANASI INTL,25.45,82.867,32.34
ZN,Jangaon,17.725115,79.15473399999999,43087099999,HANAMKONDA,18.017,79.567,54.38
ZNA,Zamania,25.373856,83.54365,42482099999,GHAZIPUR,25.4,83.55,2.98
ZPL,Zangalapalle,14.591854,77.640854,43237099999,PBO ANANTAPUR,14.583,77.633,1.3
ZRDE,Jiradei,26.220819,84.256142,42488099999,CHAPRA,25.783,84.733,68.13
ZW,Zawar,24.358621,73.731959,42542099999,UDAIPUR / MAHARANA PRATAP,24.618,73.896,33.28
