station_code,station_name,latitude,longitude,state,zone,has_coordinates
AADR,Amb  Andaura,31.670727,76.110391,,,True
AAG,Angar,17.954256,75.599875,,,True
AAL,Amlai,23.173469,81.593507,,,True
AAM,Angadippuram,10.979489000000001,76.20734300000001,Kerala,SR,True
AAR,Adesar,23.552978399500002,70.9720505023,Gujarat,WR,True
AAS,Asranada,26.397374,73.30532500000001,,,True
AAY,Aralvaymoli,8.2494513612,77.5292646945,Tamil Nadu,SR,True
AB,Ambur,12.782934,78.721266,,,True
ABD,Ambli Road,23.05437,72.494044,,,True
ABI,Ambaturai,10.272226,77.924468,,,True
ABKA,Ambika Kalna,23.211377,88.353984,West Bengal,ER,True
ABKP,Ambikapur,23.137032,83.14510899999999,Chhattisgarh,SECR,True
ABLE,Ambale,18.398719,74.171511,Maharashtra,CR,True
ABO,Asthal Bohar,28.857765,76.629155,Haryana,NR,True
ABP,Akbarpur,26.429818,82.539073,,,True
ABR,Abu Road,24.470775,72.775695,Rajasthan,NWR,True
ABRV,Ambari Richhavi,,,,,False
ABS,Abohar,30.1393834225,74.19568617739999,Punjab,NR,True
ABSA,Ambassa,23.930507,91.860783,Tripura,NFR,True
ABU,Ambattur,13.114305980800001,80.1525249074,,,True
ACG,Achegaon,20.976217,75.934247,,,True
ACH,Achalganj,26.444642,80.54541499999999,Uttar Pradesh,NR,True
ACL,Ancheli,20.845167,72.944978,Gujarat,WR,True
ACLE,Azimganj City,24.237941,88.25887100000001,West Bengal,ER,True
ACN,Adhichchanur,12.05415,79.182478,,,True
ACPR,Archipathar,,,,,False
ACRN,Achirne,,,,,False
AD,Adoni,15.617035,77.27485,,,True
ADB,Adilabad,19.680104,78.535285,Andhra Pradesh,SCR,True
ADH,Andheri,19.1174289,72.84685300000001,Maharashtra,WR,True
ADHL,Adihalli,13.2834201678,76.3472840454,Karnataka,SWR,True
ADI,Ahmedabad,23.025515,72.601516,,,True
ADL,Andul,22.575169,88.239643,,,True
ADPT,Andipatti,,,,,False
ADR,Mandi Adampur,29.283136000000002,75.468851,Haryana,NWR,True
ADRA,Adra,23.495992,86.67466499999999,West Bengal,SER,True
ADST,Adi Saptagram,22.95447,88.378872,,,True
ADT,Aduturai,11.009165,79.478668,Tamil Nadu,SR,True
ADTL,Adhartal,23.227389,79.972274,Madhya Pradesh,WCR,True
ADTP,Adityapur,22.782212,86.158954,,,True
ADVI,Adavali,16.921753,73.592514,Maharashtra,KR,True
ADX,Adapur,26.924721,84.941759,,,True
AED,Aulenda,27.029152,77.612583,Uttar Pradesh,NCR,True
AEH,Anant Paith,25.955389501299997,78.2761320917,,,True
AEK,Anekal Road,12.723885,77.71072699999999,Karnataka,SWR,True
AEL,Ateli,28.100118,76.25310499999999,Haryana,NWR,True
AF,Agra Fort,27.183308,78.0191,,,True
AFK,Angamali,10.183676,76.37786,,,True
AFR,Asafpur,28.405553,78.905957,Uttar Pradesh,NR,True
AGAS,Agas,,,,,False
AGB,Ambagaon,19.062527,82.239507,Chhattisgarh,ECoR,True
AGC,Agra Cantt,27.157992,77.990153,,,True
AGI,Amguri,26.812601,94.524011,Assam,NFR,True
AGMN,Agomoni,26.225947,89.786242,,,True
AGN,Amgaon,21.361292855400002,80.3746491022,,,True
AGR,Amargarh,23.080689,74.747038,,,True
AGTL,Agartala,23.792417,91.278481,Tripura,NFR,True
AGV,Angua,21.892581999999997,87.26992299999999,,,True
AGZ,Amagura,19.068103,82.147342,Chhattisgarh,ECoR,True
AH,Achhnera,27.1817602284,77.7578389026,,,True
AHA,Abhaipur,25.2159864584,86.32307245909999,,,True
AHH,Ahmadgarh,30.683642000000003,75.829518,Punjab,NR,True
AHN,Ahiran,24.517687000000002,88.04112500000001,West Bengal,ER,True
AI,Adipur,23.077052700000003,70.0786586,Gujarat,WR,True
AIA,Ajaraka,27.959391,76.56420899999999,Rajasthan,NWR,True
AII,Ajmer,26.456612,74.63746400000001,Rajasthan,NWR,True
AIT,Ait,25.903719000000002,79.230436,,,True
AJE,Anjar,23.1194723,70.0366109,Gujarat,WR,True
AJI,Anjhi Shahabad,27.643994,79.973314,,,True
AJJ,Arakkonam,13.081512,79.667991,,,True
AJK,Ajakollu,16.3467833327,77.8736361627,,,True
AJNI,Ajni,21.1268588122,79.0825197485,,,True
AJP,Ajjampur,13.7283327,76.0097415,Karnataka,SWR,True
AJR,Ajaibpur,28.4728347205,77.59373730349999,,,True
AK,Akola,20.723084,77.005497,,,True
AKD,Akodia,23.378255,76.599245,,,True
AKE,Akanapet,18.110863,78.39630899999999,Andhra Pradesh,SCR,True
AKJ,Akbarganj,26.531456000000002,81.501628,,,True
AKN,Akbarnagar,25.234880766899998,86.8345333624,,,True
AKOR,Akalkot Road,17.450243,76.13768900000001,,,True
AKP,Anakapalle,17.695503,83.00885099999999,,,True
AKRD,Akurdi,18.64812,73.76424399999999,,,True
AKT,Akaltara,22.029121,82.422049,,,True
AKV,Ankleshwar,21.623889,73.000633,,,True
AKVD,Akividu,16.582653999999998,81.36905499999999,Andhra Pradesh,SCR,True
ALAT,Avuladatla,,,,,False
ALB,Alia Bada,22.44677,70.210367,Gujarat,WR,True
ALER,Aler,17.6459553,79.04834140000001,,,True
ALGP,Algapur,24.754753,92.59591800000001,Assam,?,True
ALJN,Aligarh,27.889584,78.074559,,,True
ALLP,Alappuzha,9.483759,76.32247600000001,,,True
ALM,Alamanda,18.012510000000002,83.271604,,,True
ALMR,Alampur,21.944012999999998,71.699156,Gujarat,WR,True
ALPR,Alampur Road,15.895657,78.047012,,,True
ALS,Amlori Sarsar,26.2947140024,84.3455775659,Bihar,NER,True
ALU,Ariyalur,11.150035,79.06831799999999,,,True
ALUR,Alur Halt,12.98251226,75.99049337,Karnataka,SWR,True
ALW,Alwal,17.505779,78.515006,Andhra Pradesh,SCR,True
AMB,Ambodala,19.8363234649,83.45635247989999,,,True
AMBR,Ambika Rohina,18.442254377900003,76.9437206531,Maharashtra,SCR,True
AMC,Amritapura,14.1395487324,76.24556342560001,Karnataka,SWR,True
AME,Amethi,26.153024000000002,81.806276,,,True
AMG,Alamnagar,26.84708,80.86031200000001,,,True
AMGA,Amjonga,25.9816211386,90.8529670435,,,True
AMH,Azamgarh,26.038607,83.160614,,,True
AMI,Amravati,20.930082900000002,77.7577863,Maharashtra,CR,True
AML,Amalsad,20.811373000000003,72.956092,Gujarat,WR,True
AMLA,Amla,21.919717000000002,78.123187,,,True
AMLI,Amli,25.828156,76.286156,,,True
AMLP,Amalpur,22.161144,73.508313,Gujarat,WR,True
AMM,Adirampatinam,10.332285228976446,79.38580758869648,Tamil Nadu,SR,True
AMNE,Amalner Bhandyache,,,,,False
AMO,Amolwa,27.211161,84.478487,Bihar,ECR,True
AMP,Ahamadpur,23.8325090573,87.6928410938,,,True
AMPA,Ambalappuzha,9.386059,76.363817,Kerala,SR,True
AMPL,Ammapalli Halt,25.2724414889,87.4585745682,,,True
AMPR,Amarpura Rathan,29.483399000000002,74.078953,Rajasthan,NWR,True
AMQ,Ammuguda,17.487039,78.527215,Andhra Pradesh,SCR,True
AMRO,Amroha,28.892688,78.474329,,,True
AMSA,Ammasandra,13.264571,76.71148570000001,Karnataka,SWR,True
AN,Amalner,21.049008999999998,75.057314,,,True
ANA,Aslana,23.860522,79.319493,,,True
ANAS,Anas,22.866009,74.421513,,,True
ANB,Ammanabrolu,15.596402,80.148353,,,True
ANCR,Anchuri,23.283904,86.993174,West Bengal,SER,True
AND,Andampaliam,12.088426380000001,79.16898527,Tamil Nadu,SR,True
ANDI,Adarsh Nagar Delhi,28.714205,77.16670699999999,,,True
ANDN,Anand Nagar,27.103714,83.270698,Uttar Pradesh,NER,True
ANE,Anantarajupet,13.999592,79.30246799999999,,,True
ANF,Anandapuram,14.073324,75.209164,Karnataka,SWR,True
ANG,Ahmadnagar,19.075519477700002,74.721882467,,,True
ANGL,Angul,20.859445,85.099994,,,True
ANGR,Angadgeri Halt,16.451873659999997,75.84589116000001,Karnataka,SWR,True
ANI,Ajanti,21.893954,76.285956,Madhya Pradesh,WR,True
ANK,Ankai,20.1510279143,74.4697560736,,,True
ANKL,Ankola,14.645347,74.332936,Karnataka,KR,True
ANMD,Arang Mahanadi,21.189614,81.955513,,,True
ANND,Anand,22.561307,72.965733,,,True
ANO,Anjani,17.620604999999998,73.399308,Maharashtra,KR,True
ANPR,Anpara,24.217385999999998,82.766166,Uttar Pradesh,ECR,True
ANR,Anara,23.481082,86.559763,West Bengal,SER,True
ANSB,Anandpur Sahib,31.2305136,76.50060350000001,,,True
ANT,Anantnag,33.738534244499846,75.10713108815253,Jammu and Kashmir,NR,True
ANV,Annavaram,17.269633,82.41967700000001,,,True
ANVR,Anand Vihar,28.6486144,77.3140236,,,True
ANVT,Anand Vihar Terminal,28.650503565399998,77.31521255,,,True
ANW,Anawal,,,,,False
ANY,Arumuganeri,8.579144,78.091842,Tamil Nadu,SR,True
AO,Aonla,28.296051,79.16915,Uttar Pradesh,NR,True
APA,Amarpura,26.110972999999998,74.249302,Rajasthan,NWR,True
APDJ,Alipur Duar,26.523279,89.534048,West Bengal,NFR,True
APK,Aruppukkottai,9.524631680999999,78.10189147,,,True
APL,Appikatla,15.970371,80.514466,,,True
APMR,Appaipalli,,,,,False
APN,Ayodhyapattanam,11.671392,78.233642,,,True
APR,Anuppur,23.117312,81.695967,,,True
APT,Anaparti,16.935817,81.953181,,,True
APTA,Apta,18.863471,73.152629,Maharashtra,CR,True
AQG,Ashapura Gomat,26.950232,71.892665,Rajasthan,NWR,True
ARA,Ara,25.548889,84.66259600000001,,,True
ARCL,Arunachal,24.855593,92.742995,Assam,NFR,True
ARD,Amarda Road,21.734258,87.102374,,,True
ARGP,Aralaguppe,13.253131999999999,76.615439,Karnataka,SWR,True
ARI,Antri,26.0352337224,78.2266994458,,,True
ARJ,Aunrihar,25.54466,83.18727200000001,Uttar Pradesh,NER,True
ARK,Araku,18.333991,82.86256,Andhra Pradesh,ECoR,True
ARKV,Araku Valley,,,,,False
ARL,Araul Makanpur,26.920662,80.01863300000001,,,True
ARNA,Arniya,27.0101287751,76.5171796234,,,True
ARPL,Arepalli Halt,16.270533999999998,77.862369,,,True
ARPR,Alirajpur,,,,,False
ARQ,Arariya Court,26.114921000000002,87.446912,,,True
ARU,Arasalu,13.999308999999998,75.314466,Karnataka,SWR,True
ARV,Arni Road,12.630801,79.209033,Tamil Nadu,SR,True
AS,Arjansar,28.933796,73.87196899999999,Rajasthan,NWR,True
ASAF,Asifabad Road,19.256682,79.416719,,,True
ASCE,Athsarai,25.678728805000002,81.2620300824,,,True
ASD,Ambasamudram,,,,,False
ASE,Asaudah,28.73653776,76.85877285,Haryana,NR,True
ASH,Aishbagh,26.8373880081,80.90960679930001,,,True
ASK,Arsikere,13.314425,76.2520848,Karnataka,SWR,True
ASKN,Ashok Nagar,24.58015,77.726725,,,True
ASL,Aslaoda,23.231264309,75.60816015629999,,,True
ASN,Asansol,23.691441,86.975152,,,True
ASR,Amritsar,31.631511999999997,74.858025,,,True
AST,Asaoti,28.250878,77.323569,,,True
ASV,Asarva,23.043981000000002,72.612937,Gujarat,WR,True
AT,Asnoti,14.876286,74.147683,Karnataka,KR,True
ATC,Arts College,17.418129999999998,78.51966499999999,,,True
ATE,Atarra,25.291367,80.576491,Uttar Pradesh,NCR,True
ATH,Antah,25.1611771,76.3072684,Rajasthan,WCR,True
ATL,Athmal Gola,25.453014977800002,85.6213724115,,,True
ATNR,Awatarnagar,25.764395999999998,84.956774,,,True
ATP,Anantapur,14.686478,77.59531199999999,,,True
ATPA,Awantipura,,,,,False
ATQ,Arantangi,10.164469056963739,78.99684813804924,Tamil Nadu,SR,True
ATR,Attar,21.998734000000002,76.204918,Madhya Pradesh,WR,True
ATRU,Atru,24.8821354,76.6702185,Rajasthan,WCR,True
ATS,Attabira,21.388039,83.792637,,,True
ATU,Attur,11.594788,78.592092,,,True
ATUL,Atul,20.544593354,72.9271335858,Gujarat,WR,True
ATX,Alinagar Tola,,,,,False
AUB,Aluabari Road,26.269681,88.18561000000001,,,True
AUBR,Anugraha N Road,24.855955599999998,84.3298444,,,True
AUI,Aurahi,25.823021,87.135054,Bihar,ECR,True
AUN,Aurang Nagar,29.043935,75.974542,,,True
AUNG,Aung,26.16423,80.544495,,,True
AUS,Anupshahr,28.947951113517377,75.21122979931533,Rajasthan,NWR,True
AVD,Avadi,13.118247,80.10051800000001,,,True
AVK,Aravankadu,11.359124,76.769203,Tamil Nadu,SR,True
AVN,Anavardikhanpettai,13.05050406,79.56735042999999,,,True
AVRD,Aravali Road,17.316531,73.53816,Maharashtra,KR,True
AVS,Auvaneswsarem,9.036513,76.852807,Kerala,SR,True
AWB,Aurangabad,19.859276,75.31064599999999,Maharashtra,SCR,True
AWR,Alwar,27.559273,76.62126500000001,Rajasthan,NWR,True
AWY,Aluva,10.108163,76.356508,,,True
AXA,Amarsar,22.585991,70.91711000000001,Gujarat,WR,True
AY,Ayodhya,26.787784,82.200604,,,True
AYC,Ayodhya Cantt,,,,,False
AYD,Ayandur,11.966731999999999,79.34081,,,True
AYU,Abhayapuri Asam,26.356599,90.641696,Assam,NFR,True
AYV,Aryankavu,,,,,False
AYVN,Aryankavu New Block,,,,,False
AZ,Azimganj,24.219053,88.256764,West Bengal,ER,True
AZA,Azara,26.099339999999998,91.613927,Assam,NFR,True
AZR,Azamnagar Road,25.555555642399998,87.8523278357,,,True
BAB,Babina,25.237832,78.451748,,,True
BABH,Bahalba Halt,,,,,False
BABR,Balanagar,16.947622000000003,78.188891,,,True
BAF,Bap,27.2881821763,72.32740791990001,Rajasthan,?,True
BAGD,Bagwada,20.43948,72.916866,,,True
BAGJ,Barharagani,26.921354215,83.9195740283,,,True
BAGL,Bara Gopal,25.765088,84.906765,,,True
BAH,Bhabhar,24.065279999999998,71.615774,Gujarat,WR,True
BAHI,Balenahalli,14.250321000000001,76.56637599999999,Karnataka,SWR,True
BAHL,Banihal,,,,,False
BAHP,Band Hamirpur,26.32975,80.744382,Uttar Pradesh,NR,True
BAI,Bassi,26.840616999999998,76.047213,,,True
BAJ,Bhalej,22.633029999999998,73.034499,Gujarat,WR,True
BAK,Bhankari,26.962546793999998,76.4094554639,,,True
BAKA,Banka,24.8659010332,86.91169348999999,Bihar,?,True
BAKT,Barhara Kothi,25.776942,87.09631900000001,Bihar,ECR,True
BAL,Budalur,10.782843000000002,78.981443,Tamil Nadu,SR,True
BALU,Balugan,19.747366,85.200953,,,True
BAM,Brahmapur,19.2961348,84.7966912,,,True
BAMA,Birambad,26.922783000000003,77.32494000000001,Rajasthan,NCR,True
BAMR,Bamur,21.006738,84.475865,,,True
BAND,Banaswadi,13.00573,77.628196,,,True
BANE,Basni,26.222963,73.010639,Rajasthan,NWR,True
BANO,Bano,22.6647837973,84.90298541140001,,,True
BAO,Banmor,26.355565,78.0989272,,,True
BAP,Belapur,19.619569311800003,74.6617443079,,,True
BAPR,Ballupur,27.5865985855,79.1451478125,,,True
BAQ,Ganj Basoda,23.845347,77.944826,,,True
BAR,Bar,26.063048,74.113189,Rajasthan,NWR,True
BARH,Barh,25.46165,85.70942600000001,,,True
BARL,Baral,28.494092,77.80997500000001,Uttar Pradesh,NR,True
BAT,Batala,31.8214816,75.1944316,Punjab,NR,True
BAU,Burhanpur,21.3343976,76.1986787,Madhya Pradesh,CR,True
BAW,Chik Banavar,13.073539,77.50634099999999,Karnataka,SWR,True
BAWD,Bhadwad,21.323159150000002,74.09831697,,,True
BAY,Ballari,15.145135,76.921995,Karnataka,SWR,True
BAZ,Baran,25.0967701,76.50512839999999,Rajasthan,WCR,True
BBA,Babrala,28.2664932,78.4034137,Uttar Pradesh,NR,True
BBAI,Bhadbhunja,21.166264,73.693754,,,True
BBD,Bablad,17.337569,76.779259,,,True
BBGN,Barua Bamungaon,26.662157,93.944693,Assam,NFR,True
BBHT,Barabar Halt,25.0558596095,84.9743682056,Bihar,?,True
BBK,Barabanki,26.935335,81.18104,,,True
BBM,Barabhum,23.0912864,86.2112372,,,True
BBN,Barbil,22.104577,85.36905800000001,Odisha,SER,True
BBS,Bhubaneswar,20.265388,85.84259499999999,,,True
BBSN,Bhubaneswar New,20.382175,85.83518699999999,,,True
BBTR,Barbatpur,22.197033,77.920758,,,True
BBU,Bhabua Road,25.173007,83.618913,,,True
BC,Bareilly City,28.3556564,79.403718,,,True
BCA,Bachwara,25.5812576,85.90014240000001,,,True
BCB,Bhowra Bh,23.67077,86.417009,Jharkhand,SER,True
BCH,Berchha,23.282480800000002,76.33419289999999,,,True
BCHL,Bacheli,18.703461,81.238534,Chhattisgarh,ECoR,True
BCK,Balichak,22.35818589,87.55335416,,,True
BCN,Bachhrawan,26.4773211,81.10545649999999,,,True
BCOB,Bhachau Bg,23.301391,70.34497200000001,,,True
BCP,Bichpuri,27.176397,77.91435,,,True
BCQ,Barachak,23.706726,86.92813299999999,,,True
BCRD,Barchhi Road,21.951502,78.311632,Madhya Pradesh,CR,True
BCU,Bhuchchu,30.209881999999997,75.0951862,Punjab,NR,True
BCY,Varanasi City,25.3341176,83.0141142,Uttar Pradesh,NER,True
BD,Badnera,20.8567925,77.73231969999999,,,True
BDBA,Badabandha,20.276721000000002,86.519951,Orissa,ECoR,True
BDBP,Basudebpur,24.6355270351,87.98253549799999,Bihar,ER,True
BDC,Bandel,22.9236565,88.3793623,,,True
BDCR,Bhadrachalam Rd,17.550365,80.616024,Andhra Pradesh,SCR,True
BDDR,Badodar,21.361072999999998,70.295846,Gujarat,WR,True
BDE,Bodeli,22.2701906,73.71657979999999,Gujarat,WR,True
BDGM,Badgam,,,,,False
BDGU,Budagumpa,,,,,False
BDH,Bhedia,23.586642,87.711813,,,True
BDI,Bhadli,21.0236632507,75.672912326,,,True
BDJ,Vadakara,11.593321399999999,75.5869409,Kerala,SR,True
BDL,Vindhyachal,25.160771699999998,82.5020212,,,True
BDLN,Bordolani,,,,,False
BDM,Badami,15.958918,75.6767002,Karnataka,SWR,True
BDMJ,Bhodwal Majri,29.1852092,77.0082364,,,True
BDNK,Bodinayakkanur,,,,,False
BDNP,Bidanpur,25.585017,81.44201699999999,,,True
BDO,Bahalda Road,,,,,False
BDPG,Bada Padagaon,20.570588309999998,85.87382799,,,True
BDPK,Burhapanka,20.853156679999998,85.25582286000001,,,True
BDSW,Budhsinghwala,29.831708406844584,74.22266067937016,Rajasthan,NWR,True
BDTS,Bandra Terminus,19.061911,72.840535,Maharashtra,WR,True
BDU,Badnapur,19.873979,75.722483,Maharashtra,SCR,True
BDVL,Budvel,17.3093773,78.4245182,,,True
BDVR,Boddavara,18.175095,83.112494,,,True
BDVT,Bhadravati,13.842428700000001,75.702832,Karnataka,SWR,True
BDW,Bandanwara,26.1253008,74.6913786,Rajasthan,NWR,True
BDWD,Bodwad,20.9035827,76.017046,,,True
BDWL,Biradhwal,29.1741168151,73.896516228,Rajasthan,NWR,True
BDWS,Badarwas,24.983339819999998,77.56182792,Madhya Pradesh,WCR,True
BDXT,Basai Dhankot,28.464735,76.983187,Haryana,NR,True
BDXX,Badearapur,19.011494000000003,81.837917,Chhattisgarh,ECoR,True
BDYR,Bidyadabri,26.271855000000002,89.767506,,,True
BDZ,Badkulla,23.3046657,88.526557,West Bengal,ER,True
BE,Bareilly(nr),28.337154299999998,79.4108444,,,True
BEA,Bihiya,25.558893,84.448984,,,True
BEAS,Beas,31.5193738,75.2908085,,,True
BEB,Beldanga,23.9320594,88.2429681,West Bengal,ER,True
BEDM,Bedham,27.453929,77.209461,Rajasthan,NCR,True
BEH,Bagdihi,21.951046,84.18631,,,True
BEHJ,Behaj,27.481951,77.396587,,,True
BEHR,Beohari,24.0002687,81.3797154,Madhya Pradesh,WCR,True
BEHS,Bihar Sharif,25.206116,85.5390747,Bihar,ECR,True
BELA,Bela,24.97843,84.981353,Bihar,ECR,True
BELD,Belkhera,22.981891,79.299879,Madhya Pradesh,WCR,True
BEM,Badaun,28.0274922,79.1360237,Uttar Pradesh,NER,True
BENA,Belonia,,,,,False
BENL,Benl,16.384407,75.882249,Karnataka,SWR,True
BER,Beawar,26.1089078,74.3149711,Rajasthan,NWR,True
BET,Bareth,23.91494729,77.99967978000001,,,True
BEU,Bisheshwarganj,27.341282,81.833817,Uttar Pradesh,NER,True
BEW,Betavad,21.149244,74.886199,,,True
BEY,Bugganipalle,15.48632233,78.19541209,,,True
BFD,Borhat,27.164263,95.277512,Assam,NFR,True
BFE,Bahawal Basi,30.147265,74.279311,Punjab,NR,True
BFJ,Bhoras Budrukh,20.538301,75.01429200000001,Maharashtra,CR,True
BFM,Bhalui,25.0732160325,86.172874585,,,True
BFR,Bekal Fort,12.385524,75.04278599999999,Kerala,SR,True
BFT,Bhabta,23.9869677,88.241584,West Bengal,ER,True
BG,Bhongir,17.524696,78.89847,,,True
BGAE,Balagarh,23.1215453,88.4525522,West Bengal,ER,True
BGAN,Bangain,27.238993,81.90592400000001,Uttar Pradesh,NER,True
BGBR,Bagbahra,21.0462946,82.3841486,,,True
BGD,Bara Gudah,29.697657,75.00164099999999,Haryana,NWR,True
BGHI,Baghai Road,24.555903,81.018663,Madhya Pradesh,WCR,True
BGHU,Borraguhallu,18.275624,83.040289,Andhra Pradesh,ECoR,True
BGK,Bagalkot,16.1787931,75.7002383,Karnataka,SWR,True
BGKT,Bhagat Ki Kothi,26.2484972,73.0133366,Rajasthan,NWR,True
BGM,Belagavi,15.8492433,74.5095639,Karnataka,SWR,True
BGMR,Bagumra,21.149694,72.996091,,,True
BGN,Borgaon,20.7290593,77.1796502,,,True
BGND,Boginadi,,,,,False
BGNP,Banaganapalle,,,,,False
BGNR,Bgnagar,,,,,False
BGO,Bogri Road,22.881747,87.325732,West Bengal,SER,True
BGP,Bhagalpur,25.241909300000003,86.9767918,,,True
BGPL,Baghuapal,21.042219,86.013166,Orissa,ECoR,True
BGQ,Bhongaon,27.2590416,79.1657234,Uttar Pradesh,NCR,True
BGRA,Baghnapara,23.242082,88.329724,West Bengal,ER,True
BGS,Begusarai,25.425296,86.134476,Bihar,ECR,True
BGSF,Bisugirsharif,18.348122,79.483604,,,True
BGTA,Bagra Tawa,22.6307113,77.9937073,Madhya Pradesh,WCR,True
BGU,Bairagnia,26.738281999999998,85.27333399999999,Bihar,ECR,True
BGVN,Bhigwan,18.317256,74.77504200000001,,,True
BGWD,Bagewadi H,16.30777084,74.75360002999999,Karnataka,SWR,True
BGWI,Begdewadi,18.700263,73.708437,,,True
BGY,Bangriposi,22.130678,86.501362,,,True
BGZ,Bahadurgarh,28.700863000000002,76.930886,Haryana,NR,True
BH,Bharuch,21.706907,72.997689,,,True
BHA,Bhandai,27.06906445,77.96680748,,,True
BHAL,Bhatiel,22.477066,72.834624,,,True
BHB,Badla Ghat,25.553762900000002,86.5871439,Bihar,ECR,True
BHBK,Bodhadi Bujrug,19.4962759853,78.1952487683,Maharashtra,SCR,True
BHBR,Bathua Bazar Halt,26.4968303633,84.2321793958,Uttar Pradesh,NER,True
BHC,Bhadrakh,21.091745799999998,86.5162305,,,True
BHCL,Bahora Chandil,25.364918,83.489726,,,True
BHD,Badli,28.746799999999997,77.1377425,,,True
BHET,Bhestan,21.1278829,72.8613128,Gujarat,WR,True
BHGJ,Bihariganj,25.732598999999997,86.992655,Bihar,ECR,True
BHI,Baheri,28.777391,79.5003221,Uttar Pradesh,NER,True
BHJA,Bheja,18.47264914,82.68546380999999,Orissa,ECoR,True
BHKD,Bhurkunda,23.6375642,85.3721452,,,True
BHKH,Baghoi Kusa,24.8399006513,84.46243313289999,,,True
BHL,Bhilwara,25.3435508,74.63077340000001,Rajasthan,NWR,True
BHLA,Behula,23.181967399999998,88.4287921,West Bengal,ER,True
BHLE,Barahat,24.9206004744,87.0100837976,Bihar,ER,True
BHLK,Bhalki,18.047011100000002,77.228081,Karnataka,SCR,True
BHLP,Bhulanpur,25.2878753,82.9575192,Uttar Pradesh,NER,True
BHNE,Bhone,21.018946,75.22247700000001,,,True
BHNS,Bhansi,18.77690197,81.26535758,Chhattisgarh,ECoR,True
BHP,Bolpur S Niktn,23.657804000000002,87.698136,,,True
BHPI,Bichhupali,,,,,False
BHRM,Bishramganj,,,,,False
BHS,Vidisha,23.5222886,77.8148356,,,True
BHT,Bhattu,29.387323,75.34013,Haryana,NWR,True
BHTA,Bhatiya,22.0881542,69.2803623,Gujarat,WR,True
BHTK,Bhanwar Tonk,22.607916,81.897794,,,True
BHTL,Bhatel,22.164096299999997,69.4936287,Gujarat,WR,True
BHTN,Bhitoni,23.142728299999998,79.6740109,Madhya Pradesh,WCR,True
BHTR,Bhatpar Rani,26.3104766,84.03310139999999,,,True
BHUJ,Bhuj,23.2660225,69.6778278,Gujarat,WR,True
BHW,Barharwa,24.857748,87.77449299999999,,,True
BHWA,Bechhiwara,23.787792,73.535256,Rajasthan,NWR,True
BHWR,Bhitiharwa Ashram,,,,,False
BHX,Bulluana,30.217553000000002,74.78304,Punjab,NR,True
BHZ,Bihara,24.9628178,92.689054,Assam,NFR,True
BIA,Bhilai,21.202598300000002,81.4217238,,,True
BID,Bidadi,12.8004252,77.39029839999999,Karnataka,SWR,True
BIDR,Bidar,17.9116836,77.5137793,Karnataka,SCR,True
BIG,Belgahna,22.431085,82.032374,,,True
BIJ,Birnagar,23.2358754,88.55125199999999,West Bengal,ER,True
BIJR,Bijoor,13.8221962,74.6420535,Karnataka,KR,True
BILD,Bildi,23.2255232,74.91853870000001,,,True
BILP,Bhilpur,22.196154999999997,73.323477,Gujarat,WR,True
BIM,Bilimora,20.763319,72.970474,Gujarat,WR,True
BINA,Bina,24.170973500000002,78.1831998,,,True
BINR,Brij Nagar,27.439639,77.089708,Rajasthan,NCR,True
BIO,Bordi,22.8664871,74.3470986,,,True
BIP,Bahilpurwa,25.137088000000002,80.998599,Uttar Pradesh,NCR,True
BIQ,Bansi Paharpur,26.93277,77.457241,Rajasthan,NCR,True
BIRD,Bhiwandi Road,19.268544000000002,73.045654,Maharashtra,CR,True
BIRP,Birarajpur,22.8235001,86.06450201000001,,,True
BIS,Biswa Bridge,20.885157149999998,76.33919345,,,True
BIWK,Bisalwas Kalan,24.500035299999997,74.78308399999999,Rajasthan,WR,True
BIX,Bhind,26.588904900000003,78.77743530000001,Madhya Pradesh,NCR,True
BIY,Bardoli,21.1342405,73.1058944,,,True
BJ,Bahjoi,28.401499599999998,78.6315064,Uttar Pradesh,NR,True
BJD,Barejadi,22.895426699999998,72.6778863,,,True
BJE,Bhojudih,23.642174999999998,86.4469993,Jharkhand,SER,True
BJF,Bijni,26.497967,90.70782700000001,,,True
BJG,Bajrangarh,23.042607,74.69499300000001,,,True
BJIH,Bijuli Halt,26.186676,85.976126,,,True
BJKN,Bajekan,29.524297999999998,75.099097,,,True
BJM,Bhagavathipuram,,,,,False
BJMD,Bara Jamda,22.1665327,85.41239200000001,Jharkhand,SER,True
BJNR,Bijainagar,25.931003,74.65305889999999,Rajasthan,NWR,True
BJO,Bijnor,29.3856298,78.14680469999999,Uttar Pradesh,NR,True
BJP,Vijayapura,16.8310603,75.7400012,Karnataka,SWR,True
BJR,Barrajpur,26.685165899999998,80.13867760000001,,,True
BJRA,Bhajera,27.100774588100002,76.6568744922,,,True
BJRI,Bijuri,23.250338600000003,82.1189461,Madhya Pradesh,SECR,True
BJU,Barauni,25.461768000000003,85.988748,,,True
BJW,Bajva,22.3662226,73.1431251,,,True
BJWS,Bojawas,28.312786,76.25286799999999,Haryana,NWR,True
BKC,Bhikamkor,26.80763,72.78720299999999,Rajasthan,NWR,True
BKG,Banka Ghat,25.547008,85.27274200000001,,,True
BKH,Bankhedi,22.7748819,78.5379969,Madhya Pradesh,WCR,True
BKI,Bandikui,27.039271,76.56672300000001,,,True
BKJ,Barkur,13.477458799999999,74.75968040000001,Karnataka,KR,True
BKL,Bona Kalu,17.031591000000002,80.261499,Andhra Pradesh,SCR,True
BKLE,Bakudi,24.9345107267,87.7749068933,,,True
BKN,Bikaner,28.014139,73.31659800000001,,,True
BKNG,Bhakti Nagar,22.282963,70.792278,Gujarat,WR,True
BKO,Bindki Road,26.116562000000002,80.580557,,,True
BKP,Bakhtiyarpur,25.456110000000002,85.52956400000001,,,True
BKPT,Bhakarapet,14.4093627,78.97007317,,,True
BKRD,Bhaluka Road F,25.3425716,87.9121276,,,True
BKRL,Bakrol,22.5881026822,73.4192042773,,,True
BKRO,Bokaro Thermal,23.7851503,85.87557819999999,,ECR,True
BKSC,Bokaro Steel City,23.656551,86.08501600000001,,,True
BKSL,Bikramshila,25.30004436,87.3002182,,,True
BKTL,Baktal,23.234083000000002,77.038514,,,True
BKWA,Bakayanwala,30.143292,73.98581800000001,Rajasthan,NR,True
BL,Valsad,20.6085595,72.9335291,Gujarat,WR,True
BLD,Bhilad,20.275323200000003,72.887446,Gujarat,WR,True
BLDA,Belda,22.07144398,87.33691374,,,True
BLDI,Bhildi,24.194251,72.008187,Gujarat,WR,True
BLG,Bilhar Ghat,26.6813068,82.2689979,,,True
BLGH,Bishalgarh,,,,,False
BLGR,Balangir,20.688591,83.494207,,,True
BLGT,Balurghat,25.232648,88.757636,,,True
BLH,Belgharia,22.661900000000003,88.389455,,,True
BLK,Belakoba,26.591441,88.583312,,,True
BLL,Bantanahal,15.16290019,77.27572365,Andhra Pradesh,SCR,True
BLLI,Balli,15.151725800000001,74.0209756,Goa,KR,True
BLM,Balamu,27.167362999999998,80.352497,,,True
BLMR,Bhalukmara,26.685532,94.143709,Assam,NFR,True
BLNI,Bhalwani,18.212962,75.199289,,,True
BLNR,Birlanagar,26.237555,78.1953108,,,True
BLO,Bhulon,24.635909,76.968812,Rajasthan,WCR,True
BLP,Balrampur,27.4158206073,82.16066989870001,Uttar Pradesh,NER,True
BLPA,Bilasipara,,,,,False
BLPE,Balapalle,13.817150999999999,79.403557,,,True
BLPR,Badulipar,26.646825,93.87912899999999,Assam,NFR,True
BLPU,Bilpur,28.083668,79.62578099999999,,,True
BLQR,Bilaspur Road,28.865600999999998,79.254263,Uttar Pradesh,NER,True
BLR,Balganur,15.59262851,75.60251865000001,Karnataka,SWR,True
BLRR,Belandur Road,12.936565,77.706939,Karnataka,SWR,True
BLS,Balasore,21.500521,86.91958199999999,,,True
BLSN,Belsonda,21.155027,82.03562500000001,,,True
BLT,Balotra,25.830070999999997,72.248683,Rajasthan,NWR,True
BLTR,Belthara Road,26.121418,83.841719,Uttar Pradesh,NER,True
BLU,Bilhaur,26.839002,80.060383,,,True
BLX,Bolai,23.361400652599997,76.4864047449,,,True
BLY,Bally,22.6552655812,88.3406065536,,,True
BLZ,Budhlada,29.9217422,75.5496866,Punjab,NR,True
BMB,Bamra,22.051355,84.291044,,,True
BMCK,Bissamcuttack,19.487437999999997,83.458973,,,True
BMD,Bhimadolu,16.80848173,81.26109679,,,True
BME,Barmer,25.744521900000002,71.397067,Rajasthan,NWR,True
BMF,Basmat,19.3334723149,77.15177759640001,Maharashtra,SCR,True
BMGA,Bhimgara,23.73804814,87.28427905,West Bengal,ER,True
BMGN,Bamunigaon,26.01201,91.282876,,,True
BMH,Betamcherla,15.449372,78.148636,,,True
BMI,Bamnia,23.0957635,74.7590158,,,True
BMJ,Bridgmanganj,27.195536999999998,83.197098,Uttar Pradesh,NER,True
BMK,Birang Khera,29.9125697133,74.63586428650001,Punjab,NWR,True
BMKD,Bellamkonda,16.46998,80.006313,,,True
BMKI,Bapudm Motihari,26.655732999999998,84.90529000000001,Bihar,ECR,True
BMNL,Baman Wali Halt,28.361736,73.555273,,,True
BMO,Bolarum,17.5335493,78.5154167,Andhra Pradesh,SCR,True
BMPL,Brahmanpalli,17.832927985,78.4501792358,Andhra Pradesh,SCR,True
BMPR,Badampahar,22.2640234,86.18081819999999,Orissa,SER,True
BMR,Bikrampur,23.082226,79.586316,Madhya Pradesh,WCR,True
BMRN,Bhimrana,22.389889,68.992445,,,True
BMSB,Bhimasar Bg,23.186504,70.174975,,,True
BMT,Begampet,17.4388739,78.4586266,,,True
BMU,Bamhrauli,25.44494,81.741641,,,True
BN,Bibinagar,17.470511,78.794355,,,True
BNA,Banni Koppa,15.40662732,75.94180892,Karnataka,SWR,True
BNBH,Bani Bihar,20.292611,85.852653,,,True
BNBR,Bahanaga Bazar,21.33613403,86.76172839,,,True
BNC,Bangalore Cant,12.9936735,77.59932690000001,Karnataka,SWR,True
BNCE,Bangalore East,13.001479999999999,77.6184701,Karnataka,SWR,True
BNDA,Banda,25.477677,80.336246,Uttar Pradesh,NCR,True
BNDI,Barundini,25.173406,74.93010100000001,Rajasthan,WCR,True
BNDM,Bondamunda,22.2355174,84.92505809999999,,,True
BNDP,Buniadpur,25.386267,88.402088,,,True
BNE,Bohani,22.9137476381,78.9159773981,Madhya Pradesh,WCR,True
BNG,Barnagar,23.0304117,75.6111208,Madhya Pradesh,WR,True
BNGM,Bangurgram,26.1401115488,74.34824731079999,,,True
BNGN,Bongaigaon,26.478293,90.560548,,,True
BNI,Budni,22.7871143,77.6812826,,,True
BNK,Banasankarai Halt,13.2656079329,76.5230602795,Karnataka,SWR,True
BNKH,Bhairanayakanahalli,13.194258,77.38339300000001,Karnataka,SWR,True
BNKI,Banmankhi,25.885092,87.193664,Bihar,ECR,True
BNL,Bevinahalu,15.16697376,77.21298975,Andhra Pradesh,SCR,True
BNLS,Bangi Nihalsngh,30.008326,74.95528499999999,,,True
BNLW,Banasthali Niwai,26.383927808699998,75.93511006349999,,,True
BNN,Barnala,30.370396799999998,75.5492466,Punjab,NR,True
BNO,Banar,26.33951,73.146431,,,True
BNOD,Benoda,21.449662999999997,78.180007,,,True
BNP,Bhanapur,15.38694828,76.036416,Karnataka,SWR,True
BNQ,Banarhat,26.797885,89.025682,West Bengal,NFR,True
BNR,Bhagwanpur,25.858316719999998,85.30109021000001,,,True
BNSA,Banbasa,28.991685,80.0732101,Uttarakhand,NER,True
BNT,Bharthana,26.7502248,79.2163612,,,True
BNTH,Bandhnath,21.434145,70.356879,Gujarat,WR,True
BNTL,Bantawala,12.878545,75.034456,Karnataka,SWR,True
BNU,Bandakpur,23.848205999999998,79.575956,,,True
BNV,Binnaguri,26.747088299999998,89.05239089999999,West Bengal,NFR,True
BNVD,Bhanvad,21.9330444,69.79885780000001,Gujarat,WR,True
BNW,Bhiwani,28.7984261,76.1255797,Haryana,NWR,True
BNXR,Bidhan Nagar,22.592432,88.391045,,,True
BNY,Barhni,27.4957951,82.7918337,Uttar Pradesh,NER,True
BNZ,Badshahnagar,26.8686134,80.9613606,,,True
BOBS,Bobas,26.9056364,75.4980458,,,True
BOD,Bangrod,23.3982156,75.1241457,,,True
BOE,Barsoi,25.651242200000002,87.9229421,,,True
BOF,Barog,30.890852900000002,77.0829696,Himachal Pradesh,NR,True
BOG,Bhairongarh,23.1449211037,74.7760641077,,,True
BOI,Bainchi,23.1191243,88.196286,,,True
BOJ,Bhojo,27.0635982,95.03240600000001,Assam,NFR,True
BOKE,Bhoke,17.0490546,73.3810615,Maharashtra,KR,True
BOKO,Boko,25.999791,91.219674,Assam,NFR,True
BOKR,Bhokar,19.213965,77.666535,Maharashtra,SCR,True
BOMN,Bommagundanakere,14.591669999999999,76.68023,Karnataka,SWR,True
BONA,Boinda,20.9200366,84.74820639999999,,,True
BOR,Boisar,19.7985273,72.76189900000001,Maharashtra,WR,True
BORA,Baghdogra,26.697770440000003,88.32445458000001,,,True
BOW,Borawar,27.0283068063,74.66939656189999,,,True
BOY,Bhadohi,25.3952636,82.5583597,,,True
BOZ,Bolarum Bazar,17.517847537100003,78.5159651358,Andhra Pradesh,SCR,True
BP,Barrackpore,22.7610653,88.371428,,,True
BPA,Belampalli,19.053689199999997,79.4863374,,,True
BPB,Badarpur,24.865177499999998,92.5563227,Assam,NFR,True
BPC,Berhampore Crt,24.0890841,88.263642,West Bengal,ER,True
BPD,Bahadurpur,23.438519499999998,88.4633792,West Bengal,ER,True
BPE,Benapur,22.271352309999997,87.37624084000001,,,True
BPF,Banapura,22.4703575471,77.4807316095,Madhya Pradesh,WCR,True
BPH,Belpahar,21.827212300000003,83.84907630000001,,,True
BPHB,Bhilai Pwr Hs,21.208119,81.375901,,,True
BPK,Bhugaon,20.6738192,78.6700027,,,True
BPKA,Bhopalka,22.122780300000002,69.3687405,Gujarat,WR,True
BPL,Bhopal,23.266884384300003,77.4131428577,,,True
BPO,Baripada,21.9227408,86.73709000000001,Orissa,SER,True
BPP,Bapatla,15.9086144,80.46842480000001,,,True
BPQ,Balharshah,19.8490173,79.3485858,,,True
BPR,Bhojipura,28.4939826,79.44724,Uttar Pradesh,NER,True
BPRA,Baripura,25.340728000000002,79.943488,Uttar Pradesh,NCR,True
BPRD,Barpeta Road,26.5028473,90.9639649,,,True
BPRH,Balpur Halt,22.115136,82.694138,Chhattisgarh,SECR,True
BPRS,Bhogpur Sirwal,31.556593699999997,75.6452234,Punjab,NR,True
BPS,Banpas,23.40073073,87.74725106999999,,,True
BPZ,Bazpur,29.1578998,79.1463827,Uttarakhand,NER,True
BQA,Bankura,23.224387099999998,87.07468750000001,West Bengal,SER,True
BQE,Bakanian Bhaunr,23.261737,77.252499,,,True
BQG,Bhagwangola,24.333178,88.309816,West Bengal,ER,True
BQI,Bommidi,11.984698435,78.2462805359,,,True
BQM,Barelipar,22.051583,78.407732,Madhya Pradesh,CR,True
BQN,Bagri Nagar,25.895725000000002,73.787801,Rajasthan,NWR,True
BQP,Bighapur,26.3551471,80.6934544,Uttar Pradesh,NR,True
BQQ,Bakhleta,23.846381,79.96972000000001,,,True
BQR,Bhilainagar,21.2013382,81.33434510000001,,,True
BQSP,Basuchak Halt,,,,,False
BQU,Bhattiprolu,16.105632000000004,80.787953,Andhra Pradesh,SCR,True
BQW,Barakalan,25.4915162541,83.8494928638,,,True
BR,Bandh Bareta,26.910367,77.364108,Rajasthan,NCR,True
BRAG,Barang,20.400699,85.832573,,,True
BRBS,Birbans Ph,22.79397464,86.01393866000001,,,True
BRC,Vadodara,22.310756,73.181065,,,True
BRD,Bhandara Road,21.238512,79.64752299999999,,,True
BRE,Bharwari,25.5591917,81.4918665,,,True
BRG,Bargarh,25.164270416300003,81.4500584753,Uttar Pradesh,NCR,True
BRGA,Bargarh Road,21.332902999999998,83.642586,,,True
BRGJ,Bargaon Gujar,21.7849180856,76.3562287756,,,True
BRGL,Burgula Halt,16.993515,78.20522299999999,,,True
BRGM,Baraigram,24.684059,92.344106,Assam,NFR,True
BRGT,Bheraghat,23.1697663,79.7978789,Madhya Pradesh,WCR,True
BRGW,Bargawan,24.197002,82.455989,Madhya Pradesh,WCR,True
BRH,Baikunthpur Rd,23.317286,82.5298836,Chhattisgarh,SECR,True
BRHI,Barhi,,,,,False
BRI,Bhiringi,22.227752,76.941024,Madhya Pradesh,WCR,True
BRJN,Brajrajnagar,21.822718000000002,83.923653,,,True
BRK,Bahraich,27.581536,81.6075183,Uttar Pradesh,NER,True
BRKA,Barka Kana,23.624159,85.469553,,,True
BRKY,Boraki,28.507907999999997,77.56361700000001,,,True
BRM,Barabambo,22.70169729,85.72902995999999,,,True
BRMD,Biramdih,23.04578437,86.19920954,,,True
BRMO,Bermo,23.772498,85.955893,,ECR,True
BRN,Barhan,27.32891,78.19231699999999,,,True
BRNA,Berawanya,23.465605999999998,75.33412200000001,,,True
BRPL,Barpali,21.183637700000002,83.59487580000001,,,True
BRPS,Barapalasi,,,,,False
BRQ,Bagrakot,26.87063169,88.58596154,West Bengal,NFR,True
BRR,Barakar,23.7416829,86.818859,,,True
BRRG,Biyavra Rajgarh,23.93591,76.907007,,,True
BRRZ,Barara Buzurg,26.052652,81.08413800000001,,,True
BRS,Birsinghpur,23.367211700000002,81.0433529,,,True
BRST,Birpurusothampr,19.99039983,85.80635131,,,True
BRTK,Bhortex,21.102507999999997,74.995996,,,True
BRU,Bhairoganj,27.151418149999998,84.24239742,Bihar,ECR,True
BRUD,Barud,22.052142,76.814085,Madhya Pradesh,WCR,True
BRVR,Borvihir,20.7843263,74.8417412,Maharashtra,CR,True
BRW,Bariwala,30.532580000000003,74.65895300000001,Punjab,NR,True
BRWD,Barwadih,23.843836,84.11877999999999,,,True
BRY,Bareilly,28.3372843,79.4109744,Uttar Pradesh,NER,True
BRYA,Barhiya,25.2832026,86.01507679999999,,,True
BRZ,Bareta,29.859333900000003,75.69240260000001,Punjab,NR,True
BSAE,Bansh Baria,22.957288000000002,88.395641,West Bengal,ER,True
BSB,Varanasi,25.327281,82.986468,,,True
BSBR,Bansloi Bridge,24.502610999999998,87.862439,,,True
BSBS,Banaras,,,,,False
BSC,Bulandshahr,28.3919187,77.8482415,Uttar Pradesh,NR,True
BSDP,Bhusandpur,19.951792700000002,85.4764825,,,True
BSDR,Bansadhara Ph,18.970276000000002,83.822754,Andhra Pradesh,ECoR,True
BSE,Badshahpur,25.652268,82.190552,,,True
BSGN,Basugaon,26.460164000000002,90.42014999999999,,,True
BSI,Basbari,26.184354000000003,89.900353,Assam,NFR,True
BSJ,Bhupalsagar,24.8477620899,74.2116131934,Rajasthan,NWR,True
BSKH,Basukinath,24.388941000000003,87.045099,Jharkhand,ER,True
BSKO,Banskho,26.856115,76.142206,,,True
BSKR,Basi Kiratpur,29.497228000000003,78.213283,Uttar Pradesh,NR,True
BSL,Bhusaval,21.0472812,75.78867170000001,,,True
BSLE,Bataspur,23.8802785594,87.6806814746,,,True
BSN,Banasandra,13.265332,76.659317,Karnataka,SWR,True
BSP,Bilaspur,22.057473,82.167585,,,True
BSPH,Bishanpur Hryna,29.274012000000003,76.323906,Haryana,NR,True
BSPN,Bassi Pathanam,30.6884592,76.4096692,,,True
BSPR,Bishrampur,23.179178,82.98289000000001,Chhattisgarh,SECR,True
BSPX,Banspani,22.00024281,85.42341227,Orissa,SER,True
BSQP,Bansipur,25.1245132245,86.1448204578,,,True
BSR,Vasai Road,19.3824486,72.8322217,Maharashtra,WR,True
BSRL,Besroli,26.990674000000002,74.560725,,,True
BSRX,Basavana Bagewadi Road,16.47986853,75.82814753,Karnataka,SWR,True
BSSL,Basi Beriasal,25.024084,74.764318,Rajasthan,WCR,True
BST,Basti,26.815678,82.77005899999999,,,True
BSTP,Basantapur,21.548768,85.67658999999999,Orissa,ECoR,True
BSWA,Baiswara,26.284843000000002,80.83471200000001,Uttar Pradesh,NR,True
BSX,Basar,18.86512,77.938506,Andhra Pradesh,SCR,True
BSZ,Bharwa Sumerpur,25.825412999999998,80.167419,Uttar Pradesh,NCR,True
BTA,Bihta,25.560948600000003,84.8740874,,,True
BTC,Balaghat,21.8116285,80.19988529999999,Madhya Pradesh,SECR,True
BTD,Botad,22.182870599999998,71.6655966,Gujarat,WR,True
BTE,Bharatpur,27.237106999999998,77.488613,,,True
BTG,Basharatganj,28.288009,79.2851956,Uttar Pradesh,NR,True
BTGH,Bettadnagenhali,14.1738302683,76.2593350818,Karnataka,SWR,True
BTH,Bettiah,26.8058847,84.5229561,Bihar,ECR,True
BTI,Bathinda,30.209488,74.932083,Punjab,NR,True
BTIC,Batinda Cantt,30.19088,74.954044,Punjab,NR,True
BTJL,Bhatkal,13.98866,74.5655589,Karnataka,KR,True
BTK,Bankata,26.265917,84.09492,,,True
BTKP,Bharat Kup,25.217166,80.76767899999999,Uttar Pradesh,NCR,True
BTO,Bhitaura,28.469954,79.306506,,,True
BTP,Babatpur,25.453616,82.8800248,,,True
BTPD,Bethampurdi,17.543986,80.573657,Andhra Pradesh,SCR,True
BTQ,Betnoti,21.741339999999997,86.8435187,Orissa,SER,True
BTS,Basta,21.7029241,87.0637831,,,True
BTSD,Bhatisuda,23.392187,75.421478,,,True
BTSR,Bhuteshwar,27.501369999999998,77.66784,,,True
BTT,Bhatni,26.381257,83.934035,,,True
BTTR,Bitragunta,14.768584800000001,79.98314599999999,,,True
BTU,Baraut,29.09692,77.273006,Uttar Pradesh,NR,True
BTV,Baitarani Road,20.986995999999998,86.23539299999999,,,True
BTVA,Batuva,18.34308678,83.62409646,,,True
BTW,Barsi Town,18.240993,75.718169,Maharashtra,CR,True
BTX,Bela Tal,25.2767862477,79.55448188960001,Uttar Pradesh,NCR,True
BTY,Bethuadahari,23.610275,88.384597,West Bengal,ER,True
BU,Baswa,27.149686000000003,76.575644,Haryana,NWR,True
BUA,Baradwar,22.011725000000002,82.813724,,,True
BUB,Bissau,28.2401014,75.0612084,Rajasthan,NWR,True
BUBR,Bhutakia Bhimsa,23.533540000000002,70.908462,,,True
BUDA,Bhuda,27.1289860174,76.8145379749,,,True
BUDI,Bundi,25.407922,75.65069899999999,Rajasthan,WCR,True
BUDM,Badmal,20.384900000000002,83.27114900000001,,,True
BUE,Baruna,25.569781000000003,84.08917199999999,,,True
BUG,Bagaha,27.130045000000003,84.066991,Bihar,ECR,True
BUGL,Buglanwali,29.79175066957987,74.23897337168455,Rajasthan,NWR,True
BUH,Burhar,23.213203999999998,81.528406,,,True
BUI,Ballia,25.76057,84.15311999999999,,,True
BUJ,Barauni Flag,25.4735905867,85.96507848819999,,,True
BUM,Bommasamudram,13.044566,79.176067,,,True
BUP,Bariarpur,25.2810286076,86.5740372229,,,True
BUPH,Babupeth,19.923131,79.313027,,,True
BURN,Burnpur,23.6719137,86.9386234,West Bengal,SER,True
BUS,Badausa,25.248423000000003,80.651011,Uttar Pradesh,NCR,True
BUT,Baytu,25.897537999999997,71.76868,Rajasthan,NWR,True
BUU,Bhadanpur,24.16808,80.679777,Madhya Pradesh,WCR,True
BUW,Burhwal,27.087081,81.39016,,,True
BUX,Bhandak,20.084262,79.112528,,,True
BV,Babhnan,26.938525000000002,82.500127,,,True
BVA,Bauria,22.5035911202,88.1635216052,,,True
BVC,Bhavnagar Terminus,21.781668,72.141059,Gujarat,WR,True
BVH,Ballabgarh,28.3408609239,77.312775968,,,True
BVI,Borivali,19.228739,72.85641199999999,Maharashtra,WR,True
BVL,Bikkavolu,16.9693168335,82.031148067,,,True
BVN,Biswan,27.4894825714,80.990464292,,,True
BVO,Bogolu,15.473393,77.914295,,,True
BVP,Bhavanagar Para,21.770889999999998,72.11868199999999,Gujarat,WR,True
BVQ,Bhilavdi,17.008048,74.51678100000001,Maharashtra,CR,True
BVR,Banavar,13.395698823,76.1400537476,Karnataka,SWR,True
BVRM,Bhimavaram,16.543097,81.538335,Andhra Pradesh,SCR,True
BVRT,Bhimavaram Town,16.547348,81.516853,Andhra Pradesh,SCR,True
BVU,Balipara,,,,,False
BW,Biwai,27.110623039700002,76.6960924713,,,True
BWB,Bagwali,30.033151999999998,74.772519,Punjab,NWR,True
BWC,Banwali,29.91997899999999,74.029894,Rajasthan,NWR,True
BWH,Bhadaura,25.4504253,83.738354,,,True
BWI,Bilwai,26.158966,82.665181,,,True
BWIP,Bhawanipatna,19.93393,83.15839799999999,,,True
BWK,Bawani Khera,28.939509,76.032707,Haryana,NWR,True
BWL,Bawal,28.070281,76.572402,Haryana,NWR,True
BWM,Bhawani Mandi,24.419472000000003,75.82981,,,True
BWN,Bardhaman,23.249718,87.87028099999999,,,True
BWO,Buramara,22.107567000000003,86.650295,,,True
BWR,Barwa Sagar,25.351848,78.731628,Uttar Pradesh,NCR,True
BWRA,Bharatwada,21.231695,79.0171081,,,True
BWS,Badwasi,27.311355,73.663015,,,True
BWSN,Bijwasan,28.536700000000003,77.051292,Delhi NCT,NR,True
BWT,Bangarapet,12.984808,78.178188,,,True
BWX,Bahman Diwana,30.225526,74.849153,Punjab,NR,True
BXC,Barwala,29.367534,75.88703100000001,Haryana,NR,True
BXG,Bhanga,24.857347,92.457351,Assam,NFR,True
BXJ,Bokajan,26.018425999999998,93.779466,Assam,NFR,True
BXK,Bandarkhal,25.069785,92.80071699999999,Assam,NFR,True
BXL,Bheduasol,23.1943639299,87.13517327999999,West Bengal,SER,True
BXN,Bayana,26.916354000000002,77.29713100000001,Rajasthan,WCR,True
BXP,Barpathar,26.274562,93.899672,Assam,NFR,True
BXQ,Brundamal,21.806503000000003,84.016216,,,True
BXR,Buxar,25.562067,83.982184,,,True
BXT,Bamanhat,26.076284459879247,89.62797752581537,West Bengal,NFR,True
BXY,Bordhal,21.997011,78.348164,Madhya Pradesh,CR,True
BYC,Ballari Cantt Halt,15.150286000000001,76.89450500000001,Karnataka,SWR,True
BYD,Byadgi,14.6997230018,75.4900954675,Karnataka,SWR,True
BYL,Belha,21.961973,82.077189,,,True
BYN,Banahi,25.561301,84.389916,,,True
BYNR,Mookambika Road Byndoor (h),13.87259,74.63279,Karnataka,KR,True
BYP,Baijnathpur,25.901014,86.653766,Bihar,ECR,True
BYPL,Baiyyappanahalli,12.990198,77.650886,,,True
BYQ,Bahai,26.122334,81.01527999999999,,,True
BYR,Bhayandar,19.311766,72.85303900000001,Maharashtra,WR,True
BYS,Barsali,21.909813,78.03136099999999,,,True
BYT,Bhatapara,21.732464,81.946062,,,True
BZA,Vijayawada,16.518262,80.61864800000001,,,True
BZG,Bilga,31.058267,75.66684099999999,Punjab,NR,True
BZLE,Bazarsau,23.8757926,88.1828793,West Bengal,ER,True
BZM,Bhimsen,26.419754,80.21814499999999,,,True
BZN,Bagnan,22.462515,87.97071100000001,,,True
BZO,Barsola,29.394379,76.231711,Haryana,NR,True
BZU,Betul,21.896393,77.90589700000001,,,True
BZY,Basai,25.142923,78.394254,,,True
CAA,Chakia,26.417182,85.04636,Bihar,ECR,True
CAER,Chhanera,21.963965,76.707775,Madhya Pradesh,WCR,True
CAF,Chanda Fort,19.9400612,79.3122585,Maharashtra,SECR,True
CAG,Chhabra Gugor,24.680339,76.850989,Rajasthan,WCR,True
CAI,Chanpatia,26.94163,84.53063900000001,Bihar,ECR,True
CAN,Kannur,11.870694199999999,75.3683267,Kerala,SR,True
CAO,Chauradano,26.85049224,85.01767731,,,True
CAP,Chatrapur,19.3589572,84.97327299999999,,,True
CAPE,Kanyakumari,8.088028,77.542504,Tamil Nadu,SR,True
CAR,Chunar,25.103351,82.874703,,,True
CASA,Chhansara,23.767566,71.276337,,,True
CBCC,Chandlodiya B Cabin,,,,,False
CBE,Coimbatore,10.997639,76.966298,,,True
CBF,Coimbatore North,11.019937,76.954304,,,True
CBH,Chaube,24.2372952691,85.8160239368,,,True
CBJ,Clutterbuckganj,28.396895,79.371946,,,True
CBK,Chachura Binagani,24.178144,77.01660299999999,,,True
CBM,Cumbum,15.592947,79.110832,,,True
CBN,Chit Baragaon,25.744108999999998,84.00154,Uttar Pradesh,NER,True
CBSA,Chaibasa,22.560494000000002,85.812342,Jharkhand,SER,True
CBT,Charbatia,20.569383900000002,85.9113306,,,True
CBU,Chinnababusamudram,11.919465,79.686417,Tamil Nadu,SR,True
CBY,Khambhat,,,,,False
CBZ,Churaibari,24.433621,92.24124800000001,Tripura,NFR,True
CC,Chauri Chaura,26.673882,83.545894,,,True
CCA,Chigicherla,14.517474,77.68348800000001,,,True
CCD,Chichonda,21.709709,78.352032,,,True
CCH,Chinchvad,18.638903,73.79139199999999,,,True
CCI,Chinnekuntapali,14.4427884187,77.8420563,Andhra Pradesh,SCR,True
CCL,Chanchelav,22.795825439999998,73.71433934,,,True
CCO,Chicholi Ph,21.458741,79.702691,,,True
CCP,Chhuchhapura,22.214729000000002,73.594519,Gujarat,WR,True
CCT,Kakinada Town,16.9670099,82.2329218,Andhra Pradesh,SCR,True
CD,Chandrapur,19.960126000000002,79.300505,,,True
CDA,Chuda,22.495211350199998,71.7500982013,Gujarat,WR,True
CDB,Chaudhribandh,24.1118528783,85.9464457367,,,True
CDD,Chandod,21.99195697308774,73.45218163914979,Gujarat,WR,True
CDG,Chandigarh,30.7019773,76.82208,Chandigarh,NR,True
CDGR,Chandrakona Road,22.739076,87.340588,West Bengal,SER,True
CDH,Chakdaha,23.078406,88.529672,West Bengal,ER,True
CDM,Chidambaram,11.391471000000001,79.7033411,Tamil Nadu,SR,True
CDS,Chandisar,24.2064915,72.3128162,Gujarat,WR,True
CEL,Chebrol,16.819948,81.396533,,,True
CGF,Charali,27.4496656596,95.3509509503,Assam,NFR,True
CGI,Chandragiri,13.61173,79.31221500000001,,,True
CGL,Chengalpattu,12.692863999999998,79.981519,,,True
CGN,Chirgaon,25.575053,78.805761,,,True
CGON,Chaygaon,26.064069106999998,91.3952511639,Assam,NFR,True
CGR,Chandan Nagar,22.867469999999997,88.354421,,,True
CGS,Changsari,26.256204,91.693023,,,True
CGY,Changanasseri,9.449881,76.54841400000001,,,True
CH,Chandausi,28.458626000000002,78.780268,Uttar Pradesh,NR,True
CHA,Chawapall,30.7594625741,76.127464975,,,True
CHAA,Chapar,,,,,False
CHAF,Chaf Halt,26.8285100187,84.0939686646,,,True
CHAR,Charmal,21.095391,84.204417,,,True
CHCR,Chacher,21.241422,79.354918,,,True
CHD,Chandia Road,23.6454399,80.701436,,,True
CHDX,Chhada,23.237624,81.47142699999999,,,True
CHE,Srikakulam Road,18.408679,83.903771,,,True
CHH,Chaukhandi,25.3398947588,82.83483412599999,,,True
CHI,Chiplun,17.542507399999998,73.522429,Maharashtra,KR,True
CHIB,Chirai Bg,23.208800999999998,70.242149,,,True
CHJ,Chata,27.711992000000002,77.502978,,,True
CHK,Chakeri,26.381159999999998,80.40654599999999,,,True
CHKE,Challakere,14.315154000000001,76.66001700000001,Karnataka,SWR,True
CHL,Chola,28.31216512,77.72940894,,,True
CHLK,Chavalkhede,21.024084000000002,75.352237,,,True
CHM,Chalthan,21.157909,72.95617,,,True
CHNN,Channani,26.49509,75.920457,,,True
CHP,Chhapi,24.034518000000002,72.40022099999999,Gujarat,WR,True
CHR,Chilkahar,25.82699,83.965313,,,True
CHRG,Chorgi,17.175076999999998,75.869711,Karnataka,SWR,True
CHRM,Chirmiri,23.1894855,82.34955079999999,Chhattisgarh,SECR,True
CHSM,Chinna Salem,11.631062,78.873821,,,True
CHUA,Chourai,22.057632,79.246686,,,True
CHV,Charvattur,12.213321,75.15435,Kerala,SR,True
CHZ,Charlapalli,17.457672000000002,78.605619,,,True
CI,Chhapra Kacheri,25.785987000000002,84.74709499999999,,,True
CIH,Chilhia,27.35207,82.990864,Uttar Pradesh,NER,True
CIK,Chiksana,27.199896,77.663925,,,True
CIL,Chilbila,25.947331,82.004241,,,True
CIO,Chikhli Road,,,,,False
CIV,Chinnaravuru,16.224010999999997,80.655843,Andhra Pradesh,SCR,True
CJ,Kanchipuram,12.848947,79.70314900000001,Tamil Nadu,SR,True
CJM,Chinna Ganjam,15.689502,80.236773,,,True
CJN,Chhatna,23.305386000000002,86.975734,West Bengal,SER,True
CJS,Charamula Kusum,19.020403,82.401044,Chhattisgarh,ECoR,True
CK,Chiksugar,16.336647,77.343832,,,True
CKB,Chauth Ka Barwara,26.051333,76.14905300000001,,,True
CKBK,Chikkabenakal,,,,,False
CKD,Charkhi Dadri,28.600799,76.279921,Haryana,NWR,True
CKE,Choki Sorath,21.659142000000003,70.525813,Gujarat,WR,True
CKH,Chakand,24.8901416,84.9954942,Bihar,ECR,True
CKI,Chalakudi,10.3017975,76.3218076,,,True
CKKD,Charkhera Khurd,21.938836,76.642615,,,True
CKMI,Chhotaki Masaudhi Halt,25.330397498299998,85.0317514441,,?,True
CKNI,Chikni Road,20.325826,78.95921700000001,,,True
CKOD,Chakrod,23.3530905936,76.779716546,,,True
CKP,Chakaradharpur,22.678979,85.62777100000001,,,True
CKR,Chikodi Road,16.3690477592,74.76949432980001,Karnataka,SWR,True
CKS,Chaksu,26.592917999999997,75.910778,,,True
CKTD,Chitrakot,25.217610999999998,80.922775,Uttar Pradesh,NCR,True
CKU,Chakulia,22.478149,86.721161,,,True
CKVD,Chikkandawadi,14.137920273699999,76.2025684888,Karnataka,SWR,True
CKX,Chakur,18.4875607596,76.8840283246,Maharashtra,SCR,True
CLD,Chalsa,26.882215,88.798213,West Bengal,NFR,True
CLDR,Chilikidara,21.243022,85.827112,Orissa,ECoR,True
CLDY,Chandlodiya,23.074516000000003,72.543606,,,True
CLE,Chintalpalli,17.914855999999997,79.701487,Andhra Pradesh,SCR,True
CLG,Kahalgaon,25.2621879424,87.2337518945,,,True
CLJ,Colonelganj,27.137698,81.69417800000001,,,True
CLKA,Chilka,19.686694,85.17991400000001,,,True
CLPE,Challavaripalli,14.876728,78.034438,,,True
CLR,Castle Rock,15.397879,74.334484,Karnataka,SWR,True
CLT,Kozhikkode,11.246234,75.780407,Kerala,SR,True
CLVR,Chiluvur,16.379558,80.61690800000001,,,True
CLW,Chilwariya,27.487001000000003,81.69873199999999,Uttar Pradesh,NER,True
CLX,Chirala,15.830755,80.353602,,,True
CM,Campierganj,27.05777,83.267384,Uttar Pradesh,NER,True
CMA,Cinnamara,26.715526999999998,94.169432,Assam,NFR,True
CMDP,Chimidipalli,18.262764,83.07686199999999,Andhra Pradesh,ECoR,True
CMJ,Chamarajapuram,12.29844,76.637861,Karnataka,SWR,True
CMNR,Chamarajanagar,11.934891,76.932807,Karnataka,SWR,True
CMR,Chamrola,27.393031999999998,78.180143,,,True
CMU,Chau Mahla,23.948204999999998,75.60086100000001,,,True
CMX,Chamagram,24.821334,87.96334499999999,,,True
CNA,Chanderia,24.939557999999998,74.629979,Rajasthan,WR,True
CNB,Kanpur Central,26.454240000000002,80.350966,,,True
CNBI,Chandari,26.428098,80.360645,,,True
CNC,Chinchli,16.571696999999997,74.855323,Karnataka,SWR,True
CND,Chandur,20.8045192,77.9821558,,,True
CNDB,Chandur Bazar,21.219451,77.741807,,,True
CNDM,Chandi Mandir,30.727071000000002,76.88683900000001,Chandigarh,NR,True
CNE,Chandranathpur,24.984962,92.71665800000001,Assam,NFR,True
CNGR,Chengannur,9.319504,76.608271,,,True
CNI,Chandil,22.956014,86.07210900000001,,,True
CNJ,Chander Nagar Halt,28.662871000000003,77.33120100000001,,,True
CNK,Chandok,29.576786,78.152782,,,True
CNL,Chandawal,25.946542716,73.86881457700001,Rajasthan,NWR,True
CNO,Canacona,15.006905999999999,74.039454,Goa,KR,True
CNPA,Channarayapatna,,,,,False
CNPR,Chainpur,23.729821,85.582933,,ECR,True
CNS,Chuchura,22.890190999999998,88.3695,,,True
CNV,Kinattukkadavu,,,,,False
COA,Kakinada Port,16.955204000000002,82.240057,Andhra Pradesh,SCR,True
COB,Cooch Behar,26.3029681,89.6653098,West Bengal,NFR,True
COE,Chitrod,23.417869,70.655356,Gujarat,WR,True
COM,Chomun Samod,27.158223,75.70272,Rajasthan,NWR,True
COR,Chittaurgarh,24.874340999999998,74.623687,Rajasthan,WR,True
CPA,Kanpur Anwrganj,26.456232999999997,80.328444,,,True
CPB,Kanpur Bge L Bk,26.477460999999998,80.379316,,,True
CPD,Chinchpada,21.206379000000002,73.93924200000001,,,True
CPDR,Chhipadohar,23.8133333478,84.2023836389,,,True
CPH,Champa,22.034731,82.665149,,,True
CPJ,Kaptanganj,26.926388,83.69990700000001,Uttar Pradesh,NER,True
CPK,Chaparmukh,26.202272,92.511718,Assam,NFR,True
CPLE,Chinpal,23.839677000000002,87.46063699999999,West Bengal,ER,True
CPN,Champaner Rd,22.541916,73.393378,,,True
CPP,Chipurupalle,18.316259000000002,83.569608,,,True
CPR,Chhapra,25.788320000000002,84.725004,,,True
CPS,Chand Siau,29.13201,78.27585499999999,Uttar Pradesh,NR,True
CPT,Channapatna,12.659673000000002,77.203824,Karnataka,SWR,True
CPU,Chopan,24.51403,83.025843,Uttar Pradesh,ECR,True
CQA,Cherukara,10.929228,76.22811899999999,Kerala,SR,True
CRC,Charkhari Road,25.307555999999998,79.74565299999999,Uttar Pradesh,NCR,True
CRJ,Chittaranjan,23.857138000000003,86.878036,,,True
CRK,Charkhera,22.367273,77.171177,Madhya Pradesh,WCR,True
CRLM,Karmelaram,12.907633,77.706014,Karnataka,SWR,True
CRP,Chandrapura,23.755676,86.119775,,,True
CRR,Karagola Road,25.500006821499998,87.3778270438,,,True
CRU,Chudawa,19.1803282622,77.1169303369,Maharashtra,SCR,True
CRWA,Chirawa,28.223341365041605,75.65068451687694,Rajasthan,NWR,True
CRWL,Chakrakwala,,,,,False
CRY,Chirayinkeezh,8.658337900000001,76.7853703,,,True
CSA,Chausa,25.4984911003,83.89633140379999,,,True
CSB,Shivaji Bridge,28.634101,77.226612,,,True
CSMT,C Shivaji Mah T,,,,,False
CSN,Chalisgaon,20.464109,74.999049,,,True
CSZ,Cossimbazar,24.122264,88.266903,West Bengal,ER,True
CT,Chittapur,17.1197808,77.09045160000001,,,True
CTA,Chitradurg,14.231154,76.386431,Karnataka,SWR,True
CTC,Cuttack,20.466587999999998,85.90156,,,True
CTD,Chhota Udepur,22.314788,74.014286,Gujarat,WR,True
CTF,Chitgidda,17.391231,77.963909,,,True
CTH,Chikalthan,19.859565,75.402851,Maharashtra,SCR,True
CTHR,Chitahra,24.862627000000003,80.842854,Madhya Pradesh,WCR,True
CTKT,Chhoti Khatu,27.155534,74.35722999999999,Rajasthan,NWR,True
CTL,Chital,21.745689,71.218128,Gujarat,WR,True
CTMP,Chhit Makandpur,25.234493190600002,86.87393632569999,,,True
CTO,Chittoor,13.219857,79.103252,,,True
CTPE,Chandanattop Halt,8.932478000000001,76.64532,Kerala,SR,True
CTR,Chatra,24.372846,87.849257,,,True
CTRE,Chitteri,13.068171999999999,79.597909,,,True
CTS,Chhatariput,18.922722,82.590027,Orissa,ECoR,True
CTTP,Chitrapur (h),14.036147999999999,74.536566,Karnataka,KR,True
CTYL,Chityala,17.221960824,79.135713114,,,True
CUE,Choupale,21.377019,74.319097,,,True
CUK,Churk,24.6496787,83.1032006,Uttar Pradesh,NCR,True
CUPJ,Cuddalore Port,11.715119,79.766287,Tamil Nadu,SR,True
CUR,Churu,28.288281,74.966203,Rajasthan,NWR,True
CVB,Cavalry Barracks,17.494734,78.518694,Andhra Pradesh,SCR,True
CVJ,Chavaj,21.753134000000003,73.010489,,,True
CVP,Kovilpatti,9.182578,77.872848,Tamil Nadu,SR,True
CVR,Chorvad Road,21.055196000000002,70.290734,Gujarat,WR,True
CW,Chainwa,26.022117,84.49649600000001,,,True
CWA,Chhindwara,22.058201,78.953212,Madhya Pradesh,SECR,True
CYI,Chhayapuri,22.388284,73.179698,,,True
CYN,Cheriyanad,9.273119000000001,76.585087,,,True
DAA,Datia,25.641070000000003,78.456356,,,True
DAB,Dharmabad,18.888260310099998,77.8493415012,Maharashtra,SCR,True
DABN,Dhaban,29.859997,74.54288000000001,Rajasthan,NWR,True
DADN,Dr Ambedkar Nagar,,,,,False
DAJ,Duroji,15.227107,76.70013,Karnataka,SWR,True
DAKE,Dakhineswar,22.6534841,88.36363519999999,,,True
DAPD,Dapodi,18.58005,73.83279900000001,,,True
DAQ,Daud Khan,27.830504,78.09879699999999,,,True
DAR,Danwar,28.129968509999998,77.88391252,,,True
DARA,Dara,24.832608999999998,76.005784,,,True
DAS,Dhasa,21.782545,71.51800800000001,Gujarat,WR,True
DAVM,Dhanu Vacha Puram Ha,8.378802,77.124352,Kerala,SR,True
DAYG,Dariyaganj,,,,,False
DB,Dabhoi,22.137755,73.415466,Gujarat,WR,True
DBA,Dabra,25.881197,78.331015,,,True
DBB,Dhubri,26.023137000000002,89.977952,Assam,NFR,True
DBD,Deoband,29.680031500000002,77.67087339999999,Uttar Pradesh,NR,True
DBEC,Devbaloda Charoda Ph,21.21335,81.45049,,,True
DBF,Dabpal,18.927979999999998,81.488923,Chhattisgarh,?,True
DBG,Darbhanga,26.157088,85.907575,,,True
DBHL,Dobh Bahali,,,,,False
DBI,Dabli Rathan,29.542416,74.19093000000001,Rajasthan,NWR,True
DBL,Dodbele,13.216441000000001,77.351193,Karnataka,SWR,True
DBLA,Dabla,27.888685430000002,75.9464005609,Rajasthan,NWR,True
DBLG,Dibolong,,,,,False
DBR,Dabhaura,25.11793,81.30312500000001,Uttar Pradesh,NCR,True
DBRG,Dibrugarh,27.463606565899997,94.93525791020001,Assam,NFR,True
DBS,Dobbspet,13.2331801567,77.2491554279,Karnataka,SWR,True
DBSI,Dayabasti,28.667329000000002,77.17138999999999,Delhi NCT,NR,True
DBU,Dodballapur,13.27894,77.55016,,,True
DBV,Dabilpur,17.674226,78.470315,Andhra Pradesh,SCR,True
DBW,Dubia,,,,,False
DBY,Digboi,27.383483,95.61698200000001,Assam,NFR,True
DCA,Damchara,25.012661,92.749675,Assam,NFR,True
DCAB,Dcab,21.226612,81.477969,,,True
DCK,Dhandhuka,22.384024,71.975613,Gujarat,WR,True
DCU,Damalcheruvu,13.478885,79.05643400000001,Andhra Pradesh,SCR,True
DD,Daund,18.463547,74.578622,,,True
DDA,Duraundha,26.086973,84.45894600000001,,,True
DDCC,Daund Chord Line,,,,,False
DDCE,Dundi,23.557854000000003,80.21665700000001,Madhya Pradesh,WCR,True
DDDA,Duddeda,,,,,False
DDDM,Deen Dayal Dham,,,,,False
DDE,Dondaicha,21.331414,74.563104,,,True
DDJ,Dum Dum,22.621717,88.392835,,,True
DDL,Dhandari Kalan,30.874477,75.90949099999999,,,True
DDM,Dam Dim,26.859243000000003,88.67133299999999,West Bengal,NFR,True
DDMT,Darimeta,21.536803,78.5411,,,True
DDN,Dehradoon,30.3140377,78.0336011,Uttarakhand,NR,True
DDNI,Dudhnoi,26.001459,90.76188,Assam,NFR,True
DDP,Daudpur,25.90709,84.591425,,,True
DDR,Dadar,19.019731,72.84346500000001,Maharashtra,WR,True
DDU,Ptdeen Dayal Upadhyaya,,,,,False
DDX,Dhamdhamia,24.9603876804,87.7615573059,,,True
DEB,Debagram,23.685277,88.306807,West Bengal,ER,True
DEC,Delhi Cantt,28.613534,77.116577,Delhi NCT,NR,True
DEE,Delhi Sarai Rohilla,28.662992,77.187106,Delhi NCT,NR,True
DEEG,Deeg,27.48655053,77.32451142,Rajasthan,NCR,True
DEG,Delang,20.038474,85.76695,,,True
DEHR,Dehu Road,18.680176,73.734169,,,True
DEOR,Diyodar,24.113489,71.770888,Gujarat,WR,True
DEOS,Deoria Sadar,26.5076811676,83.7819590961,,,True
DER,Dadri,28.537940000000003,77.537422,,,True
DES,Desari,25.6683593565,85.4087656586,Bihar,ECR,True
DG,Dindigul,10.35381,77.985472,,,True
DGA,Dighwara,25.743938,85.003168,,,True
DGB,Dindu G Puram H,18.542976,84.241768,,,True
DGBZ,Dongri Buzurg Ph,21.573844,79.676645,Maharashtra,SECR,True
DGDG,Durgada Gate,17.2124765738,82.3489940906,,,True
DGG,Dongargarh,21.185492,80.759857,,,True
DGHA,Digha,21.622377,87.507655,West Bengal,?,True
DGHR,Deoghar,24.51178242,86.69712126,Jharkhand,ER,True
DGI,Dungri,20.687336000000002,72.949119,Gujarat,WR,True
DGLE,Dhulian Ganga,24.672086,87.937644,West Bengal,ER,True
DGN,Dongargaon,21.641314,76.36406699999999,Madhya Pradesh,CR,True
DGO,Durgauti,25.207897000000003,83.539684,,,True
DGR,Durgapur,23.495046000000002,87.297902,,,True
DGS,Dagori,21.905693,82.069143,,,True
DGW,Dhigawara,27.296265000000002,76.613599,Rajasthan,NWR,True
DHA,Dheena,25.354392,83.423069,,,True
DHD,Dahod,22.843607000000002,74.25337400000001,,,True
DHE,Dodhi,25.604879,82.998947,Uttar Pradesh,NER,True
DHG,Dhrangadhra,22.9871651,71.4791076,,,True
DHH,Dinhata,26.0707762,89.5868746,West Bengal,NFR,True
DHI,Dhule,20.887752,74.768847,Maharashtra,CR,True
DHN,Dhanbad,23.790966,86.428956,,,True
DHND,Dhinda,26.890931,75.361206,,,True
DHNE,Dhone,15.396729,77.865727,,,True
DHO,Dhaulpur,26.697592,77.90604900000001,,,True
DHR,Dharnaoda,24.592205,77.09925299999999,Rajasthan,WCR,True
DHRR,Dhirera,28.363519,73.616355,Rajasthan,NWR,True
DHU,Dhubulia,23.483546,88.441145,West Bengal,ER,True
DHW,Dhariwal,31.949113,75.32156499999999,Punjab,NR,True
DIA,Didwana,27.406108,74.55765600000001,Rajasthan,NWR,True
DIB,Dibai,28.19378,78.303084,Uttar Pradesh,NR,True
DIG,Duggirala,16.327559,80.62356999999999,,,True
DIH,Dharuadihi,21.995145,84.223691,,,True
DIL,Dilawarnagar,26.9601891,80.6674744,,,True
DING,Ding,29.461053699999997,75.2606046,Haryana,NWR,True
DIPA,Dipa,,,,,False
DIR,Dhanapur Orissa,18.945173,82.50739300000001,Orissa,ECoR,True
DISA,Disa,24.237125199999998,72.1796003,Gujarat,WR,True
DIVA,Diva,19.188394,73.041905,,,True
DJA,Daotuhaja,25.227501,93.162162,Assam,NFR,True
DJG,Duliajan,27.367712,95.30695200000001,Assam,NFR,True
DJHR,Deojhar,22.08071726,85.47699312,,,True
DJS,Dhurani Jwas Halt,25.220474,86.047715,,,True
DJX,Dungripadi,21.060872999999997,83.559213,,,True
DK,Dakor,22.747203,73.15859180000001,,WR,True
DKAE,Dankuni,22.677422,88.291491,,,True
DKBJ,Dahar Ka Balaji,26.944321,75.765669,Rajasthan,NWR,True
DKC,Devarkadra,16.630504,77.838261,,,True
DKD,Donakonda,15.834631000000002,79.484112,,,True
DKDE,Dankaur,28.415313,77.64321100000001,,,True
DKE,Dihakho,25.427907,93.126587,Assam,NFR,True
DKGS,Dinkar Gram Simaria,25.411453,86.014464,,,True
DKI,Dharmkundi,22.5120383739,77.5510144354,Madhya Pradesh,WCR,True
DKJ,Dornakal,17.445987000000002,80.153157,Andhra Pradesh,SCR,True
DKJR,Dhekiajili Road,26.809213999999997,92.452548,,,True
DKLU,Doikallu,19.74188249,83.48161132000001,,,True
DKNT,Dakaniya Talav,25.145187999999997,75.865501,,,True
DKO,Devakottai Road,10.037610999999998,78.761747,Tamil Nadu,SR,True
DKT,Dhulkot,30.395686,76.78753499999999,Haryana,NR,True
DKW,Dhanakwada,24.146307,71.823472,,,True
DKZ,Delhi Kishangnj,28.664731999999997,77.201256,Delhi NCT,NR,True
DL,Daladi,22.585067,71.069304,Gujarat,WR,True
DLB,Daulatabad,19.916367,75.210494,Maharashtra,SCR,True
DLC,Dulmera,28.417832,73.65658,Rajasthan,NWR,True
DLCR,Dullabcherra,24.505297000000002,92.477671,Assam,NFR,True
DLD,Dalauda,23.948636999999998,75.105361,Madhya Pradesh,WR,True
DLGN,Dhalgaon,17.120967200000003,74.9887134,Maharashtra,CR,True
DLI,Delhi,28.661815999999998,77.228356,Delhi NCT,NR,True
DLJ,Dhola,21.822549000000002,71.738273,Gujarat,WR,True
DLK,Dalkolha,25.873416,87.83887700000001,,,True
DLN,Dildarnagar,25.419424,83.668324,,,True
DLO,Dalgaon,26.715384,89.136244,West Bengal,NFR,True
DLPC,Daulatpur Chauk,,,,,False
DLPT,Dulakhapatna,21.007019,86.28087400000001,,,True
DLR,Dullahapur,25.799898,83.423264,Uttar Pradesh,NER,True
DMC,Dhemaji,,,,,False
DME,Damnagar,21.688346,71.509053,Gujarat,WR,True
DMG,Domingarh,26.765251,83.341993,,,True
DMH,Dauram Madhpura,25.908513,86.782638,Bihar,ECR,True
DMK,Dilmili,18.987443,81.737851,Chhattisgarh,ECoR,True
DMLE,Dumurdaha,23.040053,88.43266200000001,West Bengal,ER,True
DMM,Dharmavaram,14.424368999999999,77.717115,,,True
DMN,Dhamangaon,20.784674000000003,78.138054,,,True
DMNJ,Daman Jodi,18.767771,82.865768,,,True
DMO,Damoh,23.836693,79.432246,,,True
DMP,Dharmpur Hmchl,30.900491,77.023914,Himachal Pradesh,NR,True
DMR,Dharmanagar,24.366946,92.16824700000001,Tripura,NFR,True
DMRX,Dumri,25.2459362417,86.0283957056,,,True
DMT,Diguvametta,15.394929999999999,78.826206,,,True
DMV,Dimapur,25.905701999999998,93.72781599999999,Nagaland,NFR,True
DMW,Dalmau,26.075249999999997,81.05365,Uttar Pradesh,NR,True
DNA,Degana,26.897349,74.316388,,,True
DNDI,Dhondi,19.106268,76.736112,Maharashtra,SCR,True
DNDL,Dandi Mal,20.715235,85.53418,,,True
DNGD,Dungarda,,,,,False
DNK,Dhanakya,26.91819,75.605607,,,True
DNKL,Dhenkanal,20.676825,85.59087799999999,,,True
DNM,Dhanmandal,20.687806,86.11228,,,True
DNN,Dina Nagar,32.134789,75.467351,Punjab,NR,True
DNR,Danapur,25.581921,85.044629,,,True
DNRE,Dhanauri,25.1719686608,86.1591750293,,,True
DNRP,Dungarpur,23.867175000000003,73.69546199999999,Rajasthan,NWR,True
DNT,Dantan,21.930376,87.284055,,,True
DNV,Donkinavalasa,18.468756,83.350942,,,True
DNWH,Daniyawan Bzr H,25.4345036206,85.2908951074,Bihar,?,True
DNWR,Dhanwar,,,,,False
DO,Dausa,26.900046999999997,76.330336,,,True
DOA,Doraha,30.804137,76.04330300000001,,,True
DOB,Dundlod Mukandgarh,27.93879936977548,75.23735384456813,Rajasthan,NWR,True
DOD,Dhodhar,23.770740999999997,75.10354600000001,Madhya Pradesh,WR,True
DOE,Deori,23.298434999999998,80.009808,Madhya Pradesh,WCR,True
DOH,Dhodra Mohar,22.281504,77.875226,,,True
DOK,Dholka,22.731982,72.433842,Gujarat,WR,True
DOL,Dholi,25.976952,85.562495,,,True
DOLK,Dholikua,,,,,False
DOR,Dundara,25.895799,72.796892,Rajasthan,NWR,True
DOS,Dehri On Sone,24.914894999999998,84.185434,,,True
DOZ,Daurai,26.395604000000002,74.619546,Rajasthan,NWR,True
DPA,Durgapura,26.855947,75.786436,,,True
DPC,Darliput,18.365186,82.74651899999999,Orissa,ECoR,True
DPD,Dosapadu,16.468807,80.938771,Andhra Pradesh,SCR,True
DPH,Dadhapara,22.028156,82.123182,,,True
DPJ,Dharmapuri,12.126595,78.154742,Tamil Nadu,SWR,True
DPK,Dholipal,29.76082671390587,74.25159995444119,Rajasthan,NWR,True
DPLN,Diplana,29.182572629698868,74.88112287595868,Rajasthan,NWR,True
DPR,Dhampur,29.305446,78.501588,,,True
DPRA,Dhupdhara,25.979779,91.066009,Assam,NFR,True
DPS,Dangoaposi,22.167964,85.59273,Jharkhand,SER,True
DPU,Diphu,25.83725,93.438384,Assam,NFR,True
DPUR,Depur Ph,19.972516,83.250076,,,True
DPX,Dadpur,24.829399000000002,86.34907600000001,,,True
DPZ,Devpura,26.03271,76.251747,,,True
DQG,Dhupguri,26.573532,88.994973,,,True
DQL,Dhalaibil,,,,,False
DQN,Dhanera,24.506528,72.032364,Gujarat,NWR,True
DQR,Dabirpura,17.366083,78.490284,,,True
DR,Dadar,19.017179,72.842972,,,True
DRA,Dularia,22.575660999999997,77.654362,Madhya Pradesh,WCR,True
DRD,Dahanu Road,19.991217,72.74336799999999,Maharashtra,WR,True
DRH,Dharhara,25.2578934114,86.4115380682,,,True
DRHI,Dagar Khedi,22.0812732116,76.8264017633,Madhya Pradesh,WCR,True
DRI,Dumri Juara,25.748425,84.869395,,,True
DRL,Derol,22.630205,73.462158,,,True
DRLA,Daurala,29.114015000000002,77.70616000000001,Uttar Pradesh,NR,True
DRN,Deoranian,28.64478,79.476473,Uttar Pradesh,NER,True
DRO,Daryaogonj,27.5980988686,79.0824955792,,,True
DRS,Dhareshwar,25.777583999999997,73.667743,Rajasthan,NWR,True
DRTP,Dasharathpur,25.265181819000002,86.46453228029999,,,True
DRU,Kadur,13.552501000000001,76.008846,Karnataka,SWR,True
DRV,Darauli,25.393753,83.60180199999999,,,True
DRWN,Derowan,22.487947,85.29977799999999,,,True
DSA,Delhi Shahdara,28.673098,77.293154,Delhi NCT,NR,True
DSB,Sadar Bazar,28.658656,77.216852,,,True
DSJ,Delhi Safdarjng,28.582121,77.186969,Delhi NCT,NR,True
DSO,Deshnok,27.791303,73.338483,,,True
DSR,Dhansiri,25.810836,93.613598,Nagaland,NFR,True
DSS,Dalsingh Sarai,25.6647486,85.84146519999999,,,True
DTAE,Dhatrigram,23.277796,88.31182199999999,West Bengal,ER,True
DTC,Ditokcherra,25.090538,92.798715,Assam,NFR,True
DTF,Dantla,27.1971512117,76.9610701135,,,True
DTO,Daltonganj,24.033075,84.07484299999999,,,True
DTP,Diviti Palli,16.740883,78.08417499999999,,,True
DTRA,Dantra,26.772568999999997,75.149207,,,True
DTRD,Diyatraroad,27.733596247399998,72.8399187915,Rajasthan,?,True
DTV,Dhutra,21.896881999999998,84.09109799999999,,,True
DTVL,Dativali Cabin,19.187012,73.059049,Maharashtra,CR,True
DTX,Dangtal,26.465846,90.46504900000001,,,True
DUA,Dhaura,24.44965,78.321791,,,True
DUB,Dabtara,28.368424,78.991164,Uttar Pradesh,NR,True
DUD,Dudhani,17.362420999999998,76.37871,,,True
DUE,Dudahi,26.8008621515,84.139379776,,,True
DUI,Dhuri,30.372740999999998,75.86660300000001,Punjab,NR,True
DUJ,Dubrajpur,23.803358,87.378973,West Bengal,ER,True
DUMK,Dumka,24.289527,87.254975,Jharkhand,ER,True
DURE,Dumraon,25.571984,84.14386499999999,,,True
DURG,Durg,21.200326999999998,81.291837,,,True
DUSI,Dusi,18.369969,83.857682,,,True
DUU,Dupadu,15.742888,78.01325899999999,,,True
DVD,Duvvada,17.703843,83.152059,,,True
DVG,Davangere,14.467834,75.92229,Karnataka,SWR,True
DVGM,Devgam,23.938342,71.59185599999999,,,True
DVL,Devlali,19.897509,73.83729,,,True
DWD,Dhekvad,21.339179,74.13857,,,True
DWDI,Dighwa Dubauli,26.2652295458,84.7432486377,Bihar,NER,True
DWI,Dingwahi,25.416805,80.414159,Uttar Pradesh,NCR,True
DWK,Dwarka,22.251023,68.980434,Gujarat,WR,True
DWLE,Dhauni,25.010329682000002,86.9930409827,Bihar,ER,True
DWO,Doiwala,30.175451000000002,78.12218,Uttarakhand,NR,True
DWP,Dwarapudi,16.927556,81.922661,,,True
DWR,Dharwar,15.440386,75.004552,Karnataka,SWR,True
DWT,Dewan Hat,26.3029681,89.6653098,West Bengal,NFR,True
DWV,Diwankhavati,17.855413000000002,73.418174,Maharashtra,KR,True
DWX,Dewas,22.977556,76.051191,Madhya Pradesh,WR,True
DWZ,Dante Wara,18.907733,81.35453600000001,Chhattisgarh,ECoR,True
DXD,Digod,25.196344,76.01539600000001,Rajasthan,WCR,True
DXG,Dharangaon,21.006447,75.286092,,,True
DXH,Duhai,28.730283,77.480363,Uttar Pradesh,NR,True
DXK,Dhana Kherli,26.950169,77.53577899999999,Uttar Pradesh,NCR,True
DXN,Duddhinagar,24.2090318514,83.21679153630001,Uttar Pradesh,ECR,True
DXR,Digsar,22.712403000000002,71.499375,Gujarat,WR,True
DYD,Daryabad,26.861303,81.550114,,,True
DYE,Dayanand Nagar,17.456247,78.53134999999999,Andhra Pradesh,SCR,True
DYP,Daryapur,26.182799,81.248588,Uttar Pradesh,NR,True
DYW,Diyawan Halt,25.3817289022,85.2839236682,,,True
DZA,Dasuya,31.80853,75.657932,Punjab,NR,True
DZB,Dahina Zainabad,28.291078574500002,76.39169434200001,Haryana,NWR,True
DZKT,Durga Chak Town,22.066831,88.136032,West Bengal,SER,True
DZL,Dhana Ladanpur,28.7502173348,76.1667579382,,,True
ED,Erode,11.327682,77.72593400000001,,,True
EDN,Edamann,,,,,False
EDP,Edapalayam,,,,,False
EE,Eluru,16.717816,81.11976200000001,,,True
EKC,Ekchari,25.227623048199998,87.2138658521,,,True
EKI,Eklakhi,25.167868000000002,88.099492,,,True
EKM,Ekambarakuppam,13.318603999999999,79.573126,,,True
EKMA,Ekma,25.967099,84.53637,,,True
EKN,Ezhukone,8.979142999999999,76.715068,Kerala,SR,True
EKNR,Ekta Nagar,,,,,False
EKR,Ekangarsarai,25.2224815,85.2322638,Bihar,ECR,True
ELM,Elimala,12.0686868024,75.2308476031,Kerala,SR,True
ENB,Ellenabad,29.44410399265112,74.6579341054894,Rajasthan,NWR,True
ERL,Eraniel,8.212549,77.308161,Tamil Nadu,SR,True
ERN,Ernakulam Town,9.991582000000001,76.2861,,,True
ERS,Ernakulam,9.969541999999999,76.290672,,,True
ET,Itarsi,22.608258,77.767128,,,True
ETM,Ettumanur,9.676196000000001,76.545152,,,True
ETP,Ettapur Road,11.651009,78.468545,,,True
ETUE,Etmadpur,27.221535999999997,78.197973,,,True
ETW,Etawah,26.785970000000002,79.021502,,,True
EVA,Edavai,8.762883,76.69747699999999,,,True
FA,Falna,25.235808,73.23495299999999,Rajasthan,NWR,True
FAB,Fatehabad,,,,,False
FAN,Fatehnagar,24.81828,74.09578200000001,Rajasthan,NWR,True
FBD,Farrukhabad,27.38236,79.57173700000001,,,True
FBG,Forbesganj,26.298901,87.262803,,,True
FDB,Faridabad,28.411473,77.30734799999999,,,True
FDK,Faridkot,30.682857,74.76137999999999,Punjab,NR,True
FDN,Faridabad Nw Tn,28.376247999999997,77.30936799999999,,,True
FGH,Fatehgarh Hryna,28.647921,76.243784,,,True
FGR,Fatehgarh,27.369608,79.62159,,,True
FGSB,Fatehgarh Sahib,30.650726,76.38812399999999,,,True
FK,Ferok,11.174972200000001,75.8302845,Kerala,SR,True
FKA,Fazilka,30.408641,74.02541699999999,Punjab,NR,True
FKG,Furkating,26.465652000000002,94.00269200000001,Assam,NFR,True
FKM,Fakiragram,26.365237,90.186189,,,True
FL,Phulera,26.872814,75.24545599999999,,,True
FLD,Phulad,25.623979,73.81311799999999,Rajasthan,NWR,True
FLK,Falakata,26.5383964616,89.19227488279999,,,True
FLR,Fuleswar,22.4778756365,88.11604889590001,,,True
FM,Falaknuma,17.332197,78.474481,,,True
FPMP,Fatehpur Makrandpur,,,,,False
FPS,Fatehpur-shekhawati,28.000728000000002,74.971043,Rajasthan,NWR,True
FSP,Fateh Singhpura,26.8216101334,77.1469610779,Rajasthan,WCR,True
FSR,Faqarsar,30.189431000000003,74.57257200000001,Punjab,NR,True
FSW,Fateh Singhwala,29.91997899999999,74.029894,Rajasthan,NWR,True
FTD,Fatehabad Chjn,23.009106,75.673338,Madhya Pradesh,WR,True
FTG,Fursatganj,26.244522,81.41565100000001,,,True
FTH,Fatuhi,30.056984,73.871319,Rajasthan,NR,True
FTP,Fatehpur,25.917489,80.801869,,,True
FTS,Fatehpur Sikri,27.093989,77.670597,Uttar Pradesh,NCR,True
FUT,Fatuha,25.50144,85.305488,,,True
FYZ,Faizullapur,25.869213,80.893347,,,True
FZD,Firozabad,27.147415,78.386691,,,True
FZR,Firozpur Cant,30.942486,74.61843900000001,Punjab,NR,True
G,Gondia,21.462435,80.190842,,,True
GA,Gudha,26.950042,75.128292,,,True
GAD,Gevra-road,22.348523999999998,82.64566,Chhattisgarh,SECR,True
GADH,Goaldih,21.726323,85.54626499999999,Orissa,?,True
GADJ,Gandhinagar Jaipur,26.873067000000002,75.79827999999999,,,True
GADM,Ganga Dham,27.20976,81.930509,Uttar Pradesh,NER,True
GAG,Gangaghat,23.3613982411,85.5070501038,,,True
GAH,Gawnaha,27.269838999999997,84.52017599999999,Bihar,ECR,True
GAJ,Ganeshganj,23.895862,79.074633,,,True
GAJB,Gajara Bahara,24.05344,82.31176099999999,Madhya Pradesh,WCR,True
GAL,Ghatla,27.731813000000002,76.628452,Rajasthan,NWR,True
GALE,Gankar,24.404804119599998,88.07289439819999,West Bengal,ER,True
GAM,Ganjam,19.395827,85.046719,,,True
GAMI,Gogameri,29.160244032368652,75.03507563844323,Rajasthan,NWR,True
GAO,Gaigaon,20.720684,76.890093,,,True
GAP,Gurpa,24.562542,85.29708,,,True
GAR,Gadarwara,22.899459,78.79173399999999,Madhya Pradesh,WCR,True
GATD,Gautamdhara,23.3498809788,85.6329945703,Jharkhand,SER,True
GAUR,Gaur,26.913411,82.56115799999999,,,True
GAW,Gainjahwa,27.4546557588,82.24506478820001,Uttar Pradesh,NER,True
GAYA,Gaya,24.803978,84.999294,,,True
GB,Gauri Bazar,26.594934000000002,83.667801,,,True
GBA,Garbeta,22.844562,87.320972,West Bengal,SER,True
GBB,Gubbi,13.321429,76.939264,Karnataka,SWR,True
GBD,Gauribidanur,13.613081000000001,77.512781,,,True
GBK,Gopalpur Balkda,20.432634999999998,85.87790899999999,,,True
GBP,Gulabpura,25.9027951891,74.65595449829999,Rajasthan,NWR,True
GBRI,Gobarwahi,21.514747,79.723237,Maharashtra,SECR,True
GBX,Govindpur Road,23.061857490599998,85.0435794019,,,True
GCH,Gachhipura,26.953522,74.454426,,,True
GCT,Ghazipur City,25.583144,83.568045,Uttar Pradesh,NER,True
GD,Gonda,27.154613,81.97815200000001,,,True
GDA,Godhra,22.776974,73.603672,,,True
GDB,Giddarbaha,30.201319,74.663342,Punjab,NR,True
GDE,Garladinne,14.827323999999999,77.592146,,,True
GDG,Gadag,15.437048,75.642481,Karnataka,SWR,True
GDGN,Gaudgaon,17.335973000000003,76.530953,,,True
GDI,Gudgeri,15.1249217339,75.3596044824,Karnataka,SWR,True
GDKP,Ghundankhapa,21.655105000000002,78.42563,,,True
GDL,Gondal,21.972471,70.79558800000001,Gujarat,WR,True
GDO,Goverdhan,27.520546,77.46164300000001,Uttar Pradesh,NCR,True
GDP,Gudupulli,12.803672,78.27491,,,True
GDPL,Gundla Pochampalli,17.568097,78.488371,Andhra Pradesh,SCR,True
GDR,Gudur,14.148227,79.845121,,,True
GDV,Gudivada,16.429888,80.987594,Andhra Pradesh,SCR,True
GDX,Ghoksadanga,26.4228864281,89.2780105872,,,True
GDYA,Ghoradongri,22.126423,78.001987,,,True
GEA,Ghatera,23.8293873,79.6733909,,,True
GEB,Garh Baruari,26.019349,86.605596,Bihar,ECR,True
GED,Guledagudda Rd,16.069516,75.69565899999999,Karnataka,SWR,True
GEK,Gegal Akhri,26.540366000000002,74.775574,Rajasthan,NWR,True
GG,Gandhigram,23.02676,72.568831,Gujarat,WR,True
GGA,Ghoga,25.2103054225,87.16086164,,,True
GGAR,Gangadhra,21.141419000000003,73.043566,,,True
GGC,Gangapur City,26.468979,76.72770799999999,Rajasthan,WCR,True
GGD,Gullaguda,17.4169638619,78.03277293640001,,,True
GGH,Ghogardiha,26.282768,86.468503,Bihar,ECR,True
GGJ,Goshainganj,26.569524,82.384123,,,True
GGN,Gurgaon,28.489165,77.010739,Haryana,NR,True
GGR,Gangrar,25.061279000000003,74.624757,Rajasthan,NWR,True
GGVT,Gangavathi,,,,,False
GH,Ghughuli,27.0539516142,83.7137745453,Uttar Pradesh,NER,True
GHAA,Ghaghra,,,,,False
GHAI,Ghatigaon,26.054864000000002,77.92678000000001,Madhya Pradesh,WCR,True
GHB,Gahri Bhagi,30.116782999999998,74.944234,,,True
GHD,Garwa Road,24.214419,83.885116,,,True
GHE,Ghevra,28.691982000000003,76.99853599999999,Delhi NCT,NR,True
GHGL,Ghagwal,32.504286,75.213604,Jammu and Kashmir,NR,True
GHH,Garhi Harsaru,28.43755,76.929697,Haryana,NR,True
GHJ,Gursahaiganj,27.118804,79.732035,,,True
GHL,Golhalli,13.148289,77.413983,Karnataka,SWR,True
GHLE,Gadadharpur,24.013197,87.691891,,,True
GHNA,Gohana,29.140297,76.68937799999999,Haryana,NR,True
GHNH,Ghantikhal Ndpr,20.510921999999997,85.736186,,,True
GHPU,Gandhipuram Halt,17.495052,80.31352000000001,Andhra Pradesh,SCR,True
GHQ,Garhwa,24.1751953,83.8132154,Jharkhand,ECR,True
GHR,Gidhaur,24.856169,86.324005,,,True
GHS,Guru Harsahai,30.715001,74.399987,Punjab,NR,True
GHX,Garhara,25.4409119004,86.0053080969,,,True
GHY,Guwahati,26.182635,91.751851,,,True
GID,Giddalur,15.379008,78.925583,,,True
GIMB,Gandhidham Bg,23.069086,70.14775399999999,,,True
GIN,Ginigera,15.348226,76.247613,Karnataka,SWR,True
GIR,Gainsari,27.526839296800002,82.5441789069,Uttar Pradesh,NER,True
GIZ,Gidam,18.934852,81.409001,Chhattisgarh,ECoR,True
GJD,Gujhandi,24.498121,85.463683,,,True
GJH,Goldinganj,25.754174,84.827254,,,True
GJJ,Gajjelakonda,15.777382,79.401298,,,True
GJL,Gajraula,28.834937999999998,78.250784,,,True
GJN,Gajner,27.9358522,73.0615538,Rajasthan,NWR,True
GJS,Gajsinghpur,29.658053,73.436739,Rajasthan,NWR,True
GJTA,Gurudijhatia,20.570067,85.828478,,,True
GJUT,Gangsar Jaitu,30.445082000000003,74.87951100000001,Punjab,NR,True
GJWL,Gajwel,,,,,False
GK,Gola Gokaranath,28.084651,80.475468,Uttar Pradesh,NER,True
GKC,Gorakhpur Cant,26.750649,83.416821,,,True
GKH,Guskara,23.489998,87.733397,,,True
GKJ,Golakganj,26.108359,89.83064999999999,Assam,NFR,True
GKK,Gokak Road,16.205164,74.738839,Karnataka,SWR,True
GKL,Gokulpur,22.375923,87.293716,West Bengal,SER,True
GKP,Gorakhpur,26.759311,83.381499,,,True
GLA,Garla,17.487076,80.139236,Andhra Pradesh,SCR,True
GLG,Gulabhganj,23.684375,77.912351,,,True
GLGT,Golaghat,26.508626,93.9611898,Assam,NFR,True
GLNA,Gulana,27.10333,76.564974,Rajasthan,NWR,True
GLP,Gollaprolu,17.1516644909,82.290817561,,,True
GLPT,Goal Para Town,26.126534999999997,90.62065899999999,Assam,NFR,True
GLTA,Gehlota,26.6723715203,74.967556543,Rajasthan,NWR,True
GLU,Gullipadu,17.409805,82.63345,,,True
GLY,Gollapalli,16.818903000000002,78.157285,,,True
GM,Garmadi,23.72788,71.13394,,,True
GMAN,Gumani,24.798952096399997,87.8052776343,,,True
GMD,Guramkhedi,22.682206476,78.0778207251,Madhya Pradesh,WCR,True
GMDA,Gumada,18.889176000000003,83.457557,,,True
GMDN,Girimaidan,22.340478,87.306151,West Bengal,SER,True
GMH,Gamharia,22.796889,86.102793,,,True
GMIA,Gumia,23.802650999999997,85.82892199999999,,ECR,True
GMM,Gumman,30.842438,76.97194,Himachal Pradesh,NR,True
GMO,Nsc Bose J Gomo,23.873106,86.14823,,,True
GMR,Gahmar,25.488685,83.80443100000001,,,True
GMS,Garhmuktesar,28.781743,78.07350799999999,,,True
GMTO,Gumto,,,,,False
GNA,Goneana,30.318715,74.90948,Punjab,NR,True
GNB,ana Bharati Halt,12.935329000000001,77.511242,Karnataka,SWR,True
GNC,Gandhinagar Capital,23.233379,72.62916200000001,Gujarat,WR,True
GND,Govindgarh Malikpur,27.240582,75.64500100000001,Rajasthan,NWR,True
GNG,Gauriganj,26.20341,81.68672600000001,,,True
GNGD,Gangadharpur,19.815673,85.29323500000001,,,True
GNH,Gangakher,18.973377,76.755511,Maharashtra,SCR,True
GNK,Garhnokha,25.09724423,84.12283778,Bihar,ECR,True
GNNA,Ganganiyan,25.265514,86.593002,,,True
GNO,Goregaon Road,18.162498,73.30253,Maharashtra,KR,True
GNP,Ghanpur,17.8506252,79.3768995,,,True
GNPR,Gunupur,19.069058897799998,83.8099599005,Orissa,ECoR,True
GNQ,Godhani,21.21103,79.068176,,,True
GNR,Gadiganuru,15.219036000000001,76.599178,Karnataka,SWR,True
GNRL,Gangraul Halt,28.28297,77.75473000000001,,,True
GNS,Ghonsor,22.658083,79.95091,Madhya Pradesh,SECR,True
GNST,Gandhi Smriti,20.920848,72.921021,,,True
GNT,Guntur,16.300784,80.44197299999999,,,True
GNU,Ganaur,29.130776,77.01074999999999,,,True
GNV,Gandevi,,,,,False
GNVR,Gondwanavisapur,19.8826389297,79.3287230096,,,True
GNW,Gangiwara,22.097988,78.846139,Madhya Pradesh,CR,True
GNWA,Ghunwara,,,,,False
GOA,Gohad Road,26.480421000000003,78.439153,Madhya Pradesh,NCR,True
GOC,Ponmalai,10.791837,78.709755,,,True
GODA,Godda,,,,,False
GOGH,Gossaigaon Hat,26.4291071597,89.9715891956,,,True
GOH,Garot,24.2790919912,75.68432197690001,,,True
GOK,Gokarna Road,14.582791,74.36719699999999,Karnataka,KR,True
GOL,Goilkera,22.505290000000002,85.37935200000001,,,True
GOM,Gogamukh,,,,,False
GOPG,Gopalganj,26.454202,84.43554700000001,Bihar,NER,True
GOS,Ghosrana,27.179904,76.90338,,,True
GOTN,Gotan,26.652200999999998,73.737284,,,True
GOY,Govindpuri,26.454423,80.313203,,,True
GP,Raj Gangpur,22.186062000000003,84.58205099999999,,,True
GPAE,Guptipara,23.197355,88.4178,West Bengal,ER,True
GPB,Ghatprabha,16.240718896,74.7598229541,Karnataka,SWR,True
GPC,Ghatpindrai,22.952676,79.26630999999999,Madhya Pradesh,WCR,True
GPD,Gummidipundi,13.409631,80.123431,,,True
GPH,Garpos,22.134204,84.418434,,,True
GPI,Gajapatinagaram,18.293291,83.33390200000001,,,True
GPJ,Gorapur,18.346936,82.79406,Andhra Pradesh,ECoR,True
GPU,Gulapalyamu,15.087043,77.39921,,,True
GPY,Gangayaplle,14.55411935,78.71746345,,,True
GPZ,Gohpur,,,,,False
GQN,Garhani,25.4118931462,84.5696156628,Bihar,ECR,True
GRA,Gharaunda,29.541636,76.96575000000001,,,True
GRB,Garh-dhrubbeswar,23.509341,86.617006,West Bengal,SER,True
GRBL,Garudubilli,18.214489999999998,83.350493,,,True
GRCP,G Ramchandrapur Ph,19.990686,83.33018200000001,,,True
GRF,Gambhiri Road,24.693873,74.671009,Rajasthan,WR,True
GRH,Ghorasahan,26.82028731,85.12762727,,,True
GRHI,Garhi,,,,,False
GRI,Guriya,25.998261,73.955291,Rajasthan,NWR,True
GRKA,Gurha Kemla,28.313585999999997,76.25524899999999,,,True
GRKN,Gorakhnath,20.308158000000002,86.260098,Orissa,ECoR,True
GRL,Goraul,25.931048999999998,85.318477,,,True
GRMA,Ghormara,24.442298,86.86392,Jharkhand,ER,True
GRMP,Ganga Rampur,25.390399,88.516447,,,True
GRMR,Garhi Manikpur,25.786329,81.40315299999999,Uttar Pradesh,NR,True
GRO,Gurra,22.632067,77.86729,Madhya Pradesh,WCR,True
GRRU,Guraru,24.811113,84.791831,,,True
GRWD,Ghorawadi,18.720585,73.69698199999999,,,True
GRX,Gaura,25.749367000000003,82.091774,,,True
GSL,Godapeasal,22.530677,87.320806,West Bengal,SER,True
GSO,Ghaso,29.531288,76.14336899999999,Haryana,NR,True
GSP,Gurdaspur,32.044111,75.420769,Punjab,NR,True
GSPR,Gosalpur,23.381806,80.059225,Madhya Pradesh,WCR,True
GSRM,Gauri Sriram,26.7699800293,84.1867607922,,,True
GSW,Gursar Shnewala,30.138926513900003,74.8861198969,Punjab,NWR,True
GT,Ghatkesar,17.453116,78.678217,,,True
GTA,Golanthra,19.219065,84.740668,,,True
GTD,Gourinathdham,23.396293999999997,86.275105,,,True
GTHT,Ghataro Halt,,,,,False
GTI,Ghutai,25.289429766,79.4413220264,Uttar Pradesh,NCR,True
GTJT,Getor Jagatpura,26.836925,75.832384,,,True
GTK,Ghutku,22.16819,82.085321,,,True
GTL,Guntakal,15.17556,77.36661099999999,,,True
GTLM,Gotlam,18.111319,83.39573399999999,,,True
GTM,Ghatampur,26.151304,80.174712,Uttar Pradesh,NCR,True
GTNR,Gomati Nagar,26.860344,81.003433,,,True
GTS,Ghatsila,22.58616,86.479768,,,True
GTST,Gautamsthan,25.7868591282,84.6634794519,,,True
GTT,Gomta,21.873814999999997,70.72970199999999,Gujarat,WR,True
GTU,Ghat Nandur,18.722977999999998,76.563483,Maharashtra,SCR,True
GTX,Gothangam,21.294043,72.880104,,,True
GUA,Gua,22.218519,85.381896,Jharkhand,SER,True
GUB,Gularbhoj,29.11078373,79.30114461,Uttarakhand,NER,True
GUD,Galudih,22.648871999999997,86.410494,,,True
GUG,Garh Jaipur,23.416141999999997,86.142459,,,True
GUH,Guldhar,28.703751999999998,77.455792,Uttar Pradesh,NR,True
GUNA,Guna,24.6405,77.314104,,,True
GUP,Gauripur,26.078321,89.952056,Assam,NFR,True
GUR,Ganagapur Road,17.340443,76.5903,,,True
GUU,Gundratimadugu,17.532281,80.079953,Andhra Pradesh,SCR,True
GUV,Guruvayur,10.596896,76.045457,Kerala,SR,True
GVA,Ganguvada Ph,18.66763705,84.1072235,Andhra Pradesh,ECoR,True
GVB,Guneru Bamori,24.4617725676,78.0625395081,,,True
GVD,Gholvad,20.08688,72.73799100000001,Maharashtra,WR,True
GVG,Govindgarh,30.6694834261,76.2970739075,,,True
GVH,Govind Garh,27.499556,76.98805800000001,Rajasthan,NCR,True
GVI,Garividi,18.2732681907,83.5308410095,,,True
GVL,Gudlavalleru,16.348371,81.046037,Andhra Pradesh,SCR,True
GVN,Godavari,17.007707,81.77083,,,True
GVR,Goresuar,26.526055630000002,91.72046680000001,,,True
GW,Girwar,23.838185999999997,78.936311,,,True
GWA,Ganj Dundwara,27.7264028171,78.939319176,,,True
GWD,Gadwal,16.22509,77.80967199999999,,,True
GWH,Ghoshawar,25.737421135399998,85.24335073670001,,,True
GWL,Gwalior,26.216483,78.18229199999999,,,True
GWM,Gannavaram,16.555839,80.795715,,,True
GWV,Gowdavalli,17.609541,78.46819099999999,Andhra Pradesh,SCR,True
GY,Gooty,15.149208,77.625823,,,True
GYJ,Gooty Junction  Cabin,15.140041,77.650955,,,True
GYM,Gudiyattam,12.937470999999999,78.916157,,,True
GYN,Gyanpur Road,25.280144010999997,82.4272883557,Uttar Pradesh,NER,True
GZB,Ghaziabad,28.649702,77.431099,,,True
GZH,Gulzarbagh,25.597542,85.205232,,,True
GZKA,Gazika,27.607734,76.655091,,,True
GZL,Gazulapalli,15.430850000000001,78.600125,,,True
GZM,Gour Malda,24.947944439999997,88.11078197,,,True
GZN,N Ghaziabad,28.674404,77.43800800000001,Uttar Pradesh,NR,True
GZO,Gazole,25.224984,88.19888499999999,,,True
HA,Hargaon,27.769192,80.728229,Uttar Pradesh,NER,True
HAA,Harwada,14.740761999999998,74.259657,Karnataka,KR,True
HAB,Bah,,,,,False
HAD,Haripad,9.279602,76.46222900000001,Kerala,SR,True
HAN,Hindaun City,26.756164000000002,77.03168600000001,Rajasthan,WCR,True
HAPA,Hapa,22.468974,70.11814,Gujarat,WR,True
HAQ,Hastavarmu,14.218403,79.1216,,,True
HAR,Hamirpur Road,26.016513,80.190689,Uttar Pradesh,NCR,True
HAS,Hassan,13.003182,76.117359,Karnataka,SWR,True
HAT,Hathuran,21.501091000000002,72.969512,,,True
HATB,Hatibari,21.309386,84.11793899999999,,,True
HAUR,Haur,22.365254,87.655069,,,True
HBF,Hadobhangi,18.8219370968,83.94176085389999,Orissa,ECoR,True
HBI,Hgribomanahalli,,,,,False
HBL,Hombal,15.520135999999999,75.576122,Karnataka,SWR,True
HBLN,Hbl Nagar,17.134017,78.27355,,,True
HBS,Hebsur,15.42206,75.283878,Karnataka,SWR,True
HBU,Halbarga,17.988470000000003,77.298175,Karnataka,SCR,True
HCM,Hrschndrapuram,18.4790934357,84.1214378076,,,True
HCNR,Hari Chandanpur,21.328476000000002,85.795395,Orissa,ECoR,True
HCP,Harchandpur,26.34316,81.160841,,,True
HCR,Harischandrpur,25.403999000000002,87.867051,,,True
HD,Harda,22.338414,77.10084,Madhya Pradesh,WCR,True
HDA,Hirnoda,26.885336000000002,75.327459,,,True
HDB,Haldibari,26.334952,88.78193599999999,,,True
HDD,Haddinagundu,15.153264,76.979148,Karnataka,SCR,True
HDE,Hardas Bigha,25.496924,85.3276678,,,True
HDGR,Hadgaon Road,19.332338999999997,77.722863,Maharashtra,SCR,True
HDK,Handia Khas,25.357472,82.18941,Uttar Pradesh,NER,True
HDL,Hodal,27.886147,77.38869,,,True
HDN,Haidarnagar,24.498081,83.951049,,,True
HDP,Hadapsar,18.526887000000002,73.927844,,,True
HDU,Hardua,23.9150542164,80.2834127417,,,True
HDW,Haldwani,29.215097,79.533732,Uttarakhand,NER,True
HEB,Hebbal,13.042299,77.58606,,,True
HEI,Heggere Halt,13.341342,77.048296,Karnataka,SWR,True
HEM,Himayatnagar,19.416708999999997,77.868855,Maharashtra,SCR,True
HER,Her,18.4269033932,76.97130647339999,Maharashtra,SCR,True
HET,Hetampur,26.611148,77.942969,,,True
HFZ,Hafizpeta,17.482275,78.36265499999999,,,True
HG,Hotgi,17.565668000000002,75.989943,,,True
HGH,Haidergarh,26.621533,81.363162,,,True
HGI,Hagari,15.1512387259,77.0517473206,Karnataka,SCR,True
HGL,Harangul,18.385198,76.48091199999999,Maharashtra,CR,True
HGR,Himgir,21.876503999999997,83.742815,,,True
HGT,Hinganghat,20.542631,78.83392500000001,,,True
HHL,Hirehali,13.2815759392,77.1887639459,Karnataka,SWR,True
HIJ,Hijli,22.319921,87.32016899999999,,,True
HIKD,Hallikhed K,,,,,False
HIL,Hilsa,25.317354,85.277079,Bihar,ECR,True
HIP,Haldipada,21.571438999999998,86.996648,,,True
HIR,Harinagar,27.156647,84.324507,Bihar,ECR,True
HISE,Hirisave,,,,,False
HJI,Hojai,26.001794,92.851752,Assam,NFR,True
HJP,Hajipur,25.702909000000002,85.2155,,,True
HK,Helak,27.234442,77.378757,,,True
HKD,Hailakandi,24.680276000000003,92.56789,Assam,?,True
HKG,Hirakud,21.479827,83.905097,,,True
HKL,Harkia Khal,24.363234000000002,74.91966500000001,Rajasthan,WR,True
HLAR,Hole Alur,15.81959,75.64646099999999,Karnataka,SWR,True
HLDR,Haldaur,29.290081553100002,78.275060462,Uttar Pradesh,NR,True
HLE,Heelalige,12.813180000000001,77.710974,Karnataka,SWR,True
HLK,Holalkere,14.038157957300001,76.1300544724,Karnataka,SWR,True
HLKH,Hallikhed,,,,,False
HLN,Hole Narsipur,12.786494999999999,76.24646,Karnataka,SWR,True
HLR,Halisahar,22.921498999999997,88.436792,West Bengal,ER,True
HLV,Haliyuru,14.222474,76.336804,Karnataka,SWR,True
HLW,Hirnawali,29.710120646310926,74.27241649478674,Rajasthan,NWR,True
HLX,Hilara,24.951767,92.62051100000001,Assam,NFR,True
HLZ,Haldia,22.045284,88.06589,West Bengal,SER,True
HM,Hadmatiya,22.4279053359,70.47043762019999,Gujarat,WR,True
HMA,Humma,19.443283,85.07588799999999,,,True
HMBD,Humnabad,,,,,False
HMG,Hamirgarh,25.187264,74.616939,Rajasthan,NWR,True
HMH,Hanumangarh,29.614904,74.297633,Rajasthan,NWR,True
HMK,Hindumalkote,30.147102999999998,73.925834,Rajasthan,NR,True
HML,Helem,,,,,False
HMO,Hanumangarhtown,29.574220545495677,74.33120188303292,Rajasthan,NWR,True
HMRR,Hamarapur,18.81964,73.086161,Maharashtra,CR,True
HMT,Himmatnagar,23.591655,72.960358,Gujarat,WR,True
HMY,Harmuti,,,,,False
HNA,Honnavar,14.316931,74.433196,Karnataka,KR,True
HND,Hindol Road,20.768563,85.424456,,,True
HNK,Hanakere,12.565639000000001,76.979837,Karnataka,SWR,True
HNL,Hingoli Deccan,19.726357,77.146758,Maharashtra,SCR,True
HNM,Hinautaramban,24.575192,80.94306200000001,Madhya Pradesh,WCR,True
HNMN,Hanuman Station,15.1495189968,77.37687315369999,,,True
HNPA,Handapa,20.943324,84.684665,,,True
HNS,Hansi,29.088276999999998,75.94724099999999,Haryana,NWR,True
HOH,Honaganahalli,16.679401000000002,75.732815,Karnataka,SWR,True
HOJ,Hamitonganj,26.688907,89.416841,West Bengal,NFR,True
HOL,Hol,21.198376,74.784857,,,True
HP,Haripur,26.012397,74.024928,Rajasthan,NWR,True
HPG,Huppuguda,17.34071,78.48196499999999,,,True
HPGM,Haripur Gram,20.133571999999997,85.707856,,,True
HPHI,Harapanahalli,,,,,False
HPKA,Hinotia Pipalkhera,24.550797000000003,77.770415,,,True
HPLE,Hatpuraini,25.1558255368,86.9850695752,Bihar,ER,True
HPO,Hasanpur Road,25.714772,86.18537099999999,,,True
HPP,Harpalpur,25.290501,79.33546100000001,Madhya Pradesh,NCR,True
HPT,Hospet,15.286807,76.38578,Karnataka,SWR,True
HPU,Hapur,28.739613,77.77957599999999,,,True
HQR,Hirenanduru,17.258215,76.872212,,,True
HR,Harpalu,28.569053803099997,75.4910470972,Rajasthan,NWR,True
HRG,Hirdagarh,22.142795,78.517436,Madhya Pradesh,CR,True
HRI,Hardoi,27.399414,80.147877,,,True
HRLI,Harlaya,,,,,False
HRN,Harauni,26.70651,80.74800300000001,,,True
HRNR,Hira Nagar,32.487007000000006,75.268733,Jammu and Kashmir,NR,True
HRPG,Harpalganj,25.947582999999998,82.405421,,,True
HRR,Harihar,14.515431,75.812314,Karnataka,SWR,True
HRS,Hathras,27.62483,78.13706699999999,,,True
HRSN,Harisinga,26.72438,91.985001,,,True
HRT,Harnaut,25.371762836200002,85.5407224109,Bihar,ECR,True
HRW,Harrawala,30.260892,78.097705,Uttarakhand,NR,True
HSA,Hasimara,26.72689,89.347661,West Bengal,NFR,True
HSD,Hosdurga Road,13.8632737545,76.1332331232,Karnataka,SWR,True
HSDA,Hansdiha,24.6141943022,87.0849798193,,,True
HSI,Harsauli,27.864848000000002,76.615189,Rajasthan,NWR,True
HSK,Harishanker Rd,20.6267890734,82.7660362524,,,True
HSP,Hasanparti Road,18.078262,79.50184999999999,,,True
HSR,Hisar,29.152341,75.724305,Haryana,NWR,True
HSRA,Hosur,12.717606,77.822839,Tamil Nadu,SWR,True
HSX,Hoshiarpur,31.5240737,75.9055848,Punjab,NR,True
HTC,Hathras City,27.599816899999997,78.05506869999999,,,True
HTD,Hatundi,26.354279161199997,74.6445661014,Rajasthan,NWR,True
HTE,Hatia,23.311612999999998,85.308218,,,True
HTK,Hatkanangale,16.748424,74.42206700000001,Maharashtra,CR,True
HTL,Hatikhali,25.611069999999998,93.09084800000001,Assam,NFR,True
HTLA,Hatola,,,,,False
HTN,Hatna Pur,21.761852,78.334344,,,True
HTNL,Hitnal,15.335637,76.291469,Karnataka,SWR,True
HTW,Hathua,26.3689018769,84.3402527405,Bihar,NER,True
HTZ,Hathidah,25.367027,85.987826,,,True
HTZU,Hathidah  Upper,25.351823,85.987422,,,True
HUDU,Hundur Halt,,,,,False
HUFP,Harauli Fatehpur,,,,,False
HUP,Hindupur,13.819144000000001,77.500362,,,True
HVD,Halvad,23.0185158,71.1829095,,,True
HVL,Honnavalli Rd,13.2744988982,76.39004938960001,Karnataka,SWR,True
HVR,Haveri,14.7943,75.410686,Karnataka,SWR,True
HW,Haridwar,29.947787,78.15489899999999,Uttarakhand,NR,True
HWH,Howrah,22.584077999999998,88.34099900000001,,,True
HX,Cuddapah,14.451690000000001,78.829184,,,True
HYB,Hyderabad,17.393362999999997,78.467377,Andhra Pradesh,SCR,True
HYT,Hayaghat,26.020321,85.87821199999999,,,True
HZBN,Hazaribagh Town,,,,,False
HZD,Hazaribagh Rd,24.174583,85.892035,,,True
IAA,Indara,25.987832,83.61961099999999,,,True
IAM,Mai Halt,25.156632436000002,84.9878194543,,?,True
IB,Ib,21.815777,83.94878100000001,,,True
IBL,Indrabil,23.445293999999997,86.78164699999999,West Bengal,SER,True
IDG,Indargarh,25.727874,76.232938,,,True
IDGJ,Iradatganj,25.317889,81.81928099999999,Uttar Pradesh,NCR,True
IDH,Idgah Agra,27.17265,77.997807,,,True
IDM,Indemau,26.318344,80.767021,Uttar Pradesh,NR,True
IDP,Indupalli,16.479094,80.87706899999999,Andhra Pradesh,SCR,True
IDR,Indi Road,17.211288999999997,75.919616,Karnataka,SWR,True
IDS,Ishardaspur,25.947848999999998,81.253954,,,True
IGP,Igatpuri,19.694053,73.56237899999999,,,True
IGU,Irugur,11.017199,77.06913399999999,,,True
IHP,Inchhapuri,28.319499,76.7189807,Haryana,NR,True
IJK,Irinjalakuda,10.339456,76.280924,,,True
IK,Ikran,27.211065,77.608741,,,True
IKI,Itikyala,16.074589,77.852531,,,True
IKK,Ikkar,29.891989,78.099997,Uttarakhand,NR,True
IKR,Iklehra,22.207929,78.711385,Madhya Pradesh,CR,True
IMAM,Imampuram,,,,,False
IMGE,Ismailpur,24.815523000000002,84.723433,,,True
IMR,Ibrahimpur,16.802926,75.719362,Karnataka,SWR,True
INDB,Indore,22.71757,75.868429,Madhya Pradesh,WR,True
INJ,Innanje,13.2555864292,74.7612195679,,,True
INK,Intakanne,17.727522,79.860507,Andhra Pradesh,SCR,True
INP,Indapur,18.297688,73.24465000000001,Maharashtra,KR,True
IPL,Idapalli,10.034338,76.298271,,,True
IPM,Ichchpuram,19.110752,84.680427,,,True
IPPM,Ipurupalem,15.851913000000001,80.38512200000001,,,True
IPR,Islampur,25.138577101499997,85.2173007153,Bihar,ECR,True
IRA,Israna,29.291379,76.85285999999999,Haryana,NR,True
IRP,Iravipuram,8.866947999999999,76.623059,,,True
ISA,Isarda,26.170515,76.030637,,,True
ISH,Isarwara,23.927214,78.548987,,,True
ISHN,Ishanagar,,,,,False
ISM,Ismaila Haryana,28.796977000000002,76.74656300000001,Haryana,NR,True
ITA,Itola,22.149889,73.156746,,,True
ITE,Intiyathok,27.275552861799998,82.0254415802,Uttar Pradesh,NER,True
IZN,Izzatnagar,28.388265999999998,79.421171,Uttar Pradesh,NER,True
J,Jalna,19.830781,75.893142,Maharashtra,SCR,True
JAA,Jhalida,23.370005,85.97528199999999,,,True
JAB,Yamuna Bridge,27.191512,78.03812699999999,,,True
JAC,Jalsu,26.844883,74.194547,,,True
JAIS,Jais,26.262162,81.51914,,,True
JAJ,Jhajha,24.779456,86.399854,,,True
JALD,Jaliya Devani,22.420182999999998,70.399597,Gujarat,WR,True
JAM,Jamnagar,22.493992,70.053879,Gujarat,WR,True
JAMA,Jama,24.345509,87.14492,Jharkhand,ER,True
JAO,Jaora,23.627772999999998,75.11563199999999,Madhya Pradesh,WR,True
JAQ,Jandrapeta,15.809517,80.333681,,,True
JAT,Jammutavi,32.706975,74.880117,Jammu and Kashmir,NR,True
JAUA,Jamua,,,,,False
JBD,Jallalabd,30.60775,74.268446,Punjab,NR,True
JBGD,Jabbalgudda,,,,,False
JBK,Jabbambhotla Krishnapuram,15.551155999999999,79.071072,,,True
JBN,Jogbani,26.402263,87.263262,,,True
JBO,Jamadoba Ph,23.715138999999997,86.410031,Jharkhand,SER,True
JBP,Jabalpur,23.164636,79.950919,Madhya Pradesh,WCR,True
JBS,Jadoli Ka Bas,27.539231,76.880759,Rajasthan,NCR,True
JBU,Jaabugam,22.28593,73.76050000000001,Gujarat,WR,True
JBX,Jabri,23.294103999999997,76.889341,,,True
JCH,Jetha Chandan,26.999949,71.308307,Rajasthan,NWR,True
JCL,Jadcherla,16.752658,78.141972,,,True
JCNR,Juchandra,19.35986171,72.87245142,Maharashtra,CR,True
JDA,Jasoda,27.08393,79.820294,,,True
JDB,Jagdalpur,19.066004,82.013757,Chhattisgarh,ECoR,True
JDH,Jam Jodhpur,21.906659,70.03138700000001,Gujarat,WR,True
JDL,Jagdevwala,28.3108582783,73.455749812,Rajasthan,NWR,True
JEA,Nakaha Jungle,26.803135,83.360755,Uttar Pradesh,NER,True
JER,Jaleswar,21.79749,87.22049100000001,,,True
JES,Jaitsar,29.342839,73.65228900000001,,,True
JEUR,Jeur,18.260933,75.16247100000001,,,True
JFD,Jiadhal,,,,,False
JGA,Jogiara,26.407114392700002,85.74673274050001,,,True
JGLP,Jatinga Lumpur,,,,,False
JGM,Jhargram,22.4549644863,86.9985316705,,,True
JGN,Jagraon,30.801197,75.47275900000001,Punjab,NR,True
JGNR,Jogendranagar,23.812162,91.310464,Tripura,NFR,True
JGP,Jalalpur,26.586308000000002,84.311942,,,True
JGR,Jaswantnagar,26.872978000000003,78.893731,,,True
JHD,Jehanabad,25.224705,84.989964,Bihar,ECR,True
JHDC,Jahanbad Court,25.2011434752,84.98415622680001,Bihar,ECR,True
JHIR,Jhir,26.852187381900002,76.1146920331,,,True
JHJ,Jhajjar,,,,,False
JHL,Jakhal,29.8018131127,75.8245009833,Haryana,NR,True
JHN,Jakhim,24.8288034748,84.52567784239999,,,True
JHT,Junehta,22.78247,78.596143,Madhya Pradesh,WCR,True
JHW,Jhalawar Road,24.541893,75.919686,,,True
JI,Jhusi,25.431145,81.91664399999999,Uttar Pradesh,NER,True
JIBI,Jolaibari,,,,,False
JID,Jagi Road,26.126113999999998,92.197461,Assam,NFR,True
JIND,Jind,29.328875999999998,76.28961699999999,Haryana,NR,True
JIT,Jirat,23.098255,88.461461,West Bengal,ER,True
JITE,Jite,18.842284,73.119827,,,True
JJ,Jajau,26.934561,77.936725,,,True
JJG,Jiaganj,24.244268,88.27698,West Bengal,ER,True
JJK,Jhinjhak,26.554994,79.734225,,,True
JJKR,Jajpur K Road,20.943544,86.132518,,,True
JJN,Jhunjhunu,28.106884063857194,75.39017865434289,Rajasthan,NWR,True
JJP,Jhanjharpur,26.228493,86.267833,Bihar,?,True
JJR,Jejuri,18.286557,74.171451,Maharashtra,CR,True
JJT,Jai Jai Wanti,29.16948,76.36926500000001,Haryana,NR,True
JJTI,Jhanjhitoli Halt,,,,,False
JJW,Jojwa,22.253213000000002,73.642431,Gujarat,WR,True
JKAR,Jaklair,,,,,False
JKB,Jakhalabandha,26.563801,92.991109,Assam,NFR,True
JKDP,Jankidaipur,19.888365,85.81927,,,True
JKE,Jukehi,23.986873000000003,80.432389,Madhya Pradesh,WCR,True
JKHI,Jakhodlkhera,29.209394,75.57373,Haryana,NWR,True
JKN,Jakhanian,25.740942,83.369563,Uttar Pradesh,NER,True
JKNI,Jharkhandi,27.4330507545,82.17975597290001,Uttar Pradesh,NER,True
JKO,Jakkalacheruvu,15.109121,77.726953,,,True
JKPR,Jakhapura,20.917821,86.06533999999999,,,True
JKR,Jaulkhera,21.838466,78.216684,,,True
JKT,Jekot,22.865616,74.15935400000001,,,True
JKZ,Jitakheri,29.0117786412,75.9873709528,Haryana,?,True
JL,Jalgaon,21.018114999999998,75.56287499999999,,,True
JLD,Jarwal Road,27.120389,81.540406,,,True
JLL,Jalalganj,25.612516,82.772465,,,True
JLN,Jakhalaun,24.547359,78.341911,,,True
JLPH,Jalalpur Halt,,,,,False
JLR,Jetalsar,21.729374,70.57391,Gujarat,WR,True
JLS,Jalesar Road,27.44546,78.16993,,,True
JLWC,Jhalawar City,,,,,False
JM,Jalamb,20.813007000000002,76.573236,,,True
JMD,Jamdha,20.574085,74.98554700000001,Maharashtra,CR,True
JMDG,Jammalamadugu,,,,,False
JMKT,Jamikunta,18.290021,79.476918,,,True
JML,Jumnal,16.723002286099998,75.7141335645,,,True
JMP,Jamalpur,25.313906,86.492285,,,True
JMPT,Jimidipeta,19.044582000000002,83.42234400000001,,,True
JMQ,Jamirghata,24.916623,88.06775999999999,,,True
JMRA,Jamira,24.307199,92.527405,Assam,?,True
JMS,Jamsar,28.24751,73.398985,Rajasthan,?,True
JMT,Jamtara,23.958904,86.805183,,,True
JMU,Jamui,24.971949,86.25477500000001,,,True
JMV,Jambara,21.943048,78.251975,Madhya Pradesh,CR,True
JNA,Julana,29.120124,76.396508,Haryana,NR,True
JND,Junagadh,21.530606,70.457612,Gujarat,WR,True
JNH,Janghai,25.549911,82.310962,,,True
JNK,Jhinkpani,22.4200106276,85.77066197879999,Jharkhand,SER,True
JNKR,Janakinagar,25.881604,87.116949,Bihar,ECR,True
JNL,Jandiala,31.589979,75.05441200000001,,,True
JNN,Jamuniatanr Halt (e),23.75454,86.191952,Jharkhand,ECR,True
JNO,Junnor Deo,22.191279,78.592052,Madhya Pradesh,CR,True
JNP,Jagan Nathapur,19.330648607,84.8681439825,,,True
JNR,Janakpur Road,26.467914,85.70085599999999,,,True
JNRD,Junagarh Road,19.874057,82.946083,,,True
JNRI,Jalandari,25.286385000000003,75.342247,,,True
JNTR,Jinti Road,18.3249544651,74.87741682800001,,,True
JNU,Jaunpur,25.762849,82.69969599999999,Uttar Pradesh,NR,True
JOA,Janwal,18.559639999999998,76.75514700000001,Maharashtra,SCR,True
JOB,Asalpurjobner,26.900084,75.423467,,,True
JOBA,Joba,24.096599,81.762682,Madhya Pradesh,WCR,True
JOC,Joychandi Pahar,23.516393,86.68033899999999,West Bengal,SER,True
JOK,Jodhka,29.493381999999997,75.218369,Haryana,?,True
JOL,Jogal,21.696442,86.88271399999999,Orissa,?,True
JOO,Jamai Osmania,17.411068999999998,78.517784,,,True
JOP,Jaunpur City,25.734125,82.666999,,,True
JOR,Jalor,25.35418,72.63429,Rajasthan,NWR,True
JP,Jaipur,26.920203,75.786923,,,True
JPD,Jalalpur Dhai,26.021201,81.13597700000001,Uttar Pradesh,?,True
JPE,Jalpaiguri Road,26.559016999999997,88.70945300000001,,,True
JPG,Jalpaiguri,26.51816,88.723026,,,True
JPH,Jhantipahari,23.353362999999998,86.904491,West Bengal,?,True
JPL,Japla,24.538968999999998,84.00286600000001,,,True
JPRD,Jenapur Road Ph,20.018355,85.786572,,,True
JPZ,Jogighopa,26.241537,90.576384,Assam,NFR,True
JRA,Jaraikela,22.309555999999997,85.113703,,,True
JRBM,Jiribam,24.79884918,93.12437581,Assam,NFR,True
JRC,Jalandhar Cant,31.306235,75.63210600000001,,,True
JREA,Jhareda,27.476347999999998,77.032106,,,True
JRG,Jugpura Ph,21.668795,86.912796,Orissa,?,True
JRJE,Garjee,,,,,False
JRK,Jeruwa Khera,23.973744999999997,78.478729,,,True
JRKN,Jorkian,29.8325238,74.2221512,Rajasthan,NWR,True
JRKT,Jadarama Kunte,16.2842670722,75.83866138549999,Karnataka,SWR,True
JRL,Jharili,28.50653,76.374648,Haryana,NWR,True
JRLE,Jangipur Road,24.459515,88.04076,West Bengal,ER,True
JRLI,Jaroli,21.952769,85.419294,Orissa,?,True
JRMG,Jairamnagar,22.034344,82.29651100000001,,,True
JRNA,Jirania,23.827373,91.43198600000001,Tripura,NFR,True
JRPD,Jarapada,20.885087,84.887597,,,True
JRR,Jugaur,26.881922122,81.08856127690001,,,True
JRS,Joravasan,20.729778,72.96576,Gujarat,WR,True
JRT,Jarati,18.890456,82.66510099999999,Orissa,?,True
JRTB,Jhartarbha,,,,,False
JRU,Chikjajur,14.126112,76.138705,Karnataka,SWR,True
JRW,Joramow,24.201663,86.707773,,,True
JRZ,Joranda Road,20.623365,85.640413,,,True
JSB,Yamuna South Bk,25.902334,80.226651,Uttar Pradesh,NCR,True
JSE,Jamsole,,,,,False
JSG,Jharsuguda,21.862274,84.017427,,,True
JSGR,Jharsuguda Road,21.850125,84.010526,,,True
JSI,Jasali,24.169914000000002,71.914081,,,True
JSKA,Jataula Samphka,28.372602,76.799492,Haryana,NR,True
JSM,Jaisalmer,26.91655,70.92823899999999,Rajasthan,NWR,True
JSME,Jasidih,24.514517,86.644255,,,True
JSP,Jayasingpur,16.791339,74.551613,Maharashtra,CR,True
JSR,Jasra,25.280002,81.774617,Uttar Pradesh,NCR,True
JTB,Jagatbela,26.772224,83.278505,,,True
JTDM,Jatdumri Halt,25.474492932500002,85.0950627991,,?,True
JTI,Jaithari,23.0451865524,81.7970919489,,,True
JTJ,Jolarpettai,12.560851999999999,78.57781999999999,,,True
JTL,Jhapater Dhal,23.367646,87.750181,,,True
JTO,Jutogh,31.100734,77.122043,Himachal Pradesh,NR,True
JTRD,Jath Road,17.2166,75.110555,Maharashtra,CR,True
JTS,Jatusana,28.331448,76.52110400000001,Haryana,NWR,True
JTTN,Jorhat Town,26.750692,94.217106,Assam,NFR,True
JTW,Jaitwar,24.740226,80.863876,Madhya Pradesh,WCR,True
JU,Jodhpur,26.283765,73.02319,,,True
JUC,Jalandhar City,31.331665,75.591499,,,True
JUCT,Jodhpur Cantt,26.304264,73.075277,,,True
JUDW,Jagadhri Wshop,30.135558,77.240819,,,True
JUJA,Jujomura,21.239342,84.134611,,,True
JUR,Jutturu,14.978847,77.898103,,,True
JVN,Jorawarnagar,22.71246,71.641594,Gujarat,WR,True
JW,Jatwara,26.8688202925,76.2140548169,,,True
JWB,Jawai Bandh,25.114043000000002,73.14732500000001,Rajasthan,NWR,True
JWL,Jajiwal,26.3680583662,73.2228278314,,,True
JWNR,Jawaharnagar,23.924910999999998,91.895623,Tripura,NFR,True
JWO,Jawad Road,24.557577000000002,74.764389,Rajasthan,WR,True
JWP,Jwalapur,29.928457,78.120775,Uttarakhand,NR,True
JYG,Jaynagar,26.589465,86.134871,,,True
JYK,Jone Karrang,,,,,False
JYM,Jai Samand Road,24.22064,73.86827000000001,Rajasthan,NWR,True
JYP,Jeypore,18.896375,82.55467900000001,Orissa,?,True
KAD,Khandala,18.755087,73.377469,,,True
KAG,Kodaganur,14.3305086886,76.033542879,Karnataka,SWR,True
KAH,Kalhar,23.978071,78.05717800000001,,,True
KAJ,Kaliyanganj,25.6393,88.330404,West Bengal,NFR,True
KAJG,Kajg,19.9493826187,74.9240362146,,,True
KAL,Kallal,9.977293,78.670312,Tamil Nadu,SR,True
KALS,Kalas Halt,15.08644671,75.3899776996,Karnataka,SWR,True
KAMG,Kamakhyaguri,26.484168,89.721829,,,True
KAMP,Kamalpur,28.182673,77.83998100000001,,,True
KAN,Khana,23.320577,87.769547,,,True
KANJ,Kanil,22.867203999999997,72.705473,,,True
KANO,Kanoh,30.992082999999997,77.11800600000001,Himachal Pradesh,NR,True
KAP,Kalianpur,26.503485,80.25289199999999,,,True
KAPG,Kalupara Ghat,19.896585,85.40365100000001,,,True
KARD,Kaman Road,19.33655,72.919123,Maharashtra,CR,True
KARO,Khario,23.835655,86.192092,,?,True
KARR,Kharar,30.7263803992,76.6360518042,,,True
KART,Kiratpur Sahib,31.186811000000002,76.563302,,,True
KASR,Kanas Road,20.06205,85.7428,,,True
KASU,Kasu,18.64059,73.079446,Maharashtra,CR,True
KAT,Khatauli,29.273712,77.736988,Uttar Pradesh,NR,True
KATI,Kathi,21.788742999999997,87.734128,West Bengal,?,True
KATL,Katol,21.263201,78.590664,,,True
KAV,Kalumna,21.168195,79.140955,,,True
KAW,Khajri,25.563233999999998,77.617075,Madhya Pradesh,WCR,True
KAWR,Karwar,14.821387,74.183139,Karnataka,KR,True
KAWT,Kanwat,27.5895214437,75.67626636840001,Rajasthan,NWR,True
KBA,Kurabalakota,13.666284000000001,78.48584299999999,Andhra Pradesh,SCR,True
KBE,Kurebhar,26.409469,82.111598,Uttar Pradesh,NR,True
KBH,Khandbaara,21.324398,74.101865,,,True
KBJ,Kantabanji,20.474059,82.906517,,,True
KBK,Khambli Ghat,25.626813000000002,73.864884,Rajasthan,NWR,True
KBKN,Khabra Kalan,29.322476,75.412296,,,True
KBL,Koppal,15.353868,76.14395900000001,Karnataka,SWR,True
KBM,Kotabommali,18.488355,84.199842,,,True
KBN,Karbigwan,26.200502,80.502629,,,True
KBPR,Kabaka Puttur,12.7683965,75.2045015,Karnataka,SWR,True
KBQ,Kumrabad Rohini,24.467308,86.64534800000001,,,True
KBR,Kabrai,25.385191218099997,80.0382402954,Uttar Pradesh,NCR,True
KBRV,Kanjari Boriyavi,22.614849,72.921535,,,True
KBY,Khoirabari,26.626143000000003,91.840413,,,True
KCA,Kuchman,25.318877999999998,83.21503,,,True
KCC,Krishna Canal,16.477152,80.604553,,,True
KCD,Kurichedu,15.913391,79.572175,,,True
KCG,Kacheguda,17.389561,78.499756,,,True
KCI,Kallkiri,13.643625,78.801131,Andhra Pradesh,SCR,True
KCJ,Kasimpur,26.257189,81.539941,,,True
KCM,Kalasumudram,14.21716,78.099683,Andhra Pradesh,SCR,True
KCP,Kalgupur,18.163878,77.19175,Karnataka,SCR,True
KCR,Khonker,25.316453,77.578988,Madhya Pradesh,WCR,True
KCT,Kirakat,25.645355,82.924798,Uttar Pradesh,NER,True
KCV,Krishna Ch Pura,21.824613,86.82005,Orissa,SER,True
KCVL,Kochuveli,8.509254,76.8961,,,True
KDAA,Kada,,,,,False
KDE,Koradacheri,10.771022,79.49003499999999,Tamil Nadu,SR,True
KDF,Khundaur,26.020077,82.01505399999999,Uttar Pradesh,NR,True
KDG,Kedgaon,18.482085398400002,74.3763730994,,,True
KDGI,Kudgi,16.530215,75.811482,Karnataka,SWR,True
KDHL,Kundhela,22.227958,73.28142,Gujarat,WR,True
KDJR,Kendujhar,21.66029,85.62690500000001,Orissa,ECoR,True
KDKL,Kodakandla,,,,,False
KDLR,Kandel Road,20.126381000000002,83.27892999999999,,,True
KDM,Kesamudram,17.686252,79.89647099999999,Andhra Pradesh,SCR,True
KDMR,Khodiyar Mandir,21.739200999999998,72.00460199999999,Gujarat,WR,True
KDN,Kudatini,15.215160000000001,76.76356899999999,Karnataka,SWR,True
KDNL,Kadayanallur,9.085394,77.36319769999999,,,True
KDP,Kondapuram,14.773549,78.193462,,,True
KDPA,Khadapa,19.00582,82.445719,,ECoR,True
KDPR,Kumedpur,25.4334484028,87.80435766599999,,,True
KDQ,Kadipur,25.44872,83.09130300000001,Uttar Pradesh,NER,True
KDRP,Kandarpur,20.396528,86.017399,Orissa,ECoR,True
KDT,Khadarpett,14.9830781091,77.5427697052,,,True
KDU,Kadambur,9.002019,77.86363300000001,Tamil Nadu,SR,True
KDVI,Kadavai,,,,,False
KDZ,Kandaghat,30.965544,77.106996,Himachal Pradesh,NR,True
KEA,Katra,26.842992,82.204937,,,True
KEB,Karambeli,20.316435,72.90153400000001,Gujarat,WR,True
KED,Kenduapada,21.030623000000002,86.38353099999999,,,True
KEF,Krishnammakona,15.505221,78.267907,,,True
KEG,Karengi,28.346844,79.041353,Uttar Pradesh,NR,True
KEH,Kapseti,25.357848,82.717694,,,True
KEI,Kashi,25.326563999999998,83.031939,,,True
KEJ,Kathleeghat,31.021478000000002,77.103224,Himachal Pradesh,NR,True
KEK,Karkheli,18.944571,77.73819999999999,Maharashtra,SCR,True
KEM,Kem,18.177508793500003,75.2746262701,,,True
KEN,Kotala,13.6063213389,79.2872542792,,,True
KEP,Kelanpur,22.233139,73.277017,Gujarat,WR,True
KEPR,Koiripur,26.02164,82.33959499999999,,,True
KER,Kirihrapur,26.045500525999998,83.73706466189999,Uttar Pradesh,NER,True
KESR,Kesri Singhpur,29.950588999999997,73.61854,Rajasthan,NWR,True
KFA,Koparia,25.661041,86.59816,Bihar,ECR,True
KFD,Karanjadi,17.998115,73.404252,Maharashtra,KR,True
KFF,Kolda,21.165523,73.893108,,,True
KFV,Kundara East,8.969608,76.691337,Kerala,SR,True
KGA,Khaga,25.761853,81.102658,,,True
KGB,Kargi Road,22.297935,82.026832,,,True
KGBP,Khongsang,,,,,False
KGBS,Kishangarh Balawas,28.262787,76.571554,Haryana,NWR,True
KGD,Kalligudi,9.695381000000001,77.97402,,,True
KGG,Khagaria,25.505891,86.46525100000001,,,True
KGI,Kengeri,12.918047,77.48431,Karnataka,SWR,True
KGIH,Kalgurki h,16.585003999999998,75.775752,,,True
KGL,Kupgal,15.726256,77.219229,,,True
KGLE,Khagraghat Road,24.106842,88.22648099999999,West Bengal,ER,True
KGM,Kathgodam,29.266583,79.54633,Uttarakhand,NER,True
KGP,Kharagpur,22.341431999999998,87.32845599999999,,,True
KGQ,Kasaragod,12.491175,74.987652,Kerala,SR,True
KGS,Khongsara,22.551352,81.934151,,,True
KGX,Kanginhal,15.447816999999999,75.719041,Karnataka,SWR,True
KHAT,Khat,21.242242,79.550792,,,True
KHBJ,Khanna Banjari,23.897087,80.822716,Madhya Pradesh,WCR,True
KHBV,Kharbao,19.297247,72.983444,Maharashtra,CR,True
KHED,Khed,17.712059,73.40881499999999,Maharashtra,KR,True
KHF,Khantapara,21.39628,86.822911,,,True
KHGP,Khargapur,,,,,False
KHH,Kichha,28.913427000000002,79.519746,Uttar Pradesh,NER,True
KHM,Kusmhi,26.72824,83.453837,,,True
KHMA,Khatima,28.915440999999998,79.969431,Uttarakhand,NER,True
KHN,Khanyan,23.046222,88.314472,,,True
KHNM,Kunda Harnamgnj,25.714175,81.509547,Uttar Pradesh,NR,True
KHNP,Khanapur Deccan,17.942175,77.382161,Karnataka,SCR,True
KHNR,Kachnara,23.808778,75.101024,,,True
KHOH,Khoh,25.209491000000003,80.979976,Uttar Pradesh,NCR,True
KHRI,Kharkhari,23.760124,86.234894,Jharkhand,SER,True
KHRJ,Khumbaraj,24.363097,77.079574,,,True
KHRK,Kharak,28.83755,76.308694,Haryana,NWR,True
KHS,Kharsia,21.99178,83.102414,,,True
KHT,Sri Kalahasti,13.7463618318,79.6830412451,,,True
KHTG,Khatgaon,21.26417,73.992081,,,True
KHU,Khurhand,25.352584,80.49498,Uttar Pradesh,NCR,True
KHV,Karainthi,29.0138203113,76.4817815491,Haryana,NR,True
KI,Kondapalli,16.623242,80.54669299999999,Andhra Pradesh,SCR,True
KIAT,Kyatsandra,13.3161963923,77.1481127075,Karnataka,SWR,True
KIC,Kallidaikurichi,,,,,False
KID,Khairar,25.451955,80.236073,Uttar Pradesh,NCR,True
KIF,Kuri,9.035098526,76.8173945569,,,True
KIGL,Kunigal,,,,,False
KIK,Karaikal,10.925606,79.839712,,,True
KIM,Kim,21.399697,72.926702,,,True
KIN,Kapasan,24.86221,74.312762,Rajasthan,NWR,True
KIP,Khalilpur,28.274856,76.67836199999999,Haryana,NR,True
KIR,Katihar,25.548947,87.566409,,,True
KIS,Kapilas Road,20.558554,85.993925,,,True
KISN,Kalisen Ph,23.1816003962,87.1624991003,,,True
KIT,Khallikot,19.611204999999998,85.128091,,,True
KITA,Kita,23.364884802800002,85.76424803159999,,,True
KIU,Kinana,29.227482,76.336659,Haryana,NR,True
KIUL,Kiul,25.171504,86.106198,,,True
KIZ,Kansudhi,22.789343,73.64823,,,True
KJ,Kajgaon,20.573753,75.140405,,,True
KJA,Khajurhat,26.525308,82.126813,Uttar Pradesh,NR,True
KJG,Karajgi,14.851426,75.407636,Karnataka,SWR,True
KJH,Kajra,25.182766,86.261571,,,True
KJI,Khajauli,26.4839415697,86.1614216113,,,True
KJL,Khumgaon Burti,20.866943,76.401107,,,True
KJM,Krishnarajapurm,13.000534,77.674016,,,True
KJME,Kajoragram,23.615327,87.18466500000001,West Bengal,ER,True
KJN,Kannauj,27.026507,79.926109,,,True
KJT,Karjat,18.911157999999997,73.320691,,,True
KJU,Kuntighat,23.016799000000002,88.413149,West Bengal,ER,True
KJV,Khijadiya,21.740875,71.275556,Gujarat,WR,True
KJW,Khajwana,26.923262,73.861764,,,True
KJY,Khurja City,28.252454,77.84116100000001,Uttar Pradesh,NR,True
KJZ,Karonji,23.282475,82.923013,Chhattisgarh,SECR,True
KK,Khadki,18.563010000000002,73.840513,,,True
KKB,Karak Bel,22.992315,79.34125900000001,Madhya Pradesh,WCR,True
KKD,Kalkund,22.47801,75.85927000000001,Madhya Pradesh,WR,True
KKDE,Kurukshetra,29.969440000000002,76.852795,,,True
KKDI,Karaikkudi,10.068518,78.79331499999999,Tamil Nadu,SR,True
KKGT,Kalkalighat,24.5804202061,92.2952717633,Assam,NFR,True
KKHT,Kakarghatti,26.183484,85.94826499999999,,,True
KKJ,Kakori,26.885454000000003,80.79835,,,True
KKK,Khakharia,21.653052,70.932064,Gujarat,WR,True
KKLR,Kaikolur,16.551026,81.21831599999999,Andhra Pradesh,SCR,True
KKLU,Kaklur,18.883305,81.619792,Chhattisgarh,ECoR,True
KKM,Kamalapuram,14.591762,78.666113,,,True
KKN,Khirkiya,22.166444000000002,76.85944699999999,Madhya Pradesh,WCR,True
KKNH,Karukhirhar Nagar Halt,25.891166,86.61649100000001,,ECR,True
KKP,Kot Kapura,30.578495999999998,74.818173,Punjab,NR,True
KKPM,Kallakkudi Palanganatham,10.966118999999999,78.948759,,,True
KKRD,Kikakui Road,21.12908,73.481234,,,True
KKRH,Karahia,25.471614,83.771397,,,True
KKS,Kurasti Kalan,25.955085,80.752455,,,True
KKT,Kath Kuiyan,26.8568018382,84.0478709076,,,True
KKU,Kanakpura,26.92883,75.702559,,,True
KKV,Kunkavav,21.653448,70.975052,Gujarat,WR,True
KKW,Kankavli,16.2587773,73.71987089999999,Maharashtra,KR,True
KKY,Kila Kadaiyam,,,,,False
KKZ,Kottarakara,9.000279,76.765986,Kerala,SR,True
KL,Kherli,27.2002567722,77.0364244739,,,True
KLA,Kulwa,27.982509,78.007062,,,True
KLAR,Kulpahar,25.29552,79.63751,Uttar Pradesh,NCR,True
KLB,Kiraoli,27.133898,77.78581199999999,Uttar Pradesh,NCR,True
KLBA,Kalambha,21.344635,78.558413,,,True
KLBG,Kalaburagi,,,,,False
KLBN,Kalambani Budruk,,,,,False
KLCR,Katlichera,24.453018,92.547042,Assam,?,True
KLD,Khalilabad,26.77453,83.055073,,,True
KLE,Kaithal,29.792735,76.397796,Haryana,NR,True
KLG,Kalunga,22.222144,84.73367300000001,,,True
KLGD,Kollengode,10.626984,76.697715,,,True
KLHD,Kolhadi,20.900243,76.058938,,,True
KLJ,Kamalganj,27.292663,79.620832,,,True
KLK,Kalka,30.837667,76.931759,Haryana,NR,True
KLKA,Koilakuntla,,,,,False
KLL,Kalol,23.244576000000002,72.50363,Gujarat,WR,True
KLM,Kadlimatti,16.236489,75.796092,Karnataka,SWR,True
KLMG,Kalamboli Goods,19.035116,73.11494900000001,Maharashtra,CR,True
KLMR,Kalamasseri,10.061818,76.32695600000001,,,True
KLNK,Kalanaur Kalan,28.8349236,76.389612,Haryana,NWR,True
KLNP,Kalinarynpur,23.206506,88.573216,West Bengal,ER,True
KLP,Kotalpukur,24.741141,87.823724,,,True
KLQ,Kilikollur,8.9182952655,76.6327939999,Kerala,SR,True
KLRE,Khalari,23.651055,85.001627,,,True
KLRS,Kolaras,25.224926,77.590411,Madhya Pradesh,WCR,True
KLT,Kulitalai,10.932727,78.42089299999999,Tamil Nadu,SR,True
KLU,Kalluru,14.924474,77.581419,,,True
KLV,Kelva Road,19.624601000000002,72.79082100000001,Maharashtra,WR,True
KLWD,Kalitalavdi,,,,,False
KLWL,Kilanwali Punjb,30.137221,74.11242,Punjab,NR,True
KLX,Kolakalur,16.295185999999998,80.627521,,,True
KLYT,Kolayat,27.835319,72.95507400000001,Rajasthan,NWR,True
KLZ,Keolari,22.374838,79.90885,Madhya Pradesh,SECR,True
KMA,Kaima,24.611085,80.845912,Madhya Pradesh,WCR,True
KMAE,Khamargachhi,23.054229,88.44421,West Bengal,ER,True
KMAH,Kamathe,17.477292,73.515552,Maharashtra,KR,True
KMB,Kalv Amba,,,,,False
KMBL,Khambhaliya,22.217513,69.657344,Gujarat,WR,True
KMC,Kamareddi,18.32586,78.335858,Andhra Pradesh,SCR,True
KMD,Kodumudi,11.076073000000001,77.885771,Tamil Nadu,SR,True
KMDR,Karimuddin Pur,25.700369000000002,83.860581,Uttar Pradesh,NER,True
KMEZ,Kumar Maranga,19.038845,81.94987,,,True
KMGE,Kumahu,24.976944,83.946305,,,True
KMH,Kalamalia,14.667107,78.470174,,,True
KMI,Kumhari,21.243782,81.516054,,,True
KMJ,Kaimganj,27.5409770085,79.3272155493,,,True
KMK,Komakhan,20.979703,82.45769200000001,,,True
KMKD,Khamkhed,20.904161000000002,76.122339,,,True
KML,Kamtaul,26.337348000000002,85.808624,,,True
KMLR,Kamalur,18.854521000000002,81.276887,Chhattisgarh,ECoR,True
KMME,Kumardubi,23.747453,86.794065,,,True
KMNC,Kuchaman City,27.0535465396,74.8514568066,,,True
KMNR,Kamalnagar,18.240644,77.178835,Karnataka,SCR,True
KMPU,Kamalapur,,,,,False
KMQ,Kumbla,12.590263,74.943503,Kerala,SR,True
KMQA,Komali,14.936387,77.927597,,,True
KMS,Karamnasa,25.239738,83.430892,,,True
KMSD,Kumar Sadra,18.912986,81.671506,Chhattisgarh,ECoR,True
KMSI,Kumsi,14.051954,75.402042,,,True
KMST,Kamshet,18.766938,73.552352,,,True
KMT,Khammam,17.249347,80.138491,Andhra Pradesh,SCR,True
KMTI,Kumarhatti,30.889186,77.05598099999999,Himachal Pradesh,NR,True
KMU,Kumbakonam,10.952962,79.388644,Tamil Nadu,SR,True
KMV,Karmad,19.872663603099998,75.5378981451,Maharashtra,SCR,True
KMX,Komati Palli,18.381027,83.34104699999999,,,True
KMZ,Katni Murwara,23.8343563,80.4014844,,,True
KN,Kadalundi,11.133481,75.82803299999999,Kerala,SR,True
KNAG,Kanaji Halt,,,,,False
KNAR,Khanpur Ahir,27.911754000000002,76.589847,Rajasthan,NWR,True
KND,Kandra,22.852966,86.047863,,,True
KNDP,Khandip,26.641030999999998,76.911821,Rajasthan,WCR,True
KNDV,Krishnadevaraya Halt,,,,,False
KNE,Kishanganj,26.097746,87.949657,,,True
KNF,Khanodih,23.820217999999997,86.19215700000001,Jharkhand,SER,True
KNGR,Kashinagar,18.8568644473,83.87569620789999,Orissa,ECoR,True
KNHE,Kanhe,18.762352,73.59401600000001,,,True
KNHN,Kanhan,21.225502000000002,79.238908,,,True
KNJ,Krishngr Cty,23.388714,88.493636,West Bengal,ER,True
KNKT,Kanakot,22.488122,70.876238,Gujarat,WR,True
KNL,Kalanwali,29.835057,74.97985,Haryana,NWR,True
KNLP,Kanamalo Palle,14.428768999999999,78.925335,,,True
KNLS,Kanalas,22.319955,69.896549,Gujarat,WR,True
KNN,Khanna,30.707973,76.22513400000001,,,True
KNNA,Khinaniyan,29.345637263205944,74.7179570607841,Haryana,NWR,True
KNNK,Kanina Khas,28.321248999999998,76.300375,Haryana,NWR,True
KNO,Kundgol,15.258352,75.250168,Karnataka,SWR,True
KNP,Khanapur,15.6379344079,74.49975681459999,Karnataka,SWR,True
KNPR,Kendrapara Road,20.498481,85.917437,,,True
KNPS,Kendposi,22.294845000000002,85.73248199999999,Jharkhand,SER,True
KNRT,Kuneru,18.966946,83.440724,,,True
KNS,Kanchausi,26.59792371,79.6354260596,,,True
KNSR,Kanasar,28.145913,73.324726,Rajasthan,NWR,True
KNT,Kanth,29.059768000000002,78.621471,,,True
KNVT,Kinwat,19.618502,78.20243500000001,Maharashtra,SCR,True
KNW,Khandwa Junction,21.823596,76.353227,Madhya Pradesh,CR,True
KO,Kosgi,15.847871999999999,77.23640800000001,,,True
KOAA,Kolkatta Terminal,22.601174999999998,88.385179,,,True
KOHL,Kohli,21.273749,78.807616,,,True
KOHR,Kohir Deccan,17.608886,77.71197699999999,Andhra Pradesh,SCR,True
KOI,Khodri,22.665094,81.93569600000001,,,True
KOJ,Kokrajhar,26.405057,90.274125,,,True
KOKA,Koka,21.263021,79.71240900000001,,,True
KOL,Kolad,18.392294,73.223871,Maharashtra,KR,True
KOLA,Kotla,15.8120341064,78.03755196290001,,,True
KOLR,Kolnur,18.496319274500003,79.4199093701,,,True
KON,Kudal Nagar,9.944876,78.108666,,,True
KONN,Konnur,16.424621000000002,77.884404,,,True
KONY,Kisoni,23.301733000000002,76.371773,,,True
KOO,Khusropur,25.484893,85.387309,,,True
KOP,Kolhapur,16.70257,74.237695,Maharashtra,CR,True
KOPR,Kopar,19.211345,73.077841,,,True
KOTA,Kota,25.223553,75.8805,,,True
KOTI,Koti,30.852821,76.994519,Himachal Pradesh,NR,True
KOTT,Kottur Halt,17.149739999999998,78.28622100000001,,,True
KOU,Koduru,13.948578,79.345687,,,True
KOV,Kirloskarvadi,17.084152,74.41635799999999,Maharashtra,CR,True
KOX,Kachujor,23.8426777354,87.4650456,,,True
KP,Kamptee,21.21172,79.197947,,,True
KPA,Kanchrapara,22.946024,88.451231,West Bengal,ER,True
KPD,Katpadi,12.972734,79.13534100000001,,,True
KPE,Kauwapur,27.5158216097,82.2979015082,Uttar Pradesh,NER,True
KPG,Kopargaon,19.902943,74.503328,,,True
KPGM,Karpoorigram,25.869802,85.72417800000001,,,True
KPI,Kalpi,26.119339,79.755607,,,True
KPJG,Kerejanga,20.855813,84.97670600000001,,,True
KPK,Kalipahari,23.6652,87.01593,,,True
KPL,Kantakapalle,17.954718999999997,83.20820499999999,,,True
KPLD,Kapali Road,21.040967000000002,86.407911,,,True
KPLE,Kopai,23.759063,87.689548,,,True
KPLL,Kotta Pndlpalli,15.761413999999998,80.281949,,,True
KPN,Kuppam,12.746834,78.339549,,,True
KPNA,Kapan,22.026018,82.494827,,,True
KPO,Karanpura,27.1230467855,76.7783649164,,,True
KPP,Kalapipal,23.332775,76.834002,,,True
KPQ,Kannapuram,11.984076,75.31381,Kerala,SR,True
KPRD,Kalyanpur Road,25.275564886399998,86.5806353711,,,True
KPRR,Kotapar Road,19.041434,82.30895,Chhattisgarh,ECoR,True
KPS,Kopa Samhota,25.851866,84.65281399999999,,,True
KPTN,Keshorai Patan,25.324522,75.937733,,,True
KPTO,Karanpurato,25.136401449999997,87.7340281628,,,True
KPU,Krishnapuram,14.493468,78.776559,,,True
KPV,Kashipur,29.204978,78.96071,Uttarakhand,NER,True
KPXR,Kaipada Road,20.10484,85.639666,,,True
KPY,Karunagappalli,9.065268000000001,76.54402300000001,,,True
KPZ,Kapren,25.444815000000002,76.08649199999999,,,True
KQA,Kondagunta,14.080027999999999,79.79392,,,True
KQD,Khairatabad Dcn,17.414221,78.46165,Andhra Pradesh,SCR,True
KQE,Kala Akhar,22.394548999999998,77.818115,,,True
KQI,Kalachand,25.339050999999998,93.13311999999999,Assam,NFR,True
KQK,Kotikulam,12.423507,75.024008,Kerala,SR,True
KQL,Kandhla,29.324701,77.293239,Uttar Pradesh,NR,True
KQN,Kodaikanal Road,10.179613000000002,77.909593,,,True
KQQ,Kaukuntla,16.538962,77.850451,,,True
KQR,Koderma,24.434741000000002,85.52945799999999,,,True
KQU,Kamarkundu,22.821631,88.205127,,,True
KRA,Karepalli,17.511408000000003,80.27186499999999,Andhra Pradesh,SCR,True
KRAI,Kahet,21.137196,73.294162,,,True
KRAR,Khariar Road,20.901385555799997,82.510513277,,,True
KRBA,Korba,22.337584,82.71301299999999,Chhattisgarh,SECR,True
KRBP,Khudiram Bose Pusa,25.906434,85.672677,,,True
KRD,Karad,17.310011,74.215686,Maharashtra,CR,True
KRDL,Kirandul,18.757486,81.25813099999999,Chhattisgarh,ECoR,True
KRE,Kartarpur,31.432388,75.492544,,,True
KRG,Koregaon,17.690976,74.147622,Maharashtra,CR,True
KRH,Khairthal,27.797324415,76.64170412169999,Rajasthan,NWR,True
KRHA,Korahia,26.529839579999997,86.15361374000001,,,True
KRIH,Korai Halt,20.959417000000002,86.17599399999999,,,True
KRJ,Khurja,28.206407000000002,77.81903999999999,,,True
KRKH,Kharkhara Halt,,,,,False
KRKN,Karkend,23.765615,86.369799,West Bengal,SER,True
KRLI,Kurali,30.835005000000002,76.57193000000001,,,True
KRMA,Karamtola,25.2554212612,87.5531429022,,,True
KRMI,Karmali,15.490212900000001,73.9246644,Goa,KR,True
KRMR,Karimnagar Oa,,,,,False
KRND,Khorason Road,26.089745999999998,82.867173,,,True
KRNI,Krishnai,26.070884,90.68256799999999,Assam,NFR,True
KRNN,Karnauti Halt,25.396291565400002,85.54704889770001,,,True
KRNR,Krishnarajnagar,12.4454105,76.38862689999999,Karnataka,SWR,True
KRNT,Kurnool City,15.833715,78.032655,,,True
KRON,Karona Halt,25.263396537800002,85.00541057619999,,?,True
KRP,Krishnapur,24.406330999999998,88.25613200000001,West Bengal,ER,True
KRPN,Kharepatan Road,,,,,False
KRPP,Kuruppantara,9.734535000000001,76.51060899999999,,,True
KRPR,Karepur,18.589152000000002,76.681135,Maharashtra,SCR,True
KRPU,Koraput,18.792189999999998,82.719436,,,True
KRQ,Karari,25.530800000000003,78.509084,,,True
KRR,Karur,10.965642,78.085087,Tamil Nadu,SR,True
KRS,Karisath,25.549488,84.563141,,,True
KRSA,Kharsaliya,22.7050879399,73.55448093439999,,,True
KRTH,Kiratgarh,22.538155,77.77251,,,True
KRV,Karavadi,15.553014,80.11315599999999,,,True
KRW,Kharwa,26.204383999999997,74.42653,Rajasthan,NWR,True
KRY,Kadiri,14.114788,78.165591,Andhra Pradesh,SCR,True
KRYP,Kadiridevarapalli,,,,,False
KRYR,Karamsad,,,,,False
KRZ,Kharawar,28.83154,76.681044,Haryana,NR,True
KS,Kheta Sarai,25.965774583199998,82.6886636169,Uttar Pradesh,NR,True
KSAR,Kudala Sangam,16.306774,75.891059,Karnataka,SWR,True
KSB,Kosamba,21.464052,72.95459799999999,,,True
KSC,Kashi Chak,25.070798999999997,85.718754,Bihar,ECR,True
KSD,Keshod,21.297662,70.252274,Gujarat,WR,True
KSE,Kosad,21.255892,72.86573000000001,,,True
KSF,Khalispur,25.525798,82.83174700000001,,,True
KSG,Kishangarh,26.588968,74.855553,Rajasthan,NWR,True
KSH,Kali Sindh,23.344476,76.430306,,,True
KSI,Kosli,28.411947,76.464704,Haryana,NWR,True
KSJ,Kasganj,27.801887,78.64602599999999,,,True
KSK,Kasimkota,17.673315,82.963751,,,True
KSM,Kamasamudram,12.880706,78.200119,,,True
KSN,Krishna,16.409324,77.328563,,,True
KSNG,Kesinga,20.188102999999998,83.224709,,,True
KSP,Kishanpur,25.925351000000003,85.840384,,,True
KSPR,Kashipura Sarar,22.120085999999997,73.145838,,,True
KSQ,Kanspur Gugauli,26.074302,80.625838,,,True
KSRA,Kasara,19.647159,73.472003,,,True
KSTA,Kastha,24.802484,84.921751,,,True
KSU,Kustaur,23.430415999999997,86.498336,West Bengal,SER,True
KSV,Kosi Kalan,27.788551,77.445999,,,True
KSW,Kheri Salwa,26.4285105345,73.3907543195,,,True
KSWD,Kasar Wadi,18.607555174,73.8207010529,,,True
KSWR,Kalmeshwar,21.229072,78.91586099999999,,,True
KSX,Kotshila,23.411691,86.079548,,,True
KT,Kumta,14.436871,74.420652,Karnataka,KR,True
KTCE,Katoghan,25.730035,81.16560600000001,,,True
KTD,Kantadih,23.21838,86.29629,,,True
KTDD,Kataiya Dandi,25.149062471199997,81.3984808771,Uttar Pradesh,NCR,True
KTE,Katni,23.833385,80.400543,Madhya Pradesh,WCR,True
KTES,Katni South,23.824725,80.401113,,,True
KTGG,Karatagi,,,,,False
KTH,Katrasgarh,23.795757000000002,86.302399,,,True
KTHD,Kothari Road,22.156964000000002,82.70858000000001,Chhattisgarh,SECR,True
KTHU,Kathua,32.397897,75.551922,Jammu and Kashmir,NR,True
KTHY,Kalthuruthy Halt,,,,,False
KTJ,Khaltipur,24.875742000000002,88.021646,,,True
KTJI,Katha Jori,20.45107,85.896353,,,True
KTK,Kyataneakeri Rd,17.05336,75.821206,Karnataka,SWR,True
KTKA,Kotakadra,16.668744,77.869477,,,True
KTKH,Kotlakheri,22.078204,76.173654,Madhya Pradesh,WR,True
KTKR,Kumtha Khurd,18.4218389359,77.0092961456,Maharashtra,SCR,True
KTM,Kuttalam,11.069825000000002,79.557389,Tamil Nadu,SR,True
KTMA,Kotma,23.202833000000002,81.979022,Madhya Pradesh,SECR,True
KTNR,Kirtyanand Ngr,,,,,False
KTO,Katora,23.3115927105,82.7112187811,Chhattisgarh,SECR,True
KTP,Katepurna,20.723777,77.25938099999999,,,True
KTPK,Kotha Pakki,30.143767,73.966186,Rajasthan,NR,True
KTPR,Kathalpukhuri,,,,,False
KTQ,Kudra,25.048552,83.79337100000001,,,True
KTRA,Kotra,25.811253999999998,78.381661,,,True
KTRR,Kathara Road,26.310011,80.228735,Uttar Pradesh,NCR,True
KTSH,Kotmi Sonar Halt,22.024158,82.360215,,,True
KTU,Kuttippuram,10.845723999999999,76.03339700000001,Kerala,SR,True
KTV,Kottavalasa,17.892374999999998,83.18509999999999,,,True
KTW,Kotdwara,29.742927896,78.52116372309999,Uttarakhand,NR,True
KTX,Katakhal,24.83436,92.62706700000001,Assam,NFR,True
KTY,Kotturu,14.826788325296278,76.21354088187218,Tamil Nadu,SWR,True
KTYM,Kottayam,9.594177,76.532168,,,True
KUA,Kulharia,25.568172999999998,84.757807,,,True
KUC,Karukkutty,10.225757,76.373077,,,True
KUCE,Kuchai,22.013657,86.695652,,,True
KUD,Kudachi,16.62608,74.85868699999999,Karnataka,SWR,True
KUDA,Kundapura,13.612909,74.728366,Karnataka,KR,True
KUDL,Kudal,16.017651,73.67813000000001,Maharashtra,KR,True
KUE,Kursela,25.440774,87.253655,,,True
KUG,Kusugali,15.392095,75.233643,Karnataka,SWR,True
KUGT,Kumar Ghat,24.1506303119,92.0348331158,Tripura,NFR,True
KUH,Khachrod,23.442673,75.286337,,,True
KUK,Korukonda,18.054196,83.320296,,,True
KUKT,Kurukotta,,,,,False
KULH,Kulha-halt,26.369411,80.656456,,,True
KUM,Kuram,20.808396000000002,77.58733000000001,,,True
KUN,Karnal,29.694566000000002,76.969821,,,True
KUND,Kund,28.145183762800002,76.39848079709999,Haryana,NWR,True
KUPR,Khurdpur,31.424854,75.72317,Punjab,NR,True
KUR,Khurda Road,20.153076,85.70823399999999,,,True
KURJ,Khajuraho,24.7969839,79.8900217,Madhya Pradesh,NCR,True
KURO,Korari,26.48788,80.529002,Uttar Pradesh,NR,True
KUT,Kanauta,26.842216007599998,75.955996106,,,True
KUTI,Khumtai,26.626403999999997,93.86427300000001,Assam,NFR,True
KUU,Kuhuri,19.859987,85.3527,,,True
KUV,Kundara,8.960373,76.67854899999999,Kerala,SR,True
KUW,Kanwar,25.7036520692,81.21464405030001,,,True
KVDU,Kadavakuduru,15.722540512,80.2572977045,,,True
KVGM,Kolvagram,26.9894838995,76.46876528439999,,,True
KVK,Kavathe Mahankal,17.007517,74.94491099999999,Maharashtra,CR,True
KVLS,Karakavalasa,18.292228,82.991426,Andhra Pradesh,ECoR,True
KVO,Kevdi Road,,,,,False
KVR,Kovvur,17.007084,81.726495,,,True
KVS,Kalsur,14.888042065499999,75.40095653559999,Karnataka,SWR,True
KVU,Kadakavur,8.679078,76.766672,,,True
KVZ,Kavali,14.915993,79.988271,,,True
KWAE,Katwa,23.640315,88.124085,West Bengal,ER,True
KWE,Khurial,25.4911139274,87.82685530639999,,,True
KWGN,Kawargaon,18.896086,81.53352199999999,Chhattisgarh,ECoR,True
KWM,Kampur,26.1606011328,92.6577872687,Assam,NFR,True
KWMD,Kumbhawas Mundalia D,28.255391,76.660871,Haryana,NR,True
KWO,Karauta,25.468639,85.46824000000001,,,True
KWP,Khatipura,26.835709,75.89049800000001,,,True
KWR,Koelwar,25.5687,84.792055,,,True
KWV,Kurduvadi,18.091348,75.41711799999999,,,True
KXB,Kanjai,24.331047,78.169132,,,True
KXE,Kalian Chak,25.03452,87.736758,,,True
KXG,Kharia Khangar,26.609843,73.686313,,,True
KXH,Kapurthala,31.366846,75.38272400000001,Punjab,NR,True
KXI,Kurumurthi,16.494924,77.863463,,,True
KXJ,Karimganj,24.860717,92.373769,Assam,NFR,True
KXN,Kanshbahal,22.215278,84.66628899999999,,,True
KXP,Kaniyapuram,8.587612,76.854482,,,True
KXT,Ketti,11.381409,76.736915,Tamil Nadu,SR,True
KY,Kareli,22.932344,79.066765,Madhya Pradesh,WCR,True
KYA,Kauriya,25.5509123644,84.5212854932,,,True
KYE,Khurai,24.051525,78.33112799999999,,,True
KYF,Kajrat Nawadih,24.591041,84.05014,,,True
KYG,Kidiyanaga,23.47934,70.768891,,,True
KYI,Kalyani,22.969219,88.467499,West Bengal,ER,True
KYJ,Kayankulam,9.182586,76.512933,,,True
KYM,Kadiyan,16.914337999999997,81.832674,,,True
KYN,Kalyan,19.234716000000002,73.12974,,,True
KYND,Kalyanadurga,,,,,False
KYOP,Kottapalli,18.5402681328,79.40385903139999,,,True
KYQ,Kamakhya,26.156154,91.689505,,,True
KYT,Kailahat,25.155223,82.947581,,,True
KZA,Khada,27.182926,83.868376,Uttar Pradesh,NER,True
KZB,Kurumbur,8.585754999999999,78.03964,Tamil Nadu,SR,True
KZE,Kanhangad,12.320267999999999,75.08524799999999,Kerala,SR,True
KZH,Kila Zafargarh,29.0805810005,76.4289531995,Haryana,NR,True
KZJ,Kazipet,17.974211,79.511025,,,True
KZK,Kazhakuttam,8.555848000000001,76.872235,,,True
KZT,Kulitthurai,8.302348,77.218817,Tamil Nadu,SR,True
KZU,Kunki,22.875933,86.067757,,,True
KZY,Kayalpattinam,8.566912,78.09973,Tamil Nadu,SR,True
LAA,Lakhpat,23.597666,71.028821,,,True
LAD,Lohardaga  Bs,23.445967,84.70733,Jharkhand,SER,True
LAE,Lakholi,21.201827,81.890652,,,True
LAL,Lushala,21.3918244015,70.32629040219999,Gujarat,WR,True
LAR,Lalitpur,24.688222,78.395791,,,True
LAT,Lathi,21.73935,71.386531,Gujarat,WR,True
LAU,Ladnun,27.64255,74.4056,Rajasthan,NWR,True
LAV,Labha,25.439646755400002,87.74514032169999,,,True
LB,Laine Bazar(halt),26.429190879300002,84.2806012268,,,True
LBA,Lambhua,26.133687000000002,82.223283,,,True
LBG,Limbgaon,19.176458097999998,77.2061342529,Maharashtra,SCR,True
LBI,Lilabari,,,,,False
LBN,Laban,25.574304,76.207965,,,True
LBT,Lalgarh Bihar Halt,24.161147,83.979632,,,True
LC,Lucknow City,26.859109,80.917866,,,True
LCAE,Lalbagh Crt Rd,24.173693,88.246307,West Bengal,ER,True
LD,Londa,15.450273,74.496982,Karnataka,SWR,True
LDA,Lidhora Khurd,23.852972,78.87232300000001,,,True
LDH,Ludhiana,30.912367,75.84787299999999,,,True
LDK,Ladhuka,30.49849,74.119614,Punjab,NR,True
LDU,Lunidhar,21.715431000000002,71.085551,Gujarat,WR,True
LDX,Ladda,19.102692,83.412196,,,True
LEB,Lemuabad,25.482271329699998,85.7783575873,,,True
LEDO,Ledo,27.288435,95.725374,Assam,NFR,True
LGCE,Lagargawan,24.464248,80.81431,Madhya Pradesh,WCR,True
LGDH,Lalaguda Gate,17.440355,78.52440299999999,,,True
LGH,Lalgarh,28.043638,73.313909,Rajasthan,NWR,True
LGL,Lalgola,24.421152,88.257513,West Bengal,ER,True
LGO,Lalgopalganj,25.642195,81.630185,Uttar Pradesh,NR,True
LGT,Langting,25.49759,93.110265,Assam,NFR,True
LGTR,Lingaraj Tmp Rd,20.234947,85.81587200000001,,,True
LHA,Lehra Gaga,29.937832,75.810079,Punjab,NR,True
LHB,Lahabon,24.6403400956,86.6001380908,,,True
LHLL,Lahli,28.854316999999998,76.44533799999999,Haryana,NWR,True
LHN,Lachyan,17.2795737583,75.9717014606,Maharashtra,SWR,True
LHU,Loharu,28.427051,75.801613,Haryana,NWR,True
LIJ,Lakshmiganj,26.927786,83.788161,,,True
LIR,Lachmipur,27.25415,83.379037,,NER,True
LJN,Lucknow,26.831967000000002,80.91858699999999,,,True
LJR,Lanjigarh Road,19.9434221772,83.4003416858,,,True
LKA,Lanka,25.914426,92.958001,Assam,NFR,True
LKBL,Lakhabawal,22.409215,69.99951399999999,Gujarat,WR,True
LKD,Lakodara,21.991872,73.09899399999999,,,True
LKDM,Lakhudaram,,,,,False
LKDU,Lankalakoderu,16.534517,81.68124399999999,Andhra Pradesh,SCR,True
LKE,Lakheri,25.639864,76.192147,,,True
LKG,Lamsakhang,25.796536,93.046846,Assam,NFR,True
LKKD,Lakkad Kot,21.163562,73.603025,,,True
LKMR,Lakshmipur Road,19.003986,83.104298,,,True
LKN,Lakhminia,25.426072,86.309269,Bihar,ECR,True
LKO,Lucknow,26.830675,80.925291,,,True
LKR,Luckeesarai,25.1716617005,86.093210587,,,True
LKS,Lunkaransar,28.493395,73.743155,Rajasthan,NWR,True
LKT,Hulkoti,15.434667000000001,75.531958,Karnataka,SWR,True
LKU,Lalkua,29.071574,79.517641,Uttarakhand,NER,True
LKW,Lakhewali,30.447834,74.341781,Punjab,NR,True
LKY,Lakhmapur,15.870282,75.627712,Karnataka,SWR,True
LKZ,Lakadiya,23.339664,70.58674500000001,Gujarat,WR,True
LLBR,Lalbazar,24.561850000000003,92.610161,Assam,?,True
LLD,Lalavadi,21.930346999999998,78.189646,,,True
LLI,Lalgudi,10.875733,78.813672,,,True
LLJ,Lalganj,26.172392000000002,80.973175,Uttar Pradesh,NR,True
LLJP,Lalganj Pakri,,,,,False
LLP,Lalitgram,26.35666473117378,87.01226592063904,Bihar,ECR,True
LLPR,Lalit Lakshmipur,26.436785,86.1562,,,True
LM,Limbdi,22.566039999999997,71.789599,Gujarat,WR,True
LMD,Linganenidoddi,15.399929,77.703397,Andhra Pradesh,SCR,True
LMG,Lumding,25.750035999999998,93.17660000000001,Assam,NFR,True
LMK,Limkheda,22.833894,73.984515,,,True
LMM,Lailakh Mamlkha,25.21827008,87.1050667084,,,True
LMN,Lachhmanpur,26.050472,81.25726300000001,Uttar Pradesh,NR,True
LMNR,Lakshmibai Ngr,22.742296,75.858526,Madhya Pradesh,WR,True
LMO,Liliya Mota,21.540317,71.372863,Gujarat,WR,True
LMP,Lakhimpur,27.947414,80.777625,Uttar Pradesh,NER,True
LMT,Almatti,16.3459,75.90050000000001,Karnataka,SWR,True
LMY,Laimekuri,,,,,False
LNH,Lachhman Garh Sikar,27.832586,75.034114,Rajasthan,NWR,True
LNK,Lohian Khas,31.165462,75.196445,Punjab,NR,True
LNL,Lonavala,18.748883,73.407657,,,True
LNN,Lonand,18.040769,74.190477,Maharashtra,CR,True
LNWT,Lko Alambagh W Cabin,26.829443,80.909614,,,True
LOG,Lohgara,25.250449999999997,81.73019000000001,Uttar Pradesh,NCR,True
LOGH,Lottegollahalli,13.043169,77.562257,,,True
LOL,Loliem,14.939155,74.08778,,,True
LONI,Loni,18.491630999999998,74.02051399999999,,,True
LOT,Lohta,25.3156017921,82.93066368230001,,,True
LOV,Lovedale,11.382403,76.704285,Tamil Nadu,SR,True
LPG,Lapanga,21.732794,84.03998,,,True
LPI,Lingampalli,17.482874000000002,78.31677400000001,,,True
LPJ,Lalpur Jam,22.194537580600002,69.9524202618,Gujarat,WR,True
LR,Ladpura,26.504385,74.728726,Rajasthan,NWR,True
LRD,Lar Road,26.21389,83.91018299999999,Uttar Pradesh,NER,True
LRI,Lihuri,18.913242,83.849833,Andhra Pradesh,ECoR,True
LRJ,Laksar,29.754037999999998,78.019628,,,True
LRU,Lalpur Umri,26.429998,76.680536,Rajasthan,WCR,True
LS,Lasalgaon,20.154847999999998,74.22597599999999,,,True
LSD,Lusadiya,23.685409999999997,73.421111,Gujarat,NWR,True
LSI,Laheria Sarai,26.110633,85.903825,,,True
LSMP,Lakshmapur,,,,,False
LSR,Lasur,19.926081,75.01148900000001,Maharashtra,SCR,True
LSX,Loisingha,20.852667,83.514083,,,True
LTA,Lamta,22.1390377316,80.1244293225,Madhya Pradesh,SECR,True
LTD,Lathidad,22.090056,71.702802,Gujarat,WR,True
LTHR,Latehar,23.725092,84.46812,,,True
LTR,Lakhtar,22.873403,71.77672700000001,Gujarat,WR,True
LTRR,Latur Road,18.506494,76.845289,Maharashtra,SCR,True
LTT,Lokmanyatilak,19.070320000000002,72.89173899999999,,,True
LUNI,Luni,26.001255999999998,73.003175,Rajasthan,NWR,True
LUR,Latur,18.429166,76.55604899999999,Maharashtra,CR,True
LUSA,Lusa,24.876545999999998,82.843318,Uttar Pradesh,NCR,True
LW,Lorwada,24.217193,72.08968,,,True
LWR,Alnavar,15.424244,74.738116,Karnataka,SWR,True
LWS,Lukwasa,25.110195,77.590102,Madhya Pradesh,WCR,True
LXA,Lakswa,27.004637018300002,94.8439823962,Assam,NFR,True
LXD,Lakshannath Rd,21.842011,87.25095300000001,,,True
LYD,Layabad,23.773417,86.351907,Jharkhand,SER,True
MA,Madha,18.029712,75.546507,,,True
MAAR,Malhar,27.2041163361,72.37553642820001,Rajasthan,?,True
MABA,Mandi Bamora,24.054032,78.08243700000001,,,True
MABD,Mahbubabad,17.597561,79.999792,Andhra Pradesh,SCR,True
MABN,Maban,24.641196,77.371542,,,True
MACR,Manguli Chowdwar,20.529594,85.943313,,,True
MAD,Maddur,12.604742,77.049522,Karnataka,SWR,True
MADR,Madure,15.812975,73.80896700000001,Maharashtra,KR,True
MAG,Mangalagiri,16.438256,80.564992,,,True
MAHE,Mahe,11.699226999999999,75.546967,Puducherry,SR,True
MAHM,Meham,,,,,False
MAI,Mehsi,26.354898000000002,85.096319,Bihar,ECR,True
MAJN,Mangalore Junction,12.866193,74.88006,Karnataka,SR,True
MAKM,Mararikulam,9.597994,76.31801800000001,,,True
MAKR,Malkheri,24.169924,78.223009,,,True
MALB,Maliya Miyana,23.103166868099997,70.75488469119999,,,True
MALK,Malkapur Road,21.904426,77.967468,,,True
MALM,Manthralayam Rd,15.949035,77.299196,,,True
MAM,Mangal Mahudi,22.83578,74.058492,,,True
MAN,Maninagar,23.000142,72.610413,,,True
MANA,Mana,20.761491,77.469063,,,True
MANE,Maneswar,21.411344,84.04398800000001,,,True
MANK,Manki,14.1744388792,74.4932361584,Karnataka,KR,True
MANU,Manu,23.9881925448,91.9989317505,Tripura,NFR,True
MAO,Madgaon Junction,15.267911000000002,73.97072399999999,Goa,KR,True
MAP,Morappur,12.124073000000001,78.393874,,,True
MAQ,Mangalore Central,12.862325,74.844068,Karnataka,SR,True
MAR,Mulanur,12.661484999999999,78.40638899999999,,,True
MAS,Puratchi Thalaivar Dr Mgr Ctl,13.0847613,80.27485630000001,,,True
MAU,Mau,25.93948,83.564347,,,True
MAUR,Maur,30.062745999999997,75.22772,Punjab,NR,True
MAY,Mariahu,25.597006,82.598166,Uttar Pradesh,NR,True
MAYR,Mayar,29.100107,75.86074699999999,,,True
MB,Moradabad,28.831621000000002,78.765801,,,True
MBA,Mahoba,25.306914,79.849079,Uttar Pradesh,NCR,True
MBAH,Mirabigha Halt,,,,,False
MBB,Murshidabad,24.176963999999998,88.281598,West Bengal,ER,True
MBDD,Maa Barahi Devi Dham,,,,,False
MBDP,Maa Belha Devi Dham Pratapgarh,,,,,False
MBG,Maibang,25.30497,93.13537099999999,Assam,NFR,True
MBI,Madhubani,26.348165,86.076784,,,True
MBM,Mambalam,13.038154,80.228164,,,True
MBNL,Marwar Bhinmal,25.000632999999997,72.275398,Rajasthan,NWR,True
MBNR,Mahbubnagar,16.757768,77.999429,,,True
MBP,Mohibullapur,26.909235,80.938923,Uttar Pradesh,NER,True
MBS,Madhosingh,25.249931,82.552278,Uttar Pradesh,NER,True
MBT,Marwar Bithri,27.099589,72.290171,Rajasthan,NWR,True
MBY,Mandi Dabwali,29.966227,74.700155,Haryana,NWR,True
MCA,Mecheda,22.414105,87.85883,,,True
MCDA,Maa Chandika Devi Dham Antu,,,,,False
MCI,Mancheral,18.878745000000002,79.448848,,,True
MCN,Mukundarayapurm,12.977678,79.289067,,,True
MCQ,Mirchadhori,24.291847,82.793413,Madhya Pradesh,ECR,True
MCS,Mancheswar,20.321861,85.84486600000001,,,True
MCSC,Maharaja Chhatrasal Station Chhatarpur,,,,,False
MCTM,Martyr Captain Tushar Mahajan,,,,,False
MCU,Mulacalacheruvu,13.802188000000001,78.26482899999999,Andhra Pradesh,SCR,True
MCVM,Machavaram,16.025343,80.54154100000001,,,True
MDAK,Medak,,,,,False
MDB,Mandor,26.350708,73.042126,Rajasthan,NWR,True
MDCR,Masaudhi Court Halt,25.366289184800003,85.0439060474,Bihar,?,True
MDDP,Mandi Dip,23.093747,77.511077,,,True
MDE,Makhdumpur Gaya,25.077130999999998,84.979105,Bihar,ECR,True
MDF,Muradi,23.593092000000002,86.80929,West Bengal,SER,True
MDGR,Manendragarh,23.219746999999998,82.197734,Madhya Pradesh,SECR,True
MDJ,Muhammadganj,24.42644,83.869978,,,True
MDJN,Madar,26.464294,74.686507,,,True
MDKD,Madhukunda,23.626630000000002,86.869091,West Bengal,SER,True
MDKU,Modukuru,16.124988000000002,80.58380799999999,,,True
MDL,Mandal,25.439631738299997,74.59395891049999,Rajasthan,NWR,True
MDLE,Mandar Hill,24.8060780645,87.02615830570001,Bihar,ER,True
MDLL,Muddalingahalli,13.2391442032,77.3047403595,Karnataka,SWR,True
MDN,Midnapore,22.42498,87.307379,West Bengal,SER,True
MDNR,Modinagar,28.827907,77.571716,Uttar Pradesh,NR,True
MDP,Madhupur,24.270633,86.642183,,,True
MDPR,Modpur,22.2625878623,69.81170376339999,Gujarat,WR,True
MDR,Madhira,16.921826,80.366849,Andhra Pradesh,SCR,True
MDRR,Madhavnagar Road,23.7866102083,80.3948243298,Madhya Pradesh,WCR,True
MDS,Mandasor,24.075937000000003,75.07634300000001,Madhya Pradesh,WR,True
MDT,Madarihat,26.694551388,89.274559021,West Bengal,NFR,True
MDU,Madurai,9.919907,78.11031399999999,,,True
MDUN,Madhranagar,16.5253522399,80.6476081836,,,True
MDVK,Mahadeokhedi,24.217392,78.193689,,,True
MDVL,Mandavalli,16.518809308199998,81.1607440393,Andhra Pradesh,SCR,True
MDW,Marwar Mundwa,27.063606,73.815965,,,True
ME,Masaipet,17.8805365542,78.4669570667,Andhra Pradesh,SCR,True
MED,Medchal,17.639335,78.474557,Andhra Pradesh,SCR,True
MEE,Methai,25.907006000000003,86.72458900000001,,ECR,True
MEJ,Maniyachchi,8.882102999999999,77.890651,Tamil Nadu,SR,True
MEM,Mau Aimma,25.698324,81.91377,Uttar Pradesh,NR,True
MEP,Mahidpur Road,23.567509,75.500338,,,True
MEQ,Malethu Kanak,26.60377,82.124891,Uttar Pradesh,NR,True
MER,Metpanjra,21.26917,78.65915899999999,,,True
MESR,Mesra,,,,,False
MET,Malerkotla,30.529403,75.87169200000001,Punjab,NR,True
MEW,Marhaura,25.969081,84.850984,Bihar,NER,True
MEX,Mukerian,31.941873,75.61183799999999,Punjab,NR,True
MFB,Mustafabad,30.181009,77.123303,,,True
MFJ,Muftiganj,25.700913,82.827774,Uttar Pradesh,NER,True
MFKA,Musafir Khana,26.379585,81.79981699999999,,,True
MFL,Misrauli,26.114370421700002,81.84839619259999,,,True
MFP,Muzaffarpur,26.122311,85.378006,,,True
MFQ,Mahroi,23.951414,80.919501,Madhya Pradesh,WCR,True
MFX,Madaraha,25.273637,81.764284,Uttar Pradesh,NCR,True
MGAE,Morgram,24.304919,88.018413,West Bengal,ER,True
MGB,Mudigubba,14.349934000000001,77.994996,Andhra Pradesh,SCR,True
MGD,Mugad,15.46241,74.915401,Karnataka,SWR,True
MGE,Migrendisa,25.171242,93.06155700000001,Assam,NFR,True
MGKM,Mungiakami,23.8838302513,91.7101089758,Tripura,NFR,True
MGL,Mugalalli Halt,16.223191,75.74938300000001,Karnataka,?,True
MGLE,Manigram,24.3428549076,88.107881626,West Bengal,ER,True
MGLP,Mangolpuri,28.6832457826,77.0905744531,Delhi NCT,NR,True
MGM,Muragacha,23.529636,88.421243,West Bengal,ER,True
MGME,Mccluskieganj,23.651781,84.940855,,,True
MGN,Meghnagar,22.907459,74.539834,,,True
MGR,Monghyr,,,,,False
MGRD,Magardoh,22.248104,77.894738,,,True
MGRR,Magarpur,25.322705000000003,78.858785,Uttar Pradesh,NCR,True
MGW,Magarwara,26.523705,80.428892,,,True
MHAD,Mohadi Prgn Lng,20.863002,74.77978399999999,Maharashtra,CR,True
MHBA,Mathabhanga,,,,,False
MHBT,Mahbub Nagar Town Ha,16.742879000000002,77.982649,,,True
MHC,Masrakh,26.1022287466,84.8085433154,Bihar,NER,True
MHD,Mahemadavad Kheda Road,22.819556000000002,72.752481,,,True
MHDB,Mahadia Ph,20.750947,85.475883,,,True
MHH,Maghar,26.750013,83.133741,,,True
MHI,Manihari,25.343215469,87.6197250085,Bihar,NFR,True
MHJ,Mahajan,28.793007,73.85366599999999,Rajasthan,NWR,True
MHPR,Mahiyarpur,25.411453041399998,87.613385199,,,True
MHQ,Mohuda,23.747481,86.27078300000001,Jharkhand,SER,True
MHRG,Mahendragarh,28.281433000000003,76.14863000000001,Haryana,NWR,True
MHRN,Mahendranath,26.000739,84.509909,,,True
MHSA,Maheshpur,,,,,False
MHT,Manjhi F,25.828485,84.58475899999999,,,True
MHU,Manheru,28.701227,76.203117,Haryana,NWR,True
MHUL,Mehuwala Halt,29.411154,75.31496800000001,,,True
MHUR,Mohanpur,24.488460999999997,86.78564800000001,Jharkhand,ER,True
MHV,Mahuva,21.09412,71.756011,Gujarat,WR,True
MIA,Mania,26.805806,77.91964999999999,,,True
MID,Madhi,21.145672,73.24268000000001,,,True
MIH,Mihrawan,25.871178,82.694333,Uttar Pradesh,NR,True
MIK,Manikul,22.919528,86.066359,,,True
MIKD,Mahikhand Halt,,,,,False
MIL,Milak,28.612475,79.16411699999999,,,True
MIM,Maniram,26.838267,83.342407,Uttar Pradesh,NER,True
MINA,Miyana,24.85653,77.472164,Madhya Pradesh,WCR,True
MINJ,Maikalganj,27.7175372166,80.3378219061,,,True
MIPM,Marri Palem Halt,17.7363,83.252629,,,True
MIQ,Mirhakur,27.151203539700003,77.8660122473,Uttar Pradesh,NCR,True
MITA,Mitha,24.082494,71.672422,,,True
MIU,Maripat,28.586886,77.495428,,,True
MJ,Marwar,25.720478999999997,73.609301,Rajasthan,NWR,True
MJA,Meja Road,25.221545,82.089337,,,True
MJBK,Manjari Budruk,18.512039,73.971424,,,True
MJBT,Majbat,26.784587,92.287814,,,True
MJF,Malkajgiri,17.448392000000002,78.529606,,,True
MJG,Majhagawan,24.913389000000002,80.811656,Madhya Pradesh,WCR,True
MJHR,Majhiari,25.1789843066,81.5188330261,Uttar Pradesh,NCR,True
MJL,Majhowalia,26.802772,84.619139,Bihar,ECR,True
MJN,Makum,27.485742,95.440958,Assam,NFR,True
MJNL,Majri Nangal,28.011996999999997,76.554869,Rajasthan,NWR,True
MJO,Majorda Junction,15.314045,73.922408,Goa,KR,True
MJP,Moharajpur,25.219587,87.74030800000001,,,True
MJRI,Majri,20.139283,79.043522,,,True
MJS,Manjeshwar,12.724197,74.887582,Kerala,SR,True
MJY,Maramjhiri,21.946123,77.883002,,,True
MJZ,Majhola Pakarya,28.831681000000003,79.899341,Uttarakhand,NER,True
MKA,Mokama,25.391885,85.91304899999999,,,True
MKB,Mankatha,25.207216,86.056352,,,True
MKBH,Manwala Kot Bak,30.040498999999997,74.95205,,,True
MKC,Maksi Junction,23.251625,76.159116,,,True
MKD,Markundi,25.017393,80.947114,Madhya Pradesh,WCR,True
MKDD,Mukundwadi Halt,19.859544,75.367553,Maharashtra,SCR,True
MKDN,Markadhana,22.11073,78.501566,Madhya Pradesh,CR,True
MKH,Malakhera,27.390236,76.618982,Rajasthan,NWR,True
MKHR,Marwar Khara,27.060569440800002,72.1300715057,Rajasthan,NWR,True
MKMN,Mokhra Madina,,,,,False
MKN,Makrana,27.037532,74.72314899999999,,,True
MKO,Markona,21.195555,86.596117,,,True
MKP,Manikpur,25.063492,81.09365700000001,Uttar Pradesh,NCR,True
MKPR,Muktapur,25.884676,85.79556,,,True
MKPT,Malikpeth,17.899981999999998,75.608752,,,True
MKR,Maddikera,15.256635000000001,77.411496,Andhra Pradesh,SCR,True
MKRD,Machhakunda,18.566875,82.666955,Orissa,ECoR,True
MKRN,Makronia,23.867050000000003,78.80807700000001,,,True
MKS,Muktsar,30.47821,74.514271,Punjab,NR,True
MKSR,Mokalsar,25.625350216,72.5180445245,Rajasthan,NWR,True
MKTL,Makthal,,,,,False
MKU,Malkapur,20.891974,76.202946,,,True
MKX,Morak,24.730953,75.97333900000001,,,True
MKZ,Mahkepar Road Ph,21.632916,79.67892,,,True
ML,Malhour,26.8534491635,81.0404752448,,,True
MLAR,Malanpur,26.413117999999997,78.27281099999999,Madhya Pradesh,NCR,True
MLC,Malkisar,28.654232,73.862645,Rajasthan,NWR,True
MLD,Malihabad,26.930598,80.71503200000001,,,True
MLDT,Malda Town,25.015659,88.130338,,,True
MLG,Malhargarh,24.265618,74.972666,Madhya Pradesh,WR,True
MLGH,Mandal Garh,25.194176,75.08094,Rajasthan,WCR,True
MLHA,Maliya Hatina,21.15957,70.29970100000001,Gujarat,WR,True
MLI,Mangaliyawas,26.278197000000002,74.492705,Rajasthan,NWR,True
MLK,Malkapuram,15.368943999999999,77.96755599999999,,,True
MLKA,Maluka,22.202912,85.672936,Jharkhand,SER,True
MLKN,Mundhal Kalan,,,,,False
MLM,Malthan,18.3689511683,74.7243673877,,,True
MLMR,Melmaruvathur,12.429554,79.83380100000001,,,True
MLN,Mailani,28.284349000000002,80.347318,Uttar Pradesh,NER,True
MLO,Malur,12.992108,77.940033,,,True
MLP,Mallapur,15.672447,75.610219,Karnataka,SWR,True
MLPR,Malipur,26.281482,82.63130000000001,,,True
MLQ,Malkera,23.779733,86.29694900000001,Jharkhand,SER,True
MLSA,Mallasandra,13.335173,77.015018,Karnataka,SWR,True
MLT,Malatipatpur,19.865258,85.83177,,,True
MLTR,Melattur,11.06543,76.272805,Kerala,SR,True
MLV,Mallarpur,24.080029,87.726275,,,True
MLX,Mullanpur,30.83811,75.66501600000001,Punjab,NR,True
MLY,Maula Ali,17.44041,78.55054100000001,,,True
MLZ,Malarna,26.231078,76.534634,Rajasthan,WCR,True
MMA,Muhammadabad,26.026235,83.376007,,,True
MMB,Mahmudabad Avdh,27.288294999999998,81.114404,,,True
MMC,Mahamandir,26.3087448868,73.037935174,Rajasthan,NWR,True
MMCT,Mumbai Central,,,,,False
MMH,Mahadanapuram,10.953711,78.299178,Tamil Nadu,SR,True
MMI,Mariyamanahalli,,,,,False
MMK,Madurantakam,12.50442,79.89308700000001,,,True
MMKB,Memra Memrakhabad Halt,25.472507999999998,85.82685199999999,,,True
MML,Madan Mahal,23.159475,79.920425,Madhya Pradesh,WCR,True
MMM,Mandapam,9.280516,79.157354,Tamil Nadu,SR,True
MMP,Mambalappattu,11.95223333,79.37390499,Tamil Nadu,SR,True
MMPL,Mantapampalle,14.321639000000001,79.078603,,,True
MMR,Manmad,20.249887,74.438305,,,True
MMS,Mandasa Road,18.840628000000002,84.494113,,,True
MMV,Mahali Marup,22.757135,85.879316,,,True
MMVR,Murga Mahadev Road,22.06048608,85.46586180999999,,,True
MMY,Marwar Mathaniya,26.532173,72.978778,Rajasthan,NWR,True
MMZ,Mandamari,18.971272,79.47014800000001,,,True
MNAE,Mankar,23.420373,87.555822,,,True
MNC,Madankata,24.140881,86.70195,,,True
MNCR,Monacherra,24.611951,92.550058,,?,True
MND,Munderwa,26.776435,82.903373,,,True
MNDH,Mandir Hasaud,21.226191999999998,81.772807,,,True
MNDK,Maganoor,,,,,False
MNDR,Mandi Dhanaura,28.953119,78.26149799999999,Uttar Pradesh,NR,True
MNE,Mansi,25.509398,86.554446,,,True
MNF,Manda Road,25.162718,82.236678,,,True
MNGD,Muniguda,19.62753,83.488343,,,True
MNI,Mangaon,18.247286000000003,73.275679,Maharashtra,KR,True
MNJ,Manoharganj,25.524992,81.55907499999999,,,True
MNJR,Manjhlepur,25.994578,81.178625,Uttar Pradesh,NR,True
MNL,Minchnal,16.971395,75.822432,Karnataka,SWR,True
MNM,Manamadurai,9.681538999999999,78.45351,Tamil Nadu,SR,True
MNO,Mehnar Road,25.654307800700003,85.504477691,Bihar,ECR,True
MNP,Mananpur,25.1049319287,86.15540512449999,,,True
MNQ,Mainpuri,27.216507,79.034774,Uttar Pradesh,NCR,True
MNS,Manshahi,25.4756828749,87.5881226697,Bihar,NFR,True
MNSR,Manaksar,29.680074,74.383621,Rajasthan,NWR,True
MNTT,Mulanturutti,9.901576,76.389673,,,True
MNV,Mungaoli,24.402175,78.11099,,,True
MO,Mohol,17.805205,75.675995,,,True
MOA,Manopad,15.994114,77.941968,,,True
MOAR,Monipur Bagan,24.400845,92.54072000000001,Assam,?,True
MOB,Manoharabad,17.75573,78.45439599999999,Andhra Pradesh,SCR,True
MOBD,Moabund,26.66857,94.071748,Assam,NFR,True
MOF,Mondh,25.427572,82.48463699999999,,,True
MOG,Mohiuddinnagar,25.606296391399997,85.70332322690001,Bihar,ECR,True
MOGA,Moga,30.817296,75.16846699999999,Punjab,NR,True
MOJ,Mohana,25.980207999999998,77.83395499999999,Madhya Pradesh,WCR,True
MOL,Muli Road,22.676562,71.43486,Gujarat,WR,True
MOMU,Molakalmuru,14.709669,76.74572699999999,Karnataka,SWR,True
MON,Modran,25.187428,72.447631,Rajasthan,NWR,True
MONJ,Monglajhora,26.259236,89.963309,Assam,NFR,True
MONR,Mohanur,,,,,False
MOO,Muddanuru,14.688415,78.395393,,,True
MOPR,Mohanpura,29.992445,73.845031,Rajasthan,NR,True
MOR,Mor,25.43034549,85.8567601593,,,True
MOT,Malout,30.184671,74.49550799999999,Punjab,NR,True
MOTC,Motichur,29.981150000000003,78.177678,Uttarakhand,NR,True
MOTH,Moth,25.74157,78.948673,,,True
MOU,Manoharpur,22.373359,85.196894,,,True
MOZ,Muzaffarnagar,29.468689,77.707807,Uttar Pradesh,NR,True
MPA,Manaparai,10.6075620105,78.4177652356,,,True
MPI,Melpatti,12.859507,78.797049,,,True
MPJ,Madanpur,23.005927999999997,88.489717,West Bengal,ER,True
MPL,Madanapalle Rd,13.644442,78.55442400000001,Andhra Pradesh,SCR,True
MPR,Makar Pura,22.232706,73.175422,,,True
MPRA,Mahammad Pur,,,,,False
MPT,Mangalampeta,13.568344,79.074022,Andhra Pradesh,SCR,True
MPU,Medapadu,17.005091,82.096133,,,True
MPY,Murarpur,25.232759,86.886908,,,True
MQ,Mannargudi,10.674541000000001,79.455639,Tamil Nadu,SR,True
MQC,Mundka,28.6884911989,77.0285688654,Delhi NCT,NR,True
MQL,Mirkhal,19.2036411097,76.9150573724,Maharashtra,SCR,True
MQN,Manyamkonda,16.683425,77.904883,,,True
MQO,Munroturuttu,8.9949977685,76.6119083966,,,True
MQR,Malkhaid Road,17.147112,77.17396099999999,,,True
MQS,Malsian Shahkht,31.110293,75.354756,Punjab,NR,True
MQU,Murukkampuzha,8.613629999999999,76.830245,,,True
MRA,Morena,26.500504,78.003442,,,True
MRB,Munirabad,15.308524,76.335537,Karnataka,SWR,True
MRBL,Muribahal,20.385885000000002,83.016704,,,True
MRDL,Meramandoli,20.802387,85.30494300000001,,,True
MRDW,Murdeshwar,14.100277,74.50524700000001,Karnataka,KR,True
MRE,Manauri,25.470171,81.662491,,,True
MRF,Marpalli,17.54542,77.771485,Andhra Pradesh,SCR,True
MRG,Margherita,27.289315000000002,95.6726,Assam,NFR,True
MRGA,Miryalaguda,16.860392,79.533503,,,True
MRHA,Murahara,24.9133804384,86.9345261145,Bihar,?,True
MRHT,Moranhat,27.1829782,94.9193076,Assam,NFR,True
MRIJ,Murliganj,25.888506,87.000446,Bihar,ECR,True
MRJ,Miraj,16.819946,74.638839,Maharashtra,CR,True
MRJN,Mirjan,,,,,False
MRK,Markapur Road,15.714678,79.301115,,,True
MRKL,Marikal,,,,,False
MRL,Maroli,21.019949,72.88999799999999,Gujarat,WR,True
MRM,Mamanduru,13.745895,79.458115,,,True
MRN,Morwani,23.2764855209,74.9779687335,,,True
MRND,Morinda,30.791519,76.502461,,,True
MROA,Mora,27.516762,77.612747,,,True
MRPR,Mau Ranipur,25.261270999999997,79.136793,Uttar Pradesh,NCR,True
MRR,Murarai,24.440886,87.85865299999999,,,True
MRSH,Morshi,21.326057,77.995446,,,True
MRT,Mathura Cant,27.491013,77.685113,,,True
MRTL,Mirthal,32.112895,75.608482,Punjab,NR,True
MRZA,Mirza,26.0727512878,91.51740114900001,Assam,NFR,True
MS,Chennai Egmore,13.077677999999999,80.260193,,,True
MSDG,Mhasoba Dongargaon,17.265553999999998,75.136269,,,True
MSDN,Masudan,25.2352713892,86.3578830731,,,True
MSH,Mahesana,23.602623,72.388708,Gujarat,WR,True
MSK,Mahes Khunt,25.46082,86.641818,,,True
MSMD,Mahasamund,21.113138000000003,82.10389,,,True
MSR,Masur,17.404241,74.14420899999999,Maharashtra,CR,True
MSW,Maskanwa,27.0013792301,82.3597396039,,,True
MSZ,Mansa,29.989694999999998,75.402584,Punjab,NR,True
MTA,Mathela,21.8802561555,76.38997105099999,Madhya Pradesh,WCR,True
MTBG,Mathia Barghat Halt,26.941536,83.75710400000001,,,True
MTBH,Mahatbania Halt,,,,,False
MTC,Meerut City,28.977610000000002,77.675106,Uttar Pradesh,NR,True
MTD,Merta Road,26.728077000000003,73.917896,,,True
MTH,Mataundh,25.418978,80.148507,Uttar Pradesh,NCR,True
MTHP,Mithapur,22.411601,69.00869499999999,Gujarat,WR,True
MTI,Mitawali,27.292310999999998,78.19892399999999,,,True
MTJ,Mathura,27.480145,77.67311699999999,,,True
MTJR,Moterjhar,26.133968,89.864509,Assam,NFR,True
MTL,Mailam,12.160501,79.60220000000001,,,True
MTM,Machelipatnam,16.171258,81.137763,Andhra Pradesh,SCR,True
MTP,Metupalaiyam,11.299729,76.934533,Tamil Nadu,SR,True
MTPC,Motipura Chauki,24.6093382288,77.04829951629999,Rajasthan,WCR,True
MTR,Motipur,26.257038720999997,85.1681972229,Bihar,ECR,True
MTSI,Motisadhli,,,,,False
MTT,Mutupet,,,,,False
MTU,Matmari,16.046723,77.302973,,,True
MTV,Matalkunta,17.768291,77.56294000000001,Andhra Pradesh,SCR,True
MTWN,Mitewani Ph,21.424028,79.712797,,,True
MTY,Multai,21.783543,78.26283000000001,,,True
MUBR,Manu Bazar,,,,,False
MUD,Muradnagar,28.759017,77.506774,Uttar Pradesh,NR,True
MUE,Mudkhed,19.148087,77.509661,Maharashtra,SCR,True
MUG,Magra,22.983124999999998,88.36829,,,True
MUGR,Manuguru,17.925272,80.799034,Andhra Pradesh,SCR,True
MULK,Mulki,13.068517,74.804962,Karnataka,KR,True
MUM,Mangapatnam,14.7366964885,78.2607534143,,,True
MUP,Murhipar,21.183141,81.14815399999999,,,True
MUPA,Mupa,25.368686,93.122747,Assam,NFR,True
MUR,Mankapur,27.039058,82.227648,,,True
MURD,Mandawar M Rd,27.1560976594,76.8508226947,,,True
MURI,Muri,23.376284371,85.8669906885,,,True
MUT,Meerut Cant,29.015997000000002,77.686937,Uttar Pradesh,NR,True
MUW,Mathurapur,24.386518000000002,86.631692,,,True
MUZ,Mohiuddinpur,28.885405000000002,77.621531,Uttar Pradesh,NR,True
MV,Mayiladuturai,11.095237000000001,79.62868,Tamil Nadu,SR,True
MVA,Malaka Vemala,14.268888,78.053936,,,True
MVD,Mulvad,16.620372,75.746926,Karnataka,SWR,True
MVE,Mundhewadi,17.7417646618,75.7065479559,,,True
MVF,Manabar,18.839732,82.695903,Orissa,ECoR,True
MVG,Maligura,18.953174999999998,82.638614,Orissa,ECoR,True
MVI,Morbi,22.825342,70.829277,Gujarat,WR,True
MVJ,Mavli,24.794585,73.973721,Rajasthan,NWR,True
MVL,Malavli,18.743833000000002,73.48064000000001,,,True
MVLK,Mavelikara,9.239487,76.545692,,,True
MVO,Manwath Road,19.358161,76.534516,Maharashtra,SCR,True
MVV,Maheshi,25.236912,86.799239,,,True
MVW,Mallividu,17.971931,83.17285799999999,Andhra Pradesh,ECoR,True
MW,Mairwa,26.240309,84.151979,,,True
MWAD,Mowad,21.455554,78.451335,,,True
MWC,Mandawali Chander Vihar Halt,28.613384,77.253315,,,True
MWH,Malwan,26.017246,80.685594,,,True
MWJ,Marwasgram,24.098212,81.836685,Madhya Pradesh,WCR,True
MWK,Mordad Tanda,20.688190000000002,74.904782,Maharashtra,CR,True
MWM,Malleswaram,13.001289,77.56320699999999,Karnataka,SWR,True
MWQ,Motari Halt,20.090583,85.72919200000001,,,True
MWRN,Madwarani,22.165407000000002,82.711553,Chhattisgarh,SECR,True
MWT,Marwar Lohawat,26.981256000000002,72.58927,Rajasthan,NWR,True
MWUE,Mahrawal,27.937875000000002,78.04247000000001,,,True
MWW,Mahwa,27.483719999999998,76.60887100000001,Rajasthan,NWR,True
MWX,Mallanwala Khas,31.0470049078,74.8134271344,Punjab,NR,True
MXH,Makhu,31.105935,74.983505,Punjab,NR,True
MXK,Mandrak,27.7686349988,78.1102865904,,,True
MXL,Mokholi,26.160967,76.460845,Rajasthan,WCR,True
MXN,Mariani,26.652434999999997,94.30820299999999,Assam,NFR,True
MXR,Mahur,25.187996,93.126299,Assam,NFR,True
MXT,Malakpet,17.375398,78.494244,,,True
MXW,Mahadevsal,22.510448,85.328849,,,True
MYA,Mandya,12.529176,76.897256,Karnataka,SWR,True
MYD,Manderdisa,25.707319,93.123109,Assam,NFR,True
MYG,Miyagam Karjan,22.050722,73.120353,,,True
MYK,Mayakonda,14.284214,76.08138100000001,Karnataka,SWR,True
MYL,Malliyala,15.397805,77.77675500000001,Andhra Pradesh,SCR,True
MYM,Memari,23.172935,88.095637,,,True
MYO,Moridhal,,,,,False
MYR,Maihar,24.255485,80.763148,Madhya Pradesh,WCR,True
MYS,Mysore,12.318946,76.646013,Karnataka,SWR,True
MYX,Metyalsahar Halt,23.482582,86.748784,West Bengal,SER,True
MYY,Mayyanad,8.837759,76.64733100000001,,,True
MZC,Mirza Cheuki,25.2587767836,87.4979796002,,,True
MZL,Mirzapalli,18.017962999999998,78.41529899999999,Andhra Pradesh,SCR,True
MZM,Muzzampur yn,29.58301,78.222356,,,True
MZP,Mirzapur,25.13435,82.56986900000001,,,True
MZQ,Majgaon Assam,26.430697,90.57413700000001,Assam,NFR,True
MZR,Murtajapur,20.736468000000002,77.35482499999999,,,True
MZS,Murkeong Selek,,,,,False
MZY,Machapur,20.569003,85.768912,,,True
MZZ,Manjuri Road,21.012135999999998,86.319698,,,True
NAB,Nagbhir,20.579811999999997,79.700138,Maharashtra,SECR,True
NAC,Nawa City,27.029479,74.99883200000001,,,True
NAD,Nagda,23.45592,75.41249099999999,,,True
NAHT,New Ashti,,,,,False
NAK,Naksalbari,26.682578,88.20223499999999,,,True
NAL,Nal Halt,28.038590055100002,73.21761215939999,Rajasthan,?,True
NAM,Namrup,27.19627,95.313642,Assam,NFR,True
NAN,Nandgaon Road,16.387453999999998,73.73056000000001,Maharashtra,KR,True
NANA,Nana,24.925895,73.110095,Rajasthan,NWR,True
NAND,Nandikoor,13.133125,74.806474,,,True
NANR,Naranpur,21.617209,85.63786800000001,Orissa,ECoR,True
NASP,Narasingapalli,17.606751,82.891038,,,True
NAT,Nathnagar,25.237052000000002,86.935373,,,True
NAVI,Navi,20.902137,77.732428,,,True
NAW,Nawandgi,17.2170998262,77.427908244,,,True
NAWN,Nawan,29.653071999999998,74.353285,Rajasthan,NWR,True
NAZJ,Nazirganj,25.724315,85.80632700000001,,,True
NB,Nimbhora,21.160781,75.975186,Maharashtra,CR,True
NBA,Nabha,30.363819,76.14639600000001,Punjab,NR,True
NBD,Najibabad,29.603540000000002,78.335733,,,True
NBG,Nabinagar Road,24.653944,84.094044,,,True
NBH,Nimbahera,24.623252,74.694312,Rajasthan,WR,True
NBI,Nadbai,27.213674308399998,77.2080875122,,,True
NBJU,New Barauni,,,,,False
NBL,Nimbal,17.118384,75.859907,Karnataka,SWR,True
NBPH,New Balrampur Halt,24.051233,88.24737400000001,West Bengal,ER,True
NBQ,New Bongaigaon,26.4758354405,90.53684346440001,,,True
NBR,Namburu,16.358721,80.49582500000001,,,True
NBT,Nayabagirthipur,20.781585,85.382445,,,True
NBUE,Nibkarori,27.3287489158,79.40995965580001,Uttar Pradesh,NCR,True
NBX,Nizbarganj,,,,,False
NCA,Nizchatia,,,,,False
NCB,New Cooch Behar,26.353158999999998,89.469766,,,True
NCBD,New Changrabandha,,,,,False
NCE,Nlachrvuru East,13.988212499000001,78.1854899005,,,True
NCH,Nakachari,26.7081333353,94.3939129431,Assam,NFR,True
NCJ,Nagercoil Junction,8.17385,77.44347,Tamil Nadu,SR,True
NCR,Nagore,10.818430000000001,79.846188,Tamil Nadu,SR,True
NCRM,Nacharam,,,,,False
NCU,Nallacheruvu,14.020565,78.17773399999999,Andhra Pradesh,SCR,True
ND,Nadiad,22.694105999999998,72.855718,,,True
NDAE,Nabadwip Dham,23.396593,88.356472,West Bengal,ER,True
NDB,Nandurbar,21.374812,74.246482,,,True
NDD,Nidadavolu,16.898297,81.67550399999999,,,True
NDJ,Nandganj,25.54457,83.396867,Uttar Pradesh,NER,True
NDKD,Nadikode,16.590634,79.72356500000001,,,True
NDKR,Nandakumar Ph,22.1909239649,87.927872196,West Bengal,?,True
NDL,Nandyal,15.468024,78.472545,,,True
NDLS,New Delhi,28.642314,77.22000399999999,,,True
NDM,Nidamanuru,16.507237,80.730551,Andhra Pradesh,SCR,True
NDN,Nardana,21.178209,74.82874699999999,,,True
NDNR,New Dhanora,,,,,False
NDO,Nidubrolu,16.067904,80.557243,,,True
NDON,Nadaon Halt,,,,,False
NDPM,Narmadapuram,,,,,False
NDPU,Nudurupadu,16.273407,80.193376,,,True
NDRT,Nangal Degrota,28.367897,76.067464,,,True
NDT,Nathdwara,24.92025,73.909396,Rajasthan,NWR,True
NDU,Nadaul,25.296538788200003,85.0173352112,Bihar,ECR,True
NDV,Nidvanda,13.245141950999999,77.2731255127,Karnataka,SWR,True
NDW,Nadwan,25.3966869286,85.0656737195,Bihar,ECR,True
NDZ,Nidigallu,13.988306000000001,79.660594,,,True
NED,Nanded,19.160522,77.31047799999999,Maharashtra,SCR,True
NEMA,Nema Halt,25.409592285400002,85.0722485132,Bihar,?,True
NEO,Neora,25.57459,84.986523,,,True
NEP,Nenpur,22.847183,72.725207,,,True
NERH,Ner Halt,25.017219,84.97536099999999,,?,True
NES,Natesar,24.963884576399998,85.2718057104,,,True
NEW,Nivari,25.328061,78.82007,Uttar Pradesh,NCR,True
NEWC,New West Cabin,25.273789999999998,83.10921,,,True
NFK,New Farakka,24.794558,87.915236,,,True
NG,Nagari,13.307882,79.579647,,,True
NGA,Ningala,22.0252,71.70935200000001,Gujarat,WR,True
NGAN,Nagaon,26.356211990000002,92.67253075,Assam,NFR,True
NGF,Nagarnabi,24.590321491500003,87.8680748517,,,True
NGG,Nagina,29.437919,78.424119,,,True
NGI,Nagari,20.406983,78.889984,,,True
NGLT,Naglatula,26.92382,77.421273,Rajasthan,NCR,True
NGN,Nandgaon,20.307616,74.659526,,,True
NGNT,New Guntur,16.3100404,80.4582228,Andhra Pradesh,SCR,True
NGO,Nagaur,27.199991,73.72357199999999,,,True
NGP,Nagpur,21.153567,79.089004,,,True
NGR,Annigeri,15.432164,75.43085099999999,Karnataka,SWR,True
NGRD,Nilgiri Road,21.426415000000002,86.855469,,,True
NGRH,New Giridih,,,,,False
NGT,Nagappattinam,10.759221,79.845998,Tamil Nadu,SR,True
NGTN,Nagothane,18.539932,73.14076899999999,Maharashtra,CR,True
NGZ,Shri-kshetra Nagjhari,20.761640999999997,76.755353,,,True
NH,Naihati,22.888555,88.4185,,,True
NHB,Noh Bachhamdi,27.223368999999998,77.546395,,,True
NHF,Nihasta Halt,26.212312999999998,80.92503500000001,Uttar Pradesh,NR,True
NHGJ,New Harangajao,,,,,False
NHH,Nihalgarh,26.460131,81.632581,,,True
NHK,Naharkatiya,27.289403,95.32977500000001,Assam,NFR,True
NHLG,New Haflong,,,,,False
NHLN,Naharlagun,,,,,False
NHM,Nandol Dehegam,23.17417,72.815845,Gujarat,WR,True
NHN,Nigohan,26.567225,81.045358,,,True
NHR,Nohar,29.192562738768984,74.77362781763077,Rajasthan,NWR,True
NHT,Nalhati,24.295706,87.83867000000001,,,True
NHY,Naganahalli,12.380243,76.651081,Karnataka,SWR,True
NIA,Janjgir Naila,22.022963999999998,82.56458900000001,,,True
NIDI,Nidi,18.472247,73.106567,Maharashtra,CR,True
NIIJ,Nilaje,19.155061999999997,73.079908,Maharashtra,CR,True
NIL,Nilambur Road,11.278805,76.254779,Kerala,SR,True
NILE,Nimitita,24.625338,88.00764,West Bengal,ER,True
NIM,Nimdih,22.993643,86.142118,,,True
NIP,Nizampur,27.9667684942,76.0107869,Rajasthan,NWR,True
NIR,Nainpur,22.425676,80.108853,Madhya Pradesh,SECR,True
NIRA,Nira,18.1049649229,74.20908244200001,Maharashtra,CR,True
NITR,Netaji Subhash,,,,,False
NIU,Nabipur,21.807541,73.030592,,,True
NIV,Nivasar,16.946588000000002,73.454552,Maharashtra,KR,True
NJP,New Jalpaiguri,26.683025,88.443391,,,True
NJT,Nager Coil Town,8.199571810899998,77.4194318207,Tamil Nadu,SR,True
NK,Nasik Road,19.947627,73.841897,,,True
NKB,Nagrakata,26.885533,88.917581,West Bengal,NFR,True
NKBR,Narkatia Bazar Halt,26.488339,84.38246,,,True
NKD,Nekonda,17.794877999999997,79.80459300000001,Andhra Pradesh,SCR,True
NKDO,Nakkanadoddi,15.165309,77.47667899999999,,,True
NKE,Narkatiaganj,27.105035,84.464045,Bihar,ECR,True
NKI,Naikheri,23.196778,75.689198,,,True
NKM,Namkom,23.351755,85.37667200000001,,,True
NKMG,New Karimganj,,,,,False
NKN,Nyoli Kalan,29.189764,75.633124,,,True
NKP,Nirakarpur,19.991740999999998,85.53046400000001,,,True
NKR,Nimar Kheri,22.11119,76.150998,Madhya Pradesh,WR,True
NKRA,Nokhra,27.607994992800002,72.6654016473,Rajasthan,?,True
NKW,Nilakantheswar Asthan,21.426066,85.798221,Orissa,ECoR,True
NKX,Nakati Semra,19.062273,82.07392999999999,Chhattisgarh,ECoR,True
NLBR,Nilambazar,24.743292,92.36512599999999,Assam,NFR,True
NLD,Nalanda,25.122359,85.46277400000001,Bihar,ECR,True
NLDA,Nalgonda,17.06118,79.283436,,,True
NLDM,Nangal Dam,31.370543,76.37261500000001,,,True
NLE,Nileshwar,12.255885000000001,75.13575,Kerala,SR,True
NLI,Namli,23.455521,75.067161,Madhya Pradesh,WR,True
NLKR,Nilokheri,29.831492,76.925491,,,True
NLKT,Nalkata,24.0683888436,91.999618396,,,True
NLNI,New Loni,,,,,False
NLP,North Lakhimpur,,,,,False
NLPD,Nallapadu,16.308263,80.397756,,,True
NLQ,Nangal Pathani Halt,28.364489,76.496786,Haryana,NWR,True
NLR,Nellore,14.460592,79.989383,,,True
NLV,Nalbari,26.450629,91.440291,,,True
NMA,Nirmali,26.305325,86.57461500000001,Bihar,ECR,True
NMBR,N Mayurbhanj Rd,21.666901,87.038724,,,True
NMD,Nomoda,26.280074,76.57945000000001,Rajasthan,WCR,True
NMDA,New Morinda,30.776469,76.518125,,,True
NMGA,Nelemangala,,,,,False
NMGT,Nmg Tamdalge,16.769023999999998,74.486113,Maharashtra,CR,True
NMGY,Numoligarh,26.601184,93.865713,Assam,NFR,True
NMH,Nimach,24.459872999999998,74.853025,Madhya Pradesh,WR,True
NMJ,Nidamangalam,10.773563999999999,79.412736,Tamil Nadu,SR,True
NMK,Nim Ka Thana,27.741573,75.779691,Rajasthan,NWR,True
NMKL,Namakkal,,,,,False
NML,Nellimaria,18.183131,83.456046,,,True
NMM,New Misamari,26.810166,92.57545400000001,,,True
NMT,Namtiali,26.851588,94.619336,Assam,NFR,True
NMX,New Maynaguri,26.578607,88.822868,,,True
NMZ,New Mal,26.87368,88.724837,West Bengal,NFR,True
NN,Nandura,20.838889,76.46015799999999,,,True
NNA,Naugachia,25.385261,87.09387,,,True
NNHT,Nonihat,,,,,False
NNL,Narnaul,28.044396,76.123133,Haryana,NWR,True
NNN,Nanguneri,8.4891,77.66259199999999,Tamil Nadu,SR,True
NNO,Nangloi,28.686261000000002,77.05696599999999,Delhi NCT,NR,True
NNR,Narayanpur,25.398348,86.85938800000001,,,True
NNW,Narayanpur Tatwara,26.344258999999997,76.635578,Rajasthan,WCR,True
NOI,Nariaoli,23.89567,78.604147,,,True
NOK,Nokha,27.556203,73.47484800000001,,,True
NOMD,Noamundi,22.15311,85.513684,Jharkhand,SER,True
NOQ,New Alipurduar,26.48572,89.541398,,,True
NPD,Nawapara Road,20.809717,82.562564,,,True
NPL,Nagalapalle,17.460567,78.229966,,,True
NPNR,Nepanagar,21.463933,76.397032,Madhya Pradesh,CR,True
NPRD,Nagpur Road Ph,23.279379000000002,82.349049,Chhattisgarh,SECR,True
NPS,Napasar,27.980942000000002,73.56399,Rajasthan,NWR,True
NPV,Narpatganj,,,,,False
NPZ,Nawapatra,24.318387,86.64786699999999,,,True
NQR,Naraj Marathapur,20.459324,85.779525,,,True
NR,Niphad,20.096584,74.079481,,,True
NRA,Nunkhar,26.425483,83.880179,,,True
NRD,Naroda,23.085662,72.658017,Gujarat,WR,True
NRDP,Nagireddipalli,17.422255,78.939987,,,True
NRE,Nandalur,14.264922,79.105722,,,True
NRG,Nergundi,20.538381,85.959078,,,True
NRGO,Narganjo Halt,24.7439751193,86.4578033173,,,True
NRI,Naraina,26.796463999999997,75.193029,Rajasthan,NWR,True
NRKR,Narkher,21.468725,78.52481399999999,,,True
NRL,Neral,19.027113,73.318955,,,True
NRLR,Norla Road,20.041394,83.373301,,,True
NRM,Nurmahal,31.081588999999997,75.601431,Punjab,NR,True
NRN,Singhiaghat,25.746997,85.975081,,,True
NRO,Nakodar,31.111697,75.47560800000001,Punjab,NR,True
NRP,Narsipatnam Rd,17.452852,82.724605,,,True
NRS,Nagaria Sadat,28.550179,79.205555,,,True
NRT,Narasaraopet,16.231527,80.041607,,,True
NRW,Narwana,29.588632,76.109286,Haryana,NR,True
NRX,Noadar Dhal,23.433926999999997,87.745014,,,True
NRZB,Nowrozabad,23.394425,80.980363,,,True
NS,Narasapur,16.445891,81.699909,Andhra Pradesh,SCR,True
NSD,Nasirabad,26.294459999999997,74.71699100000001,Rajasthan,NWR,True
NSGR,Narasinghgarh,,,,,False
NSI,Nikursini,22.004654000000002,87.30618600000001,,,True
NSL,Nagarsol,20.102455,74.541646,Maharashtra,SCR,True
NSU,Nisui,28.290931,79.236446,Uttar Pradesh,NR,True
NSVP,National Police Academy Shivar,17.3237142919,78.4372038177,,,True
NSX,Narsipuram Halt,18.737614999999998,83.406282,,,True
NTN,Nar Town,,,,,False
NTR,Nittur,13.3016546778,76.8558716895,Karnataka,SWR,True
NTSK,New Tinsukia,27.479748,95.334128,Assam,NFR,True
NTV,Nautanwa,27.42688,83.42129700000001,Uttar Pradesh,NER,True
NTW,Nanjangud Town,12.12211,76.68442999999999,Karnataka,SWR,True
NTZ,Nathwana,28.563319,73.813703,Rajasthan,NWR,True
NU,Narsinghpur,22.943112,79.214385,Madhya Pradesh,WCR,True
NUA,Nua,28.058125832368518,75.28570594266057,Rajasthan,NWR,True
NUB,Nurabad,26.406043999999998,78.078092,,,True
NUD,Navagadh,21.764344,70.61672100000001,Gujarat,WR,True
NUQ,Nagar Untari,24.285735,83.51416499999999,Jharkhand,ECR,True
NUR,Narela,28.846886,77.085727,,,True
NVG,Nawagaon,22.088704,78.436386,Madhya Pradesh,CR,True
NVRD,Navade Road,19.052388999999998,73.102716,Maharashtra,CR,True
NVS,Navsari,20.946851,72.914294,Gujarat,WR,True
NVT,Navipet,18.770457,78.013194,Andhra Pradesh,SCR,True
NW,Nalwar,16.936043,77.019937,,,True
NWB,Niwas Road,24.053618,82.013256,Madhya Pradesh,WCR,True
NWD,Nawadah,24.886758,85.54864500000001,Bihar,ECR,True
NWDH,Nawadih,,,,,False
NWH,Nawalgarh,27.844017432134876,75.24608317762613,Rajasthan,NWR,True
NWN,Nanwan,28.371336999999997,76.014318,,,True
NWP,Naupada,18.5794097271,84.2829220099,,,True
NWR,Niwar,23.7204627184,80.3695901074,Madhya Pradesh,WCR,True
NWU,Navapur,21.166844,73.771183,,,True
NXN,Nuagaon,22.386583,84.94203300000001,,,True
NXR,Nagsar,,,,,False
NYA,Narayangarh,22.174233,87.380456,,,True
NYDO,Narayandoho,,,,,False
NYG,Nayagarh,21.839609,85.433342,Orissa,?,True
NYH,Nayandahalli,12.941162,77.520696,Karnataka,SWR,True
NYM,Neyamatpur,24.937206,84.988344,,ECR,True
NYN,Naini,25.393138,81.86004199999999,,,True
NYO,Nayagaon,25.763263,85.099366,,,True
NYP,Nayudupeta,13.908321,79.900898,,,True
NYY,Neyyattinkara,8.41041,77.08111000000001,Kerala,SR,True
NZB,Nizamabad,18.679164999999998,78.103238,Andhra Pradesh,SCR,True
NZD,Nuzvid,16.649931,80.96152799999999,,,True
NZM,Hazrat Nizamuddin,28.587329999999998,77.254249,,,True
NZP,Niyazipur Halt,25.143791455699997,84.98843942260001,,?,True
NZT,Nazareth,8.563997,77.976271,Tamil Nadu,SR,True
OBM,Obalapuram,15.009799000000001,76.836422,Andhra Pradesh,SWR,True
OBR,Obra Dam,24.438661,82.975949,Uttar Pradesh,ECR,True
OBVP,Obulavaripalli,14.04083,79.268221,,,True
OCH,Odhaniya Chacha,26.972848,71.718687,Rajasthan,NWR,True
OCR,Ochira,9.132022999999998,76.525576,,,True
OD,Od,22.65471,73.07946299999999,Gujarat,WR,True
ODB,Oodlabari,26.866793,88.624639,West Bengal,NFR,True
ODC,Oddanchatram,10.4855987634,77.7465317596,,,True
ODG,Obaidulla Ganj,22.994912,77.587299,,,True
ODM,Ondagrarm,23.147973999999998,87.202275,West Bengal,SER,True
OEA,Odela,18.456554241099997,79.4497442804,,,True
OGL,Ongole,15.498064000000001,80.057404,,,True
OKA,Okhla,28.559332,77.264825,,,True
OKHA,Okha,22.470959999999998,69.073775,Gujarat,WR,True
OKL,Ottakkal,,,,,False
OLR,Ollur,10.473341999999999,76.237184,,,True
ON,Unnao,26.548354,80.486199,,,True
OND,Aunlajori,22.440956,86.16420749999999,Orissa,SER,True
ONR,Coonoor,11.343714,76.791337,Tamil Nadu,SR,True
OPL,Uppal,18.183408,79.48098,,,True
ORAI,Orai,25.9825370076,79.459533963,,,True
ORC,Orchha,25.401119,78.644228,Uttar Pradesh,NCR,True
OREH,Ore  Halt,24.915065,84.991898,,?,True
ORGA,Orga,22.448548,84.91578,,,True
ORKI,Orki,30.091597,73.891318,Rajasthan,NR,True
ORR,Orr,24.530939,77.799315,,,True
OSN,Osiyan,26.729223,72.899779,Rajasthan,NWR,True
OTD,Ootwar,27.626063,76.73256,Rajasthan,NCR,True
OTP,Ottappalam,10.770046,76.377993,,,True
OTR,Moturu,16.439968999999998,81.051142,Andhra Pradesh,SCR,True
OYR,Waria,23.537562,87.246177,,,True
PAA,Patas,18.4732663908,74.4696527191,,,True
PAD,Pardi,20.513153,72.92431099999999,Gujarat,WR,True
PAK,Pakala,13.451133,79.11408,,,True
PAL,Palasner,22.304246,77.050174,Madhya Pradesh,WCR,True
PAM,Panapakam,13.513241,79.210821,,,True
PAN,Panagarh,23.443034,87.439587,,,True
PANP,Pandavapura,12.463018,76.681387,Karnataka,SWR,True
PAO,Panoli,21.535197,72.978371,,,True
PAP,Pithapuram,17.11087,82.257512,,,True
PAR,Pandhurna,21.589996,78.525394,,,True
PARH,Padarkheda,25.705583,77.642772,Madhya Pradesh,WCR,True
PASA,Parassala,8.3398400051,77.16548966,Kerala,SR,True
PASG,Panisagar,24.27276,92.149035,Tripura,NFR,True
PAU,Purna,19.180526999999998,77.024985,Maharashtra,SCR,True
PAV,Pedana,16.252107000000002,81.143792,Andhra Pradesh,SCR,True
PAVI,Pavi,22.342282,73.840166,Gujarat,WR,True
PAW,Pandabeswar,23.711965,87.277416,West Bengal,ER,True
PAY,Payyanur,12.092248,75.195107,Kerala,SR,True
PAZ,Payangadi,12.021507999999999,75.2596,Kerala,SR,True
PB,Puntamba,19.762025526800002,74.621959715,,,True
PBA,Piardoba,22.956881,87.322164,West Bengal,SER,True
PBE,Pilibhit,28.614977999999997,79.813946,Uttar Pradesh,NER,True
PBKS,Pambakovil Shandy,9.130538,77.431001,,,True
PBL,Pathsala,26.497475,91.176255,,,True
PBM,Pamban,9.279729,79.213482,Tamil Nadu,SR,True
PBN,Parbhani,19.257460000000002,76.774119,Maharashtra,SCR,True
PBR,Porbandar,21.643597999999997,69.615506,Gujarat,WR,True
PBV,Paliba,18.659914999999998,82.695712,Orissa,ECoR,True
PBW,Pantnagar,29.017708,79.51778,Uttarakhand,NER,True
PC,Pachora,20.668385,75.34831,,,True
PCDR,Panchdeori Halt,,,,,False
PCH,Pachhapur,16.093145,74.672174,Karnataka,SWR,True
PCK,Pachrukhi,26.162627999999998,84.415667,,,True
PCL,Pulicherla,13.598983,79.040396,Andhra Pradesh,SCR,True
PCLI,Palachauri,22.201012,78.659087,Madhya Pradesh,CR,True
PCM,Pavurchatram,,,,,False
PCN,Panch Piplia,23.06329,74.737549,,,True
PCOI,Prayagraj Chheoki,,,,,False
PCQ,Pichkurirdhal,23.54342,87.720914,,,True
PCR,Panchra,23.771990000000002,87.330151,West Bengal,ER,True
PCU,Putlacheruvu,16.484823,81.112395,Andhra Pradesh,SCR,True
PCV,Palakkodu,12.297417999999999,78.072073,Tamil Nadu,SWR,True
PCX,Pagla Chandi,23.743195,88.303969,West Bengal,ER,True
PCZ,Pocharam,17.486717000000002,80.234583,Andhra Pradesh,SCR,True
PDA,Pundooah,23.070861999999998,88.270115,,,True
PDD,Padubidri,13.197027,74.76816500000001,Karnataka,KR,True
PDF,Padampur,23.519468000000003,70.836786,,,True
PDH,Padadhari,22.429596,70.60534299999999,Gujarat,WR,True
PDJ,Phiding,25.221835000000002,93.14983,,,True
PDKN,Pedakakani Halt,16.34323912,80.48615482999999,,,True
PDKT,Pudukkottai,10.372456999999999,78.801946,Tamil Nadu,SR,True
PDL,Pendekallu,15.374513,77.647361,Andhra Pradesh,SCR,True
PDNA,Peddadinne,16.100078,77.83502,,,True
PDNR,Padnur,17.3223703821,75.9846818945,Karnataka,SWR,True
PDO,Poodoor,16.153896999999997,77.820931,,,True
PDP,Padse,21.132043,74.924335,,,True
PDPH,Padapahar,22.156554999999997,85.545961,Jharkhand,SER,True
PDPL,Peddapalli,18.613795999999997,79.39208,,,True
PDR,Payagpur,27.407067,81.776186,Uttar Pradesh,NER,True
PDRD,Pindra Road,25.497052,82.851162,,,True
PDSN,Peddasana,18.593147,84.18448500000001,Andhra Pradesh,ECoR,True
PDT,Pendurti,17.813498,83.195211,,,True
PDU,Ponduru,18.362876,83.776548,,,True
PDW,Pandaul,26.2804866136,86.0866355896,,,True
PDWA,Pindwara,,,,,False
PDX,Payradanga,23.128660999999997,88.545481,West Bengal,ER,True
PDY,Pondicherry,11.925445999999999,79.828127,Puducherry,SR,True
PDZ,Pilioda,26.606366,76.86438199999999,Rajasthan,WCR,True
PEC,Pencharthal,24.196225,92.10823,Tripura,NFR,True
PEH,Pathardih,23.675524600000003,86.4345602,Jharkhand,ECR,True
PEM,Peralam,10.959358,79.656384,,,True
PEN,Pen,18.735604455900003,73.0867978516,Maharashtra,CR,True
PER,Perambur,13.10702,80.24453299999999,,,True
PERN,Pernem,15.707894,73.81653700000001,Goa,KR,True
PES,Phesar,24.845489,84.41808499999999,,,True
PFL,Piprala,23.652483999999998,71.097619,Gujarat,WR,True
PFM,Phaphamau,25.524255999999998,81.866406,Uttar Pradesh,NR,True
PFR,Pachor Road,23.729095,76.741609,,,True
PFT,Pothahi,25.486605,85.098643,Bihar,ECR,True
PFU,Padua,18.396744,82.687882,Orissa,ECoR,True
PGA,Pagara,24.65577,77.44077,,,True
PGC,Panchgachia,25.969294,86.59822100000001,Bihar,ECR,True
PGI,Parpanangadi,11.045910000000001,75.861006,Kerala,SR,True
PGK,Pili Bangan,29.483825,74.079282,Rajasthan,NWR,True
PGL,Pagdhal,22.42054,77.351451,Madhya Pradesh,WCR,True
PGR,Pugalur,11.051701999999999,77.99070900000001,Tamil Nadu,SR,True
PGRL,Piduguralla,16.477787000000003,79.876294,,,True
PGT,Palakkad,10.802091,76.641926,,,True
PGTN,Palghat Town,10.7753892,76.65216699999999,Kerala,SR,True
PGU,Padugupadu,14.496976,79.989954,,,True
PGW,Phagwara,31.217555749800002,75.7655019775,,,True
PHA,Patharia,23.905726,79.192899,,,True
PHD,Phaphund,26.632118317699998,79.5542552124,,,True
PHK,Punarakh,25.481495000000002,85.803757,,,True
PHM,Patapatnam,18.7407526287,84.081469892,Andhra Pradesh,ECoR,True
PHN,Pokhrayan,26.222964,79.84088799999999,,,True
PHR,Phillaur,31.016907,75.78576100000001,,,True
PIA,Pipraigaon,24.503643,77.964258,,,True
PIGT,Pilighat,24.660758,77.49331000000001,,,True
PIH,Parhihara,27.926801,74.559809,Rajasthan,NWR,True
PIL,Piler,13.662347,78.927499,Andhra Pradesh,SCR,True
PIO,Pilol,22.39641,73.186675,,,True
PIP,Piplia,24.203692999999998,75.007483,Madhya Pradesh,WR,True
PIRO,Piro,25.321358352999997,84.4205444342,Bihar,ECR,True
PIS,Piska Fs,23.3295427441,85.20610187930001,Jharkhand,SER,True
PIT,Palitana,21.538300999999997,71.82319700000001,Gujarat,WR,True
PIZ,Pingli,19.21840134,76.8577266418,Maharashtra,SCR,True
PJ,Peppeganj,26.930569,83.294438,Uttar Pradesh,NER,True
PJK,Panj Kosi,30.137676000000003,74.057408,Rajasthan,NR,True
PK,Pakni,17.7248659449,75.7788740411,,,True
PKA,Pradhankhunta,23.772589999999997,86.515977,,,True
PKD,Penukonda,14.099641,77.592521,,,True
PKF,Pokla,22.89496,84.951364,,,True
PKK,Pakki,30.164759,74.35550400000001,Punjab,NR,True
PKNS,Pokharni snha,19.118747261,76.7316388525,Maharashtra,SCR,True
PKO,Palakollu,16.522244,81.717145,Andhra Pradesh,SCR,True
PKQ,Pattikkad,11.020627,76.23179499999999,Kerala,SR,True
PKR,Pakaur,24.638002,87.856054,,,True
PKRD,Pakaria Road,24.0512,80.505599,Madhya Pradesh,WCR,True
PKT,Pattukkottai,,,,,False
PKU,Panskura,22.393102763,87.7430237079,,,True
PKW,Pilkhua,28.712335,77.668008,,,True
PLCJ,Phalodi,27.124914,72.36686300000001,Rajasthan,NWR,True
PLD,Paldhi,21.022831999999998,75.46157,,,True
PLE,Piplee,23.817141,71.530851,,,True
PLG,Palghar,19.698038,72.77248,Maharashtra,WR,True
PLH,Paralakhemundi,18.786579,84.08063800000001,Orissa,ECoR,True
PLJ,Palej,21.921578,73.072387,,,True
PLMD,Pilamedu,11.033241,76.999566,,,True
PLNI,Palani,10.458722,77.52118300000001,,,True
PLO,Pulgaon,20.726734,78.318111,,,True
PLP,Phulpur,25.552533999999998,82.091535,Uttar Pradesh,NR,True
PLRD,Padaliya Road,,,,,False
PLS,Pipalsana,28.952153,78.83533,Uttar Pradesh,NER,True
PLSG,Palasingi,19.014074,83.805056,Andhra Pradesh,ECoR,True
PLSN,Palsana,27.484876,75.38008,Rajasthan,NWR,True
PLU,Patakottacheru,15.172077,77.521795,,,True
PLW,Pingleshwar,23.2111360434,75.8603440417,,,True
PLWR,Phulwaria,26.4688026951,84.255615343,Uttar Pradesh,NER,True
PLY,Plassey,23.777986000000002,88.28447,West Bengal,ER,True
PM,Palam,28.585656,77.09295,Delhi NCT,NR,True
PMK,Paramakkudi,9.539071,78.591131,Tamil Nadu,SR,True
PMKT,Pimpalkhuti,19.829473,78.581025,Maharashtra,CR,True
PML,Papanasam,10.922767,79.26854200000001,Tamil Nadu,SR,True
PMP,Pimpri,18.622977,73.801991,,,True
PMPR,Prempur,26.2451000771,80.4835424152,,,True
PMR,Pitambarpur,28.200105,79.538072,,,True
PMT,Pullampet,14.120622000000001,79.205606,,,True
PMU,Parmanandpur,25.741290999999997,85.133951,,,True
PMY,Pali Marwar,25.790692,73.327309,Rajasthan,NWR,True
PNBE,Patna,25.60256,85.136824,,,True
PNC,Patna Saheb,25.585856,85.230942,,,True
PND,Pendra Road,22.755824999999998,81.89917,,,True
PNDM,Pennadam,11.397962999999999,79.219978,,,True
PNDR,Pandori,,,,,False
PNE,Prantik,23.694435000000002,87.693501,,,True
PNF,Pangaon,18.634293,76.635315,Maharashtra,SCR,True
PNHI,Panhai,25.081679,81.189495,Uttar Pradesh,NCR,True
PNHR,Panihar,26.099221,78.014931,Madhya Pradesh,WCR,True
PNKD,Panki Dham,,,,,False
PNM,Panyam,15.50076,78.339158,,,True
PNME,Parasnath,23.987971,86.037862,,,True
PNP,Panipat,29.388948,76.96379300000001,,,True
PNPL,Panpali,21.915685999999997,84.139173,,,True
PNPN,Panpana,21.358714999999997,86.790524,,,True
PNQ,Punkunnam,10.535053999999999,76.20943,,,True
PNSA,Punsia,24.9531673111,87.0037506653,Bihar,ER,True
PNU,Palanpur,24.174433,72.430172,Gujarat,WR,True
PNUG,Punpun Ghat Halt,25.5255878987,85.1099123547,,?,True
PNVL,Panvel,18.990918999999998,73.121756,Maharashtra,CR,True
PNVT,Pancharatna,26.158866,90.55599600000001,Assam,NFR,True
PNW,Pundag,23.508909,86.08957600000001,,,True
PNWN,Pachwan,23.208785000000002,77.128302,,,True
PNYA,Paniya Hawa,27.167486,83.933839,,NER,True
PO,Parangipettai,11.476847000000001,79.73604499999999,Tamil Nadu,SR,True
POA,Palikona,16.061989,80.80435100000001,Andhra Pradesh,SCR,True
POE,Pawapuri Road,25.160225,85.512918,,,True
POK,Pokran,26.930571,71.923129,Rajasthan,NWR,True
PON,Ponneri,13.332319,80.19879900000001,,,True
POR,Pipalda Road,24.956611,76.616541,Rajasthan,WCR,True
PORA,Pora,27.532025,78.154207,,,True
POU,Padrauna,26.897709199999998,83.982606,,,True
POX,Pola-patthar,22.347657,77.85334900000001,,,True
POY,Pollachi,10.653079,77.001342,,,True
POZ,Potul,19.918567,75.12177700000001,Maharashtra,SCR,True
PP,Puranpur,28.514911,80.150951,Uttar Pradesh,NER,True
PPA,Pipra,26.489784,84.98573499999999,Bihar,ECR,True
PPC,Pipraich,26.828307,83.535848,Uttar Pradesh,NER,True
PPD,Piplod,22.819148000000002,73.9091,,,True
PPEA,Paprera,27.226004,77.308829,,,True
PPG,Piploda Bagla,23.357472,75.433639,,,True
PPI,Pipariya,22.753941,78.354538,Madhya Pradesh,WCR,True
PPLI,Pipli,22.345082,69.934426,Gujarat,WR,True
PPM,Phirangipuram,16.292376,80.255894,,,True
PPN,Punpun,25.488229642500002,85.09876768800001,Bihar,ECR,True
PPO,Panposh,22.228538,84.804627,,,True
PPR,Pipar Road,26.452849999999998,73.448703,,,True
PPT,Pirpainti,25.2903753934,87.4218244568,,,True
PPTA,Patliputra,25.621426,85.068505,,,True
PPU,Piparpur,26.137823,82.038949,Uttar Pradesh,NR,True
PPW,Pachperwa,27.528038,82.657808,Uttar Pradesh,NER,True
PPZ,Peddempet,18.802669374,79.4268241321,,,True
PQL,Pindlai,17.925189,79.454715,,,True
PQN,Pwn Klaknder Rd,25.825794000000002,81.368601,Uttar Pradesh,NR,True
PQT,Puniyavant,22.332118,73.95733100000001,Gujarat,WR,True
PRB,Parbati,23.250527,77.012393,,,True
PRBZ,Parsa Bazar,25.550023,85.11887899999999,Bihar,ECR,True
PRCA,Perecherla,16.319601000000002,80.339519,,,True
PRDP,Paradeep,20.280364,86.62014099999999,Orissa,ECoR,True
PRDT,Proddatur,,,,,False
PRF,Parsipur,25.37052,82.63716199999999,,,True
PRG,Prayag,25.467939,81.867081,Uttar Pradesh,NR,True
PRGR,Pinargaria,,,,,False
PRH,Powerpet,16.713189,81.106602,,,True
PRI,Pathri,29.851996,78.076506,Uttarakhand,NR,True
PRJ,Prantij,23.439324000000003,72.862688,Gujarat,WR,True
PRKH,Parkanhatti,16.140169,74.695447,Karnataka,SWR,True
PRL,Polur,12.511327000000001,79.13055800000001,Tamil Nadu,SR,True
PRLI,Parli Vaijnath,18.853005,76.524424,Maharashtra,SCR,True
PRNA,Purnia,25.790678,87.519124,,,True
PRNC,Purnia Court,,,,,False
PRND,Perinad,8.947916000000001,76.620341,,,True
PRNR,Porjanpur,21.789139000000002,85.521374,Orissa,?,True
PRP,Paharpur,24.624931999999998,85.204571,,,True
PRR,Purulia,23.324911,86.37787,,,True
PRRB,Prayagraj Rambag,,,,,False
PRSL,Pandrasali,22.63341,85.806909,Jharkhand,SER,True
PRT,Panruti,11.773239,79.555153,Tamil Nadu,SR,True
PRTL,Pirtala,24.359325000000002,88.28058300000001,West Bengal,ER,True
PRTN,Pratapnagar,22.281143,73.210289,Gujarat,WR,True
PRTP,Partapur,28.925112000000002,77.648699,Uttar Pradesh,NR,True
PRWD,Parewadi,18.289799000000002,74.952285,,,True
PRY,Paraiya,24.809464,84.85079200000001,,,True
PRYJ,Prayagraj,,,,,False
PRZ,Parsa,27.435147999999998,82.908499,Uttar Pradesh,NER,True
PS,Paras,20.724519,76.815865,,,True
PSA,Palasa,18.756782,84.42209100000001,,,True
PSAE,Purbasthali,23.453302,88.323896,West Bengal,ER,True
PSB,Parsabad,24.307559,85.73873,,,True
PSD,Parsoda,19.953696573000002,74.8751352301,Maharashtra,SCR,True
PSDA,Pasivedala,16.99331,81.700939,,,True
PSE,Pusauli,25.097235,83.72151,,,True
PSL,Parisal,27.669476,76.61526599999999,Rajasthan,NWR,True
PSLI,Parsoli,25.113462000000002,74.875358,Rajasthan,WCR,True
PSO,Palsora Makrawa,23.260650211799998,75.5315691821,,,True
PSPY,Prasannaya Palli,14.6311777937,77.602106203,,,True
PSR,Pasraha,25.403765,86.743883,,,True
PT,Patli,28.399583000000003,76.85347200000001,Haryana,NR,True
PTA,Patiala,30.344248999999998,76.4041,Punjab,NR,True
PTAB,Patia Halt,20.349273,85.841374,,,True
PTB,Pattambi,10.8019329802,76.1813366473,Kerala,SR,True
PTD,Petlad,22.5452909,72.9294731,Gujarat,WR,True
PTH,Patranga,26.825007,81.625869,,,True
PTI,Patiali,27.6843201328,78.9841732028,,,True
PTJ,Podanur,10.965425,76.990125,,,True
PTK,Pathankot,32.271804,75.644427,Punjab,NR,True
PTKC,Pathankot Cantt,32.2593,75.636044,,,True
PTKD,Patharkandi,24.604506,92.31911,Assam,NFR,True
PTKP,Potkapalli,18.4290619835,79.4644454974,,,True
PTLI,Pathauli,27.1568431942,77.924593761,Uttar Pradesh,NCR,True
PTN,Patan,23.853292,72.13167200000001,Gujarat,WR,True
PTNR,Patelnagar,28.660009076599998,77.15626035310001,Delhi NCT,NR,True
PTP,Patal Pani,22.514232000000003,75.797002,Madhya Pradesh,WR,True
PTRD,Pataudi Road,28.350738,76.755565,Haryana,NR,True
PTRE,Patara,26.232167999999998,80.203446,Uttar Pradesh,NCR,True
PTRL,Pathrala,30.006625,74.74395299999999,Punjab,NWR,True
PTRU,Patratu,23.667024,85.30587700000001,,,True
PTT,Putalapattu,13.373419,79.098727,,,True
PTU,Partur,19.575715,76.212767,Maharashtra,SCR,True
PTWA,Patwara,23.9143072844,80.4137045734,Madhya Pradesh,WCR,True
PU,Patchur,12.586657299999999,78.4694944,,,True
PUA,Pulla,16.809911,81.324846,,,True
PUD,Phanda,23.232986,77.189255,,,True
PUK,Pudukad,10.420507,76.26070700000001,,,True
PUL,Rampura Phul,30.269357000000003,75.23737999999999,Punjab,NR,True
PUN,Pundi,18.665917999999998,84.370679,,,True
PUNE,Pune,18.529378,73.873086,,,True
PUO,Pir Umrod,23.2558608677,76.2299643091,,,True
PURI,Puri,19.811459000000003,85.839992,,,True
PUS,Phusro,23.767488999999998,86.01025,,ECR,True
PUSA,Pusla,21.493095999999998,78.354883,,,True
PUT,Puttur,13.439642,79.552666,,,True
PUU,Punalur,9.023336,76.916104,Tamil Nadu,SR,True
PUW,Patuwas Mehrana,28.557035,76.33368800000001,Haryana,NWR,True
PUX,Parasia,22.193186,78.76432,Madhya Pradesh,CR,True
PVD,Peddavadiapudi,16.414205000000003,80.612645,,,True
PVI,Peravurani,,,,,False
PVP,Parvatipuram,18.770670000000003,83.42696600000001,,,True
PVPT,Parvatipuram Tn,18.783875,83.433701,,,True
PVR,Pandharpur,17.66849,75.319283,Maharashtra,CR,True
PVRD,Piravam Road,9.828669,76.454731,,,True
PVU,Paravur,8.815758,76.66823799999999,,,True
PWL,Palwal,28.151841,77.34223200000001,,,True
PWS,Phulwari Sharif,25.586297,85.07942999999999,,,True
PWXP,Pawani Kumarpur Halt,25.5276889185,83.9359635205,,,True
PYGS,Prayagraj Sangam,,,,,False
PYHT,Prayahat Halt,,,,,False
PYOL,Payyoli,11.516715999999999,75.617595,Kerala,SR,True
PYX,Peyanapalli,13.131636,79.138282,,,True
QG,Quazigund,,,,,False
QLD,Quilandi,11.446139,75.693924,Kerala,SR,True
QLM,Kulem,15.334036,74.24423,Goa,SWR,True
QLN,Kollam,8.886586000000001,76.59675299999999,,,True
QSR,Kansrao,30.0785698608,78.1417954028,Uttarakhand,NR,True
R,Raipur,21.256462000000003,81.629328,,,True
RA,Ramparda,22.634966,71.352035,Gujarat,WR,True
RAA,Barara,30.213325,77.035501,,,True
RAH,Ramgarh,27.576612,76.811256,Rajasthan,NCR,True
RAI,Raibha,27.181549999999998,77.803634,,,True
RAIR,Raikakhol,21.046744999999998,84.333562,,,True
RAJP,Rajapur Road,16.635175,73.626565,Maharashtra,KR,True
RAKD,Radhakund,27.537943,77.523598,,,True
RAL,Repalle,16.019794,80.828736,Andhra Pradesh,SCR,True
RAM,Ramapuram,13.098011999999999,79.178793,,,True
RAMA,Ramva,25.8911534211,80.8532993597,,,True
RANI,Rani,25.347582,73.31039,Rajasthan,NWR,True
RASP,Rasipuram,,,,,False
RAY,Ray,23.690082,85.077816,,,True
RBA,Rambha,19.537957,85.09407900000001,,,True
RBD,Rahimabad,26.9993432467,80.600638797,,,True
RBG,Raybag,16.483374512,74.80682566349999,Karnataka,SWR,True
RBL,Rae Bareli,26.232684,81.23932,,,True
RBN,Raghubans Nagar,25.756709,87.060056,Bihar,ECR,True
RBR,Ribada,22.124961,70.80095200000001,Gujarat,WR,True
RBS,Rupbas,26.9903803821,77.5909632294,Rajasthan,NCR,True
RBZ,Rambhaddarpur,25.977172,85.86518199999999,,,True
RC,Raichur,16.192441000000002,77.339165,,,True
RCF,Rail Coach Factory,31.326976000000002,75.34282,Punjab,NR,True
RCJ,Ranayala Jasnia,23.161929,76.072554,Madhya Pradesh,WR,True
RCP,Ramachandrapur,25.996484000000002,81.267274,Uttar Pradesh,NR,True
RCTC,Raghunathpur,20.351679,86.14960500000001,Orissa,ECoR,True
RDBR,Randia Baudpur,,,,,False
RDD,Rikhabdev Road,23.997173,73.74805500000001,Rajasthan,NWR,True
RDDE,Rathdhana,28.904132,77.05914800000001,,,True
RDG,Rayadurg,14.705815,76.856828,Andhra Pradesh,SWR,True
RDHP,Radhanpur,23.84693,71.58559399999999,Gujarat,WR,True
RDHR,Riddhapur,,,,,False
RDI,Kardi,13.2673774949,76.5736995709,Karnataka,SWR,True
RDL,Rudauli,26.762188000000002,81.754202,,,True
RDM,Ramgundam,18.763329,79.43509999999999,,,True
RDN,Rudain,27.579928,79.186618,,,True
RDP,Radhikapur,25.643573999999997,88.448153,West Bengal,NFR,True
RDRA,Ramdevra,27.006279,71.929837,Rajasthan,NWR,True
RDU,Radhamohanpur,22.356484,87.612611,,,True
RE,Rewari,28.202779000000003,76.609414,Haryana,NWR,True
RECH,Rechni Road,19.140541,79.451894,,,True
REG,Regupalem,17.505201,82.790267,,,True
REI,Rithi,23.904168,80.140267,,,True
REJ,Rejinagar,23.850089999999998,88.259255,West Bengal,ER,True
REN,Ren,26.788798,74.07446200000001,,,True
RENH,Renhat,25.979937999999997,77.83368499999999,Madhya Pradesh,WCR,True
RET,Rentia,22.863268,74.210847,,,True
REWA,Rewa,24.537122,81.250615,Madhya Pradesh,WCR,True
RFJ,Rafiganj,24.819694000000002,84.634804,,,True
RG,Rajghat Narora,28.235655,78.353587,Uttar Pradesh,NR,True
RGBP,Rani Gaidinliu,,,,,False
RGD,Rajgir,25.033068999999998,85.41469699999999,Bihar,ECR,True
RGDA,Rayagada,19.175642,83.410505,,,True
RGH,Ramgarhwa,26.873842826500002,84.7971486487,Bihar,ECR,True
RGI,Ramgiri,13.9501446899,76.1254542236,Karnataka,SWR,True
RGJ,Raiganj,25.619125,88.127696,West Bengal,NFR,True
RGJI,Rangjuli,25.988405,90.95595800000001,Assam,NFR,True
RGL,Rengali,21.636895,84.042299,,,True
RGM,Rangapuram,15.406776,78.059153,,,True
RGO,Rotegaon,19.956132,74.75787,Maharashtra,SCR,True
RGP,Raghunathpalli,17.7564788113,79.2553036017,,,True
RGPM,Raghavapuram,18.681242,79.411187,,,True
RGQ,Raigadh Road,23.596666,73.183592,Gujarat,NWR,True
RGS,Ringas,27.373379,75.56360400000001,Rajasthan,NWR,True
RGT,Rajghat Halt,21.764461999999998,87.15507600000001,,,True
RGU,Ragaul,25.686945,80.129683,Uttar Pradesh,NCR,True
RGV,Raghopur,,,,,False
RHA,Ranaghat,23.173344,88.568184,West Bengal,ER,True
RHE,Rakha Mines,22.674292,86.354133,,,True
RHG,Rajgarh,27.240827,76.607541,Rajasthan,NWR,True
RHMA,Rahama,20.298605,86.405224,Orissa,ECoR,True
RHN,Roshanpur,29.046556,78.887727,Uttar Pradesh,NER,True
RIG,Raigarh,21.891288999999997,83.39067,,,True
RIKA,Ratikheda,24.59745,77.656544,,,True
RJA,Rajnagar,26.401801,86.152987,,,True
RJAP,Rajapur,16.859603,78.163648,,,True
RJB,Rajabera,23.751105,86.080936,,,True
RJG,Rajgram,24.544607,87.86763599999999,,,True
RJGR,Raj Athgarh,20.576104,85.741633,,,True
RJK,Raja Ka Sahaspr,28.626216,78.780097,Uttar Pradesh,NR,True
RJLA,Rajla,24.7563630003,86.4230669043,,,True
RJLK,Rajalukah,22.125193,86.64224200000001,,,True
RJN,Raj Nandgaon,21.101186000000002,81.039019,,,True
RJO,Rajendra Pul,25.387446999999998,86.01054599999999,,,True
RJP,Razampeta,14.184524999999999,79.15274099999999,,,True
RJPB,Rajendra Nagar,25.603351,85.162449,,,True
RJPM,Rajapalayam,9.452404,77.561026,,,True
RJR,Rajaldesar,28.033672,74.47771200000001,Rajasthan,NWR,True
RJS,Rajiyasar,29.0674933054,73.8421637408,Rajasthan,NWR,True
RJT,Rajkot,22.312206,70.803446,Gujarat,WR,True
RJY,Rajamundry,16.984159000000002,81.783901,,,True
RK,Roorkee,29.851671,77.87417,,,True
RKB,Raika Bagh,26.291628000000003,73.039744,,,True
RKD,Rukadi,16.724871999999998,74.356715,Maharashtra,CR,True
RKK,Ratangrh Knkwal,29.922760999999998,74.966758,,,True
RKL,Ramkola,26.90674,83.836714,,,True
RKM,Raja Ki Mandi,27.193811,77.996613,,,True
RKMP,Rani Kamalapati,,,,,False
RKO,Ramakistapuram Gate,17.476299,78.52847299999999,Andhra Pradesh,SCR,True
RKSH,Rishikesh,30.107173,78.287498,Uttarakhand,NR,True
RKSN,Rajkharsawan,22.733525,85.811158,,,True
RKY,Kothariya,22.176807,70.81438200000001,Gujarat,WR,True
RLA,Rajula,21.103699,71.479251,Gujarat,WR,True
RLL,Regadipalli,14.813572,78.136002,,,True
RLO,Rayalcheruvu,15.055957000000001,77.82103500000001,,,True
RLP,Harlapur,15.434833000000001,75.799259,Karnataka,SWR,True
RLR,Raila Road,25.630348,74.596325,Rajasthan,NWR,True
RM,Rajmane,20.643085,74.941672,Maharashtra,CR,True
RMA,Ramganj Mandi,24.644606,75.939411,,,True
RMB,Rampura Beri,28.5301320576,75.64547982849999,Rajasthan,NWR,True
RMC,Ram Chaura Road,25.609488,81.686954,Uttar Pradesh,NR,True
RMD,Ramanathapuram,9.358387,78.83686200000001,Tamil Nadu,SR,True
RMF,Ramna,24.239748,83.605713,Jharkhand,ECR,True
RMGM,Ramanagaram,12.720096,77.283451,Karnataka,SWR,True
RMH,Rangmahal,29.405815999999998,73.974734,Rajasthan,NWR,True
RMJK,Ram Nagar,32.863528,75.14542599999999,Jammu and Kashmir,NR,True
RMM,Rameswaram,9.280973,79.306787,Tamil Nadu,SR,True
RMN,Raman,29.959833999999997,74.96208800000001,Punjab,NWR,True
RMNP,Ramannapet,17.282344000000002,79.087023,,,True
RMP,Rahimatpur,17.612152,74.17217,Maharashtra,CR,True
RMPB,Rampur,25.358763,88.60611,,,True
RMPR,Rampur  Halt,25.1721586608,86.1406539392,,,True
RMR,Ramnagar,29.390223,79.12223900000001,Uttarakhand,NER,True
RMRB,Ramnagar Bengal,21.677450999999998,87.55405,West Bengal,?,True
RMT,Ramgarh Cantt,23.617327,85.520249,,,True
RMU,Rampur,28.778862999999998,79.023419,,,True
RMV,Ramavarappadu,16.5262013806,80.67971387700001,Andhra Pradesh,SCR,True
RMY,Rukmapur,17.27365,77.67542399999999,,,True
RMZ,Routhpuram Halt,18.6209643431,84.3356803912,,,True
RN,Ratnagiri,17.002793,73.356938,Maharashtra,KR,True
RNC,Ranchi,23.348811,85.33352,,,True
RNE,Ranjani,19.646129,76.107028,Maharashtra,SCR,True
RNG,Raniganj,23.602851,87.11698,,,True
RNGG,Rangaliting,26.656417,93.918286,Assam,NFR,True
RNH,Runkhera,23.413846043299998,75.1888022272,,,True
RNJ,Runija,23.06077,75.3768327,Madhya Pradesh,WR,True
RNL,Ranala,21.372813,74.47179,,,True
RNO,Ranoli,22.405252095399998,73.1122662115,,,True
RNPR,Rupnarayanpur,23.818703000000003,86.885481,,,True
RNQ,Renukut,24.203558,83.039896,Uttar Pradesh,ECR,True
RNR,Ranibennur,14.625461,75.635054,Karnataka,SWR,True
RNRD,Ranipur Road,25.270917999999998,79.055869,Uttar Pradesh,NCR,True
RNT,Ranthambhore,26.093062999999997,76.41000100000001,Rajasthan,WCR,True
RNTL,Ranital,21.149665,86.55647400000001,,,True
RNV,Raniwara,24.750455,72.204293,Rajasthan,NWR,True
RNW,Renwal,27.149463,75.356234,Rajasthan,NWR,True
RNY,Rangiya,26.447900999999998,91.605929,,,True
ROA,Rusera Ghat,25.746302,86.035742,,,True
ROHA,Roha,18.44649043,73.12357712000001,Maharashtra,CR,True
ROHN,Rohednagar Halt,28.7611280103,76.8140929907,Haryana,NR,True
ROI,Reoti,25.833886,84.37469,,,True
ROK,Rohtak,28.890904,76.57955000000001,Haryana,NR,True
ROP,Rupsa,21.621995,87.018507,,,True
RORA,Rora,25.293896,79.236769,Uttar Pradesh,NCR,True
ROU,Rourkela,22.22844,84.86313200000001,,,True
ROZA,Roza,27.853121,79.956038,,,True
RPAN,Rangapara North,26.8215934,92.682658,,,True
RPAR,Rupnagar,30.972816,76.533241,,,True
RPH,Rampur Hat,24.179797,87.78214700000001,,,True
RPJ,Rajpura,30.486458949,76.5940201901,,,True
RPMN,Rampurmani Haran,29.8055980689,77.4598714294,Uttar Pradesh,NR,True
RPO,Rawatpur,26.482981000000002,80.298113,,,True
RPR,Raghunathpur,25.565439,84.305227,,,True
RPRD,Rupra Road,20.08447,83.330956,,,True
RPRL,Raparla Halt,15.619244,80.16912099999999,,,True
RPSC,Rudrapur Sidcul Halt,,,,,False
RPUR,Ratanpur,25.279794000000003,86.57608,,,True
RPV,Rajapatti,26.1808149265,84.80838331540001,Bihar,NER,True
RPZ,Rana Pratap Nagar,24.582417,73.72805600000001,Rajasthan,NWR,True
RRB,Birur,13.591101,75.974749,Karnataka,SWR,True
RRGA,Rangareddy Guda,16.901936,78.18083299999999,,,True
RRL,Rewral,21.261121,79.468096,,,True
RRME,Ranchi Road,23.665992000000003,85.51160300000001,,ECR,True
RRP,Rairangpur,22.440956,86.16420749999999,Orissa,SER,True
RRS,Raghuraj Singh,26.255836,80.87966899999999,Uttar Pradesh,NR,True
RRU,Rayaru,26.307454,78.12986400000001,,,True
RSG,Ramsagar,23.106248,87.277063,West Bengal,SER,True
RSH,Ratanshahar,28.158119435028283,75.52398098632693,Rajasthan,NWR,True
RSJ,Rayser,24.915225999999997,77.549884,Madhya Pradesh,WCR,True
RSMN,Ramgovindsingh Mahuli Halt,25.5318741843,85.11323059809999,,?,True
RSNR,Rai Singh Nagar,29.535956,73.450472,Rajasthan,NWR,True
RSR,Rasra,25.861714,83.85785,,,True
RSWT,Ramgarh Shekhawati,28.169397,74.993046,Rajasthan,NWR,True
RSYI,Rasayani,18.894001999999997,73.151919,Maharashtra,CR,True
RTA,Ruthiyai Junction,24.531922,77.175827,,,True
RTGH,Ratangarh,28.0665867073,74.6236025668,Rajasthan,NWR,True
RTI,Raoti,23.183572,74.87867399999999,,,True
RTM,Ratlam,23.34038,75.050826,,,True
RTN,Retang,20.199417999999998,85.760851,,,True
RTP,Ratanpura,25.921924,83.744472,,,True
RTWS,Rahatwas,24.522934000000003,77.83266,,,True
RU,Renigunta,13.636261,79.50628999999999,,,True
RUB,Rasulabad,25.826999,80.977088,,,True
RUI,Rukni,23.551806,86.548025,West Bengal,SER,True
RUPC,Rudrapur City,28.969281,79.379212,Uttarakhand,NER,True
RUR,Ranpur,22.359871000000002,71.717303,Gujarat,WR,True
RURA,Rura,26.485377,79.908216,,,True
RV,Raver,21.222201,76.044594,Maharashtra,CR,True
RVK,Raja Bhat Khawa,26.6201438112,89.528605351,West Bengal,NFR,True
RVKH,Ravindrakhani,18.936594000000003,79.461396,,,True
RW,Rankua,,,,,False
RWJ,Rawania Dungar,25.887841,76.313705,,,True
RWL,Raiwala,30.032143,78.209877,Uttarakhand,NR,True
RWO,Ranavav,21.698214,69.726078,Gujarat,WR,True
RWTB,Rowta Bagan,26.736799,92.21490999999999,,,True
RXL,Raxaul,26.987018000000003,84.84456399999999,Bihar,ECR,True
RXM,Rooma,26.35704,80.43035699999999,,,True
RYP,Rayanapad,16.577504,80.562937,Andhra Pradesh,SCR,True
SA,Salem,11.671726000000001,78.113415,,,True
SAA,Sathiaon,26.034194,83.28731699999999,,,True
SAB,Santamagulur,16.147071,79.91505599999999,,,True
SAC,Sanichara,26.363371,78.198369,Madhya Pradesh,NCR,True
SADP,Saidapur,16.5700011556,77.2497912268,,,True
SAG,Sangrur,30.2437913998,75.8305174701,Punjab,NR,True
SAGM,Sagma,24.622107,80.828347,Madhya Pradesh,WCR,True
SAH,Saphale,19.576592,72.82182599999999,Maharashtra,WR,True
SAHA,Sarahula,,,,,False
SAK,Sak Bahadurpur,22.178375,73.559848,Gujarat,WR,True
SAL,Salwa,21.236542,79.292976,,,True
SALE,Salar,23.774579,88.111097,West Bengal,ER,True
SALI,Saheli,26.705766999999998,75.031546,Rajasthan,NWR,True
SAN,Sandila,27.059455,80.517354,,,True
SANI,Shanki,,,,,False
SANK,Sank,26.430519999999998,78.059751,,,True
SANR,Sardarnagar,26.700858999999998,83.494054,,,True
SAO,Sagoni,23.811896152499997,79.8114389709,,,True
SAP,Sattenapalle,16.405018,80.152704,,,True
SAPE,Sape Wamane,18.085549,73.356471,Maharashtra,KR,True
SAS,Sheodaspura Padampura,26.71363,75.88328200000001,,,True
SASN,Sahibzada Ajit Singh Nagar,30.666125,76.739952,Punjab,NR,True
SASR,Sausar,21.658885,78.80252499999999,Madhya Pradesh,SECR,True
SAT,Sant Road,22.7963945628,73.80040253419999,,,True
SAU,Sanand,23.024215821600002,72.3847494653,,,True
SAV,Savda,21.111116,75.91065900000001,Maharashtra,CR,True
SAW,Suriawan,25.461039999999997,82.423665,,,True
SAY,Sayama,,,,,False
SBB,Sahibabad,28.674037,77.364182,,,True
SBBJ,Sri Bala Bramareshwara Jogulamba,15.915692,78.04160499999999,,,True
SBC,Ksr Bengaluru,12.977595,77.56808299999999,Karnataka,SWR,True
SBD,Sleemanabad Rd,23.614369,80.285208,Madhya Pradesh,WCR,True
SBDR,Sonbhadra,,,,,False
SBE,Sorbhog,26.494286000000002,90.88828099999999,,,True
SBG,Sahibganj,25.241391999999998,87.63457700000001,,,True
SBGA,Shravanabelagola,,,,,False
SBGN,Sisibargaon,,,,,False
SBH,Sulebhavi,15.912563,74.641724,Karnataka,SWR,True
SBHR,Subrahmanya Road,12.7312724613,75.5576150342,Karnataka,SWR,True
SBIB,Sabarmati Bg,,,,,False
SBLT,Shri Bhadriya Lathi,27.030421,71.515941,Rajasthan,NWR,True
SBNM,Subarnamrigi,24.27321,88.292124,West Bengal,ER,True
SBO,Sabaur,25.239083,87.045918,,,True
SBP,Sambalpur,21.4830514376,83.9603252667,,,True
SBPY,Sambalpur City,21.4770222859,84.0076171613,,,True
SBR,Sambhar Lake,26.904308,75.179915,,,True
SBRA,Sarbahara,22.710501999999998,81.91042900000001,,,True
SBRM,Sabroom,,,,,False
SBT,Sabarmati,23.077545999999998,72.58928200000001,,,True
SBTJ,Shanidev Dham Bishnathganj,,,,,False
SBV,S Bhakhtiyarpur,25.7208597875,86.5973840167,Bihar,ECR,True
SBW,Shewbabudih,23.659482,86.390668,Jharkhand,SER,True
SBZ,Siswa Bazar,27.1495669522,83.7563490747,Uttar Pradesh,NER,True
SC,Secunderabad,17.433146999999998,78.50148100000001,,,True
SCA,Salchapra,24.827278,92.671939,Assam,NFR,True
SCH,Sachin,21.077673,72.874083,Gujarat,WR,True
SCI,Sanchi,23.488096,77.735783,,,True
SCKR,Salichauka Road,22.833649,78.67629099999999,Madhya Pradesh,WCR,True
SCL,Silchar,24.830337999999998,92.786795,Assam,NFR,True
SCM,Simhachalam,17.744667,83.220449,,,True
SCMN,Simhachalam North,17.752094,83.209636,,,True
SCPR,Shyama Charanpur Hal,20.642413,85.616279,,,True
SCT,Sengottai,8.9874125,77.24185,,,True
SCV,Sukhchain,29.767847,74.99009799999999,,,True
SCY,Sachiwalay(halt),25.5962020296,85.1173521326,,,True
SD,Sidhauli,27.281001999999997,80.837587,Uttar Pradesh,NER,True
SDAH,Sealdah,22.566758,88.374713,,,True
SDB,Shahabad,17.121662999999998,76.943513,,,True
SDD,Sindhawadar,22.546528000000002,70.894135,Gujarat,WR,True
SDDN,Siddharth Nagar,,,,,False
SDE,Sadisopur,25.566169000000002,84.916992,,,True
SDF,Sudsar,28.012356,73.785795,Rajasthan,NWR,True
SDGH,Sri Dungargarh,28.070311,74.008011,Rajasthan,NWR,True
SDGM,Sardargram,23.070758,72.641987,Gujarat,WR,True
SDH,Saradhna,26.3404260124,74.5662047516,Rajasthan,NWR,True
SDI,Sagardighi,24.287789,88.105398,West Bengal,ER,True
SDL,Shahdol,23.285961999999998,81.36407299999999,,,True
SDLE,Swadinpur,24.253477999999998,87.822587,,,True
SDLP,Sadulpur,28.631138,75.386989,Rajasthan,NWR,True
SDMD,Sudamdih,23.654478,86.44032,West Bengal,SER,True
SDMK,Sidmukh,28.893890064746117,75.290472144261,Rajasthan,NWR,True
SDN,Sholavandan,10.02227,77.96508200000001,,,True
SDNR,Seydunganallur,8.639358,77.834992,Tamil Nadu,SR,True
SDRA,Sudharana,28.453681,76.425807,Haryana,NWR,True
SDS,Sadulshahr,29.902641430417788,74.17270445264876,Rajasthan,NWR,True
SDT,Sadat,25.673309,83.308384,Uttar Pradesh,NER,True
SDV,Somidevipalle,15.4534,79.038111,,,True
SDVL,Soldevanahalli,13.091395,77.490385,Karnataka,SWR,True
SEB,Son Nagar,24.882212999999997,84.22927299999999,,,True
SED,Shedbal,16.720293,74.752769,Karnataka,SWR,True
SEE,Sonpur,25.696849,85.16685100000001,,,True
SEG,Shegaon,20.801724,76.690331,,,True
SEGM,Sevagram,20.739076,78.619225,,,True
SEH,Sehore,23.215095,77.07788199999999,,,True
SEJ,Sarkhej,22.981944000000002,72.497486,Gujarat,WR,True
SELU,Selu,19.448059999999998,76.43326400000001,Maharashtra,SCR,True
SEM,Seram,17.180683000000002,77.28353,,,True
SEN,Senapura,13.717680182199999,74.6840119482,Karnataka,KR,True
SEO,Seohara,29.204807000000002,78.580977,,,True
SEP,Sodpur,22.698850999999998,88.382193,,,True
SES,Semari,24.07001,73.841822,Rajasthan,NWR,True
SEU,Sendra,26.077973999999998,74.194143,Rajasthan,NWR,True
SEY,Seoni,22.075431,79.545769,Madhya Pradesh,SECR,True
SF,Settigunta,13.87431,79.382302,,,True
SFC,Saintala,20.433878,83.335045,,,True
SFG,Subedarganj,25.439879,81.789897,,,True
SFH,Safedabad,26.8978573678,81.1166012347,,,True
SFMU,Sunam Udham Singh Wala,,,,,False
SFR,Safrai,27.029014999999998,94.942883,Assam,NFR,True
SFW,Sarangpur,23.5810641859,76.4871872211,,,True
SFX,Safilguda,17.461671,78.53311000000001,Andhra Pradesh,SCR,True
SFY,Shajapur,23.425074,76.297843,,,True
SGA,Shergarh,30.080230999999998,74.947251,Punjab,NWR,True
SGAC,Sogariya,25.230055,75.90022099999999,,,True
SGAM,Sareigram,24.039636,82.205614,Madhya Pradesh,WCR,True
SGBJ,Surgaon Banjari,21.946109,76.544215,Madhya Pradesh,WCR,True
SGD,Songadh,21.728936,71.886759,Gujarat,WR,True
SGDM,Sigadam,18.360601,83.68144099999999,,,True
SGDP,Sagadapata,21.244692,85.909396,Orissa,ECoR,True
SGE,Sankaridurg,11.445732,77.870439,,,True
SGF,Sangat,30.088059,74.83253,Punjab,NWR,True
SGG,Sultanganj,25.24085,86.736175,,,True
SGJ,Safdarganj,26.914454,81.36116,,,True
SGKM,Srungavruksham,16.543756,81.601906,Andhra Pradesh,SCR,True
SGL,Sagauli,26.758187,84.73934,Bihar,ECR,True
SGLA,Sangola,17.435563000000002,75.187581,Maharashtra,CR,True
SGNR,Shri Ganganagar,29.931792,73.87141700000001,Rajasthan,NWR,True
SGO,Saugor,23.84735,78.74292,,,True
SGP,Sohagpur,22.693813,78.194338,Madhya Pradesh,WCR,True
SGR,Sangameshwar Road,17.201998999999997,73.546234,Maharashtra,KR,True
SGRA,Sangaria,29.792507999999998,74.466053,Rajasthan,NWR,True
SGRD,Saragaon Road  Halt,22.019979,82.743775,,,True
SGRL,Singrauli,24.204257000000002,82.642735,Madhya Pradesh,ECR,True
SGS,Shoghi,31.038759000000002,77.12423700000001,Himachal Pradesh,NR,True
SGUJ,Siliguri,26.723204,88.413663,West Bengal,NFR,True
SGV,Saragchni,24.01772,88.244037,West Bengal,ER,True
SGZ,Shamgarh,24.191141000000002,75.642842,,,True
SHAN,Srinivasa Nagar,17.9099557799,78.4619205481,Andhra Pradesh,SCR,True
SHC,Saharsa,25.875207999999997,86.594953,Bihar,ECR,True
SHDM,Shahbad Marknda,30.166186,76.861554,,,True
SHDR,Shadhoragaon,24.633366,77.584671,,,True
SHE,Seoraphuli,22.774749,88.328809,,,True
SHF,Shirud,20.735376,74.876271,Maharashtra,CR,True
SHG,Shahganj,26.061399,82.679662,,,True
SHGN,Shri Ghasinagar,27.086514837299998,76.6268054126,,,True
SHH,Shapur,21.478281,70.37105700000001,Gujarat,WR,True
SHK,Sheikpura,25.132088,85.854024,Bihar,ECR,True
SHM,Shalimar,22.555508,88.315615,West Bengal,SER,True
SHMI,Shiroor,13.930712,74.59396600000001,Karnataka,KR,True
SHN,Suchan Kotli,29.515832999999997,75.170322,Haryana,NWR,True
SHNR,Shadnagar,17.064646,78.213273,,,True
SHR,Sihora Road,23.467136,80.110265,Madhya Pradesh,WCR,True
SHRN,Sant Hirdaram Nagar,,,,,False
SHSK,Saharsrakund,19.402665,78.00795299999999,Maharashtra,SCR,True
SHTT,Silghat Town,26.608902,92.929931,Assam,NFR,True
SHU,Sholinghur,13.013974,79.484589,,,True
SHV,Shivani,13.8111396742,76.0582362866,Karnataka,SWR,True
SHZ,Summer Hill,31.107469,77.138165,Himachal Pradesh,NR,True
SIA,Shivlankha,23.380465,70.620232,,,True
SID,Siddhpur,23.918067,72.367959,Gujarat,WR,True
SIDG,Siddapur,,,,,False
SIE,Siddampalli,13.160644999999999,79.137135,,,True
SII,Sitimani,16.31992,75.865598,Karnataka,SWR,True
SIKD,Sikroda Kwanri,26.569564,77.96285300000001,,,True
SIKR,Sikar,27.616275,75.15337799999999,Rajasthan,NWR,True
SIL,Sakhi Gopal,19.942882,85.816074,,,True
SILO,Silao,25.078598999999997,85.434638,Bihar,ECR,True
SINA,Sri Nagar,,,,,False
SINI,Sini,22.78946,85.94702600000001,,,True
SIOB,Samakhiali B G,23.309819,70.503394,,,True
SIP,Suraimanpur,25.80918,84.48002199999999,,,True
SIPA,Singhookharia,22.498243000000002,85.795126,Jharkhand,SER,True
SIPR,Sihapar,26.757903231,83.16487227660001,,,True
SIPT,Siddipet,,,,,False
SIR,Sirhind,30.624222,76.383194,,,True
SIRD,Sird,27.5544208128,72.5964046204,Rajasthan,?,True
SIW,Shiravade,17.3606825795,74.1573548438,Maharashtra,CR,True
SJL,Sgm Jagarlamudi,16.246589,80.570521,Andhra Pradesh,SCR,True
SJN,Sanjan,20.19165,72.820594,Gujarat,WR,True
SJP,Shujalpur,23.381235999999998,76.72347500000001,,,True
SJQ,Surajpur Road,23.289233,82.880146,Chhattisgarh,SECR,True
SJS,Shamlaji Road,23.621619,73.335655,Gujarat,NWR,True
SJT,Shujaatpur,25.605607000000003,81.401934,,,True
SK,Saakhun,26.7380786343,75.0911894116,Rajasthan,NWR,True
SKA,Sikandra Rao,27.684085999999997,78.387573,,,True
SKAP,Skpara,23.971989,91.94712,Tripura,NFR,True
SKAR,Sakariya,24.607481,80.90078,,,True
SKB,Shikohabad,27.085686,78.57495499999999,,,True
SKEN,Sukhshena Halt,25.790577,87.111962,,?,True
SKF,Sakhoti Tanda,29.192626,77.71804900000001,Uttar Pradesh,NR,True
SKGH,Saktesgarh,24.999741,82.821887,Uttar Pradesh,NCR,True
SKHK,Sukhasan Kothi Halt,25.841387,87.15210099999999,Bihar,ECR,True
SKHV,Sukhovi,,,,,False
SKI,Sakri,26.208947000000002,86.078137,,,True
SKIP,Shikaripara,,,,,False
SKJ,Sahibpur Kamal,25.4270372397,86.4001292639,Bihar,ECR,True
SKKE,Sekerkote,,,,,False
SKLI,Sukli,21.677859,79.683653,,,True
SKLR,Sakleshpur,12.945368,75.778745,Karnataka,SWR,True
SKM,Singarayakonda,15.253117999999999,80.027126,,,True
SKN,Srikrishn Nagar,25.88403,82.447803,,,True
SKND,Sukinda Road,20.971268,86.05375,Orissa,ECoR,True
SKP,Shankarpalli,17.450825,78.131116,,,True
SKQ,Sikandarpur,28.247759000000002,77.783931,,,True
SKRI,Sikaria,25.5633290199,84.34768584109999,,,True
SKS,Salekasa,21.30163,80.493224,,,True
SKT,Sakti,22.011785000000003,82.956526,,,True
SKTN,Shaktinagar,24.122899,82.704734,Uttar Pradesh,ECR,True
SKZR,Sirpur Kaghaznagar,19.345659,79.489201,,,True
SL,Surathkal,12.989191,74.80617699999999,Karnataka,KR,True
SLB,Salboni,22.640971,87.321899,West Bengal,SER,True
SLD,Sakaldiha,25.331472,83.289193,,,True
SLF,Silli,23.351563397099998,85.82812938660001,,,True
SLGE,Sulerjavalge,17.45892,75.974841,Karnataka,SWR,True
SLGR,Simaluguri,26.917281,94.756816,Assam,NFR,True
SLI,Sangli,16.858669000000003,74.588939,Maharashtra,CR,True
SLJ,Sakrigali,25.243358999999998,87.715967,,,True
SLKR,Salka Road,22.36745,82.010606,,,True
SLKX,Salakati,26.44577,90.357339,,,True
SLM,Somalapuram,14.914015000000001,76.86885600000001,Andhra Pradesh,SWR,True
SLN,Sultanpur,26.263027,82.066106,,,True
SLNA,Salauna,25.603476,86.260279,,,True
SLO,Samalkot,17.044827,82.168724,,,True
SLR,Salogra,30.934311,77.130516,Himachal Pradesh,NR,True
SLRA,Sarala,21.511822,84.017534,,,True
SLRD,Surla Road,19.177016000000002,84.719145,,,True
SLS,Salanpur,23.760355,86.876395,,,True
SLW,Sohwal,26.753048,81.983837,,,True
SLX,Seleng Hat,26.783438032899998,94.4827626898,Assam,NFR,True
SLY,Samalpatti,12.311594,78.484032,,,True
SM,Samsi,25.276197,88.00975700000001,,,True
SMAE,Samudra Garh,23.335767,88.324967,West Bengal,ER,True
SMAP,Shamnapur,,,,,False
SMBL,Simbhooli,28.765190999999998,77.98347199999999,,,True
SMBX,Samba,32.528358000000004,75.120256,Jammu and Kashmir,NR,True
SMCP,Simen Chapari,,,,,False
SMD,Cheran Mahadevi,,,,,False
SMDP,Shahabad Mdpur,28.560927,77.071838,Delhi NCT,NR,True
SME,Shimoga,13.927613,75.592671,Karnataka,SWR,True
SMET,Shimoga Town,13.943036999999999,75.583174,Karnataka,SWR,True
SMF,Samar Gopalpur,28.9608890803,76.51864460750001,Haryana,NR,True
SMI,Sitamarhi,26.594374000000002,85.504707,,,True
SMK,Samalkha,29.240172,77.003034,,,True
SML,Shimla,31.102794,77.159932,Himachal Pradesh,NR,True
SMLA,Samlaya,22.483966,73.302104,,,True
SMLG,Shimili Guda,18.303639999999998,82.95710500000001,Andhra Pradesh,ECoR,True
SMNE,Somatne,18.952233,73.145524,Maharashtra,CR,True
SMO,Semapur,25.524483,87.47044100000001,,,True
SMP,Shambhupura,24.771439,74.641918,Rajasthan,WR,True
SMPA,Shyampura,25.222941000000002,75.233108,Rajasthan,WCR,True
SMPR,Shri Madhopur,27.457628,75.59829400000001,Rajasthan,NWR,True
SMQL,Shamli,29.444596999999998,77.316231,Uttar Pradesh,NR,True
SMR,Samdhari,25.837202,72.57300699999999,Rajasthan,NWR,True
SMRL,Samarala,30.824281,76.18245499999999,,,True
SMRR,Sumreri,24.006945,78.399411,,,True
SMT,Salamatpur,23.461639,77.67275,,,True
SMTL,Simariatal,25.9219956094,78.3042595734,,,True
SMVB,Smvt Bengaluru,,,,,False
SMVJ,Shri Mahaveerji,,,,,False
SMX,Simurali,23.041337,88.51016399999999,West Bengal,ER,True
SMZ,Sarai Mir,26.0281419,82.9239538,,,True
SNA,Sadanapura,22.602487999999997,73.01247500000001,Gujarat,WR,True
SNAR,Srinagar,25.3640471585,75.5690913623,Rajasthan,WCR,True
SNC,S Narayan Chhapia,26.9810021017,82.3961659851,,,True
SNCA,Singra,25.984617,91.143131,,,True
SNDD,Sindhudurg,16.111322,73.67934,Maharashtra,KR,True
SNF,Sanatnagar,17.4616070935,78.4359471722,,,True
SNGN,Sanganer,26.814113,75.772245,,,True
SNGR,Sanganapur,19.188596,76.7364,Maharashtra,SCR,True
SNH,Saunshi,15.206786,75.295781,Karnataka,SWR,True
SNI,Sindi,20.816446,78.883342,,,True
SNIE,Sath Naraini,25.795325,81.03942,,,True
SNK,Sindkheda,21.234022,74.73536700000001,,,True
SNKB,Sonkhamb,21.274259,78.725612,,,True
SNKG,Sankaragummanur Halt,15.167166,77.235523,Andhra Pradesh,SCR,True
SNKL,Sankarankovil,9.176539,77.525924,,,True
SNKR,Sanka,23.52693,86.616164,West Bengal,SER,True
SNL,Sanahwal,30.837436,75.9795,,,True
SNLR,Santalpur,23.759161000000002,71.181545,Gujarat,WR,True
SNM,Sitanagaram,18.672547,83.375524,,,True
SNN,Sonegaon,20.629319,78.709706,,,True
SNNR,SNNR,,,,,False
SNP,Sonipat,28.989423000000002,77.017343,,,True
SNPR,Singarpur,27.116202,77.72370699999999,Rajasthan,NCR,True
SNPU,Sonepur,,,,,False
SNQ,Sankarpur,24.427623,86.637552,,,True
SNRR,Sansarpur,23.6789703455,80.3473074512,Madhya Pradesh,WCR,True
SNS,Sasni,27.704263607599998,78.1224601752,,,True
SNSI,Sainagar Shirdi,19.780792299999998,74.4806877,Maharashtra,CR,True
SNSL,Sonshelu,21.274379,74.66225600000001,,,True
SNT,Sainthia,23.949741,87.68120499999999,,,True
SNTD,Santaldih,23.596660999999997,86.48312299999999,West Bengal,SER,True
SNX,Saneh Road,29.689652272500002,78.4494025903,Uttar Pradesh,NR,True
SOA,Sanosara,21.748110299,71.7894786566,Gujarat,WR,True
SOAE,Somra Bazar,23.13916,88.433032,West Bengal,ER,True
SOB,Silanibari,,,,,False
SOD,Sojat Road,25.862203,73.75567199999999,Rajasthan,NWR,True
SOG,Suratgarh,29.324152,73.90724800000001,Rajasthan,NWR,True
SOGR,Sagra,22.153756,84.459478,,,True
SOJN,Sihor Gujarat,21.724798000000003,71.957197,Gujarat,WR,True
SOL,Solan,30.907937,77.097531,Himachal Pradesh,NR,True
SOM,Somna,28.052674,77.948193,,,True
SONH,Seonan Halt,25.285709039300002,85.01186038569999,,?,True
SONI,Soni,26.527305000000002,78.55522599999999,Madhya Pradesh,NCR,True
SOQ,Sompur Road,15.421498999999999,75.87207,Karnataka,SWR,True
SOR,Sonagir,25.730668,78.409099,,,True
SORO,Soro,21.291083999999998,86.69253900000001,,,True
SOS,Somesar,25.520225999999997,73.450999,Rajasthan,NWR,True
SOT,Shohratgarh,27.374710999999998,82.96929300000001,Uttar Pradesh,NER,True
SOU,Supaul,26.117556999999998,86.603023,Bihar,ECR,True
SPC,Sitapur City,27.583612,80.679695,,,True
SPDM,Singhpur Dumra,25.065781416,79.8964954901,Madhya Pradesh,NCR,True
SPE,Sullurupeta,13.696463,80.018161,,,True
SPF,Stuartpuram,15.868003,80.406913,,,True
SPGR,Sampige Road,13.270203,76.760983,Karnataka,SWR,True
SPJ,Samastipur,25.858304,85.78736,,,True
SPK,Sapekhati,27.110416,95.160918,Assam,NFR,True
SPLE,Sujnipara,24.571584,88.03679699999999,West Bengal,ER,True
SPN,Shahjehanpur,27.894224,79.904605,,,True
SPP,Shahpur Patoree,25.639425999999997,85.5813,Bihar,ECR,True
SPRD,Singapuram Road,19.258673,83.403066,,,True
SPRM,Sitapuram,18.814443,83.982854,Orissa,ECoR,True
SPT,Sompeta,18.981296999999998,84.58149999999999,,,True
SPTR,Silapathar,,,,,False
SPWI,Solapurwadi,,,,,False
SPX,Sapatgram,26.334709,90.10955799999999,Assam,NFR,True
SPYA,Sipaya,26.564981,84.326498,,,True
SPZ,Sampla,28.781933000000002,76.773299,Haryana,NR,True
SQF,Sukritipur,24.913078000000002,92.582849,Assam,NFR,True
SQL,Sontalai,22.613017999999997,77.94977499999999,Madhya Pradesh,WCR,True
SQN,Sarai Kansrai,25.516633,82.34519800000001,,,True
SQQ,Salagaon,20.56434,85.957487,,,True
SQR,Sultanpur Lodi,31.211713,75.203016,Punjab,NR,True
SQW,Sidhwalia,26.333838,84.666995,Bihar,NER,True
SRAS,Siras,26.2571138478,76.00108138670001,,,True
SRBA,Saragbundia,22.212297,82.732324,Chhattisgarh,SECR,True
SRBH,Shahid Ramphal,,,,,False
SRC,Santragachi,22.58393,88.284011,,,True
SRE,Saharanpur,29.960529,77.54173899999999,,,True
SRF,Sagar Jambagaru,14.142728,75.15471199999999,Karnataka,SWR,True
SRGH,Surajgarh,28.30168415387253,75.73429978452623,Rajasthan,NWR,True
SRGM,Srirangam,10.857918,78.696348,,,True
SRGP,Saragipali,20.98404,84.565386,,,True
SRGR,Saraygarh,,,,,False
SRGT,Surendranagar G,22.734565,71.636053,Gujarat,WR,True
SRID,Sridham,23.033843,79.484397,Madhya Pradesh,WCR,True
SRJ,Shankargarh,25.1813005966,81.6190324237,Madhya Pradesh,NCR,True
SRJM,Sirjam,23.403864,86.83509699999999,West Bengal,SER,True
SRJN,Sirajnagar,23.818590999999998,88.27076000000001,West Bengal,ER,True
SRKI,Semarkheri,24.288941,78.177733,,,True
SRKR,Salarkhurd,26.447388357799998,84.273451449,,,True
SRNK,Soron Shukar Kshetra,27.883353999999997,78.748458,Uttar Pradesh,NER,True
SRNM,Sriramnagar H,,,,,False
SRNR,Sriramnagar,16.306568,77.865894,,,True
SRNT,Sarnath,25.375998,83.032634,Uttar Pradesh,NER,True
SRO,Sirathu,25.650642,81.31786,,,True
SRP,Serampore,22.753967999999997,88.338031,,,True
SRPJ,Swarupganj,24.6581702628,72.9319259351,Rajasthan,NWR,True
SRPM,Siripuram,16.412602999999997,80.295123,,,True
SRPN,Sripani,,,,,False
SRR,Shoranur,10.758854999999999,76.27219600000001,,,True
SRRG,Surergoth,27.18282,76.605353,Rajasthan,NWR,True
SRSI,Sarsi,25.86331602863504,87.28521798737347,Bihar,ECR,True
SRT,Satur,9.357545,77.92156999999999,Tamil Nadu,SR,True
SRTL,Cherthala,9.690992,76.325151,,,True
SRTN,Sibsagar Town,26.989967999999998,94.643517,Assam,NFR,True
SRU,Salempur,26.298048,83.923271,Uttar Pradesh,NER,True
SRVX,Suravali (h),15.291947,73.939328,Goa,KR,True
SRW,Shri Karanpur,29.844419000000002,73.458716,Rajasthan,NWR,True
SRWN,Saraswati Nagar,21.251382,81.603905,,,True
SRY,Sirari,25.132853,85.952587,Bihar,ECR,True
SSA,Sirsa,29.539153,75.034944,Haryana,NWR,True
SSB,Shakurbasti,28.680227328700003,77.1299115857,Delhi NCT,NR,True
SSD,Shamsabad,27.469911999999997,79.438167,,,True
SSDT,Shamshabad Town,,,,,False
SSIA,Suisa,23.196775,85.909013,,,True
SSKL,Suskal,22.316377000000003,73.806077,Gujarat,?,True
SSL,Sirsaul,26.297301,80.462852,,,True
SSM,Sasaram,24.955926,84.019423,,,True
SSN,Sason,21.5595350543,84.03917034669999,,,True
SSNH,Shri Sharada Nagar,13.260739,76.454627,Karnataka,SWR,True
SSNS,Shaeed Suraj Naryan Singh,26.2010198369,86.04289692260001,,,True
SSPD,Sadashivapet Rd,17.4835646427,77.8728203638,Andhra Pradesh,SCR,True
SSPN,Sai P Nilayam,14.160468,77.757559,,,True
SSPR,Sadashibapur,20.735286,85.504693,,,True
SSU,Sasa Musa,26.527558,84.357082,,,True
SSV,Sasvad Road,18.4732023111,73.9546461121,Maharashtra,CR,True
ST,Surat,21.206568,72.840793,,,True
STA,Satna,24.568619,80.827717,Madhya Pradesh,WCR,True
STBJ,Sitabinj,21.500203,85.79053,Orissa,ECoR,True
STD,Satrod,29.108936,75.82118,Haryana,NWR,True
STF,Sikta,27.024365,84.680541,Bihar,ECR,True
STJT,Sathajagat,25.631007269799998,85.86778899539999,,,True
STKT,Sasthankotta,9.0323103106,76.59888294679999,,,True
STL,Simultala,24.713365,86.541782,,,True
STLI,Sithouli,26.145594,78.18700399999999,,,True
STLR,Sitalpur,25.768739999999998,85.03663800000001,,,True
STN,Sitarampur,23.723864,86.896472,,,True
STNL,Satnali,28.382338,75.966232,Haryana,NWR,True
STP,Sitapur,27.558728,80.697762,Uttar Pradesh,NER,True
STPD,Sitafal Mandi,17.428339,78.520289,,,True
STR,Satara,17.688361,74.063727,Maharashtra,CR,True
STRB,Santir Bazar,,,,,False
STSN,Shaitansinghanagar,27.052218,72.468139,Rajasthan,NWR,True
STW,Sahatwar,25.827831,84.295491,,,True
SUAL,Saundal (h),,,,,False
SUBR,Subhagpur,27.26251,82.01764299999999,Uttar Pradesh,NER,True
SUD,Sudhani,25.727853611399997,87.87948867189999,,,True
SUI,Sui,28.8992313011,76.0614295142,,,True
SUJH,Sujangarh,27.708763,74.463659,Rajasthan,NWR,True
SUKU,Suku,18.714329,82.726061,Orissa,ECoR,True
SUL,Suldhal,16.001728105999998,74.67814298520001,Karnataka,SWR,True
SUNR,Surendranagar,22.7443,71.630056,Gujarat,WR,True
SUP,Shrungavarpukta,18.116239,83.132531,Andhra Pradesh,ECoR,True
SUR,Solapur,17.664496,75.893401,,,True
SURI,Siuri,23.890185,87.5327,West Bengal,ER,True
SURL,Sureli,26.118939,76.077102,,,True
SUZ,Subansiri,,,,,False
SV,Siwan,26.210724000000003,84.359267,,,True
SVA,Suwasra,24.069844,75.64834400000001,,,True
SVC,Siwan Kachari,26.226705,84.34871700000001,Bihar,NER,True
SVDK,Shri Mata Vaishno Devi Katra,32.982814,74.935736,,,True
SVG,Sawalgi,17.339489999999998,76.71113700000001,,,True
SVGA,Sivaganga,9.852970000000001,78.49906899999999,Tamil Nadu,SR,True
SVH,Sonadanga,23.636393,88.354092,West Bengal,ER,True
SVHE,Sisvinhalli,15.4300360491,75.3193615509,Karnataka,SWR,True
SVJR,Shivaji Nagar,18.531738,73.851147,,,True
SVKD,Savarkundla,21.335082,71.31266699999999,Gujarat,WR,True
SVKS,Sivakasi,9.463321,77.78924400000001,,,True
SVL,Sevaliya,22.807897,73.344328,Gujarat,WR,True
SVM,Sanvordem (kudchade),15.264064,74.10866,Goa,SWR,True
SVNR,Savanur,14.9617089325,75.4063188531,Karnataka,SWR,True
SVPI,Shivpuri,25.438444,77.638246,Madhya Pradesh,WCR,True
SVPR,Srivilliputtur,9.497497,77.64494,,,True
SVQ,Sivok,26.880144,88.468742,West Bengal,NFR,True
SVRP,Shivanarayanpur,25.2937259592,87.3330938318,,,True
SVV,Srivaikuntam,8.622475999999999,77.906323,Tamil Nadu,SR,True
SVX,Sawarda,17.405007,73.515528,Maharashtra,KR,True
SWA,Sahjanwa,26.763075,83.2147,,,True
SWC,Shivrampur,25.219375000000003,80.82678299999999,Uttar Pradesh,NCR,True
SWD,Sanawad,22.17581,76.074567,Madhya Pradesh,WR,True
SWJ,Siajuli,,,,,False
SWM,Sawai Madhopur,26.018279,76.35622,,,True
SWNI,Siwani,28.9148353709,75.6040669287,Rajasthan,NWR,True
SWO,Sonwara,30.894075,77.004229,Himachal Pradesh,NR,True
SWPR,Sewapuri,25.35077,82.76954900000001,,,True
SWR,Sonua,22.576498,85.464081,,,True
SWRT,Sahawar Town,27.794835,78.831344,,,True
SWV,Sawantwadi Road,15.866512,73.785308,Maharashtra,KR,True
SXA,Sagphata,21.574033,76.392141,,,True
SXB,Sambre,15.891067999999999,74.593121,Karnataka,SWR,True
SXN,Sonakhan,22.166579000000002,84.519562,,,True
SXT,Salem Town,11.660046,78.162096,,,True
SY,Sirkazhi,11.240305,79.726353,Tamil Nadu,SR,True
SYA,Salaia,23.8460764217,79.96911659119999,,,True
SYC,Sarai Chandi,25.5394209652,81.97958463810001,Uttar Pradesh,NR,True
SYL,Salpura,24.773701,76.733005,Rajasthan,WCR,True
SYM,Savalyapuram,16.102801,79.81953,,,True
SYN,Sayan,21.317203,72.890287,,,True
SYWN,Saiyid Sarawan,25.494982,81.613788,,,True
SZB,Sarona Cabin,21.2532719083,81.5736163281,,,True
SZM,Subzi Mandi,28.668683,77.199696,,,True
SZR,Sarupathar,26.195595,93.862021,Assam,NFR,True
SZY,Silak Jhori,18.982188,81.672904,Chhattisgarh,ECoR,True
SZZ,Sabira,21.236882,86.62923699999999,,,True
TA,Tanur,10.97954,75.880597,Kerala,SR,True
TAA,Tadla Pusapalli,17.626312868499998,79.9541837128,Andhra Pradesh,SCR,True
TABU,Talaburu,22.358169,85.75594199999999,Jharkhand,SER,True
TAC,Taticherla,14.7483502106,77.59500059450001,,,True
TADA,Tada,13.587948,80.035435,,,True
TAE,Tadali,20.034835,79.187503,,,True
TAKU,Taku,22.5155599418,77.8158087866,,,True
TALL,Tall,25.3787000521,85.9546829749,,,True
TAN,Tarana Road,23.264582,76.06701699999999,,,True
TAO,Tamna,23.268988,86.352313,,,True
TAP,Tapang,20.052879,85.580989,,,True
TAPA,Tapa,30.302839,75.366053,Punjab,NR,True
TAR,Tharsa,21.256602,79.41467,,,True
TAS,Thasra,22.797769,73.221682,Gujarat,WR,True
TAT,Tummanamgutta,13.707414,78.37926300000001,Andhra Pradesh,SCR,True
TATA,Tatanagar,22.768954,86.20056000000001,,,True
TAZ,Targaon,17.514242,74.155817,Maharashtra,CR,True
TBA,Timba Road,22.781628,73.385859,Gujarat,WR,True
TBAE,Tribeni,22.990357999999997,88.398096,West Bengal,ER,True
TBB,Tilbhita,24.677287999999997,87.842581,,,True
TBH,Tatibahar,,,,,False
TBL,Tarcherra Brlrm,27.205008000000003,77.104134,,,True
TBM,Tambaram,12.926035689399999,80.1191573807,,,True
TBN,Timarni,22.375860000000003,77.2294,Madhya Pradesh,WCR,True
TBT,Talbahat,25.039255,78.414552,,,True
TBV,Timbarva,21.146312,73.144398,,,True
TCL,Tyakal,12.984096000000001,78.070518,,,True
TCN,Tiruchendur,8.501774,78.117118,Tamil Nadu,SR,True
TCR,Thrisur,10.514790000000001,76.207919,,,True
TDD,Tadepalligudem,16.809960999999998,81.526314,,,True
TDL,Tundla,27.207747,78.233285,,,True
TDLE,Tildanga,24.786749,87.873801,,,True
TDN,Tiruparankundram,9.879446999999999,78.065958,,,True
TDO,Tanda Urmar,31.672179,75.637595,Punjab,NR,True
TDPR,Tiruppadiripuliyur,11.748883,79.753349,Tamil Nadu,SR,True
TDU,Tandur,17.25044,77.585037,,,True
TEA,Taregna,25.3552301906,85.038112915,Bihar,ECR,True
TEK,Tekkali Ph,18.605282,84.231178,Andhra Pradesh,ECoR,True
TEL,Tenali,16.242409000000002,80.640413,,,True
TELO,Telo,23.811038,86.13389199999999,,,True
TELY,Telia,24.8058876,87.0262456,Bihar,?,True
TEN,Tirunelveli,8.73636,77.707979,Tamil Nadu,SR,True
TENI,Teni,,,,,False
TEO,Teegaon,21.637046,78.460308,,,True
TET,Tetulmari,23.814441,86.34357,,,True
TETA,Telta,25.806579,87.84221,,,True
TFGN,Tufanganj,26.303308,89.667639,,,True
TGA,Teghra,25.511020000000002,85.941774,,,True
TGBP,Thingou,,,,,False
TGL,Tuggali,15.310975000000001,77.53014599999999,Andhra Pradesh,SCR,True
TGM,Tangarmunda,22.09407,84.35861200000001,,,True
TGN,Talegaon,18.734829,73.67201399999999,,,True
TGP,Tuljapur,20.800701,78.808237,,,True
TGQ,Tenganmada,22.507027,81.99575,,,True
TGRL,Tangiri Apal,21.164083,85.925812,Orissa,ECoR,True
TGU,Tarigoppula,16.485676,80.836307,Andhra Pradesh,SCR,True
TH,Tinich,26.882281000000003,82.639707,,,True
THA,Tehta,25.1130684669,84.98502287230001,Bihar,ECR,True
THAN,Than,22.578960000000002,71.20653300000001,Gujarat,WR,True
THB,Thana Bihpur,25.393571,86.934758,,,True
THDR,Thandla Rd,23.032708,74.666939,,,True
THE,Thawe,26.438991,84.394398,Bihar,NER,True
THEA,Thalera,25.3152769684,75.73774364929999,Rajasthan,WCR,True
THKU,Thalaku,14.450854,76.675366,Karnataka,SWR,True
THM,Thaiyat Hamira,26.992725999999998,71.077426,Rajasthan,NWR,True
THO,Tulin,23.378363,85.902125,,,True
THP,Taherpur,23.259379000000003,88.54311899999999,West Bengal,ER,True
THTW,Thailik Twisa,,,,,False
THV,Therubali,19.335826,83.42130900000001,,,True
THVM,Thivim,15.62955,73.87610400000001,Goa,KR,True
TIA,Tilaya,24.821998,85.401101,Bihar,ECR,True
TIBI,Tibi,29.54286582323833,74.50160639360547,Rajasthan,NWR,True
TIG,Titlagarh,20.284399,83.154382,,,True
TIHU,Tihu,26.471321,91.267699,,,True
TIM,Timmanacherla,15.163466000000001,77.394077,,,True
TIR,Tirur,10.917757,75.92186500000001,Kerala,SR,True
TIS,Tatisilwai,23.369844999999998,85.435706,,,True
TISI,Tisi,21.382994,74.364777,,,True
TIT,Talit,23.29331,87.819122,,,True
TIU,Tilaru,18.4704858205,84.0726809924,,,True
TIW,Tivari,26.554730000000003,72.889577,Rajasthan,NWR,True
TJ,Thanjavur,10.778085,79.138296,Tamil Nadu,SR,True
TJH,Tajgadh,22.350958,73.90478800000001,Gujarat,WR,True
TJP,Tajpur,23.2169677672,75.9235679364,,,True
TJSP,Taj Sultanpur,,,,,False
TK,Tumkur,13.333033,77.10243899999999,Karnataka,SWR,True
TKA,Teharka,25.300234,78.917318,Uttar Pradesh,NCR,True
TKB,Tupkadih,23.7136175901,86.0638904572,,,True
TKBG,Teka Bigha,25.465009000000002,85.485186,,,True
TKBN,Tsakibanda,15.163457000000001,77.178109,Andhra Pradesh,SWR,True
TKD,Tuglakabad,28.511962999999998,77.294046,,,True
TKE,Tarikere,13.710886,75.812209,Karnataka,SWR,True
TKG,Thakurganj,26.426933,88.129704,,,True
TKH,Thakurtota,21.651992,86.97071700000001,Orissa,SER,True
TKHE,Takarkhede,21.03491,75.167017,,,True
TKJ,Tilak Bridge,28.627633,77.237995,,,True
TKMG,Tikamgarh,24.7672962666,78.8406655457,,,True
TKN,Tankuppa,24.704046,85.119402,,,True
TKPL,Tikirapal Halt,21.535575,86.944638,,,True
TKQ,Trikarpur,12.142185,75.176143,Kerala,SR,True
TKR,Takari,17.129756,74.36337599999999,Maharashtra,CR,True
TKRI,Tikiri,19.177667000000003,83.09910500000001,,,True
TKRP,Tikauli Rawatpr,26.399047,80.613163,Uttar Pradesh,NR,True
TKU,Tanakallu,13.922427,78.201224,Andhra Pradesh,SCR,True
TKV,Tekanwas,,,,,False
TKWD,Tikekarwadi,17.614967,75.933458,,,True
TKYR,Tikaria,24.99538,80.86436,Madhya Pradesh,WCR,True
TLAM,Tulsi Ashram,25.3422743391,83.35123571720001,,,True
TLB,Talwa Bazar,24.694736735,86.55630277830001,,,True
TLC,Talchhapar,27.824805,74.487037,Rajasthan,NWR,True
TLD,Tilda,21.550734,81.794586,,,True
TLE,Talgaria,23.681625999999998,86.335511,Jharkhand,SER,True
TLGP,Talguppa,14.214011,74.914093,Karnataka,SWR,True
TLH,Tilhar,27.972984,79.741776,,,True
TLHD,Talcher Road,20.886651,85.207934,,,True
TLHR,Talcher,20.932262,85.200385,,,True
TLI,Tulwara Jhil,,,,,False
TLJ,Taljhari,25.0823504143,87.7416879089,,,True
TLM,Tirusulam,12.98064,80.166111,,,True
TLMR,Teliamura,23.861247,91.617734,Tripura,NFR,True
TLO,Talandu,23.009788,88.345088,,,True
TLR,Tulsipur,27.531769928899998,82.4114096783,Uttar Pradesh,NER,True
TLT,Tilati,17.503553,76.069348,,,True
TLU,Tarlupadu,15.660536,79.21946200000001,,,True
TLV,Talvadya,21.9272990641,76.4437843848,Madhya Pradesh,WCR,True
TLWA,Thalwara,26.072734999999998,85.89750699999999,,,True
TLY,Thalassery,11.75314,75.492987,Kerala,SR,True
TMA,Tamuria,26.245715,86.352761,Bihar,ECR,True
TMB,Temburu,18.633565,84.12696299999999,Andhra Pradesh,ECoR,True
TME,Tuti Melur,8.808373999999999,78.145808,Tamil Nadu,SR,True
TMKA,Tomka,21.107333,85.975352,Orissa,ECoR,True
TML,Tenmalai,,,,,False
TMQ,Tirumangalam,9.824778,77.99090199999999,,,True
TMR,Tumsar Road,21.342437,79.75141900000001,,,True
TMS,Tumsar Town Ph,21.383833000000003,79.741784,Maharashtra,SECR,True
TMV,Tindivanam,12.229410999999999,79.65133499999999,,,True
TMX,Timmapur,17.169347000000002,78.288344,,,True
TMZ,Tamluk,22.275813,87.91914399999999,West Bengal,SER,True
TN,Tuticorin,8.806109000000001,78.15535899999999,Tamil Nadu,SR,True
TNA,Thane,19.185757000000002,72.97541700000001,,,True
TNGL,Toranagallu,15.203137,76.66392400000001,Karnataka,SWR,True
TNH,Tinkheda,21.407727,78.523446,,,True
TNI,Tandarai,12.1180073562,79.1470127649,,,True
TNJR,Tajnagar,28.3853476007,76.82424935060001,,,True
TNKU,Tanuku,16.752035,81.674075,Andhra Pradesh,SCR,True
TNL,Tangla,26.658355,91.912274,,,True
TNM,Tiruvannamalai,12.238103,79.077782,Tamil Nadu,SR,True
TNR,Tanguturu,15.337535,80.033546,,,True
TNRI,Teneri Halt,25.3146062619,85.02551828,,?,True
TOD,Talod,23.351347999999998,72.94796099999999,Gujarat,WR,True
TOI,Tamkuhi Road,26.721823999999998,84.228415,,,True
TOK,Thokur,12.963579000000001,74.829167,Karnataka,KR,True
TORI,Tori,23.680808,84.739774,,,True
TP,Tiruchchirappalli Fort,10.825594,78.688891,Tamil Nadu,SR,True
TPF,Tarapith Road,24.1265252897,87.7522050836,,,True
TPH,Tinpahar,24.996925863999998,87.7438070306,,,True
TPJ,Tiruchchirappalli,10.794067,78.685355,,,True
TPK,Tipkai,26.295354,90.047264,Assam,NFR,True
TPND,Taloja Panchand,19.078901,73.087316,Maharashtra,CR,True
TPQ,Tokopal,19.007080000000002,81.878645,Chhattisgarh,ECoR,True
TPT,Tirupattur,12.497951,78.561419,,,True
TPTN,Tiruchrpali Twn,10.829084,78.702834,,,True
TPTY,Tirupati,13.62763,79.418968,,,True
TPU,Tanakpur,29.067103,80.10904500000001,Uttarakhand,NER,True
TPV,Tinpheria,26.618891,84.292251,,,True
TPW,Tirupati W Hlt,13.624534,79.404624,,,True
TPY,Tadakalpudi,17.530163,80.532205,Andhra Pradesh,SCR,True
TPZ,Tapri,29.915727999999998,77.58327200000001,Uttar Pradesh,NR,True
TQA,Takia,26.311678999999998,80.782017,Uttar Pradesh,NR,True
TQM,Telam,,,,,False
TR,Taru,20.06888,74.590775,Maharashtra,SCR,True
TRAN,Torang,23.26814,85.858638,,,True
TRB,Tiruverumbur,10.787167,78.776419,Tamil Nadu,SR,True
TRDI,Tirodi,21.688066,79.724564,Madhya Pradesh,SECR,True
TRG,Tarighat,25.571721452321867,83.60210496000946,Uttar Pradesh,ECR,True
TRJ,Tariasujan,26.653609000000003,84.270833,,,True
TRK,Tirukkovilur,11.976052306,79.22381373900001,,,True
TRKR,Turekala Road,20.563094809,82.8147164221,,,True
TRL,Tiruvallur,13.115764,79.913105,,,True
TRO,Tirora,21.415039,79.91803499999999,,,True
TRP,Tarapur,,,,,False
TRR,Taraori,29.797906,76.93858,,,True
TRS,Tarsarai,26.194364999999998,86.013311,,,True
TRT,Tiruttani,13.179217000000001,79.611386,,,True
TRTR,Tripunittura,9.9501,76.352761,,,True
TRVL,Tiruvalla,9.392148,76.580267,,,True
TRWT,Taravata,24.74613,77.381391,Madhya Pradesh,WCR,True
TSAH,Tatasigua,23.7745106829,86.3316696973,Jharkhand,SER,True
TSD,Tahsil Bhadra,29.101436164956112,75.16145411878824,Rajasthan,NWR,True
TSF,Tahsil Fatehpur,27.168445000000002,81.203969,,,True
TSI,Tenkasi,8.963993,77.30733799999999,,,True
TSK,Tinsukia,27.4864,95.356367,Assam,NFR,True
TSL,Taksal,30.845271,76.954267,Himachal Pradesh,NR,True
TSR,Tsunduru,16.157497,80.58648699999999,,,True
TTB,Titabar,26.602048,94.199758,Assam,NFR,True
TTL,Tiruttangal,9.4772991528,77.8108864374,,,True
TTP,Tiruturaipundi,,,,,False
TTPT,Talcher Thermal Ph,20.905032,85.21712600000001,,,True
TTR,Tiptur,13.256152,76.475987,Karnataka,SWR,True
TU,Tadipatri,14.907558000000002,77.978985,,,True
TUA,Tirunnavaya,10.874721,75.985675,Kerala,SR,True
TUL,Tiraldih,23.132246,85.930834,,,True
TUN,Tohana,29.7266,75.904581,Haryana,NR,True
TUNI,Tuni,17.361079999999998,82.542462,,,True
TUP,Tiruppur,11.108906,77.341247,,,True
TUV,Tuvvur,11.120495,76.282913,Kerala,SR,True
TUVR,Turavur,9.772809,76.309979,,,True
TUWA,Tuwa,22.800702,73.463163,Gujarat,WR,True
TUX,Tunia,22.540308999999997,85.426059,,,True
TVC,Thiruvananthapuram Central,8.486679,76.95120999999999,,,True
TVG,Tavargatti,15.414853643999999,74.6628751227,Karnataka,SWR,True
TVI,Taradevi,31.0758,77.139253,Himachal Pradesh,NR,True
TVL,Tadwal,17.393190999999998,75.975729,Maharashtra,SWR,True
TVP,Trivandrum Pett,8.494524,76.931673,,,True
TVR,Thiruvarur,10.764347,79.63389799999999,Tamil Nadu,SR,True
TWB,Talwandi,30.861364000000002,74.92363399999999,Punjab,NR,True
TWG,Twining Ganj,25.568766,84.218022,,,True
TWV,Thuwavi,22.153761,73.381517,Gujarat,WR,True
TYAE,Tenya,23.822157,88.148864,West Bengal,ER,True
TZR,Turki Road,24.548879000000003,81.11757300000001,Madhya Pradesh,WCR,True
UA,Upleta,21.746916,70.282434,Gujarat,WR,True
UAA,Uppala,12.6698,74.906488,Kerala,SR,True
UAM,Udagamandalam,11.404584999999999,76.694727,Tamil Nadu,SR,True
UB,Uska Bazar,27.189993,83.12594999999999,Uttar Pradesh,NER,True
UBC,Ambala City,30.378497,76.763996,,,True
UBL,Sss Hubballi,15.350302000000001,75.148104,Karnataka,SWR,True
UBR,Umbargam Road,20.153499,72.79082100000001,Gujarat,WR,True
UCA,Uchana,29.466064000000003,76.178544,Haryana,NR,True
UCR,Unchahar,25.902315,81.30014299999999,Uttar Pradesh,NR,True
UD,Udupi,13.336341000000001,74.771733,Karnataka,KR,True
UDGR,Udgir,18.3906018255,77.1099430353,Maharashtra,SCR,True
UDL,Andal,23.579012000000002,87.181194,,,True
UDN,Udhna,21.171156,72.851461,,,True
UDPR,Udaipura,24.775688911699998,78.65148636960001,,,True
UDPU,Udaipur,,,,,False
UDR,Amdara,24.099500875799997,80.5779045111,Madhya Pradesh,WCR,True
UDT,Udumalaippettai,,,,,False
UDZ,Udaipur City,24.566862,73.699632,Rajasthan,NWR,True
UGD,Uppugunduru,15.650668,80.194463,,,True
UGNA,Ugna Halt,26.2506466399,86.0925137378,,,True
UGR,Ugar Khurd,16.669705,74.822126,Karnataka,SWR,True
UHL,Una Himachal,31.478782000000002,76.27566,Himachal Pradesh,NR,True
UHR,Unchhera,24.38137,80.79457,Madhya Pradesh,WCR,True
UJ,Ujalvav,21.905096,71.705115,Gujarat,WR,True
UJA,Unjha,23.796456,72.381669,Gujarat,WR,True
UJH,Ujhani,27.995236,79.01491,Uttar Pradesh,NER,True
UJN,Ujjain,23.178154,75.781403,,,True
UJP,Ujiarpur,25.780378,85.799605,,,True
UKA,Ukhra,23.653692,87.232537,West Bengal,ER,True
UKC,Ukshi,17.1297597205,73.4559422882,Maharashtra,KR,True
UKD,Ulindakonda,15.652934,77.968687,,,True
UKH,Ukhali,18.912675,76.60581400000001,Maharashtra,SCR,True
UKL,Uttukuli,11.156494,77.448615,,,True
UKN,Uklana,29.498980000000003,75.883133,Haryana,NR,True
UKR,Udalkachhar,23.287243,82.291923,Madhya Pradesh,SECR,True
ULB,Ulubaria,22.472428,88.093209,,,True
ULG,Udalguri,26.744291,92.094329,,,True
ULL,Ullal,12.791319999999999,74.85477900000001,Karnataka,SR,True
ULM,Urlam,18.435565999999998,83.989515,,,True
ULT,Kulti,23.737816,86.84886999999999,,,True
ULU,Ulundurpet,11.702177,79.317787,,,True
UMB,Ambala Cant,30.338918,76.826966,,,True
UMD,Usmanabad,18.248154,76.022663,Maharashtra,CR,True
UMED,Umed,26.549322,73.605896,,,True
UMH,Umreth,22.693375999999997,73.119782,Gujarat,WR,True
UMR,Umaria,23.52273,80.823244,,,True
UMRA,Umra,24.522588,73.771734,Rajasthan,NWR,True
UMRI,Umri,19.0418,77.642682,Maharashtra,SCR,True
UNDI,Undi,16.580375476,81.46418718439999,Andhra Pradesh,SCR,True
UNI,Unai Vansada Rd,,,,,False
UNL,Unhel,23.316776,75.472209,,,True
UOI,Umroli,19.754447000000003,72.76033699999999,Maharashtra,WR,True
UPL,Uppalur,16.492803000000002,80.780125,Andhra Pradesh,SCR,True
UR,Umdanagar,17.262932000000003,78.393143,,,True
URD,Untare Road,24.34094,83.834497,,,True
UREN,Uren,25.1712379405,86.2142016541,,,True
URGA,Urga,22.265791999999998,82.736062,Chhattisgarh,SECR,True
URI,Uruli,18.494237,74.13682,,,True
URK,Urkura,21.289034,81.644569,,,True
URMA,Urma,23.157777,86.253775,,,True
URML,Upramal,25.247947,75.276627,,,True
URN,Utran,21.232602,72.85479600000001,,,True
URPR,Ugrasenpur,25.568212,82.189171,Uttar Pradesh,NR,True
USD,Ukai Songadh,21.147743,73.55554,,,True
USK,Usia Khas,25.434324,83.706967,,,True
USL,Uslapur,22.102548,82.111546,,,True
USLP,Usilampatti,,,,,False
USRA,Usra,22.842055,74.102942,,,True
UTL,Utarlai,25.788344000000002,71.44363799999999,Rajasthan,NWR,True
UVD,Udvada,20.461236,72.918698,Gujarat,WR,True
VAA,Bhaga,23.723330999999998,86.405555,Jharkhand,SER,True
VAK,Varkala,8.740732,76.722872,,,True
VAL,Vadal,21.611243,70.492663,Gujarat,WR,True
VAN,Vadhvana,22.152185,73.487264,Gujarat,WR,True
VAPI,Vapi,20.374337999999998,72.90912700000001,Gujarat,WR,True
VAPM,Valapattanam,11.927728,75.346365,Kerala,SR,True
VAR,Vidyanagar,17.402485,78.511657,,,True
VARD,Vaikam Road,9.777648,76.47461100000001,,,True
VBL,Bobbili,18.576763999999997,83.34572200000001,,,True
VBW,Vaibhavwadi Road,16.512013,73.707645,Maharashtra,KR,True
VD,Vagdiya,22.6141762638,71.2916898169,Gujarat,WR,True
VDA,Vasad,22.452351,73.05999100000001,,,True
VDD,Vendodu,14.026947000000002,79.72840000000001,,,True
VDE,Vedayapalem,14.404478,79.957106,,,True
VDG,Vadnagar,,,,,False
VDH,Vedchha,20.874651,72.93641500000001,Gujarat,WR,True
VDI,Veldurti,15.553699,77.927621,,,True
VDL,Vaithisvarankoil,11.195825000000001,79.703785,Tamil Nadu,SR,True
VDN,Vadgaon,18.742927,73.636925,,,True
VDS,Vidyasagar,24.103820000000002,86.69841500000001,,,True
VDV,Vadiya Devli,21.689791,70.853196,Gujarat,WR,True
VEER,Veer,18.113401793300003,73.3300770068,Maharashtra,KR,True
VEN,Verna,15.353587,73.912519,Goa,KR,True
VG,Viramgam,23.129098,72.052968,,,True
VGE,Valappadi G Hlt,11.654623999999998,78.400452,,,True
VGLJ,Virangana Lakshmibai Jhansi,,,,,False
VGN,Vangaon,19.882845,72.76318500000001,Maharashtra,WR,True
VI,Villianur,11.919269000000002,79.757506,Puducherry,SR,True
VID,Vilavade,16.785593,73.619321,Maharashtra,KR,True
VINH,Vinhere,17.907649,73.38400999999999,Maharashtra,KR,True
VJA,Vejandla,16.237226,80.519729,Andhra Pradesh,SCR,True
VJPJ,Vijiypur Jammu,32.57197,75.020996,Jammu and Kashmir,NR,True
VJR,Vijayanagar,16.7778119655,74.696289906,Maharashtra,SWR,True
VKA,Verka,31.665699,74.931669,Punjab,NR,True
VKB,Vikarabad,17.337132,77.90940900000001,,,True
VKD,Bakhrabad,22.118541,87.36345,,,True
VKG,Vavadi Khurd,22.79511,73.502962,Gujarat,WR,True
VKH,Vikhran,21.302739000000003,74.617881,,,True
VKI,Venkatagiri,13.943864,79.60398699999999,,,True
VKM,Venkatesapuram,11.9307785279,79.442293656,,,True
VKN,Vinukonda,16.050748,79.748004,,,True
VKR,Venkatnagar,22.923269,81.872187,,,True
VKT,Venkatachalam,14.327256,79.92732000000001,,,True
VLA,Bavla,22.833389,72.36512300000001,Gujarat,WR,True
VLD,Vayalpad,13.634506,78.624967,Andhra Pradesh,SCR,True
VLI,Vallikunnu,11.09046,75.85165099999999,Kerala,SR,True
VLNK,Vellankanni,10.687498999999999,79.846763,,,True
VLR,Vellore Cantonment,12.910718,79.127493,Tamil Nadu,SR,True
VLT,Valathoor,12.889517,78.839324,,,True
VLY,Valliyur,8.376159999999999,77.61399,Tamil Nadu,SR,True
VLYN,Vallabh Vdyangr,,,,,False
VM,Villupuram,11.942971,79.500101,,,True
VMA,Vikramgarh Alot,23.765121,75.53837899999999,,,True
VML,Vemulapadu,15.022098,77.85137900000001,,,True
VMU,Vemuru,16.178119,80.743187,Andhra Pradesh,SCR,True
VN,Vaniyambadi,12.678487,78.621651,,,True
VNA,Varangaon,21.0097131944,75.9006577881,,,True
VNB,Vaniyambalam,11.188459,76.260513,Kerala,SR,True
VNE,Viswanath Chrli,,,,,False
VNG,Visnagar,,,,,False
VNGP,Vangaichungpao,,,,,False
VNM,Ontimitta,14.392459,79.016272,,,True
VNR,Devanur,13.439281999999999,76.08846,Karnataka,SWR,True
VNUP,Vishnupuram,16.7045104904,79.6387859326,,,True
VONB,Vondh,23.303951,70.399876,,,True
VP,Virapur,15.158976,77.131692,Andhra Pradesh,SCR,True
VPDA,Vidyapatidham,25.602064857400002,85.80243268800001,,,True
VPL,Venkatampalle,15.0448535871,77.44160447690001,,,True
VPT,Virudunagar,9.596405,77.95773700000001,,,True
VPZ,Vailapuzha,10.842075999999999,76.252495,Kerala,SR,True
VR,Virar,19.454407,72.811737,Maharashtra,WR,True
VRB,Vishrambag,16.850569999999998,74.602231,Maharashtra,CR,True
VRE,Varediya,21.85838,73.048979,,,True
VRG,Vikramnagar,23.162187,75.817754,Madhya Pradesh,WR,True
VRH,Virbhadra,30.074509,78.251864,Uttarakhand,NR,True
VRI,Vriddhachalam,11.534965,79.316073,,,True
VRL,Veraval,20.913351,70.370689,Gujarat,WR,True
VRLI,Veravali,,,,,False
VRM,Varnama,22.184274000000002,73.16928300000001,,,True
VRN,Vanganur,14.847442,78.080906,,,True
VRR,Virpur,21.848343,70.707212,Gujarat,WR,True
VRX,Varahi,23.800674,71.43129599999999,Gujarat,WR,True
VS,Vishvamitri,22.283932999999998,73.178656,,,True
VSG,Vasco Da Gama,15.397241000000001,73.813425,Goa,SWR,True
VSHI,Vaishali,,,,,False
VSKP,Visakhapatnam,17.72159,83.289514,,,True
VST,Bijaysota,23.978724,81.11095900000001,Madhya Pradesh,WCR,True
VSU,Bishnupur,23.065499000000003,87.30107100000001,West Bengal,SER,True
VTJ,Vartej,21.746198,72.05519899999999,Gujarat,WR,True
VTM,Vetapalemu,15.783376,80.30065,,,True
VTN,Vaitarna,19.517672,72.849578,Maharashtra,WR,True
VTP,Vastrapur,23.00802,72.517982,Gujarat,WR,True
VU,Vaghpura,23.781878,71.34996600000001,,,True
VV,Valivade,16.703574,74.298965,Maharashtra,CR,True
VVB,Viveka Vihar,28.673319000000003,77.31951000000001,Delhi NCT,NR,True
VVG,Vvgiri Halt,,,,,False
VVKP,Vivekanand Puri Halt,28.664098,77.183702,Delhi NCT,NR,True
VVM,Viravasaram,16.542123999999998,81.63254,Andhra Pradesh,SCR,True
VYA,Vyara,21.118142,73.383847,,,True
VZM,Vizianagram,18.111374,83.39558600000001,,,True
VZR,Bhanjpur,21.95074,86.73407,,,True
WADI,Wadi,17.054312,76.99154999999999,,,True
WADO,Wadoda,20.8885446711,76.279846955,,,True
WAIR,Wair,28.347255,77.69926699999999,,,True
WANI,Wani,20.06638,78.962635,Maharashtra,CR,True
WC,Wadhwan City,22.702931,71.67236,Gujarat,WR,True
WDA,Wadrengdisa,25.263973,93.177527,Assam,NFR,True
WDL,Wandal,16.416601,75.86371000000001,Karnataka,SWR,True
WDLN,Wadwal Nagnath,18.538466,76.80741,Maharashtra,SCR,True
WDM,Wyndhamganj,24.264112,83.401605,Uttar Pradesh,ECR,True
WDN,Vadgaon Nila,18.929059,76.643889,,,True
WDR,Wadiaram,17.972607,78.455417,Andhra Pradesh,SCR,True
WDS,Wadsinge,18.066132304299998,75.4887746527,,,True
WEL,Wellington,11.3559,76.786078,Tamil Nadu,SR,True
WENA,Wena,25.3266239799,85.5319560193,Bihar,ECR,True
WFD,Whitefield,12.995253,77.76130500000001,,,True
WG,Wagholi,20.585085,78.767038,,,True
WGA,Waghoda,21.255951999999997,76.08875499999999,Madhya Pradesh,CR,True
WGI,Waghai,20.772638155885446,73.50047372281551,Gujarat,WR,True
WHM,Washim,20.103101,77.147986,Maharashtra,SCR,True
WJR,Walajah Road,12.970676,79.360511,,,True
WKA,Vakav,17.988187,75.579724,,,True
WKI,Wadakancheri,10.648956,76.237041,,,True
WKND,Wanawar Koteshwarnath Dham,,,,,False
WKR,Wankaner,22.622552,70.96561700000001,Gujarat,WR,True
WL,Warangal,17.972477,79.604929,Andhra Pradesh,SCR,True
WLGN,Walgaon,21.020729000000003,77.71074,,,True
WNG,Wanegaon,19.1668082025,77.2501103802,Maharashtra,SCR,True
WOC,Warud Orange City,21.458720999999997,78.276164,,,True
WPR,Wanparti Road,16.3820535896,77.88514998289999,,,True
WR,Wardha,20.732777,78.594157,,,True
WRC,Wrs Colony,21.277967999999998,81.639183,,,True
WRR,Warora,20.244263,79.00994399999999,,,True
WRS,Waris Aleganj,25.015425,85.642177,Bihar,ECR,True
WSA,Wadsa,20.624198,79.96351299999999,Maharashtra,SECR,True
WSB,Washimbe,18.284021,75.003799,,,True
WSJ,Wansjaliya,21.799383000000002,69.873569,Gujarat,WR,True
WTJ,Jam Wanthali,22.429409,70.321802,Gujarat,WR,True
WTR,Wathar,17.89054,74.135767,Maharashtra,CR,True
WTWI,Wetalwadi,,,,,False
WZJ,Wazerganj,24.813122,85.225637,Bihar,ECR,True
XBKJ,Bikramganj,25.218913999999998,84.27373100000001,Bihar,ECR,True
Y,Yeliyur,12.5106209267,76.82957502260001,Karnataka,SWR,True
YA,Yerraguntla,14.642328000000001,78.534003,,,True
YAD,Yeulkhed,20.724559000000003,77.07497000000001,,,True
YADD,Yadadri,,,,,False
YFP,Yusufpur,25.639006,83.74868400000001,Uttar Pradesh,NER,True
YG,Yadgir,16.744396,77.13036600000001,,,True
YGD,Yerragudipad,14.618673,78.606374,,,True
YGL,Yelgur,17.860901,79.74703099999999,Andhra Pradesh,SCR,True
YJUD,Yamunanagar Jagadhri,30.1174255334,77.28757996649999,,,True
YKA,Yakutpura,17.359554,78.49171100000001,,,True
YL,Yeola,20.043188999999998,74.503246,,,True
YLG,Yalvigi,15.0342535867,75.4094012659,Karnataka,SWR,True
YLK,Yellakaru,13.84646,79.65057200000001,,,True
YLM,Elamanchili,17.553652000000003,82.85262,,,True
YNG,Yenugonda,16.758073,78.036337,,,True
YNK,Yelahanka,13.102795,77.593069,,,True
YNRK,Yog Nagari Rishikesh,,,,,False
YP,Errupalem,16.825374,80.471049,Andhra Pradesh,SCR,True
YPD,Yerpedu,13.689108000000001,79.578514,,,True
YPR,Yasvantpur,13.022839000000001,77.55117399999999,,,True
YT,Yevat,18.4889359723,74.2563176276,,,True
YVP,Yawarpura,,,,,False
YY,Yediyuru,,,,,False
ZARP,Zarap,15.94768,73.734105,Maharashtra,KR,True
ZB,Zahirabad,17.674958,77.61021299999999,Andhra Pradesh,SCR,True
ZBD,Zafarabad,25.708436,82.719014,,,True
ZN,Jangaon,17.725115,79.15473399999999,,,True
ZNA,Zamania,25.373856,83.54365,,,True
ZPL,Zangalapalle,14.591854,77.640854,,,True
ZRDE,Jiradei,26.220819,84.256142,,,True
ZW,Zawar,24.358621,73.731959,Rajasthan,NWR,True
