segment,mean,median,std,count
DR->CSMT,18.926050420168067,0.0,56.98514327238053,1190
KUR->BBS,39.59473684210526,9.0,99.51823710121695,1140
JL->BSL,35.25552608311229,13.0,83.93652865903604,1131
BBS->KUR,70.66786034019695,25.0,129.5338062743034,1117
KYN->TNA,40.43873873873874,7.0,89.02299747571958,1110
CSMT->DR,19.23985572587917,7.0,50.731954683137744,1109
TNA->KYN,27.86,16.0,50.62965176507331,1100
BSL->JL,83.50092764378479,12.0,177.1849552182256,1078
TUP->ED,18.975927783350052,8.0,48.946875372199294,997
SA->ED,41.174974567650054,8.0,138.44288970971223,983
ED->SA,29.564862104187945,16.0,58.71684010676228,979
DR->TNA,20.105919003115265,11.0,46.43755107625907,963
ED->TUP,40.248665955176094,10.0,135.08396827083274,937
ND->ANND,8.787325456498388,3.0,39.20821027746235,931
ANND->ND,14.075512405609492,0.0,51.64439291730078,927
BBS->CTC,43.730643402399124,16.0,100.48940540802332,917
TNA->DR,26.51701427003293,11.0,50.755148997485364,911
CTC->BBS,79.47865168539326,30.5,136.12871107129655,890
GDR->NLR,42.49588719153937,14.0,100.61152276194142,851
BRC->ANND,16.083924349881798,3.0,56.30116651309364,846
ANND->BRC,9.292654028436019,4.0,39.607785197187496,844
CBE->TUP,15.793309438470729,8.0,46.442783166955955,837
NLR->GDR,59.618987341772154,6.0,151.22218737963266,790
KPD->JTJ,63.659383033419026,2.0,200.11904030229286,778
BH->BRC,14.739974126778783,5.0,42.15012545847442,773
BRC->BH,13.02088772845953,5.0,43.39937148721643,766
VGLJ->GWL,76.14285714285714,26.0,158.03491505799377,749
GWL->VGLJ,95.63903743315508,21.5,177.4795745553461,748
VAPI->BL,17.12214765100671,11.0,28.638080064662116,745
JTJ->KPD,35.771929824561404,5.0,103.25407168295393,741
ADI->ND,8.41825613079019,0.0,43.69809289278388,734
CGL->TBM,13.217808219178082,5.0,30.914111038609487,730
BL->VAPI,22.073305670816044,9.0,65.34181502361983,723
KSG->AII,16.804775280898877,4.0,45.70436190646508,712
PRYJ->CNB,39.95774647887324,7.0,98.36245063997637,710
PER->MAS,6.69296987087518,0.0,28.370453090358847,697
BEAS->ASR,33.884892086330936,0.0,98.58544759483482,695
BH->ST,8.059248554913294,0.0,34.61515881366147,692
TBM->CGL,17.76878612716763,8.0,62.711327308267194,692
JSME->MDP,31.63372093023256,4.0,89.9841300715696,688
AII->KSG,7.654518950437318,2.0,42.58712188387701,686
TPTY->RU,31.27540500736377,10.0,80.92240628912282,679
AGC->MTJ,72.31750741839762,28.0,118.92798808436824,674
JUC->BEAS,42.26417910447761,7.0,100.95089188039742,670
MDP->JSME,38.63007518796992,13.0,97.79173991358198,665
TUP->CBE,38.33587786259542,0.0,155.48182046041705,655
MTJ->AGC,95.55725190839695,37.0,143.69041433882978,655
ARA->BXR,57.501543209876544,20.0,113.08849510710671,648
RJY->SLO,72.89660493827161,15.0,134.01274520422646,648
ST->BH,17.482225656877898,7.0,45.7250421798087,647
SLO->RJY,61.4611801242236,15.0,124.04047920474311,644
ON->CNB,56.33125972006221,18.0,130.00481923537723,643
CNB->ON,32.09204368174727,9.0,95.81852614303295,641
BXR->ARA,92.02668759811617,9.0,198.52787039705055,637
BEAS->JUC,22.815748031496064,10.0,56.42154099176959,635
RU->TPTY,47.26856240126382,0.0,138.28459889575254,633
CNB->PRYJ,39.047694753577105,9.0,111.77917386011289,629
RMU->MB,36.305111821086264,7.0,76.52068712333596,626
GGN->DEC,10.188102893890676,3.0,31.970875231401827,622
MS->TBM,17.599348534201955,6.0,70.40963154930814,614
DVD->VSKP,49.258592471358426,4.0,116.31358928817204,611
MB->RMU,30.44189852700491,11.0,62.99254037800775,611
VSKP->DVD,20.61842105263158,2.0,63.491174829208326,608
BPL->RKMP,56.54125412541254,13.0,116.91496145763146,606
MLDT->NFK,18.938538205980066,2.0,50.215885447441686,602
ND->ADI,7.713810316139767,0.0,43.67281334679457,601
ASR->BEAS,26.226666666666667,15.0,54.54356322583969,600
NK->KYN,83.34338358458962,14.0,172.64277529925423,597
NK->MMR,37.8429054054054,20.0,64.97392930510412,592
EE->BZA,62.07783417935702,9.0,125.72841607822224,591
BZA->EE,76.47440273037543,20.0,140.5828776825468,586
FDB->NZM,71.98803418803419,19.0,137.09427635754466,585
KGP->SRC,93.68782161234991,20.0,151.3600040658479,583
RKMP->BPL,30.776247848537004,7.0,90.02902704530733,581
NFK->MLDT,20.796200345423145,0.0,120.05154567416294,579
DEC->GGN,17.54419410745234,6.0,48.72843403058802,577
JP->GADJ,12.490434782608695,7.0,32.355486730810235,575
MMR->NK,73.11304347826086,12.0,150.6907998653735,575
JAJ->JSME,36.94599303135889,5.0,99.6012059139762,574
CLX->OGL,60.73776223776224,11.0,145.99772486013495,572
ST->NVS,9.42031523642732,3.0,30.77972459617271,571
GADJ->JP,22.590192644483363,4.0,70.43030778382438,571
JJKR->BHC,35.7723292469352,0.0,90.7857551505152,571
TNA->LTT,72.02992957746478,0.0,144.20512831412685,568
SPN->BE,55.5679012345679,20.0,110.3852484111387,567
BRC->ST,24.955908289241624,2.0,88.6886790862809,567
NDPM->ET,50.65608465608466,8.0,114.76810185025653,567
JSME->JAJ,26.166371681415928,0.0,99.50521531167742,565
NVS->ST,6.300711743772242,0.0,19.756998792201433,562
SSM->DOS,49.666068222621185,12.0,108.165656066605,557
SRE->YJUD,41.49371633752244,7.0,105.57283983489444,557
YJUD->SRE,17.47927927927928,2.0,60.8771698137633,555
OGL->CLX,42.43963963963964,10.0,101.70411469413752,555
AWY->TCR,21.603603603603602,15.0,37.47944786494804,555
UMB->CDG,28.434234234234236,5.0,89.73992054006452,555
CNGR->TRVL,28.3014440433213,23.0,36.98708681471629,554
ET->NDPM,39.7942238267148,10.0,107.14900258519562,554
TCR->AWY,71.85352622061482,20.0,170.0854704984553,553
ST->BRC,23.403636363636362,6.5,58.604481335938914,550
BE->SPN,52.005484460694696,27.0,80.19416665487581,547
DOS->SSM,32.0109689213894,21.0,44.72565812648281,547
CAN->TLY,35.43589743589744,7.0,100.92019061687928,546
ABR->PNU,9.924770642201835,0.0,45.22447922659565,545
TLY->CAN,22.270220588235293,6.0,65.6667640421476,544
CDG->UMB,9.21256931608133,2.0,26.692298602456223,541
PNU->ABR,5.00554528650647,0.0,11.090284650868853,541
TEL->BZA,38.04436229205176,6.0,99.24443202317113,541
SEE->HJP,70.75415896487985,11.0,154.10453584752824,541
BPP->CLX,57.46666666666667,23.0,107.50924713216043,540
BWN->BDC,18.55185185185185,0.0,61.40270594298647,540
BE->MB,70.01298701298701,15.0,149.16955317056417,539
BHC->JJKR,70.21747211895911,12.0,141.34215360922596,538
TDD->EE,65.74579439252336,23.0,128.20490262173976,535
AKP->DVD,41.62101313320826,0.0,110.30498939503049,533
CLX->BPP,44.15759849906191,13.0,91.17219890333108,533
GWL->MRA,69.73545966228893,34.0,120.73963552253046,533
KYN->NK,37.12781954887218,19.0,62.5739082142894,532
BZA->TEL,61.88323917137476,14.0,140.9988408946646,531
CBE->PGT,46.602636534839924,2.0,164.40652076030105,531
HJP->SEE,42.48679245283019,20.0,72.05089578391772,530
EE->TDD,74.22264150943396,16.5,139.17549357524416,530
DVD->AKP,32.73345935727788,6.0,96.68175905337118,529
AWY->ERN,57.81285444234405,18.0,164.2103722351359,529
MRA->GWL,97.12737642585552,35.5,137.9981950591381,526
KTE->JBP,67.77756653992395,24.0,168.62816222618716,526
PNBE->RJPB,19.02095238095238,5.0,43.112819543784205,525
RJPB->PNBE,36.378585086042065,11.0,68.42691993609346,523
PGT->CBE,14.4302103250478,7.0,33.72267455399191,523
PNBE->DNR,38.87715930902111,10.0,74.24813048923001,521
JBP->KTE,67.76107899807322,18.0,172.80717920541937,519
LTT->TNA,21.238921001926784,6.0,46.67029624642709,519
DURG->RJN,96.6281310211946,15.0,207.2139477297773,519
MFP->HJP,46.30694980694981,17.0,87.90880401840978,518
DEOS->GKP,65.70019342359768,9.0,136.74308600338807,517
CTC->JJKR,60.201550387596896,31.5,101.32279513083726,516
GKP->DEOS,69.04077669902912,13.0,120.68468856433395,515
DG->MDU,16.798058252427186,0.0,91.05141359913792,515
MDU->DG,13.15655577299413,2.0,50.77828537634071,511
STA->MYR,57.92730844793713,20.0,108.05009692588918,509
BAQ->BHS,89.47740667976424,31.0,154.35650644862764,509
MURI->RNC,13.779960707269154,0.0,48.60238311935271,509
DNR->PNBE,28.751968503937007,2.0,69.8175524297512,508
NJP->KNE,49.27021696252466,14.0,92.05965564879206,507
AGC->GWL,101.04545454545455,32.0,175.50151027273466,506
ERN->AWY,23.657425742574258,19.0,35.853254004694314,505
HJP->MFP,92.88469184890656,8.0,208.35658080606362,503
DNR->ARA,50.92231075697211,20.0,90.09970048886224,502
AJJ->PER,24.94810379241517,14.0,57.72317819903199,501
HWH->KGP,57.868263473053894,12.0,132.1835943329521,501
BXR->DDU,65.96,3.5,123.26662045922603,500
MYR->STA,40.25,23.0,102.04784674872916,500
KYJ->MVLK,24.05,19.0,25.898977084588804,500
DDU->BXR,89.42484969939879,0.0,198.23865951988378,499
ARA->DNR,96.75100401606426,4.0,197.21595025556945,498
MB->BE,58.32193158953722,22.0,123.75758767016615,497
NZM->NDLS,104.70221327967806,24.0,184.095302762248,497
PNC->FUT,42.074446680080484,12.0,127.01460613773625,497
BHS->BAQ,45.33131313131313,25.0,91.11983994760885,495
KNE->NJP,58.27878787878788,13.0,128.84640392419107,495
RJN->DURG,29.24137931034483,0.0,105.2461910156224,493
GWL->AGC,75.17038539553752,12.0,163.83782438261431,493
BHC->BLS,43.6815415821501,5.0,102.53253501123478,493
R->DURG,95.12576064908723,2.0,215.93578823325757,493
BHS->BPL,70.22199592668025,18.0,128.62066360825767,491
MVLK->KYJ,41.80040733197556,6.0,146.54727202718325,491
RJY->NDD,41.279591836734696,28.0,51.221135238586704,490
BST->KLD,63.00409836065574,26.0,120.17940039314897,488
KLD->BST,37.46611909650924,18.0,64.396616846268,487
JJKR->CTC,87.66324435318275,31.0,152.1301071118536,487
BDC->BWN,7.616016427104722,3.0,25.07179793290076,487
NDLS->CNB,45.70927835051546,16.0,111.54934430729415,485
FUT->PNC,51.72783505154639,29.0,73.09139069022142,485
INDB->DWX,14.195876288659793,9.0,53.307551287619525,485
KKDE->UMB,36.00414078674948,3.0,74.6075206698002,483
CGY->KTYM,22.57261410788382,19.0,27.013431575050298,482
BVI->VAPI,14.683991683991684,13.0,12.82445310204679,481
CRJ->ASN,28.232848232848234,0.0,80.57656711939063,481
TRVL->CNGR,46.07692307692308,6.0,150.35704834552809,481
MUR->GD,34.704166666666666,15.0,62.51099263106962,480
TRVL->CGY,25.18580375782881,22.0,26.839849825043068,479
KOTA->SWM,27.615062761506277,8.0,70.06683200089579,478
VAPI->BVI,12.079664570230609,4.0,30.530704091524402,477
GZB->NDLS,38.09282700421941,5.0,105.43376542340172,474
SEG->AK,37.630021141649046,7.0,109.33844065696272,473
TCR->SRR,19.372093023255815,7.0,65.4251822602577,473
DDU->PRYJ,70.03601694915254,11.0,128.5831031328683,472
KTYM->CGY,43.86411889596603,7.0,148.45819888504002,471
NED->PAU,23.779193205944797,7.0,52.481061145161405,471
SRC->HWH,110.38936170212766,37.0,153.57059277568922,470
GD->MUR,42.95948827292111,19.0,77.4942544089834,469
CNB->NDLS,67.2542735042735,3.0,146.7323944872993,468
SBC->YPR,5.514957264957265,3.0,8.012422808995943,468
ASN->CRJ,35.738758029978584,13.0,85.2301117535766,467
VRI->VM,13.633047210300429,7.0,35.33794606955773,466
PRYJ->DDU,104.41416309012875,8.5,192.33463818638415,466
BLS->BHC,62.68669527896996,5.0,130.46608142827353,466
JRC->PGW,24.905376344086022,14.0,57.790268774233475,465
SPJ->MFP,49.36853448275862,19.5,98.43900415536672,464
ATP->DMM,16.20689655172414,0.0,81.46127805740105,464
AK->SEG,94.04956896551724,13.0,226.71884311346497,464
CD->BPQ,88.60475161987041,3.0,228.87464512443594,463
LKO->BBK,45.493506493506494,14.5,82.18287475814518,462
SRE->RK,18.29934924078091,3.0,46.22202302603241,461
YPR->TK,10.455531453362257,6.0,14.963022421579216,461
VZM->VSKP,61.65,11.0,113.19430775082968,460
VSKP->VZM,52.00217391304348,9.0,110.14568484824385,460
TK->YPR,15.533769063180827,0.0,35.99624636482299,459
BPL->ET,110.97385620915033,12.0,198.89069920949146,459
BPQ->CD,59.3442265795207,7.0,140.8873904762149,459
MVLK->CNGR,25.209606986899562,22.0,26.584240314622438,458
KWV->SUR,27.489082969432314,8.0,63.17864715273661,458
ET->BPL,55.61487964989059,5.0,152.21578504447885,457
NOQ->NCB,43.969365426695845,21.0,66.82635870193434,457
SWM->KOTA,48.85995623632385,13.0,117.1819233147863,457
ASK->TTR,13.822368421052632,0.0,26.09646567127624,456
AFK->AWY,28.19736842105263,20.0,77.19463394267174,456
GWL->DBA,90.81359649122807,32.0,123.16825939511143,456
LDH->PGW,40.324561403508774,10.0,93.8102593432561,456
PNP->KUN,42.63076923076923,23.0,68.67493449768699,455
NCB->NOQ,49.45494505494506,2.0,104.39566832344927,455
MAN->ADI,11.708609271523178,0.0,58.61188409094109,453
SC->BMT,0.0,0.0,0.0,453
NDLS->GZB,24.388520971302427,4.0,73.08368370363246,453
DBA->GWL,51.39159292035398,25.0,79.97385504113144,452
SUR->KWV,20.809734513274336,13.0,37.76592738015043,452
PGW->LDH,24.800443458980045,8.0,68.23641973008758,451
MFP->SPJ,63.94888888888889,9.0,136.79728165519384,450
OGL->NLR,81.35777777777778,1.0,169.40953001290472,450
KPY->KYJ,21.942222222222224,19.0,15.730504445389203,450
BPL->BHS,33.71111111111111,17.0,58.30433259379713,450
DWX->INDB,36.8195991091314,0.0,136.28012762852143,449
NLR->OGL,56.073496659242764,8.0,130.67209997234906,449
DURG->R,37.410714285714285,4.0,118.7111474514612,448
KUN->PNP,39.41294642857143,21.0,60.41590759212815,448
TTR->ASK,11.342281879194632,4.0,18.115265647786476,447
VM->VRI,28.125279642058164,11.0,104.62796555247706,447
ERS->AWY,18.333333333333332,14.0,15.3324396958022,447
JP->FL,26.22371364653244,6.0,70.66398142252416,447
PAU->NED,33.58165548098434,0.0,100.35692769443816,447
BKI->DO,20.430493273542602,6.0,45.23132416863636,446
AWY->AFK,19.42152466367713,16.0,17.53114425226637,446
PUNE->LNL,15.278651685393259,5.0,42.61596386984965,445
RK->SRE,15.434684684684685,0.0,51.173522045986786,444
UJN->NAD,26.61936936936937,0.0,84.47958698531046,444
LAR->BINA,105.00225733634312,20.0,183.108447688255,443
SRR->TCR,55.53393665158371,18.0,123.00791773411972,442
DMM->ATP,15.868480725623582,8.0,31.574096542249425,441
AGC->DHO,101.31363636363636,37.5,145.14633820637505,440
LDH->UMB,22.438636363636363,2.0,61.94446670087714,440
YPR->SBC,5.034090909090909,0.0,14.408654119051796,440
BBK->LKO,39.66742596810934,5.0,68.05691018014194,439
BINA->LAR,48.888382687927106,22.0,96.49434566858551,439
MKA->BARH,58.07061503416856,30.0,79.65738292901877,439
KGI->SBC,5.837528604118993,2.0,12.329150261545673,437
DO->BKI,11.826086956521738,5.0,36.10982174099914,437
DHO->AGC,64.04347826086956,14.0,121.72489449643217,437
CRP->BKSC,15.423340961098399,0.0,48.97810505777973,437
UMB->KKDE,36.09862385321101,15.0,67.89516528712655,436
NAD->UJN,17.6697247706422,0.0,72.49286037563503,436
BWN->HWH,13.456422018348624,0.0,41.212267229031724,436
RNG->ASN,7.121559633027523,4.0,12.64316246443835,436
CNGR->MVLK,45.6,5.0,156.0713708886415,435
AUBR->DOS,34.274193548387096,23.0,46.45090708456206,434
MYR->KTE,60.817129629629626,23.0,112.5863685298927,432
DDU->BBU,49.79398148148148,10.0,115.95559459245459,432
BTT->DEOS,58.16937354988399,19.0,124.47871430751988,431
SBC->KGI,10.120649651972158,4.0,21.85702623542463,431
HWH->BWN,9.930232558139535,8.0,13.555369228126011,430
RNC->MURI,30.60839160839161,0.0,71.91431508721409,429
DRU->ASK,14.72960372960373,5.0,25.187921468964355,429
BBU->DDU,18.55841121495327,3.0,48.47983089932581,428
UMB->LDH,57.40046838407494,6.0,123.47549717873567,427
FL->JP,12.227166276346605,7.0,27.121400038958654,427
BARH->MKA,52.885245901639344,16.0,158.7618568050014,427
DOS->AUBR,52.6150234741784,13.0,112.81844721758796,426
DDU->BSB,33.384433962264154,2.0,105.15379187766332,424
KTE->MYR,43.75471698113208,24.0,111.44796505036643,424
KPD->AJJ,24.267772511848342,9.0,60.9117726064296,422
KNW->BAU,68.77251184834124,3.5,134.8067162237988,422
RRB->DRU,17.94061757719715,8.0,34.68159644535763,421
DAA->VGLJ,70.45,22.0,107.04659559128893,420
AJJ->KPD,40.8,12.0,87.99518862958953,420
GAYA->KQR,30.79047619047619,7.0,77.5376352056281,420
BAU->KNW,21.885167464114833,2.0,59.44068821068527,418
ASN->RNG,21.1294964028777,4.0,51.3962969893448,417
PPI->ET,50.79136690647482,3.0,181.02259506837956,417
JMT->CRJ,22.851318944844124,0.0,54.319053485618745,417
DEOS->BTT,35.09615384615385,5.0,75.64890612044331,416
DGR->PAN,23.424096385542168,4.0,58.124457486141935,415
PGW->JRC,56.89397590361446,16.0,115.0161649523125,415
TPJ->DG,19.468599033816425,2.0,102.98018206329994,414
PAU->PBN,23.2590799031477,7.0,52.50560022027338,413
BARH->BKP,48.01452784503632,27.0,66.99807838196587,413
VGLJ->DAA,48.33898305084746,14.0,82.89935034312884,413
DG->TPJ,13.426150121065374,2.0,58.237732521696515,413
MDU->VPT,8.507281553398059,0.0,29.861439063732853,412
ANV->TUNI,49.7956204379562,29.0,74.64332803269856,411
KYJ->QLN,66.38929440389295,7.0,190.910167310889,411
CGY->TRVL,46.92926829268293,6.0,158.13943391629255,410
ET->PPI,38.421951219512195,7.0,123.30775304883961,410
LKR->KIUL,70.92665036674816,21.0,167.55322390792338,409
BSB->DDU,32.293398533007334,0.0,113.6976640232904,409
BZA->KMT,41.46699266503668,20.0,82.22786078463966,409
ASK->DRU,15.21515892420538,7.0,22.11750404837926,409
FTP->CNB,25.110294117647058,9.0,60.25804536626553,408
MML->JBP,20.073710073710075,5.0,40.96790130918695,407
IGP->NK,37.88943488943489,21.0,73.76593965795288,407
TUNI->ANV,34.336609336609335,17.0,52.06719049849066,407
BLS->KGP,57.923645320197046,12.0,115.86516890525928,406
BMT->SC,16.507389162561577,4.0,47.13645748545183,406
KMT->BZA,80.77339901477832,11.0,177.87834067351722,406
UBC->UMB,19.925925925925927,4.0,44.866517587618084,405
KYN->DR,80.94814814814815,7.0,190.01736444303964,405
RPJ->UBC,22.444444444444443,10.0,45.10855992179113,405
RC->MALM,33.702233250620345,11.0,68.8286911566933,403
KNW->ET,36.3151364764268,3.0,103.69056743644659,403
BKP->BARH,53.46134663341646,18.0,160.36369329490398,401
FL->KSG,19.56857855361596,13.0,29.7030454705311,401
KYJ->KPY,17.458852867830423,7.0,32.48821213426183,401
KSG->FL,9.5825,5.0,25.77244149477314,400
ALJN->GZB,46.321608040201006,2.0,148.90238915696426,398
ET->KNW,70.03778337531486,0.0,149.35655285906557,397
KIUL->LKR,33.85642317380353,6.0,67.89896713263799,397
AWY->ERS,44.57934508816121,9.0,111.13878791114239,397
WL->KZJ,61.38383838383838,47.0,79.89026740941917,396
BDTS->BVI,9.73989898989899,8.0,10.229543909547777,396
TDL->ALJN,43.311392405063295,15.0,80.09319918172133,395
KQR->GAYA,13.16751269035533,3.0,28.720152962057163,394
BKSC->CRP,17.512690355329948,0.0,55.77568753015178,394
UMB->UBC,37.41730279898219,8.0,75.50053321782528,393
KY->NU,33.37913486005089,21.0,44.05795432206927,393
BAU->BSL,70.49363867684478,6.0,138.87737060649295,393
UBC->RPJ,38.81933842239186,11.0,76.80923515218232,393
NDD->TDD,36.85241730279898,25.0,56.41711999996737,393
CHE->PSA,62.57142857142857,0.0,143.55036009133843,392
LAR->VGLJ,47.58056265984655,13.0,98.35664059648539,391
KTHU->PTKC,32.12020460358056,8.0,75.82935211387023,391
VGLJ->LAR,82.1918158567775,38.0,115.48222877835917,391
ALJN->TDL,15.058823529411764,7.0,32.11620116193549,391
BSL->BAU,42.297435897435896,26.0,64.21140168629722,390
MNE->KGG,31.13624678663239,9.0,65.95788602719205,389
VPT->MDU,11.984575835475578,2.0,41.13054109741969,389
BYT->TLD,45.98969072164948,16.0,66.85504313564502,388
MYA->MAD,9.054123711340207,8.0,9.740544132918231,388
PTKC->KTHU,63.41085271317829,18.0,116.52433838609691,387
PAN->DGR,6.328165374677003,3.0,14.395174331516676,387
BHP->BWN,13.854922279792746,0.0,36.76241289254904,386
CRJ->JMT,26.261658031088082,9.0,59.02820308836443,386
DRU->RRB,17.587012987012987,11.0,23.17333546841287,385
MALM->RC,19.791666666666668,7.0,34.63156822671478,384
CNB->FTP,31.3203125,28.0,29.87343194536772,384
PNVL->TNA,69.79947916666667,28.5,128.2089470315732,384
KGG->MNE,38.822916666666664,6.0,87.12213386819447,384
RPJ->SIR,46.29503916449086,10.0,89.56944219612893,383
KZJ->WL,49.96344647519582,43.0,59.16299891356703,383
DWR->UBL,13.926892950391645,2.0,38.02306936153045,383
DD->PUNE,18.203655352480418,4.0,60.35909373099883,383
PSA->CHE,75.61879895561357,6.0,160.13003832657358,383
KUN->KKDE,42.13350785340314,22.0,69.41994749707979,382
PNC->RJPB,36.88743455497382,15.5,62.64795945058764,382
TTR->TK,12.170157068062828,0.0,24.109218882947424,382
SPN->HRI,45.460732984293195,24.0,74.57130166144563,382
BPQ->SKZR,93.22834645669292,13.0,227.03217447532728,381
DHO->MRA,99.59580052493439,40.0,137.85631109468216,381
SA->JTJ,27.226315789473684,3.0,88.07424513769888,380
PGW->JUC,29.25526315789474,8.0,62.579642965191816,380
OTP->PGT,17.49076517150396,11.0,31.616866341300334,379
PBN->PAU,43.810026385224276,11.0,114.71116617503895,379
ASN->DGR,27.073878627968337,8.0,67.54269532325607,379
TBM->MS,12.548812664907652,2.0,41.82180157777574,379
TNA->PNVL,45.06349206349206,18.0,67.45613519592976,378
PGT->OTP,54.148148148148145,7.0,182.15056080142898,378
BZA->GDV,36.91534391534392,10.5,76.82249496149895,378
DAA->DBA,53.47883597883598,21.0,83.00369635896668,378
TLD->R,41.835978835978835,13.0,66.60732211937867,378
KGP->BLS,78.27777777777777,27.0,136.55540585512597,378
MRA->DHO,62.89417989417989,13.0,124.91862356132334,378
DBA->DAA,87.12997347480106,34.0,115.40180304949207,377
RJN->DGG,106.36702127659575,19.0,233.67063630140504,376
NK->IGP,85.67287234042553,13.0,166.74904708011871,376
KTU->TIR,14.352,10.0,20.070299977241763,375
UBL->DWR,18.677333333333333,2.0,47.07855414357537,375
KOJ->NBQ,45.141333333333336,0.0,112.0906278351801,375
TLD->BYT,26.328,15.0,52.527218714513644,375
SRT->VPT,14.077333333333334,4.0,45.3177951771133,375
KVZ->NLR,40.083109919571044,11.0,97.04200985307297,373
AFK->CKI,20.967741935483872,17.5,18.08124915949461,372
KLD->GKP,57.79032258064516,2.0,137.9003472878364,372
RMU->BE,44.634408602150536,20.0,80.08937527029222,372
RJPB->PNC,20.620967741935484,7.0,41.83607969874333,372
SKZR->BPQ,56.00539083557951,4.0,138.24381115338113,371
BE->RMU,56.307277628032345,27.0,91.49705312564318,371
CVP->SRT,14.54177897574124,5.0,45.571924216854086,371
BAM->IPM,41.78918918918919,21.5,73.36373273752928,370
VZM->CHE,67.69918699186992,3.0,146.57689784898872,369
GKP->KLD,31.016260162601625,11.0,61.159358451450466,369
LDH->PHR,34.22010869565217,3.0,84.4115578174942,368
PC->JL,46.13586956521739,35.0,56.328812943591906,368
IPM->BAM,40.55313351498638,8.0,88.2569632834889,367
AYC->AY,25.2103825136612,0.0,49.29627512523788,366
TDD->NDD,56.68306010928962,28.0,87.12597138819228,366
TK->TTR,9.415300546448087,0.0,18.32872394402495,366
QLN->KYJ,27.057377049180328,17.0,45.54178557216744,366
AMRO->MB,39.57260273972603,15.0,77.92969016982795,365
DEC->DEE,7.315068493150685,0.0,28.635678924753293,365
GTL->AD,26.517808219178082,18.0,32.793440037126544,365
BSL->MKU,45.260989010989015,16.0,117.22390581184796,364
BVI->MMCT,27.447802197802197,0.0,89.97811194265628,364
R->TLD,21.964285714285715,11.0,50.409631543792834,364
DGG->RJN,43.815934065934066,8.0,118.46977352269664,364
NVS->BL,7.573002754820936,0.0,26.853851202089636,363
KKDE->KUN,34.92286501377411,16.0,60.893164305793306,363
CHE->VZM,81.45303867403315,4.0,168.36199377062368,362
DLI->GZB,35.526315789473685,4.0,130.0026922798139,361
MMCT->BVI,16.22714681440443,15.0,16.525012519848914,361
VAPI->ST,12.736842105263158,2.0,34.020418705372926,361
MKU->BSL,100.26869806094183,5.0,255.86280468841576,361
NLR->KVZ,29.716666666666665,17.0,50.3711323570392,360
MAD->MYA,13.122222222222222,8.0,21.516374681834456,360
SIR->RPJ,31.28133704735376,13.0,60.79672571302824,359
FUT->KOO,60.211699164345404,15.0,166.72995185625007,359
UJN->DWX,50.71866295264624,0.0,147.58476955226064,359
GP->ROU,63.428969359331475,30.0,101.25069747630187,359
AY->AYC,49.35933147632312,30.0,72.13160393049182,359
AKV->BH,9.295264623955433,6.0,11.197653129747147,359
DEE->DEC,16.670391061452513,5.0,42.46940260080911,358
KOO->FUT,56.08659217877095,30.0,78.61020232363376,358
CPT->RMGM,10.131284916201118,10.0,8.446375519049074,358
GZB->DLI,64.17039106145252,10.0,181.69528934035148,358
BSL->MMR,78.61344537815125,12.0,159.97093007918477,357
MB->AMRO,51.36694677871149,15.0,93.59221448539863,357
BTE->MTJ,14.35014005602241,3.0,36.75378267213683,357
GD->BBK,45.31372549019608,19.0,68.61963355217327,357
BPL->VGLJ,67.39775910364146,11.0,169.98497552747602,357
MTJ->NZM,49.596638655462186,3.0,101.72550523657243,357
DOL->MFP,20.952247191011235,11.0,35.65002768314699,356
DGR->ASN,12.498591549295774,3.0,36.717994991594445,355
ST->VAPI,11.456338028169014,5.0,33.61505553027531,355
NLE->KZE,22.633802816901408,17.0,27.98558922774873,355
MAS->AJJ,11.983098591549295,10.0,12.372958781781985,355
NU->KY,56.21186440677966,18.0,91.55628170708383,354
BINA->BAQ,108.4180790960452,44.5,174.1206976475634,354
CNB->ETW,79.19491525423729,42.0,167.69074421819377,354
JTJ->SA,78.87005649717514,4.0,218.15223277469798,354
NDD->RJY,61.303116147308785,27.0,93.46296310954723,353
TIR->KTU,26.441926345609065,19.0,31.38720151599891,353
PNME->GMO,34.70821529745042,7.0,85.74319059525084,353
MTJ->FDB,80.29178470254958,11.0,166.16018546406818,353
DWX->UJN,12.340909090909092,3.0,61.47459324896435,352
GMO->PNME,17.670454545454547,10.0,26.051328510686687,352
CGL->MLMR,14.613636363636363,12.0,21.779747940631,352
DDU->MZP,30.23076923076923,8.0,80.03182059463792,351
BVI->BDTS,8.854700854700855,0.0,49.22460446749861,351
MBM->MS,4.3076923076923075,0.0,10.566627956620142,351
SUR->KLBG,43.59544159544159,18.0,83.96438960665837,351
TBM->MBM,0.0,0.0,0.0,351
PUNE->DD,30.571428571428573,15.0,63.992068685789924,350
KTYM->ERN,19.5,12.0,42.55054301183146,350
MTJ->BTE,52.51428571428571,13.5,115.69287259613554,350
GDV->BZA,18.18857142857143,7.0,39.241576187485954,350
BSP->BYT,61.7163323782235,17.0,90.40332546690645,349
VGLJ->BPL,100.71060171919771,21.0,184.29458373532606,349
KYQ->GHY,37.53008595988538,0.0,100.52741568784931,349
RMGM->CPT,15.632183908045977,11.0,21.657999270306423,348
NBQ->KOJ,39.64942528735632,14.0,80.22646673689813,348
FZD->TDL,57.971181556195965,27.0,86.73922301194249,347
BAQ->BINA,40.98843930635838,9.0,106.67466392697935,346
NZM->MTJ,39.2514450867052,21.0,63.91885989345858,346
KLBG->SUR,17.973988439306357,4.0,38.92008780155853,346
BL->BIM,12.47536231884058,11.0,10.644635151058838,345
NDPM->RKMP,36.484057971014494,2.0,116.47045441195317,345
TDL->FZD,22.620289855072464,10.0,40.25742954582012,345
GOTN->MTD,18.988372093023255,13.0,20.25349219345245,344
MLMR->CGL,14.090116279069768,7.0,25.965676289593233,344
RJT->WKR,13.258720930232558,9.0,17.17836236770487,344
KZJ->SC,56.00291545189504,0.0,128.11481734843875,343
SWM->GGC,29.2332361516035,15.0,54.55035071815129,343
KPN->BWT,44.83090379008746,13.0,102.33039301478759,343
ROU->GP,82.8391812865497,58.5,94.11816611825071,342
AD->GTL,27.29325513196481,8.0,64.65257090759181,341
BYT->BSP,16.5366568914956,0.0,61.29131959912853,341
MZP->DDU,37.26392961876833,0.0,134.0549738675531,341
RK->HW,23.941176470588236,7.0,59.274493301368324,340
CKI->AFK,28.508823529411764,20.0,87.40272255551459,340
IJK->CKI,23.91176470588235,15.0,86.21865174300194,340
CSN->PC,44.13235294117647,33.5,51.938272987624565,340
ROU->JSG,65.4188790560472,25.0,100.25999513652128,339
ETW->CNB,34.876106194690266,7.0,130.39090972395115,339
PHR->PGW,36.84365781710915,2.0,88.2470093340464,339
MRGA->NLDA,94.929203539823,63.0,140.86919843495585,339
KOO->BKP,62.95280235988201,14.0,173.38360218151297,339
KZE->KGQ,26.50147492625369,21.0,29.431735742631197,339
AKVD->KKLR,20.75221238938053,15.0,30.524952730081193,339
NLDA->MRGA,55.33136094674556,33.5,76.39594827399151,338
BD->MZR,60.31360946745562,10.0,146.38018826841588,338
RKMP->NDPM,69.67655786350149,16.0,139.26776779017922,337
KKLR->AKVD,39.881305637982194,21.0,71.4688421168857,337
MTD->GOTN,25.071216617210684,7.0,55.60966992609509,337
MZR->BD,17.33234421364985,0.0,53.6879425101801,337
BKP->KOO,56.8125,28.0,80.72720208651121,336
TMR->BRD,119.57440476190476,19.5,250.91203275002408,336
QLD->CLT,36.53432835820895,13.0,95.46045604508164,335
AWB->J,51.02402402402402,14.0,122.56227588169462,333
JL->PC,103.31531531531532,37.0,138.2984581613073,333
HW->RK,18.27710843373494,6.0,49.349928328769344,332
BL->NVS,16.429003021148038,9.0,29.037753981252553,331
HRI->SPN,33.601208459214504,8.0,73.48377185343664,331
IPM->SPT,43.78549848942598,29.0,67.77806408335309,331
J->AWB,26.474320241691842,12.0,52.11847028273455,331
RE->GGN,10.845921450151057,3.0,33.24414471087273,331
KUR->PURI,21.546827794561935,0.0,58.234895926265565,331
CAP->BAM,45.285714285714285,28.0,79.16117286396535,329
BMT->LPI,21.80851063829787,0.0,54.41039109449155,329
SC->KZJ,41.817629179331306,24.0,65.37003158732543,329
MAD->CPT,9.448170731707316,9.0,7.54337486068433,328
PVU->VAK,16.529051987767584,9.0,25.059161532379296,327
BGS->KGG,67.61773700305811,20.0,116.76221467777248,327
BRD->TMR,44.489296636085626,5.0,124.71127037564096,327
IGP->KYN,93.4434250764526,16.0,185.43535826861154,327
JSG->ROU,121.5229357798165,68.0,195.64854850901926,327
AII->BER,19.31804281345566,7.0,45.93917436070164,327
HRR->DVG,9.226299694189603,0.0,23.637293362242847,327
JAT->KTHU,36.43425076452599,11.0,83.01611818497263,327
MMR->KPG,105.8282208588957,4.0,251.13206075607738,326
TCR->PGT,12.78834355828221,6.0,29.598253363515134,326
PURI->KUR,15.266871165644172,12.0,15.165120122640632,326
KGG->BGS,59.02147239263804,23.0,97.27602044133133,326
GDV->KKLR,39.87384615384615,15.0,73.19026084801826,325
BER->AII,4.695384615384615,0.0,10.414680266442728,325
KZE->NLE,22.555555555555557,13.0,33.32521056861794,324
BAM->CAP,46.151234567901234,13.0,96.56723526778477,324
GKP->BST,91.0679012345679,19.5,141.62113704789778,324
MKU->NN,35.671826625387,21.0,66.12009621174637,323
WKR->RJT,13.6656346749226,0.0,37.50270750246161,323
GGC->SWM,70.90402476780186,18.0,139.45842481123788,323
VAK->PVU,23.804953560371516,17.0,19.458086191688498,323
SPT->IPM,41.39628482972136,7.0,88.38420637458486,323
KTHU->JAT,59.31578947368421,5.0,125.04361710415172,323
MMR->BSL,58.73993808049536,19.0,127.52439974542492,323
BWT->KPN,43.136222910216716,19.0,101.79955347423014,323
GDA->DHD,16.873065015479877,8.0,40.212548475099425,323
LPI->BMT,0.0,0.0,0.0,322
RE->PTRD,3.7360248447204967,0.0,26.825533131004512,322
DGR->BWN,23.922360248447205,0.0,72.30213215847162,322
SKM->KVZ,42.307453416149066,14.0,84.28912122412108,322
CPT->MAD,14.642857142857142,10.0,22.406602871641233,322
MKP->STA,51.48598130841121,12.0,100.11000491515401,321
SLI->MRJ,42.90654205607477,0.0,117.10523040546808,321
DBD->MOZ,17.08722741433022,3.0,51.98381832456372,321
DVG->HRR,26.5202492211838,19.0,35.00795081031871,321
KVZ->SKM,38.19626168224299,25.0,47.586061362349646,321
VPT->SRT,10.12461059190031,2.0,30.10414296531312,321
KSNG->TIG,28.446875,16.0,41.01697396460599,320
KNN->LDH,52.359375,8.5,97.85863503553892,320
KHED->CHI,107.421875,76.5,107.17185166626916,320
KPG->MMR,57.940438871473354,8.0,155.44164983751722,319
NN->MKU,69.21135646687698,12.0,162.2640920438809,317
RNC->HTE,17.889589905362776,0.0,42.29766189062427,317
TIG->KSNG,36.55520504731861,20.0,52.758894022284615,317
JP->DPA,14.239747634069401,8.0,21.16748904195235,317
STA->MKP,44.60443037974684,0.0,114.60745361778991,316
SUNR->VG,6.7215189873417724,0.0,15.974731403051452,316
AJJ->TRL,20.174050632911392,15.0,29.003416723474565,316
JBP->MML,52.879746835443036,9.0,95.34254751308522,316
VG->SUNR,18.67936507936508,0.0,56.932539582297395,315
KMNC->MKN,23.11111111111111,8.0,54.546862663846284,315
CPR->SV,58.79047619047619,12.0,99.63075413824127,315
RNR->HRR,9.228571428571428,0.0,23.251569555756618,315
BNCE->SBC,11.282539682539683,0.0,30.355319052900057,315
KYN->KSRA,35.67834394904459,16.0,66.36972905826799,314
DHD->GDA,42.52866242038217,0.0,118.6187040032862,314
AK->MZR,25.914012738853504,8.0,60.54102926727502,314
CKI->IJK,24.286624203821656,20.0,18.80352456778848,314
BWN->DGR,8.02547770700637,0.0,33.44585993655519,314
PC->CSN,113.57507987220447,48.0,143.25719301785784,313
AD->MALM,23.37380191693291,13.0,34.27777112812207,313
AKVD->BVRT,0.0,0.0,0.0,312
MZR->AK,65.1474358974359,6.0,161.87567395927897,312
MSH->PNU,2.572347266881029,0.0,10.500095573527423,311
MKN->KMNC,14.588424437299036,11.0,17.813126577817176,311
GHY->KYQ,19.170967741935485,2.0,48.3024431601723,310
BBK->GD,46.34193548387097,12.5,99.96626866112483,310
ND->MHD,10.05483870967742,2.0,22.25478151174963,310
BVRT->AKVD,20.60967741935484,13.0,31.699324207866194,310
MGN->DHD,50.66019417475728,12.0,117.38939696898264,309
SRT->CVP,10.320388349514563,2.0,30.384082552809907,309
NZM->FDB,51.786407766990294,11.0,106.94740033319177,309
LDH->JRC,58.14935064935065,20.5,104.2038707395335,308
PNU->MSH,20.57792207792208,4.0,58.8498650122056,308
GAR->KY,25.295454545454547,17.0,37.244684102963255,308
MFP->DOL,35.006493506493506,15.0,58.383991910822196,308
BWN->BHP,11.50974025974026,6.0,29.126868998438276,308
DPA->JP,21.305194805194805,0.0,74.15186704734332,308
TVP->TVC,47.62012987012987,0.0,179.73062140601644,308
MOZ->DBD,59.95454545454545,28.0,84.85564219216559,308
HTE->RNC,38.96103896103896,4.0,72.73452536915326,308
MUE->NED,29.73941368078176,8.0,54.91517978571076,307
SV->CPR,85.66775244299674,7.0,158.3605354419302,307
BGS->BJU,58.299674267100976,16.0,106.4850234946292,307
MMR->CSN,48.28338762214984,24.0,76.34156016282583,307
HRR->RNR,22.713355048859935,14.0,34.35268706581048,307
MABD->WL,48.22475570032573,37.0,73.39185481014087,307
NAD->KUH,32.23202614379085,7.0,88.85598084326676,306
CLT->QLD,17.937908496732025,11.5,20.790431300097133,306
JU->RKB,12.405228758169935,4.0,20.830286244539835,306
BIM->BL,7.457516339869281,2.0,30.213011403590713,306
ASN->DHN,3.1666666666666665,0.0,9.709974590974841,306
DHD->MGN,14.265573770491804,10.0,19.844418587956827,305
ARA->BTA,29.452459016393444,13.0,54.944336684830205,305
DBG->SKI,34.713815789473685,11.0,73.85996253667983,304
KGQ->KZE,25.470394736842106,11.0,49.23305302410862,304
NU->SRID,28.026315789473685,19.0,39.378915362928346,304
KUH->NAD,6.036184210526316,0.0,16.2046118576689,304
TVC->VAK,10.036303630363037,8.0,8.967675701298651,303
NGP->WR,113.31353135313532,22.0,236.83793893632728,303
JUC->PGW,22.65016501650165,11.0,49.9374084220082,303
MKN->DNA,26.039735099337747,0.0,69.96186723997353,302
VM->CGL,12.049668874172186,3.0,39.58498385415669,302
JRC->LDH,31.00662251655629,9.0,70.58097742735801,302
NED->MUE,14.513245033112582,0.0,36.24746282883534,302
SKI->DBG,24.576158940397352,8.0,64.53811741250854,302
GTL->GY,18.963455149501662,5.0,42.72597172706722,301
VGLJ->BINA,110.09302325581395,8.0,202.39101919591874,301
BJU->BGS,72.83056478405315,20.0,118.90111239743142,301
HRI->BLM,67.3953488372093,46.0,81.55774954980004,301
PGT->TCR,34.49501661129568,11.0,92.3232228373937,301
ET->JBP,79.36212624584718,10.0,218.51078942269805,301
DHN->ASN,16.69333333333333,0.0,48.87653500884098,300
LNL->KYN,34.88333333333333,16.0,86.0101284513027,300
BTA->ARA,48.24,27.0,76.21994928426757,300
KKLR->GDV,24.36454849498328,14.0,36.12744333317959,299
PTB->SRR,33.87290969899666,11.0,97.52874590127631,299
BDL->MZP,34.68561872909699,25.0,43.95308848210656,299
MZP->BDL,35.191275167785236,12.5,61.417709235985676,298
SLO->PAP,58.377104377104374,42.0,84.83771798521221,297
PTRD->RE,12.037037037037036,4.0,27.868331379791908,297
ANG->DDCC,102.12457912457913,8.0,245.2527267292863,297
LKO->CNB,70.82491582491582,9.0,136.0218694611236,297
GZB->ANVT,75.35353535353535,0.0,146.24809861073865,297
CNB->LKO,44.65993265993266,16.0,84.86090871758226,297
HTZ->BRYA,93.22635135135135,31.0,192.27905069754937,296
SRC->SHM,50.054237288135596,0.0,108.16114728961013,295
RTM->NAD,16.061016949152542,0.0,54.088139887717674,295
DNA->MKN,13.172881355932203,10.0,15.469102741553334,295
GADJ->DO,16.335593220338982,9.0,42.821801947265584,295
KJT->LNL,29.250847457627117,18.0,59.22077445314602,295
BINA->VGLJ,61.59183673469388,12.5,159.986742415843,294
JBP->ET,75.55442176870748,6.0,134.0891230957965,294
NZB->KMC,38.166666666666664,25.0,51.11910849865618,294
SLO->APT,24.51360544217687,15.0,28.97730343909647,294
BID->RMGM,12.600682593856655,9.0,17.8799535586225,293
ERN->KTYM,30.098976109215016,5.0,73.84355291538483,293
KGI->BID,10.648464163822526,7.0,17.18341744129777,293
CHI->KHED,109.05119453924915,96.0,82.24641875206967,293
SVJR->PUNE,23.938566552901023,14.0,50.360035735770225,293
TRL->AJJ,19.46232876712329,9.0,42.013276645478136,292
SCM->VSKP,25.575342465753426,4.0,58.69846478336168,292
HZD->PNME,39.034364261168385,19.0,91.35851424673183,291
TLY->MAHE,13.786941580756015,9.0,20.329084852954995,291
PAP->SLO,37.41237113402062,22.0,47.14118616066207,291
BINA->BPL,121.25429553264605,23.0,193.62333841704267,291
DO->GADJ,23.563573883161514,10.0,48.466396957891,291
BLM->HRI,46.982817869415804,13.0,93.17056872301553,291
MDP->CRJ,44.35395189003437,0.0,112.48789272713208,291
TEN->CVP,15.006896551724138,4.5,50.32867702234694,290
BDC->HWH,13.827586206896552,0.0,58.46453333871147,290
SRID->NU,49.689655172413794,17.0,81.26666066000729,290
KMC->NZB,51.46206896551724,23.0,80.8316650318991,290
BPL->BINA,45.717241379310344,3.0,140.83675811119144,290
YLM->AKP,36.03114186851211,17.0,63.93281846451484,289
AKP->YLM,27.98961937716263,10.0,51.0789479105266,289
GGN->RE,23.602076124567475,6.0,64.51677319467022,289
MHD->ND,6.166089965397924,4.0,11.53106126489041,289
DURG->BPHB,0.0,0.0,0.0,288
AK->BD,37.78125,0.0,129.56659486285577,288
PNME->HZD,17.23611111111111,12.0,19.203471706709667,288
RC->YG,14.697916666666666,0.0,34.06914053961462,288
NBD->LRJ,29.993055555555557,4.0,52.22298698585831,288
KYN->IGP,32.375,16.0,69.21318629274644,288
BGP->SGG,28.794425087108014,3.0,63.537359503899424,287
SSM->BBU,35.8780487804878,22.0,55.94442583665878,287
OGL->BZA,39.43554006968641,10.0,93.31379044777772,287
GY->GTL,15.390243902439025,9.0,24.656825937758473,287
KY->GAR,54.7595818815331,26.0,79.63172249673241,287
BAP->ANG,124.72822299651568,35.0,249.59877454951862,287
UDN->ST,12.174216027874564,0.0,70.8176346316389,287
PANP->MYA,9.531468531468532,8.0,6.590587861652719,286
MAHE->BDJ,13.751748251748252,8.0,20.310689789859655,286
MYS->PANP,4.416083916083916,3.0,5.006482118910288,286
PTB->KTU,11.751748251748252,8.0,13.545682826963032,286
SRR->PTB,10.884615384615385,7.0,11.680722206056467,286
RKB->JU,21.895104895104897,6.0,44.45509672778451,286
JUC->JRC,17.975524475524477,10.0,34.09238370834375,286
BBU->SSM,56.1578947368421,11.0,133.907129562488,285
MALM->AD,35.96140350877193,10.0,76.5266817006182,285
NAD->RTM,52.48070175438596,3.0,123.00299354910442,285
DDCC->ANG,64.91197183098592,25.0,143.92632586383743,284
RPZ->UDZ,9.788732394366198,0.0,69.02468764942928,284
MVJ->RPZ,14.23943661971831,0.0,71.61488381707942,284
BPHB->R,14.773851590106007,5.0,39.93503263510059,283
LNL->PUNE,32.34982332155477,18.0,61.58251016708652,283
BST->GKP,138.29432624113474,26.0,197.13530742585422,282
YJUD->UMB,48.230496453900706,2.0,136.148521813215,282
BSL->KNW,56.03900709219858,4.0,135.122121789422,282
KYN->KJT,28.92170818505338,18.0,58.31804050634979,281
MLMR->TMV,17.494661921708186,15.0,23.679877080466635,281
SHM->SRC,18.330960854092528,2.0,46.353001930857005,281
MKA->HTZ,72.86832740213524,22.0,193.12165048518256,281
BPP->TEL,54.419928825622776,10.0,123.38812816819964,281
SKM->OGL,22.708185053380785,11.0,43.53521034643671,281
NDO->BPP,52.95,28.0,92.45627272171096,280
NGP->SEGM,158.45714285714286,37.5,298.6055614197498,280
SDB->KLBG,18.24642857142857,8.0,33.24364258238582,280
ADI->MAN,0.0,0.0,0.0,279
SPJ->DSS,37.31541218637993,9.0,72.41140068152548,279
SGP->PPI,24.17921146953405,9.0,45.2752985612203,279
ANG->BAP,75.59856630824373,35.0,151.76578224292732,279
DR->KYN,34.913978494623656,16.0,86.28574612156363,279
YA->HX,19.508960573476703,2.0,53.37992400074934,279
BD->AK,106.77338129496403,8.0,248.93999627171252,278
MAHE->TLY,19.76534296028881,14.0,24.181360896930606,277
GZB->ALJN,42.7942238267148,19.0,139.1611420072995,277
WADI->SDB,16.303249097472925,7.0,32.095561968919775,277
JTJ->KPN,45.43321299638989,10.0,111.50095883191477,277
KRH->AWR,17.768115942028984,4.0,47.40391849627044,276
DMN->PLO,26.293478260869566,7.5,63.31804936583306,276
VSKP->SCM,0.0,0.0,0.0,276
KLBG->WADI,26.884057971014492,0.0,70.15998056014742,276
PLO->WR,26.721014492753625,9.0,61.806899235836774,276
BST->BV,24.358695652173914,15.0,32.10310033911675,276
KUH->RTM,29.043478260869566,4.0,86.23425765712771,276
SDB->WADI,20.305454545454545,0.0,74.9943633360744,275
SPT->PSA,23.05090909090909,0.0,69.65848094918978,275
PSA->SPT,44.552727272727275,5.0,93.28114605689683,275
BKSC->MURI,20.38909090909091,0.0,60.0672180434312,275
TEL->BPP,71.41454545454546,26.0,123.28485710758302,275
AWR->KRH,15.465454545454545,6.0,41.51239467611076,275
RTM->KUH,9.576642335766424,4.5,16.992445047278945,274
ST->UDN,10.558394160583942,2.0,56.56354220316603,274
BDC->NH,12.0,0.0,41.652231931895614,274
KYQ->RNY,36.03284671532847,19.0,55.487407553378574,274
CRJ->MDP,49.5985401459854,19.0,115.10237264425612,274
SGG->BUP,12.459854014598541,0.0,34.562999674489404,274
BUP->JMP,13.018248175182482,2.0,33.161106833814785,274
BDJ->MAHE,19.157509157509157,12.0,24.527312739953427,273
ST->AKV,19.5,3.0,76.79089352529557,272
MRJ->SLI,11.566176470588236,4.0,24.371722228173933,272
BKN->LGH,10.647058823529411,4.0,23.864014939438363,272
LKR->BRYA,56.44117647058823,20.5,77.42500379961862,272
VAK->QLN,12.4375,11.0,10.259175984547626,272
BALU->KUR,63.56617647058823,6.5,132.70916525162923,272
JPE->NJP,43.231617647058826,12.0,78.26076215648888,272
JAA->MURI,11.764705882352942,0.0,37.80875067967012,272
VKB->TDU,45.25367647058823,34.0,59.9010714663557,272
GCT->ARJ,20.30514705882353,2.0,52.65061588893172,272
OGL->SKM,36.794117647058826,12.0,86.03149836343486,272
KIR->NNA,46.723247232472325,9.0,82.40824849811783,271
BV->BST,44.97047970479705,29.0,60.24603149179016,271
MYA->PANP,12.487084870848708,5.0,23.591720518565474,271
CLT->FK,20.911439114391143,15.0,27.14118604212298,271
PANP->MYS,4.398523985239852,0.0,17.83120022648546,271
CPR->DGA,26.603703703703705,4.0,50.77615414835745,270
WADI->KLBG,26.444444444444443,8.5,48.64394064614955,270
CPR->SIP,16.00371747211896,7.0,41.4112518184806,269
NJP->JPE,56.594795539033456,13.0,114.58720254783208,269
MUT->MTC,25.49442379182156,6.0,59.858703080350175,269
RK->LRJ,24.83271375464684,7.0,53.49352981237226,269
BPP->NDO,44.89219330855018,25.0,58.42350125189054,269
CNB->TDL,52.5910780669145,6.0,118.63900183296794,269
HUP->GBD,22.104089219330856,11.0,39.11641091177559,269
KNW->BSL,74.40892193308551,4.0,154.69656165784298,269
KTU->PTB,19.780669144981413,14.0,25.754876330016707,269
ADI->VG,21.14179104477612,0.0,64.04237279243341,268
SBC->KJM,9.455223880597014,8.0,11.412336889656869,268
CGL->VM,38.384328358208954,4.0,148.830489684899,268
QLN->VAK,62.38951310861423,8.0,195.23336229823363,267
GTL->ATP,26.325842696629213,5.0,63.66295920515412,267
QLN->PVU,15.430711610486892,4.0,26.98798592111261,267
DGA->CPR,11.629213483146067,0.0,36.969825744037244,267
BNZ->BBK,43.72659176029963,9.0,128.85296512322486,267
CSN->MMR,140.7593984962406,40.0,206.90891808482556,266
WL->KMT,123.0375939849624,52.5,212.40464785502144,266
AHA->KJH,17.928571428571427,9.0,34.84031729038756,266
JUDW->YJUD,21.08301886792453,9.0,38.230866356480426,265
BPHB->DURG,22.766037735849057,0.0,48.34885439163391,265
HTZ->MKA,65.0377358490566,31.0,82.20165574351537,265
PLO->DMN,83.00754716981132,26.0,170.41411220844992,265
NNA->KIR,55.06037735849057,5.0,123.28208958925643,265
KMT->WL,47.4566037735849,21.0,95.22874675285256,265
WR->PLO,79.98867924528302,23.0,169.33332922524903,265
BUP->SGG,60.928030303030305,6.0,193.25705052166566,264
PNBE->PNC,55.791666666666664,5.0,173.87747031499867,264
RPZ->MVJ,5.598484848484849,0.0,12.49021508945135,264
SIP->CPR,13.246212121212121,0.0,39.58141228563194,264
UDZ->RPZ,6.125,3.0,11.966822799253997,264
TU->GY,17.738636363636363,10.5,27.127004904552216,264
DSS->SPJ,25.988636363636363,14.0,52.19497542609233,264
SGG->BGP,68.21212121212122,0.0,207.37906477393017,264
PVU->QLN,24.155893536121674,19.0,22.076256490398077,263
CSN->NGN,62.26615969581749,25.0,90.98719331118066,263
BSP->AKT,40.20532319391635,7.0,97.50292445305915,263
NGN->MMR,60.38022813688213,23.0,92.22301167490956,263
TRL->PER,19.216730038022813,14.0,29.881486416975825,263
BH->AKV,11.996197718631178,7.0,35.29402108599659,263
MMR->NGN,36.6425855513308,32.0,34.24520934021367,263
NGN->CSN,35.79467680608365,32.0,37.709461452079026,263
GY->TU,17.46564885496183,4.0,43.80263952401569,262
BNZ->ASH,59.587786259541986,17.0,172.49000727251902,262
DPU->LMG,22.16793893129771,9.0,47.544317325122734,262
KUR->BALU,80.26335877862596,23.0,138.9424041792024,262
KPN->JTJ,36.767175572519086,6.0,111.8728204729568,262
RPH->SNT,17.133587786259543,7.0,31.900487296598833,262
AKT->BSP,82.87786259541984,25.5,112.18625201084835,262
LRJ->RK,23.919540229885058,0.0,48.552719576243476,261
RNY->KYQ,40.71647509578544,0.0,93.37906657105279,261
JMP->BUP,53.17624521072797,6.0,179.19896433337732,261
PKW->HPU,52.63984674329502,31.0,84.06060418151321,261
VG->ADI,5.226053639846743,0.0,13.45586272499964,261
UBL->HVR,20.9272030651341,0.0,54.6487953579047,261
TMV->VM,7.716475095785441,4.0,21.328476734988694,261
GZB->PKW,37.46360153256705,13.0,81.85754286504178,261
RTM->BRC,33.61302681992337,3.0,92.82485400988772,261
NOK->NGO,21.885057471264368,17.0,29.160204159629945,261
BRYA->LKR,74.4423076923077,26.0,185.5580140590176,260
TMV->MLMR,14.988461538461538,7.0,26.807836503718413,260
TDD->RJY,92.67692307692307,16.0,174.0668985754763,260
DURE->BXR,50.41153846153846,30.0,83.17783352493615,260
BXR->DURE,26.434615384615384,8.0,52.16649498186741,260
HX->YA,24.734615384615385,20.0,29.45913264151705,260
SHRN->BPL,7.592307692307692,4.0,11.910993043057125,260
UMB->YJUD,25.926923076923078,5.0,82.62404063516924,260
SM->MLDT,19.243243243243242,0.0,52.003416542341334,259
NGO->NOK,24.915057915057915,13.0,47.76980214724105,259
WKI->TCR,32.41312741312741,15.0,101.92162963126621,259
DVG->JRU,11.907335907335908,0.0,26.370039381533516,259
KLBG->SDB,30.54054054054054,14.0,68.59849265877146,259
DD->KWV,34.602316602316606,11.0,78.70856947843251,259
CVP->TEN,7.258687258687258,0.0,40.487708344041934,259
HW->DDN,24.884169884169886,0.0,125.51599739136567,259
DDR->BVI,16.254826254826256,16.0,7.382984173026035,259
VBL->VZM,37.236434108527135,16.5,59.304811043589666,258
PAK->TPTY,12.368217054263566,2.0,19.130721659300324,258
JRC->PTKC,49.77131782945737,2.0,101.26871269173417,258
SRID->MML,23.655038759689923,11.0,39.91617181265608,258
BIM->NVS,12.87984496124031,10.0,11.96025766444829,258
ASH->BNZ,44.21705426356589,4.0,151.4108725125916,258
ROK->JIND,71.92996108949416,20.0,146.21116924807464,257
HYB->SC,19.229571984435797,11.0,41.822983329524824,257
BDJ->QLD,44.447470817120625,17.0,106.70713316816678,257
CPH->NIA,87.1284046692607,30.0,107.80760428460324,257
WL->MABD,58.4609375,52.0,68.48545313909128,256
DGR->RNG,6.50390625,3.0,15.008755104252042,256
NSD->AII,8.45703125,3.0,17.567966318379757,256
HVR->UBL,11.95703125,0.0,29.456416947538866,256
PPTA->DNR,41.57421875,6.0,97.97171640363112,256
PKW->GZB,51.78515625,8.0,108.73394735872873,256
HPU->PKW,56.921875,24.0,106.44155972765009,256
PTKC->JRC,35.39453125,9.0,75.30943102525764,256
APT->SLO,36.996078431372545,26.0,51.941782829032675,255
JBP->SHR,16.945098039215686,10.0,21.915301468941802,255
BINA->MABA,32.68235294117647,6.0,70.03810185161576,255
PNC->PNBE,41.03921568627451,10.0,79.19580060854297,255
DNR->PPTA,124.17716535433071,4.0,241.23618580580035,254
SNP->SZM,36.93307086614173,19.0,52.91188372704535,254
MCI->RDM,96.96456692913385,39.5,188.0299223633354,254
PNP->SNP,33.09842519685039,18.0,46.8236342543263,254
SHR->JBP,58.625984251968504,7.5,111.26263251108247,254
HD->ET,46.161417322834644,5.0,107.11075096317973,254
GNT->BZA,44.767716535433074,9.0,91.87763161299173,254
ET->HD,121.69169960474308,43.0,200.00503914851322,253
KGQ->MAQ,2.8300395256916997,0.0,12.271028549599997,253
KRBP->DOL,28.561264822134387,22.0,33.122805431661696,253
RDM->MCI,54.00790513833992,35.0,89.52187779491373,253
SRTL->ALLP,37.687747035573125,21.0,109.63562181832741,253
GP->BMB,81.84189723320158,64.0,86.92730213634658,253
ATP->GTL,18.1699604743083,10.0,28.45029721297069,253
TEL->NDO,45.59126984126984,21.0,92.72099477296315,252
TA->TIR,18.11111111111111,15.0,19.867979492617746,252
LGH->BKN,8.630952380952381,0.0,26.47969067441806,252
PGI->TA,19.015873015873016,15.0,19.19660665854604,252
VZM->VBL,17.555555555555557,6.0,33.93162930100477,252
BRC->RTM,24.58730158730159,2.0,64.03171149634929,252
BL->ST,12.46031746031746,2.0,32.632970591411585,252
CTO->KPD,73.93227091633466,9.0,200.86964776795512,251
MEX->PTKC,56.49800796812749,19.0,110.0851079665907,251
LKO->ON,46.059760956175296,20.0,65.02381420943122,251
KWV->DD,16.39840637450199,0.0,64.48783325132113,251
KJM->BWT,51.852589641434264,15.0,117.1570492256737,251
BST->GD,84.192,18.5,145.87570745020022,250
DSA->DLI,27.748,2.0,61.05107230605269,250
SRC->KGP,72.94,17.0,141.13757707517368,250
BRC->GDA,12.92,0.0,45.7671073201027,250
ANVT->GZB,26.932,4.0,67.42730263448364,250
PAN->BWN,22.464,0.0,59.752641923746545,250
SAP->GNT,51.256,19.0,93.9193795947024,250
JNU->SHG,46.02,34.5,55.49336586132144,250
MURI->BKSC,41.104,2.0,75.10258836495892,250
AII->NSD,19.076305220883533,13.0,24.771174568828336,249
BVI->DDR,4.791164658634538,0.0,10.745805738836456,249
TPJ->VRI,17.690763052208837,16.0,20.926829973071776,249
ARJ->GCT,46.22489959839358,6.0,107.52980467590865,249
GNT->SAP,75.87550200803213,36.0,148.3321134797314,249
DWP->RJY,27.329317269076306,17.0,48.08607017730308,249
RJY->TDD,91.39759036144578,16.0,174.94477975038916,249
TIR->CLT,32.06425702811245,11.0,91.14621742650364,249
MURI->JAA,15.016129032258064,0.0,56.98248667252153,248
ON->LKO,42.48790322580645,28.0,55.606481859002166,248
BZA->GNT,58.818548387096776,17.0,138.2676632445159,248
PPI->SGP,80.06854838709677,36.5,110.02715591698187,248
MBI->SKI,11.097165991902834,8.0,11.6090916180342,247
BSB->KEI,39.04858299595141,5.0,66.57850116283504,247
BSBS->BSB,7.348178137651822,0.0,26.95736295335715,247
AMLA->BZU,76.42105263157895,39.0,165.31586188001248,247
R->BPHB,0.0,0.0,0.0,247
JAM->HAPA,18.955465587044536,11.0,31.131148631682,247
NH->BDC,4.0,0.0,24.11490110459822,247
NN->SEG,26.77327935222672,14.0,52.78501048484368,247
DLN->DDU,38.21052631578947,0.0,130.71701969651753,247
PTU->SELU,27.975708502024293,26.0,32.54976516662583,247
JAT->MCTM,68.03238866396761,12.0,137.1713624870276,247
RKM->AGC,109.02834008097166,59.0,139.4343217715203,247
KIUL->MKA,59.170731707317074,23.0,138.78279651764595,246
CUR->SDLP,18.369918699186993,3.0,101.75788265907791,246
YJUD->JUDW,33.32520325203252,10.0,61.49491380128853,246
SNT->RPH,14.646341463414634,8.0,36.84530439483753,246
FTP->PRYJ,26.056910569105693,7.0,34.85604232759351,246
STA->PCOI,96.3170731707317,11.0,238.00133139991752,246
PUNE->KYN,14.504065040650406,10.0,22.70444494240481,246
BWT->KJM,59.93877551020408,17.0,125.45958270270593,245
SZM->NDLS,40.371428571428574,12.0,65.0451671570748,245
WR->NGP,39.80816326530612,0.0,132.37750266482792,245
ET->GDYA,73.5061224489796,10.0,173.8069076615961,245
GDYA->BZU,82.48163265306123,25.0,175.73768603348998,245
YG->RC,33.61224489795919,7.0,78.47888311736865,245
BZU->AMLA,75.72244897959183,13.0,173.07409962553916,245
PGW->PHR,21.438524590163933,14.0,37.84808696226398,244
SRR->TIR,33.14344262295082,13.5,90.99482143968588,244
LMG->DPU,33.13934426229508,6.0,71.27138368869777,244
STA->KTE,89.52459016393442,26.0,216.13411143395618,244
SEGM->NGP,128.7827868852459,32.0,271.124373443866,244
MABA->BINA,12.049180327868852,5.0,22.72608495973245,244
DNR->BTA,64.46913580246914,33.0,91.0801236247405,243
GBD->HUP,23.596707818930042,14.0,34.45805195434962,243
SEG->NN,44.193415637860085,10.0,93.42141943558549,243
FK->CLT,12.292181069958847,5.0,17.756881467142613,243
DDN->HW,28.71900826446281,7.0,125.21571250419629,242
BID->KGI,19.024793388429753,17.5,12.779303034857557,242
BBK->BNZ,62.760330578512395,22.0,177.24751312623218,242
RMGM->BID,14.958677685950413,13.0,10.043801741917864,242
VAK->TVC,9.090909090909092,0.0,24.644189976241098,242
DDU->DLN,28.714876033057852,0.0,116.94700942862931,242
BGZ->ROK,76.9090909090909,25.0,147.10114509400265,242
FDB->MTJ,83.46473029045643,28.0,141.5407472280137,241
KTE->STA,101.04564315352697,17.0,216.5635635897433,241
SKI->MBI,19.796680497925312,6.0,41.64037690673552,241
JAJ->JMU,36.71784232365145,5.0,110.48662840056727,241
MLDT->SM,14.0,5.0,49.632566593585175,241
HWH->BDC,8.858921161825727,3.0,34.34113200179329,241
MKA->KIUL,50.170124481327804,0.0,123.44661506254884,241
AKD->SJP,12.767634854771785,11.0,11.566292180273104,241
NLDA->SC,50.60995850622407,0.0,152.8564323161277,241
JIND->ROK,20.937759336099585,6.0,58.95436322522565,241
FA->RANI,5.5062240663900415,0.0,10.963241739235634,241
KGP->HWH,82.20331950207469,10.0,225.9125663959436,241
RN->SGR,90.47083333333333,72.0,79.34390469778867,240
HRS->TDL,26.6875,13.0,45.65312009575014,240
HRS->ALJN,52.90833333333333,25.0,79.35487749965124,240
MCTM->JAT,48.92916666666667,19.0,93.93378322574794,240
MCTM->SVDK,54.475,0.0,131.26149840049482,240
BZU->GDYA,98.60416666666667,54.0,200.97333651739598,240
GDYA->ET,58.375,5.5,195.81348663490252,240
GZB->SBB,29.033333333333335,10.0,60.45004623042741,240
BWN->PAN,4.7125,0.0,16.706569561917753,240
ALJN->HRS,39.65416666666667,25.0,48.71092665790385,240
PCOI->STA,48.57083333333333,5.0,115.02848102535907,240
MZP->CAR,27.15,9.0,43.57317703957534,240
TDL->HRS,51.1375,19.5,78.62746394087794,240
SKB->ETW,24.475,15.0,36.368974432271656,240
TDL->CNB,26.171548117154813,16.0,40.427129511436256,239
MTC->MUT,74.84100418410041,31.0,104.13283287715255,239
TIR->TA,16.12133891213389,12.0,17.825423394920666,239
KEI->BSB,15.740585774058577,3.0,30.933237700140772,239
TA->PGI,17.184100418410043,13.0,17.928886084337975,239
SKZR->BPA,93.47280334728033,26.0,189.77243751068514,239
BRYA->HTZ,61.79916317991632,27.0,82.42196104899675,239
SGR->RN,111.24267782426779,95.0,91.942069921068,239
BJU->SPJ,42.65966386554622,3.5,103.21828561003488,238
KMT->MABD,41.99159663865546,32.0,60.69749239543588,238
JRU->DVG,27.756302521008404,19.0,32.10359454789193,238
RMA->KOTA,30.76890756302521,4.0,81.42222842900985,238
KYN->LNL,19.69747899159664,11.0,36.880707367079886,238
CAR->MZP,30.15546218487395,10.5,56.395949816388914,238
TDU->VKB,25.428571428571427,12.0,64.28504185570223,238
SDLP->CUR,20.69327731092437,5.0,68.18671960863101,238
BPL->SHRN,27.205882352941178,0.0,81.4284110466947,238
PRYJ->FTP,32.05042016806723,19.5,39.10547216706649,238
KTV->VZM,37.51476793248945,7.0,100.42556055699886,237
DOL->KRBP,35.14767932489451,16.0,56.343898321523895,237
SC->HYB,32.687763713080166,0.0,115.58540929184909,237
AKV->ST,26.741525423728813,1.0,100.35047589813578,236
KPD->CTO,21.135593220338983,11.0,48.504953070924095,236
MMR->LS,57.355932203389834,17.0,97.85256172936731,236
PTRD->GGN,10.491525423728813,7.0,32.47172144856803,236
ST->BL,31.95762711864407,0.0,101.49783723240664,236
BDJ->TLY,30.046808510638296,24.0,34.68826281867838,235
ROK->BGZ,24.48936170212766,7.0,73.67179247175335,235
KOTA->RMA,47.0,17.0,98.94105989594678,235
PGRL->SAP,73.2595744680851,61.0,68.1390347719074,235
LKO->BE,58.782978723404256,3.0,162.8133524721668,235
SPJ->BJU,34.14529914529915,0.0,79.61595209248287,234
GDA->BRC,45.20940170940171,5.0,121.98893109774397,234
SBIB->MSH,9.11965811965812,7.0,10.689662402809997,234
VDS->JMT,22.324786324786324,0.0,60.78969997741971,234
PRG->PFM,13.072649572649572,4.0,27.796143629556916,234
STKT->KPY,23.363247863247864,20.0,15.566019435935791,234
PRG->PYGS,24.987179487179485,8.0,49.658359060973694,234
PFM->PRG,26.816239316239315,9.0,43.684250326279965,234
BHTR->BTT,27.63519313304721,15.0,46.455020487764,233
SZM->DLI,14.905579399141631,4.0,32.38560256068867,233
KHS->RIG,61.93991416309013,17.0,116.27177509815255,233
APT->DWP,31.261802575107296,20.0,35.37502467666487,233
TLY->BDJ,46.91416309012875,10.0,111.17907043915538,233
DMV->DPU,27.175965665236053,13.0,51.56849251103708,233
ALLP->SRTL,25.613733905579398,22.0,19.442580808572053,233
GNG->AME,48.987124463519315,13.0,88.54920124090643,233
PYGS->PRG,11.579399141630901,4.0,25.51966627679117,233
TIR->SRR,39.18884120171674,7.0,112.81705688068786,233
CLT->TIR,65.27038626609442,5.0,151.74419783353582,233
CPP->VZM,23.517241379310345,2.0,57.9734202058644,232
AY->GGJ,30.038793103448278,6.5,52.76258393475589,232
MJ->PMY,7.297413793103448,0.0,14.30352459337914,232
GGJ->ABP,31.344827586206897,4.5,54.36387001254334,232
CNB->ANVT,93.11637931034483,5.0,146.73485021409653,232
DBG->LSI,14.939655172413794,10.0,27.012675810182785,232
VM->TMV,16.560344827586206,9.0,28.166262337763477,232
RTGH->CUR,9.917748917748918,5.0,20.749377908897632,231
RU->KOU,25.493506493506494,20.0,29.736505178983972,231
BMB->JSG,69.38528138528139,41.0,93.88009720907672,231
QLD->BDJ,16.458874458874458,14.0,15.857429928744457,231
MBNR->JCL,27.662337662337663,15.0,51.72955014292928,231
PMY->MJ,15.545454545454545,6.0,30.5930705941631,231
MYS->MYA,7.917391304347826,6.0,11.813217088011331,230
LKO->NHH,13.41304347826087,0.0,39.70435287200889,230
UMB->RPJ,39.869565217391305,9.0,74.5274512584223,230
CNB->PHN,52.417391304347824,25.5,74.8085746443986,230
GGN->PTRD,16.891304347826086,12.0,21.750298156737248,230
MSH->SBIB,6.778260869565218,0.0,42.40178434617475,230
BZA->OGL,61.856521739130436,0.0,125.42574248804975,230
LS->MMR,19.11304347826087,13.5,22.71073663231514,230
TCR->WKI,24.37117903930131,18.0,19.931400970739634,229
BXN->BTE,16.868995633187772,8.0,35.610469943555344,229
BTT->BHTR,35.157205240174676,10.0,66.8469166516996,229
PGT->PTJ,12.65938864628821,5.0,19.714567629486318,229
LKA->HJI,15.279475982532752,7.0,22.4247389956371,229
SELU->PTU,32.41048034934498,26.0,42.535713315100196,229
LDH->KNN,27.65938864628821,4.0,66.87424150461513,229
LSI->DBG,15.292576419213974,0.0,44.45406644612065,229
BRD->KP,46.842794759825324,13.0,76.49063526591428,229
NHH->LKO,26.637554585152838,4.0,112.9115652443254,229
DDCC->PUNE,137.24017467248908,0.0,296.26753993818147,229
MTJ->RKM,74.97379912663756,42.0,127.89959471416317,229
SEH->SHRN,1.2358078602620088,0.0,6.7717376995637055,229
KIUL->JAJ,39.96506550218341,0.0,119.16485191583499,229
VGLJ->BAB,108.47368421052632,58.5,139.0755007150509,228
BUH->SDL,48.1359649122807,5.0,103.62616616068432,228
MDP->VDS,15.706140350877194,3.0,41.82654087539826,228
AME->GNG,47.1140350877193,16.0,76.46671658231324,228
MOZ->MTC,10.021929824561404,3.0,28.449730792442562,228
PVP->VBL,35.92982456140351,18.0,58.38950471413539,228
BGKT->JU,10.903508771929825,3.0,20.605362331133115,228
BE->LKO,60.32017543859649,25.0,147.37302646809414,228
RIG->KHS,121.12280701754386,111.0,115.75666718324388,228
RNG->DGR,33.20614035087719,9.0,63.287446869762356,228
DWP->APT,32.4078947368421,22.0,36.97725612370678,228
KNE->DLK,34.04824561403509,17.0,63.37645268250521,228
PSA->BAM,69.00877192982456,7.0,131.1880310172603,228
BCN->LKO,39.60526315789474,10.0,71.13115248071276,228
DNA->MTD,17.788546255506606,0.0,55.51934408245742,227
CRY->KVU,21.506607929515418,16.0,20.966760470745978,227
KTH->CRP,14.54625550660793,5.0,31.15293877507879,227
DHN->KTH,12.026431718061675,2.0,29.762915796004457,227
KVU->VAK,22.325991189427313,17.0,21.150522143807095,227
WADI->YG,30.726872246696036,5.0,77.17653209717028,227
KMZ->DMO,59.47136563876652,12.0,103.19473308995623,227
VZM->KTV,38.99559471365639,15.0,64.26986093617575,227
GZB->MB,47.47577092511013,16.0,94.22794375240127,227
SVDK->MCTM,31.94273127753304,8.0,83.18202280643837,227
MYA->MYS,2.607929515418502,0.0,14.209261862787777,227
SNP->PNP,31.61061946902655,15.5,61.11845455118824,226
DPJ->SA,14.176991150442477,9.5,23.263984597463793,226
BAM->PSA,110.40265486725664,16.0,194.3273567795341,226
DHN->KMME,14.345132743362832,0.0,53.42521583780109,226
BTE->AH,30.88053097345133,27.0,30.122547799597502,226
NDLS->MTJ,106.59292035398231,31.5,198.99345102202696,226
RJY->DWP,45.03982300884956,29.0,82.43577005679892,226
HAPA->JAM,16.98230088495575,0.0,36.116966108805734,226
JTJ->VN,19.81858407079646,7.0,53.997595088296,226
KUR->BAM,97.08407079646018,37.0,156.7845429265535,226
VBL->PVP,13.346666666666666,0.0,27.665489074192877,225
YG->WADI,9.6,0.0,25.488968201949646,225
PSA->NWP,21.502222222222223,2.0,52.85544001976088,225
VRI->TPJ,14.875555555555556,0.0,67.82193451669822,225
MTC->MOZ,50.92,20.0,126.14604206463007,225
AGC->RKM,70.39732142857143,16.0,147.16610971720127,224
NDO->TEL,36.683035714285715,14.5,58.393995619202165,224
CKP->TATA,179.77678571428572,115.5,254.91305859202882,224
SDL->BUH,58.32142857142857,17.0,103.98238159541724,224
BTE->BXN,50.32142857142857,14.0,105.10355468260168,224
SA->DPJ,23.316964285714285,17.0,24.576821587686627,224
VGLJ->ORAI,52.111607142857146,23.5,115.81387204838848,224
IJK->TCR,18.236607142857142,17.0,18.43914482777063,224
BAB->VGLJ,39.97767857142857,21.5,67.4539832646222,224
MB->GZB,101.68609865470852,10.0,182.9910403323566,223
KAWR->MAO,63.92825112107624,26.0,118.00001626236597,223
AGC->NZM,73.32735426008969,11.0,190.13908023854412,223
DPU->DMV,37.17488789237668,8.0,75.7438838660786,223
BMB->GP,62.4304932735426,22.0,111.51137526602183,223
NGP->BPQ,91.75336322869956,10.0,173.8877580791958,223
BEA->ARA,27.542600896860986,13.0,49.95075707077524,223
NIA->AKT,94.04484304932735,35.0,111.96680556133767,223
KRJ->ALJN,38.01793721973094,19.0,58.17238781272329,223
MTD->DNA,17.45291479820628,12.0,18.618170869092534,223
KPG->BAP,145.0627802690583,16.0,289.9459651513548,223
MRB->HPT,34.18385650224215,20.0,54.65763474127698,223
DLI->DSA,14.506726457399104,9.0,18.952731613992867,223
RANI->FA,13.789237668161435,5.0,21.87959415545049,223
TU->YA,20.076233183856502,2.0,53.95509076983762,223
KPY->STKT,10.788288288288289,4.0,19.47768761182507,222
PNBE->ARA,90.46396396396396,23.0,158.44232163081742,222
ALJN->KRJ,47.549549549549546,14.0,76.85830398336208,222
BNR->HJP,24.815315315315317,15.0,39.62901651441941,222
ABR->PDWA,5.1441441441441444,0.0,7.862329967771314,222
TATA->KGP,177.38288288288288,84.0,266.22989125903234,222
DBR->MKP,55.211711711711715,10.0,128.99028427318004,222
KRNT->DHNE,17.479638009049772,0.0,44.56706684471273,221
TPTY->PAK,22.506787330316744,13.0,40.31304998604413,221
ABP->GGJ,52.92307692307692,46.0,50.19777667603202,221
JRC->JUC,45.39819004524887,4.0,102.87885548449731,221
HJP->BNR,28.552036199095024,11.0,45.1705179184041,221
SC->NLDA,51.53393665158371,21.0,91.39308198095625,221
AKP->TUNI,34.94117647058823,15.0,56.559551692888576,221
LKO->BCN,48.84615384615385,10.0,89.56086729732439,221
VZM->CPP,39.665158371040725,15.0,72.28237625387412,221
SEE->CPR,32.710407239819006,3.0,73.84527639424536,221
DBG->SPJ,23.38914027149321,0.0,72.20150256358465,221
MKP->DBR,15.339366515837105,0.0,37.822645183643395,221
KLBG->GUR,10.136363636363637,4.0,21.26543587543382,220
TCR->IJK,27.081818181818182,14.0,106.84885683396328,220
SMK->PNP,42.90909090909091,27.0,61.47502673778832,220
NVS->BIM,11.472727272727273,6.0,35.68704895123238,220
TUNI->AKP,54.57272727272727,8.0,109.34683281380079,220
BPQ->NGP,97.83636363636364,24.5,195.8323776417863,220
MAO->KAWR,130.5772727272727,83.0,159.7649770223092,220
AUB->KNE,42.78181818181818,19.0,72.93994299662123,220
ORAI->VGLJ,36.80909090909091,10.5,71.78137729957307,220
GZB->MTC,81.99090909090908,21.0,152.69625416394297,220
JMU->JAJ,17.474885844748858,0.0,67.96351597732912,219
TDL->ETW,13.584474885844749,7.0,22.938208501130568,219
BTA->DNR,37.885844748858446,16.0,64.15063072615064,219
CUR->RTGH,18.863013698630137,5.0,57.35147912520159,219
SJP->AKD,62.10045662100457,8.0,167.0399308130516,219
RTM->MGN,41.78082191780822,9.0,104.41258754505344,219
ARA->BEA,57.397260273972606,37.0,79.67060738147327,219
TDU->SEM,40.31506849315068,26.0,61.295167217265465,219
BSB->BSBS,17.164383561643834,0.0,53.93174764968638,219
LRJ->NBD,23.579908675799086,13.0,49.47992603799612,219
SPJ->DBG,79.71689497716895,4.0,171.76579488137918,219
CKP->ROU,158.32876712328766,90.0,208.8308688468623,219
FA->ABR,12.522935779816514,0.0,45.01911449242969,218
ROU->CKP,154.3256880733945,92.5,234.79695980245086,218
G->TRO,48.15137614678899,11.0,75.72774435686432,218
TRO->TMR,50.29816513761468,13.0,77.25216413135114,218
QLN->STKT,21.81651376146789,19.0,14.821310562035578,218
HAN->BXN,19.931192660550458,11.0,36.641743456718366,218
BWN->GKH,10.853211009174313,8.0,10.68253727094512,218
MAQ->KGQ,11.371559633027523,7.0,19.022531349397855,218
BSB->BCY,15.954128440366972,0.0,43.51754459923675,218
PTKC->MEX,37.48623853211009,19.0,76.54457027327753,218
RJY->EE,48.77981651376147,5.5,88.75185287071257,218
JWB->FA,6.279816513761468,0.0,10.771598427581287,218
KSV->MTJ,68.02304147465438,25.0,99.62254887529382,217
SHRN->SEH,70.28571428571429,8.0,176.00171355587185,217
AUBR->GAYA,59.69124423963134,2.0,141.0514470327007,217
PPI->GAR,32.23041474654378,12.0,60.930458207100244,217
RE->KRH,16.80184331797235,2.0,50.392279651136036,217
KJM->WFD,14.373271889400922,13.0,12.891061534486562,217
BVI->PLG,13.35483870967742,12.0,15.118310798032367,217
BHP->PNE,13.184331797235023,10.0,13.17591565588071,217
SMVB->KJM,47.08294930875576,7.0,122.83289060135124,217
NWP->PSA,37.00925925925926,4.0,79.63690804626759,216
SEM->TDU,29.175925925925927,12.0,80.94653173014068,216
KGP->TATA,102.18981481481481,26.0,200.40467452182375,216
PGRL->NDKD,50.092592592592595,48.5,37.22378260449542,216
DMO->KMZ,53.06481481481482,19.0,104.05881817494154,216
ETW->TDL,31.083333333333332,10.0,62.48134605345152,216
PKD->HUP,24.814814814814813,12.0,56.67789826372756,216
NDKD->PGRL,55.78703703703704,50.0,37.92466238777254,216
BGS->NBJU,16.6046511627907,8.0,35.419871089336574,215
KRH->RE,5.5813953488372094,0.0,28.22194459852843,215
MGN->RTM,7.120930232558139,0.0,18.27449780865841,215
NAC->KMNC,29.186046511627907,13.0,62.558852968738,215
KWAE->NDAE,15.851162790697675,0.0,50.53781952075722,215
BXN->HAN,63.705607476635514,18.0,119.37227155933189,214
KMME->DHN,17.953271028037385,0.0,105.17201498368769,214
TATA->CKP,122.8785046728972,57.0,199.930138515821,214
SHG->JNU,31.88317757009346,5.0,49.27693512583296,214
GD->BST,153.39719626168224,40.5,226.01208200616043,214
NDB->DDE,10.58411214953271,0.0,66.37226024092982,214
ABP->MLPR,35.51401869158879,5.5,60.12176447108833,214
PHR->LDH,20.38785046728972,13.0,39.98138113686592,214
MTC->GZB,21.457943925233646,6.0,59.657595823287096,214
SY->CDM,21.83177570093458,10.0,43.59318678327249,214
BVI->ADH,30.72897196261682,16.0,79.8081114276137,214
SDL->BRS,57.86915887850467,9.0,115.91542846444862,214
PTJ->PGT,12.061032863849766,2.0,28.209141982360794,213
SPE->NYP,18.7981220657277,8.0,43.25202139723984,213
MRGA->NDKD,58.16431924882629,44.0,65.35942890887148,213
PURI->SIL,25.24413145539906,7.0,65.70321009519114,213
DRD->VAPI,16.474178403755868,14.0,15.761953831637227,213
AH->BTE,42.248826291079816,15.0,80.06806692182,213
KUDA->BYNR,0.0,0.0,0.0,213
NYP->GDR,18.788732394366196,6.0,49.29720671015075,213
PUNE->DDCC,52.413145539906104,17.0,132.0594427905602,213
SMVJ->HAN,17.27699530516432,12.0,24.26880298812434,213
KMNC->NAC,13.793427230046948,11.0,16.955673453310332,213
BAM->KUR,65.23474178403755,9.0,148.64527013828894,213
AKV->BRC,23.887323943661972,6.0,86.3492605144355,213
MSW->MUR,34.094339622641506,24.0,53.97884934248864,212
RNG->UDL,17.287735849056602,3.0,53.70992159984642,212
DHNE->KRNT,24.30188679245283,15.5,41.02471103925561,212
NDAE->KWAE,6.202830188679245,2.0,12.172978836464724,212
JMU->KIUL,44.283018867924525,8.0,118.8023373090148,212
CDM->SY,27.2311320754717,13.0,83.73688408376744,212
SJP->KPP,11.606635071090047,10.0,11.673402962228867,211
KJH->KIUL,29.507109004739338,2.0,67.08703442034559,211
BLS->SORO,72.42654028436019,21.0,140.95702842954535,211
DLK->KNE,56.67298578199052,44.0,78.57748484075952,211
HJI->LKA,27.255924170616115,16.0,39.32672543938407,211
ARA->PNBE,101.91943127962085,4.0,243.67331399634378,211
NDKD->MRGA,74.23222748815166,60.0,77.11548608767556,211
AF->TDL,17.630331753554504,2.0,36.514521956324984,211
NIA->CPH,50.06635071090047,7.0,107.25716917075533,211
ERN->TRTR,17.14218009478673,10.0,26.200848277539595,211
BRC->AKV,35.67298578199052,7.0,108.65551584664158,211
BKP->MKA,41.79047619047619,12.0,94.66523189090469,210
NLE->CHV,27.514285714285716,14.0,39.38647043484737,210
PRYJ->NYN,22.761904761904763,7.0,44.515686995698736,210
BYNR->KUDA,76.41904761904762,46.0,92.16573182854103,210
ETW->SKB,78.50952380952381,50.0,102.42865368375169,210
DLI->DEC,18.933333333333334,3.5,57.909228866207414,210
KJM->SMVB,62.32380952380952,0.0,133.06249172145183,210
HJP->CPR,51.27619047619048,3.0,106.65411566054058,210
GAYA->AUBR,37.25238095238095,22.0,57.068481644203175,210
SBB->GZB,18.957142857142856,6.0,41.484568773739596,210
FZD->SKB,22.88095238095238,13.0,36.429523216315324,210
DEOS->SV,100.60952380952381,24.0,155.25697144279968,210
CPR->HJP,47.94285714285714,8.0,83.98032676564023,210
SKB->FZD,71.6952380952381,49.0,91.43435680317342,210
KIM->KSB,7.785714285714286,5.0,9.762087867623483,210
LGH->LKS,34.26190476190476,23.5,52.94524549265938,210
MABD->KMT,61.61244019138756,60.0,71.90082671958054,209
RTA->GUNA,11.995215311004785,2.0,21.811362954198078,209
BAP->KPG,79.38277511961722,26.0,172.73486488844952,209
DEC->DLI,10.736842105263158,0.0,37.84930432724861,209
BV->MSW,26.301435406698566,18.0,31.46762756338907,209
BSP->R,126.37320574162679,82.0,176.64336749115748,209
BRS->SDL,57.00956937799043,15.0,100.46641183991171,209
YA->TU,20.033492822966508,12.0,30.989666822358153,209
SIP->BUI,16.08133971291866,3.0,46.37304926567304,209
BJU->BCA,14.952153110047847,7.0,27.00369646447825,209
KSRA->IGP,30.423076923076923,16.0,60.36006170825212,208
SV->DEOS,70.875,31.5,92.41564243234785,208
BMKI->SGL,32.35096153846154,9.5,84.30315034737,208
VDS->MDP,20.995192307692307,8.0,57.01957436558434,208
JU->BGKT,13.971153846153847,5.0,29.629094178705724,208
ATE->CKTD,59.81730769230769,32.5,101.99353625660352,208
KP->BRD,24.490384615384617,11.0,58.02381573217921,208
LTT->KYN,42.6875,16.0,80.40443325136637,208
CLT->BDJ,28.144927536231883,21.0,36.51968827786184,207
TRO->G,21.579710144927535,4.0,57.27715088504149,207
NYN->PRYJ,14.207729468599034,0.0,46.08382335393568,207
BPA->MCI,107.67149758454106,40.0,202.92322023337368,207
TMR->TRO,24.193236714975846,8.0,57.815083131749226,207
CND->DMN,18.516908212560388,6.0,44.27176064258623,207
BCY->BSB,13.173913043478262,2.0,34.283210752030364,207
ABR->FA,4.357487922705314,0.0,13.73033384318247,207
GWD->KRNT,28.14975845410628,18.0,45.92069765631118,207
RKM->MTJ,90.4927536231884,30.0,159.7247289085351,207
ZNA->DDU,10.526570048309178,0.0,44.634524702968164,207
BVRT->TNKU,44.76699029126213,19.5,72.24520628991986,206
HAN->SMVJ,49.38834951456311,18.0,106.1054452991959,206
SEM->CT,29.674757281553397,16.0,55.7026604758439,206
DDE->NDB,22.514563106796118,0.0,90.79957709987153,206
GUNA->RTA,46.99029126213592,0.0,97.29041214592787,206
TDL->AF,86.50485436893204,30.0,137.64095205874315,206
SAP->PGRL,67.40776699029126,40.0,140.3802805200637,206
MKA->BKP,44.24390243902439,18.0,116.8888739249439,205
JSG->BMB,52.073170731707314,8.0,110.80339199962548,205
CPR->SEE,55.990243902439026,7.0,123.94207178861403,205
RTM->KOTA,23.014634146341464,4.0,56.06102050521452,205
MSW->BV,40.892682926829266,29.0,56.9904377524651,205
CKTD->ATE,33.34146341463415,22.0,41.33863605855004,205
MUR->MSW,38.62439024390244,25.0,57.103023427423224,205
GJL->AMRO,57.91219512195122,39.0,82.59624271923204,205
NBD->NGG,19.678048780487806,15.0,20.280478300465397,205
NGG->DPR,20.93658536585366,17.0,20.443151162665426,205
KRNT->GWD,24.546341463414635,15.0,41.14720166289263,205
JMT->VDS,18.59512195121951,8.0,53.93502786677651,205
HPT->MRB,33.107317073170734,10.0,61.17668237004877,205
MLPR->ABP,54.234146341463415,46.0,48.107353447916815,205
DDU->ZNA,18.31219512195122,2.0,49.21880018576689,205
WKR->THAN,14.702439024390245,10.0,17.02720556392377,205
GAR->PPI,83.92682926829268,28.0,138.5753122631111,205
ZN->ALER,55.82439024390244,36.0,82.32151453381478,205
SPN->LKO,46.72549019607843,20.0,68.59923693190979,204
KNE->AUB,60.254901960784316,42.0,83.79075348713054,204
JAJ->KIUL,38.588235294117645,7.0,117.23857642344763,204
DZA->MEX,46.93627450980392,24.0,67.5619099981941,204
BUI->SIP,21.357843137254903,0.0,49.61501428615805,204
KJT->KYN,25.691176470588236,22.0,27.785734025896577,204
LKO->SPN,41.583333333333336,13.0,77.11419410638042,204
EE->RJY,50.22660098522167,14.0,97.55494964262776,203
BRPL->BRGA,31.689655172413794,25.0,35.47886334058508,203
PLG->BVI,21.014778325123153,12.0,55.772564836492094,203
KHT->RU,22.0,2.0,47.04937368718565,203
HUP->PKD,19.985221674876847,16.0,25.16194632567523,203
FA->JWB,19.9064039408867,9.0,35.734528721461196,203
DMM->SSPN,27.448275862068964,9.0,67.87452776476503,203
QLN->KPY,24.458128078817733,20.0,16.26671175530105,203
PDWA->ABR,11.591133004926109,0.0,31.58573622489051,203
RU->KHT,30.261083743842363,17.0,48.529115613062864,203
THAN->WKR,12.648514851485148,8.0,19.65903948834368,202
SNDD->KKW,61.85643564356435,44.0,66.6876895944901,202
ANGL->TLHD,19.198019801980198,6.0,41.35287288160032,202
KQR->HZD,33.32673267326733,14.0,99.18529911441388,202
TNKU->BVRT,0.0,0.0,0.0,202
KKW->SNDD,140.9108910891089,118.0,96.79753697473988,202
WFD->KJM,38.27860696517413,31.0,42.17311928290047,201
SIR->KNN,63.18905472636816,17.0,91.41648691347743,201
MABA->BAQ,39.25373134328358,12.0,76.50562265943246,201
TATA->CNI,42.0547263681592,12.0,66.04113861866517,201
BZA->MAG,23.069651741293534,15.0,33.34254226027327,201
RGL->JSG,17.06,5.0,32.35553745528113,200
MEX->DZA,33.135,22.0,41.23662292612913,200
ALER->ZN,35.43,28.0,41.56263179599008,200
ADI->BRC,5.9,3.0,14.934698729155983,200
STA->JTW,23.92,14.5,32.69354584162588,200
NDLS->UMB,31.075,2.0,84.64249010191791,200
DRH->AHA,18.075,7.5,37.90479179742357,200
JRLE->AZ,14.864321608040202,0.0,49.29561092000842,199
PNP->SMK,46.095477386934675,27.0,56.870364099203755,199
TRTR->ERN,11.467336683417086,10.0,10.55278643092804,199
KGQ->MAJN,33.75879396984924,7.0,101.41096563021821,199
BSX->NZB,37.11557788944724,24.0,50.79699852485433,199
R->BSP,35.88944723618091,0.0,115.39264475621623,199
JMP->DRH,17.105527638190956,9.0,28.849205993625134,199
SASN->CDG,6.8793969849246235,2.0,15.887722457516107,199
KNN->SIR,30.376884422110553,4.0,70.68555828342949,199
AMRO->GJL,62.22727272727273,22.5,88.76029353982273,198
KTQ->BBU,30.40909090909091,28.0,25.630314344201018,198
JCL->MBNR,25.444444444444443,17.0,51.52708069667118,198
REN->MTD,27.03030303030303,9.0,62.90770849208358,198
UDL->DGR,13.580808080808081,2.0,43.59470739722053,198
CHV->NLE,22.343434343434343,17.0,28.084593611047644,198
KOTA->RTM,49.92424242424242,0.0,121.4397944385655,198
BPA->SKZR,65.77777777777777,49.0,83.06129539687066,198
SSPN->DMM,12.93939393939394,5.0,26.384243175723245,198
SGO->KYE,77.64141414141415,31.0,104.37416926698288,198
MNGD->RGDA,36.111111111111114,20.0,51.20931246387832,198
G->NGP,53.12626262626262,0.0,104.1472952300137,198
PNE->BHP,10.444444444444445,7.0,15.20968314479031,198
BGZ->SSB,21.626262626262626,4.0,76.69765095557534,198
MBA->BNDA,57.36363636363637,21.0,125.99238189406206,198
HZD->KQR,20.1010101010101,14.0,26.825624142778928,198
SORO->BLS,38.7005076142132,12.0,69.29651351587106,197
JTW->STA,79.95431472081218,39.0,101.74549553366101,197
NGG->NBD,25.411167512690355,2.0,46.547413584269776,197
CNI->TATA,18.03045685279188,0.0,37.40387798150785,197
KGM->HDW,5.16243654822335,5.0,2.7281619274395874,197
SRE->DBD,11.649746192893401,4.0,23.573033764316815,197
HDW->LKU,7.055837563451776,6.0,5.496003087031831,197
JSG->RGL,37.944162436548226,7.0,74.13406174733144,197
NBJU->BGS,15.812182741116752,6.0,27.97466517475955,197
DPR->NGG,29.456852791878173,4.0,48.498626282287994,197
BRGA->BRPL,43.77157360406091,17.0,74.29727660060117,197
BRC->ADI,7.741116751269035,0.0,31.47657024290779,197
HSRA->DPJ,40.77040816326531,39.0,31.383211939306335,196
VRI->ALU,35.19897959183673,15.0,132.63265714952396,196
KEI->DDU,39.433673469387756,5.0,71.73798971238938,196
MTD->REN,10.704081632653061,8.0,13.346052279980348,196
PVPT->PVP,24.51530612244898,9.5,35.827575261753026,196
ET->RKMP,44.09183673469388,7.0,113.39973198853095,196
DBD->SRE,43.14795918367347,14.0,72.91620442404131,196
MML->SRID,61.16326530612245,18.0,97.76808706715231,196
NZB->BSX,60.66836734693877,26.0,92.1280447815403,196
BYNR->BTJL,52.302564102564105,34.0,75.29471814822307,195
MAG->BZA,14.62051282051282,5.0,26.427289662599105,195
BBU->KTQ,37.65128205128205,14.0,67.90556993914596,195
HVR->RNR,9.307692307692308,0.0,29.833691815253403,195
UMB->NDLS,17.882051282051282,6.0,46.94174318772697,195
BNDA->MBA,99.93846153846154,41.0,139.17076326634262,195
RGDA->MNGD,21.815384615384616,7.0,40.63030164271628,195
MYR->UHR,35.733333333333334,31.0,61.95767316971167,195
SWM->IDG,36.85128205128205,9.0,82.68835690050064,195
PHN->CNB,32.07692307692308,3.0,110.26322409771036,195
GKH->BHP,11.102564102564102,8.0,11.32326059511527,195
GUR->KLBG,21.025641025641026,12.0,40.60044638135545,195
NFK->PKR,13.343589743589744,0.0,42.87117958015278,195
SSM->KTQ,32.00515463917526,29.0,25.228386311508284,194
IDG->LKE,21.103092783505154,9.0,53.96813193910389,194
BTJL->BYNR,0.0,0.0,0.0,194
PPI->BKH,19.417525773195877,9.0,37.31751317681022,194
TLHD->ANGL,33.46907216494845,26.0,34.74125785089139,194
BXR->DLN,72.05154639175258,30.0,151.05057802586725,194
DKJ->KMT,70.04123711340206,57.0,85.53512353441195,194
RGO->LSR,22.417525773195877,19.5,25.012450828280624,194
DPJ->HSRA,40.2319587628866,35.5,34.02898504343573,194
UHR->MYR,47.07216494845361,31.0,52.340009844495384,194
KUDL->SNDD,53.29381443298969,31.0,66.78114641082962,194
CPR->EKMA,26.427835051546392,10.0,58.04917915414533,194
DMN->CND,57.577319587628864,24.5,76.06396749662343,194
EKMA->CPR,35.72164948453608,3.5,71.76158602172325,194
SNDD->KUDL,124.0721649484536,103.0,94.74905469857296,194
ET->SGP,20.804123711340207,9.0,42.59610023144867,194
KYN->PUNE,26.623711340206185,12.0,47.07713496944975,194
KTQ->SSM,37.350515463917525,14.0,68.27436895125041,194
NGP->G,24.144329896907216,0.0,87.4408744357437,194
MAJN->KGQ,115.0360824742268,57.5,169.0335642455909,194
LSR->AWB,15.185567010309278,6.5,26.154514920240878,194
SPJ->KRBP,27.352331606217618,20.0,32.906594565367364,193
ANV->SLO,37.652849740932645,12.0,70.4190485642262,193
CDG->SASN,13.984455958549223,7.0,22.144054103175247,193
KPP->SJP,68.72538860103627,8.0,176.70235162784832,193
UDL->RNG,5.746113989637306,3.0,7.772333273076498,193
ANND->CYI,12.186528497409327,6.0,24.099974603860808,193
BAQ->MABA,18.352331606217618,10.0,23.094917533722963,193
STKT->QLN,6.860103626943006,2.0,16.34797751219415,193
HAPA->RJT,16.82383419689119,9.0,29.03213111891202,193
NZM->AGC,52.572916666666664,25.0,90.85870104644033,192
AB->KPD,15.015625,5.0,55.34304976889614,192
BYT->R,169.140625,28.5,305.9340448641457,192
KSX->JAA,9.6875,0.0,40.62504128068785,192
HD->KNW,60.703125,0.0,129.13858942291938,192
GGJ->AY,54.963541666666664,45.5,52.16941516339244,192
BDJ->CLT,22.625,10.0,33.963562242636215,192
J->PTU,26.21875,17.5,35.8461526848233,192
KUR->NKP,22.953125,15.0,33.1056201335073,192
MAS->KPD,22.432291666666668,7.0,115.67374049345405,192
SRU->BTT,59.17277486910995,27.0,77.49911029809579,191
GDG->UBL,28.75392670157068,3.0,67.01922090969104,191
LKE->IDG,28.80628272251309,20.0,32.422688000253046,191
RHG->AWR,14.664921465968586,5.0,48.40925069130692,191
NVS->MRL,10.55497382198953,10.0,9.353066700811954,191
ET->NGP,140.95287958115182,16.0,232.50313609561482,191
NGP->ET,115.18324607329843,6.0,251.37839569678974,191
RNR->HVR,25.638743455497384,13.0,38.92300586775393,191
JID->GHY,17.513089005235603,0.0,48.46777102133176,191
AKT->NIA,49.62303664921466,8.0,110.48336046755604,191
CC->GKP,43.303664921465966,7.0,76.1796487339926,191
BIM->AML,9.612565445026178,7.0,10.289833982327039,191
SLO->ANV,55.78010471204188,22.0,92.42319042540151,191
VN->JTJ,16.335078534031414,3.0,61.89790214002334,191
BBK->DYD,24.63684210526316,3.0,42.804090574022446,190
MAS->TRL,20.778947368421054,5.0,51.12877795717438,190
JHL->TUN,30.36842105263158,6.0,89.4881450138667,190
YG->SADP,23.231578947368423,12.0,27.276926944314678,190
TUN->NRW,34.83157894736842,9.0,91.27227163231072,190
KNW->HD,38.189473684210526,10.5,81.20570193143182,190
MKC->BCH,8.878947368421052,5.0,11.558962209113439,190
DYD->RDL,36.189473684210526,15.0,51.459912941367925,190
JP->KSG,21.084656084656086,6.0,68.99146746128017,189
VAPI->PLG,16.14814814814815,0.0,60.401663173339806,189
R->BYT,23.095238095238095,9.0,70.73152287535932,189
NYP->SPE,51.95238095238095,21.0,114.1502968614459,189
DGA->SEE,30.084656084656086,6.0,55.554681013042305,189
MTJ->KSV,64.72486772486772,24.0,100.78335974609664,189
KIUL->JMU,43.47089947089947,24.0,79.43956253318143,189
LMG->LKA,12.952380952380953,3.0,23.2923797497657,189
MAI->CAA,24.21693121693122,8.0,57.99679493254236,189
SNP->GNU,47.86243386243386,31.0,62.995796181951654,189
GNU->SMK,49.29100529100529,32.0,62.94530700524078,189
DGG->G,155.58510638297872,15.0,316.20750343965494,188
TUN->JHL,84.21808510638297,18.5,163.7430499567777,188
LNL->KJT,20.920212765957448,17.0,25.5564597976254,188
KOJ->NOQ,44.712765957446805,24.5,63.08183672761032,188
NK->BSL,62.526595744680854,25.0,101.6533605248549,188
VAPI->DRD,14.686170212765957,5.0,37.24255544476553,188
SEE->DGA,29.52659574468085,22.0,42.81478997677661,188
DDU->KEI,12.23936170212766,2.0,25.109623687531325,188
MAS->SPE,17.851063829787233,8.0,37.79029030905905,188
JGM->KGP,93.87765957446808,41.5,121.29568296849055,188
AGN->G,55.308510638297875,11.5,83.73047242637055,188
NRW->TUN,83.55319148936171,19.0,163.98474671607522,188
MDP->JMT,24.43850267379679,6.0,46.205597271881864,187
MAO->KRMI,71.97860962566845,42.0,90.83057353324953,187
BCA->BJU,10.272727272727273,0.0,29.33923672046017,187
KRMI->MAO,89.0909090909091,63.0,89.15877629279872,187
G->DGG,52.288770053475936,3.0,150.60459528355074,187
JIND->NRW,70.58288770053476,21.0,133.702274476609,187
KTH->DHN,19.13368983957219,0.0,46.855167933946596,187
CRP->KTH,29.3475935828877,7.0,52.997078759883074,187
PKR->NFK,11.540106951871659,0.0,39.704584470127486,187
RKMP->ET,91.11229946524064,5.0,213.7799169997639,187
KZJ->ZN,60.101604278074866,25.0,129.31583969205747,187
LKO->HRI,20.21390374331551,2.0,46.526408494177026,187
NNA->THB,30.989304812834224,16.0,56.200867603681964,187
LMT->BGK,19.844919786096256,12.0,22.594187885454268,187
NJP->NCB,70.6470588235294,2.0,157.60230856822545,187
BTT->SRU,12.71505376344086,10.0,18.503746567225804,186
CMU->VMA,56.97849462365591,12.5,128.990129812606,186
TRT->AJJ,14.56989247311828,8.0,34.72825716032668,186
PAP->ANV,52.91935483870968,45.5,60.80744043745379,186
KMME->BRR,10.903225806451612,0.0,27.75591079630643,186
CYI->ANND,28.381720430107528,0.0,74.69461784038673,186
KK->SVJR,28.016129032258064,15.0,60.786687358909,186
JMT->MDP,40.424731182795696,14.0,68.25435126161234,186
PVP->PVPT,0.0,0.0,0.0,186
SIL->PURI,80.08602150537635,11.0,159.14346109391641,186
SPE->MAS,38.37096774193548,0.0,128.68115641941048,186
IDG->SWM,19.697297297297297,11.0,33.3864923747686,185
NOQ->KOJ,50.88648648648649,9.0,78.41703647722696,185
PKR->RPH,22.35135135135135,6.0,47.7327343108936,185
DEC->PM,23.88108108108108,15.0,27.402334852100672,185
KPD->AB,26.513513513513512,15.0,64.43096306260747,185
NKP->KUR,29.491891891891893,10.0,50.842159726357245,185
DLN->BXR,31.402173913043477,0.0,130.1854129458526,184
ADH->BDTS,22.152173913043477,0.0,84.81531653389942,184
OGL->KVZ,52.52717391304348,25.0,98.5523595027247,184
GGC->SMVJ,23.244565217391305,19.5,27.6282893910086,184
NU->PPI,64.60326086956522,30.0,120.43083038550144,184
GDG->KBL,42.05978260869565,32.0,55.37435156172436,184
DRH->JMP,74.89673913043478,4.0,221.57093176569052,184
SKP->LPI,27.78804347826087,20.0,37.06298978025992,184
ALU->VRI,21.57608695652174,18.0,20.81862013120131,184
NCJ->CAPE,8.543478260869565,0.0,43.897275278844226,184
KIUL->AHA,34.9344262295082,0.0,104.43914083327743,183
JSG->BRJN,107.3879781420765,80.0,107.41506876382836,183
CT->SEM,14.650273224043715,0.0,61.41203024421312,183
NRT->VKN,25.994535519125684,17.0,41.356198263507544,183
AJNI->NGP,15.081967213114755,0.0,39.41089340760664,183
NDLS->NZM,70.85792349726776,9.0,197.06852026992732,183
BKP->PNBE,52.86338797814208,18.0,130.4646721728217,183
UBL->GDG,22.813186813186814,15.0,39.2713782685823,182
KYE->SGO,53.63186813186813,17.0,100.03425753445018,182
NKE->HIR,38.46153846153846,22.0,69.87657748915555,182
NDLS->PNP,78.62637362637362,15.0,142.95787335691784,182
SMVJ->GGC,68.43956043956044,17.0,135.7099774678933,182
SY->MV,21.478021978021978,1.0,88.99057657256608,182
RJT->HAPA,18.126373626373628,0.0,42.20654903272592,182
FLK->DQG,42.65384615384615,22.0,56.44736424206849,182
DMO->PHA,73.97802197802197,32.0,102.82893352333514,182
MMR->JL,78.95580110497238,34.0,157.91607557336758,181
VMA->CMU,20.524861878453038,8.0,59.667464525463814,181
RU->GDR,76.37569060773481,11.0,150.42913527340286,181
SBV->SHC,16.524861878453038,5.0,29.87019492938915,181
BRJN->JSG,142.83977900552486,45.0,240.81574738089185,181
KJM->SBC,5.723756906077348,0.0,14.190409093880564,181
GHY->JID,38.76243093922652,10.0,78.22307078443414,181
SGP->ET,55.569060773480665,11.0,96.1903317716244,181
RDL->DYD,50.574585635359114,27.0,61.97948778489014,181
JL->MMR,160.3756906077348,25.0,315.86975562228406,181
CBF->CBE,2.342541436464088,0.0,6.946926750945033,181
RK->TPZ,21.19889502762431,2.0,65.05232252148205,181
UJA->MSH,17.337016574585636,7.0,29.55263120349393,181
ADH->BVI,12.237569060773481,12.0,6.68280734854029,181
KRJ->GZB,38.733333333333334,1.0,75.03932674710785,180
CHV->PAY,27.794444444444444,13.0,40.52086809393749,180
TUVR->ERS,10.794444444444444,7.0,11.439272363380473,180
PPI->NU,60.772222222222226,18.0,169.16026021939143,180
KSB->AKV,7.344444444444444,5.0,8.107050674527356,180
SRTL->TUVR,22.494444444444444,20.0,13.275969479153737,180
DYD->BBK,33.19444444444444,5.0,54.52190346814928,180
AZ->JRLE,4.3,0.0,25.885847387560382,180
LKS->LGH,36.28888888888889,12.5,88.9885115232077,180
PLJ->MYG,12.716666666666667,10.0,12.108575381330505,180
MSH->UJA,21.038888888888888,20.0,13.991762895580129,180
KVZ->OGL,20.966480446927374,8.0,41.017658493990986,179
STR->PUNE,9.17877094972067,0.0,22.98952855541084,179
MUT->SKF,78.25139664804469,33.0,109.53937487002024,179
TATA->SINI,80.1731843575419,40.0,105.44165092026807,179
KGP->JGM,37.40782122905028,8.0,78.65352942680771,179
DSS->BJU,34.98324022346369,2.0,78.22119851617681,179
TNKU->NDD,39.324022346368714,25.0,53.01511373988958,179
SKF->MUT,32.229050279329606,9.0,68.00651030213936,179
BST->MUR,45.547486033519554,16.0,76.05173971994975,179
SINI->TATA,157.29608938547486,129.0,164.1163143856897,179
KPY->QLN,21.93854748603352,5.0,40.62906498399705,179
RUPC->BLQR,10.49438202247191,9.0,7.524158598162087,178
MYG->PLJ,11.679775280898877,11.0,9.852799995220968,178
SGL->BTH,45.20224719101124,16.5,97.21374664775801,178
AJJ->TRT,13.887640449438202,9.5,22.798522205179214,178
SKT->KHS,65.0,10.0,124.2727090502547,178
BNDA->ATE,61.69662921348315,33.0,106.69423067171955,178
LKU->RUPC,7.606741573033708,6.0,7.515134225681757,178
BSL->NK,158.06741573033707,35.0,247.77918900280616,178
RN->CHI,102.96067415730337,86.0,113.29000645857847,178
G->AGN,29.649717514124294,10.0,66.24001993807838,177
JBP->NU,67.67796610169492,20.0,147.34006437003828,177
THB->NNA,50.898305084745765,16.0,115.69449802004819,177
RMA->BWM,46.14689265536723,21.0,97.94926158681946,177
GMO->DHN,32.67231638418079,0.0,115.93677240277157,177
BJU->DSS,25.983050847457626,12.0,60.318800266910536,177
LGO->KHNM,31.74576271186441,20.0,35.88029018027372,177
RU->PUT,17.259887005649716,9.0,34.70951248296843,177
SSB->BGZ,66.03389830508475,14.0,139.5642935216388,177
DQG->FLK,32.548022598870055,8.0,75.52392162450876,177
MKP->CKTD,80.50282485875707,13.0,148.7927602517625,177
NRT->GNT,12.299435028248588,0.0,25.413302925595566,177
JRU->RRB,21.98870056497175,8.0,38.56532072350002,177
KHNM->GRMR,33.45762711864407,22.0,38.722052399953114,177
GZB->DSA,27.333333333333332,5.0,52.31294236987573,177
KRBP->SPJ,43.056497175141246,21.0,62.09886888829745,177
DHN->GMO,14.418079096045197,9.0,35.78447655336394,177
RMGM->KGI,12.045454545454545,8.0,19.4192299926257,176
GBD->DBU,17.363636363636363,11.0,23.59911950811813,176
BWM->RMA,32.42045454545455,14.0,73.96890799957339,176
NU->JBP,63.25,9.5,178.7993767966129,176
SHC->SBV,9.159090909090908,4.0,20.05557214406944,176
GRRU->RFJ,22.318181818181817,17.0,23.562946919527437,176
ZN->KZJ,42.65909090909091,35.0,51.238018555117314,176
LTHR->TORI,41.1875,0.0,62.83014801828817,176
TORI->LTHR,36.48863636363637,34.0,29.59401264471557,176
TATA->GTS,111.94318181818181,24.0,166.64705958261752,176
TPZ->RK,33.625,3.0,77.97007667780542,176
CHI->RN,127.54545454545455,81.0,149.42609518446883,176
BD->WR,46.36363636363637,5.0,148.75791892050125,176
DBU->YNK,11.607954545454545,0.0,21.813488469769776,176
SORO->BHC,75.06818181818181,7.0,151.96836478722767,176
CAP->BALU,53.33522727272727,10.0,112.92675809924405,176
GAYA->GRRU,15.681818181818182,10.0,21.055054611074386,176
JWP->HW,19.227272727272727,3.5,40.068292351285095,176
ST->NDB,3.9431818181818183,0.0,10.68388153600201,176
CKTD->MKP,47.88,5.0,119.64589708659122,175
RPH->BHP,22.142857142857142,6.0,44.73776905809639,175
CAPE->NCJ,11.451428571428572,7.0,34.35308023322906,175
MOT->GDB,9.108571428571429,6.0,11.45529470083974,175
ATE->BNDA,43.965714285714284,28.0,51.13143949753723,175
DPR->SEO,19.52,15.0,19.146393075879647,175
BIDR->ZB,32.84571428571429,21.0,36.11641731045849,175
NRW->JIND,18.78857142857143,6.0,54.0752549875675,175
VAK->KVU,15.245714285714286,10.0,24.63368806835331,175
KJH->AHA,76.00571428571429,5.0,225.73421705352624,175
KVU->CRY,0.0,0.0,0.0,175
KNE->BOE,54.36,20.0,71.94683222120807,175
TNGL->HPT,21.44,3.0,51.59664071752474,175
RBL->BCN,50.37714285714286,23.0,78.56767741456123,175
BCH->MKC,69.11428571428571,4.0,180.79930631106288,175
THAN->SUNR,12.302857142857142,7.0,15.927809225764484,175
MHD->MAN,0.0,0.0,0.0,174
ASK->RRB,20.563218390804597,10.0,33.19906717452144,174
PAK->CTO,30.21264367816092,24.0,41.91093861546799,174
GRMR->KHNM,29.82183908045977,19.0,37.72332169979786,174
SLB->CDGR,23.20689655172414,14.0,31.66338047564261,174
BMT->SNF,19.53448275862069,12.5,25.496604455265334,174
TVC->QLN,14.494252873563218,10.0,17.211955492224618,174
LKA->LMG,22.04597701149425,9.5,38.2522531116152,174
BLQR->RMU,5.545977011494253,3.0,6.123550758785479,174
KHNM->LGO,35.81609195402299,25.0,39.29068451734083,174
AHA->JMP,39.59770114942529,0.0,113.92660245144604,174
PUNE->STR,64.91379310344827,11.0,149.0258872436806,174
GTS->TATA,61.15028901734104,21.0,97.8850801184721,173
GTJT->GADJ,22.566473988439306,15.0,36.44097533581109,173
NR->NK,16.09826589595376,13.0,16.256900052008113,173
BLM->SAN,72.2485549132948,56.0,80.58847197186486,173
RRB->JRU,30.248554913294797,20.0,35.078840781502485,173
KYJ->HAD,16.77456647398844,14.0,12.229445996238585,173
TVC->NYY,24.473988439306357,23.0,25.672255967127747,173
WR->BD,138.92485549132948,7.0,301.8155530144254,173
BOE->KNE,87.41040462427746,33.0,140.9181244485291,173
SGL->BMKI,125.5606936416185,21.0,220.11773557756564,173
HAD->AMPA,16.91329479768786,15.0,11.8527053682402,173
LWR->DWR,18.890173410404625,4.0,46.440441558829484,173
KHS->SKT,135.67630057803467,123.0,124.02015667081423,173
LDH->JUC,62.36416184971098,14.0,135.91575831860885,173
LD->LWR,29.15606936416185,20.0,46.888213556359645,173
KZT->ERL,27.520231213872833,23.0,28.09609539936848,173
GMS->GJL,60.54913294797688,41.0,85.29650175390053,173
NCB->NJP,42.138728323699425,0.0,108.92836003219576,173
PTU->J,18.502890173410403,12.0,40.816609745705435,173
NTSK->DBRG,32.664739884393065,0.0,102.0858779756242,173
GD->LKO,71.91907514450867,12.0,127.2417783484623,173
LKO->GD,142.34104046242774,45.0,207.6331581516484,173
AMPA->ALLP,20.878612716763005,20.0,10.825371487006706,173
CNB->ALJN,46.354651162790695,15.0,110.3251803390172,172
SUNR->THAN,14.482558139534884,9.0,21.679341457923286,172
VKN->NRT,36.93023255813954,17.5,48.51859008226983,172
DNA->REN,35.02906976744186,17.5,66.68617498126977,172
KBL->GDG,53.06395348837209,29.5,85.60777880815304,172
HJI->CPK,22.825581395348838,11.5,46.54537919301342,172
NBJU->MKA,17.86046511627907,7.5,35.61938587447571,172
SCM->KTV,21.703488372093023,5.5,37.80636088586962,172
NUR->SNP,46.22093023255814,23.0,74.03435288645902,172
NW->YG,22.709302325581394,12.0,27.880012870137975,172
ON->ASH,70.20930232558139,16.0,189.16446733579326,172
CPK->HJI,43.145348837209305,14.0,78.11714723215684,172
LKU->HDW,14.680232558139535,0.0,50.22146350353429,172
WJR->KPD,15.343023255813954,14.0,12.143094595778669,172
PAY->CAN,47.91860465116279,3.0,131.89551199563735,172
KGLE->AZ,7.1104651162790695,3.0,11.343880840829552,172
DBRG->NTSK,19.290697674418606,3.0,78.8458213140791,172
BALU->CAP,51.854651162790695,23.0,101.98541824101977,172
NK->NR,24.46511627906977,23.0,17.34527097316726,172
HDW->KGM,8.540697674418604,0.0,45.59680371968987,172
KMT->MDR,57.538011695906434,41.0,75.16783193877772,171
MDR->KMT,46.26900584795322,30.0,68.691279767265,171
MDS->PIP,19.15204678362573,17.0,17.66586052642143,171
JCL->SHNR,30.502923976608187,16.0,56.98424697374508,171
ASH->ON,85.05263157894737,29.0,221.08575028329665,171
TLH->SPN,62.01169590643275,43.0,77.42062259874672,171
ALLP->AMPA,51.50877192982456,25.0,131.62819152808245,171
JMU->GHR,47.251461988304094,29.0,59.36646840919062,171
ROU->MOU,111.16374269005848,72.0,135.05596694365764,171
MUR->BST,73.6608187134503,13.0,130.04800759460238,171
RPJ->UMB,35.78947368421053,4.0,75.23111140903748,171
BDVT->TKE,9.12280701754386,5.0,9.752351466857977,171
HAD->KYJ,46.36257309941521,25.0,128.23653513694313,171
AJI->HRI,76.85380116959064,58.0,78.57680188382346,171
AMPA->HAD,46.70175438596491,24.0,129.75818662768074,171
KKN->HD,47.7953216374269,20.0,77.35250998845216,171
TKE->RRB,13.046783625730994,11.0,10.646077911052545,171
BE->PMR,55.292397660818715,33.0,80.17596016839018,171
ERS->SRTL,46.87647058823529,22.5,130.3712588094639,170
BGK->LMT,17.51764705882353,11.0,29.438376822336306,170
BKNG->RJT,7.470588235294118,4.0,9.035221331212796,170
URI->PUNE,23.38235294117647,4.0,67.1683457365679,170
PNBE->BKP,49.94705882352941,16.0,119.88585605659472,170
ATL->BARH,57.13529411764706,24.5,71.29478300852394,170
HRI->LKO,143.75294117647059,61.5,191.46083727549407,170
PDWA->JWB,6.929411764705883,3.5,9.575966260876578,170
KRD->STR,23.788235294117648,13.0,36.28538888549394,170
SBP->RGL,23.211764705882352,12.0,34.64412281164146,170
BCOB->GIMB,10.105882352941176,0.0,24.21380286565591,170
PHA->DMO,56.71176470588235,18.5,102.86289135050468,170
JAA->KSX,20.71764705882353,4.0,64.32730870570045,170
SOG->PGK,28.2,16.0,56.61544732437998,170
AWR->RHG,9.876470588235295,0.0,32.53695267299461,170
SHR->DDCE,32.260355029585796,17.0,52.80560398080838,169
GSPR->SHR,29.875739644970412,14.0,50.37646314385511,169
GADJ->GTJT,10.57396449704142,8.0,10.328913833260614,169
KTV->SCM,0.0,0.0,0.0,169
VR->BVI,14.449704142011834,2.0,37.629919587028525,169
MAU->IAA,49.603550295857985,15.0,70.92393804154118,169
DDCE->SBD,35.13609467455621,21.0,54.75714075103885,169
BSRX->LMT,25.254437869822485,24.0,20.1009445365015,169
UMRI->MUE,37.96449704142012,11.0,73.15174162975045,169
PUT->RU,10.065088757396449,4.0,23.65202649422966,169
KSG->JP,17.005917159763314,5.0,85.92726000750785,169
SELU->MVO,27.899408284023668,24.0,31.01682434590832,169
GJL->GMS,61.69230769230769,20.0,93.66740806349527,169
SNT->AMP,14.136094674556213,7.0,21.16402352579743,169
WKI->OTP,19.272189349112427,16.0,19.993671512140082,169
STA->UHR,38.23076923076923,28.0,39.335098830433864,169
KOU->RJP,30.62721893491124,28.0,33.55871851029136,169
MVO->PBN,21.597633136094675,14.0,30.519962149431073,169
ANV->PAP,36.44970414201183,22.0,45.2729698662147,169
BJNR->NSD,12.023668639053254,7.0,22.297221870171217,169
NDD->TNKU,41.142011834319526,25.0,48.07562196041575,169
DO->GTJT,21.523809523809526,12.0,36.97983790862167,168
REN->DNA,8.726190476190476,6.0,9.446795471590589,168
CNB->ASH,55.04761904761905,7.5,104.77674066088659,168
KMT->DKJ,68.71428571428571,45.0,87.55044006271677,168
UHR->STA,25.821428571428573,18.0,64.50329067672907,168
UD->KUDA,76.25,35.5,125.27181225681933,168
KYE->BINA,30.547619047619047,4.0,58.37251932426072,168
VM->MLMR,15.678571428571429,9.0,22.795188437717172,168
BCN->RBL,53.61904761904762,8.0,98.04708691124969,168
LPI->VKB,42.523809523809526,24.0,72.68082569511701,168
LPI->SKP,30.7125748502994,25.0,32.10245304525775,167
RGL->SBP,45.64670658682635,13.0,80.27243355278125,167
SKP->VKB,33.209580838323355,34.0,33.830518826055744,167
AZ->KGLE,16.18562874251497,0.0,49.18279437061606,167
SEO->DPR,34.73053892215569,6.0,51.807502494986714,167
AWB->LSR,25.508982035928145,14.0,48.851615536477105,167
LSR->RGO,19.74251497005988,11.0,45.84191853360464,167
MZP->PRYJ,25.718562874251496,9.0,41.82103094434102,167
AKV->KSB,16.047904191616766,12.0,43.82808809225074,167
MVO->SELU,10.922155688622755,0.0,15.966830834303888,167
CAN->KGQ,43.01796407185629,14.0,112.31799054759351,167
PBN->MVO,31.50299401197605,20.0,48.69661108065867,167
GKH->BWN,3.8622754491017965,0.0,11.83364417878857,167
MTD->NGO,28.44578313253012,23.5,30.121271256543263,166
ASH->CNB,157.04819277108433,51.5,181.66008241264416,166
MCI->BPA,55.234939759036145,41.5,69.17171594637543,166
BAU->NPNR,49.463855421686745,37.5,56.200468192405985,166
BSB->BOY,31.57831325301205,5.0,217.6663902999922,166
HX->RJP,14.656626506024097,0.0,41.95765742304202,166
BRR->ULT,12.578313253012048,0.0,29.474023686784896,166
PAZ->PAY,21.33132530120482,19.0,17.841860398382106,166
PCOI->MKP,45.80120481927711,0.0,109.39869922663163,166
NBH->COR,3.4578313253012047,0.0,9.470593984532401,166
DTO->GHD,32.68674698795181,22.0,50.92178856409013,166
PAY->CHV,25.91566265060241,20.0,28.701897231886047,166
KSRA->KYN,39.566265060240966,9.0,85.23147700960254,166
BHC->SORO,33.993975903614455,5.0,70.75065023690503,166
PUNE->URI,26.09036144578313,17.0,32.603368907384244,166
RJT->BKNG,12.46987951807229,0.0,51.714797682861864,166
USL->BYT,42.54819277108434,12.0,84.1201562866108,166
AMP->SNT,13.391566265060241,11.0,21.215138704689604,166
CDGR->SLB,8.668674698795181,4.0,15.669846958010698,166
GRRU->GAYA,25.666666666666668,0.0,64.2683335647268,165
BLGR->TIG,48.68484848484849,37.0,49.05569334460156,165
RFJ->GRRU,37.878787878787875,12.0,71.70381048135582,165
RRB->ASK,13.842424242424242,3.0,27.59306901201546,165
PAN->MNAE,18.545454545454547,5.0,54.19110881818684,165
ANVT->CNB,30.606060606060606,21.0,44.71368222009044,165
SEGM->CD,143.96363636363637,44.0,303.559852476372,165
PRYJ->MZP,41.660606060606064,34.0,39.73548162071842,165
RBL->LKO,53.406060606060606,5.0,91.37972883027105,165
UJN->MKC,3.7515151515151515,0.0,9.819347539676555,165
KUDA->UD,145.94545454545454,89.0,172.3617952739717,165
SGZ->SVA,81.23030303030303,27.0,142.66401020521764,165
BKH->PPI,52.987878787878785,24.0,93.63955203779474,165
SVA->CMU,71.69090909090909,24.0,136.30152273462784,165
PCOI->DDU,110.45121951219512,0.0,247.30724798614207,164
NYY->TVC,15.213414634146341,11.5,16.0714528927752,164
CSN->JL,57.38414634146341,33.0,86.58166820171552,164
JUC->LDH,15.323170731707316,7.0,33.13181259508304,164
DBU->GBD,16.25,12.0,21.80768564919793,164
VLY->TEN,3.701219512195122,0.0,10.684074426754373,164
SAN->BLM,51.77439024390244,13.5,85.14709943721337,164
VKB->SKP,31.804878048780488,20.0,38.528433934659596,164
HD->KKN,125.83536585365853,82.0,119.37764367362836,164
AII->JP,8.189024390243903,3.0,18.34956080848891,164
MJ->FA,26.445121951219512,10.0,59.08465934507609,164
YNK->DBU,17.45731707317073,15.0,21.36028957368916,164
ERL->KZT,22.884146341463413,21.0,15.278759220430043,164
RE->AWR,21.402439024390244,5.5,49.087466633731786,164
NZM->GZB,75.22560975609755,14.5,157.53999691652996,164
GOTN->JU,10.975609756097562,0.0,37.30819269218498,164
BZU->ET,27.78048780487805,0.0,107.82125908844243,164
RAJP->VBW,140.3109756097561,119.5,103.65626123053964,164
VBW->RAJP,76.4329268292683,58.5,71.48307372670767,164
DNKL->CTC,41.951219512195124,19.0,51.429003404126966,164
MKC->UJN,99.4390243902439,6.0,204.35132129945652,164
GNU->SNP,45.3780487804878,29.0,59.2319223010892,164
JNU->ZBD,49.50920245398773,8.0,78.49112304123042,163
GHD->DTO,34.828220858895705,9.0,60.27228291309249,163
NGP->BRD,64.2760736196319,2.0,164.0849406780765,163
PER->AJJ,60.88343558282209,6.0,116.29031320857557,163
TPJ->SRGM,19.938650306748468,7.0,53.37321347535298,163
DWR->LWR,23.380368098159508,8.0,46.048445851035716,163
SDLP->LHU,8.128834355828221,3.0,20.26434783251933,163
MTR->MAI,18.012269938650306,5.0,54.75669954275524,163
MFP->MTR,16.60122699386503,4.0,53.54190004299052,163
NZD->BZA,12.552147239263803,5.0,18.721530938188383,163
BCA->DSS,18.914110429447852,9.0,31.073071739386553,163
HCR->BKRD,23.644171779141104,16.0,36.23273211222124,163
MSH->ADI,8.128834355828221,0.0,44.87020337709672,163
RUPC->LKU,19.355828220858896,5.0,52.96745809510524,163
BLQR->RUPC,21.98159509202454,12.0,52.00207407932002,163
PLG->VAPI,23.085889570552148,12.0,44.021655553732145,163
BAY->GTL,14.588957055214724,5.0,34.66252291141779,163
RJP->HX,20.404907975460123,15.0,27.61209209900749,163
HPT->TNGL,37.25153374233129,30.0,44.61153916472127,163
LWR->LD,24.57668711656442,9.0,47.33292849403312,163
STR->KRD,71.9320987654321,17.0,156.12378137983336,162
AJI->SPN,44.32716049382716,15.0,81.37344556314919,162
BKI->RHG,17.969135802469136,7.0,52.44522997446585,162
SRJ->DBR,58.48765432098765,20.0,74.27506688602335,162
NSD->BJNR,20.790123456790123,17.0,21.169658381974628,162
KHT->VKI,35.27777777777778,20.0,53.662188128910714,162
KRMI->THVM,56.08641975308642,37.0,56.258762747326585,162
DLK->BOE,40.46913580246913,22.0,70.73423032465398,162
MKP->PCOI,81.19135802469135,18.0,152.92788597880232,162
AME->MBDP,31.012345679012345,0.0,77.84807530057496,162
SIOB->BCOB,9.302469135802468,0.0,24.810108515456573,162
BSB->JNU,45.18518518518518,29.0,101.766400526168,162
MDNR->MTC,49.2962962962963,28.0,67.03395717670863,162
HRI->AJI,43.93827160493827,12.0,83.72097189403796,162
MLHA->KSD,6.308641975308642,5.0,7.178542863800402,162
DBR->SRJ,17.901234567901234,6.0,39.97906437785265,162
RHG->BKI,14.191358024691358,1.0,41.20325832116872,162
KGP->PKU,48.592592592592595,2.0,90.92393623691372,162
MTC->MDNR,18.84567901234568,12.0,25.18911600402104,162
SPN->TLH,47.47530864197531,14.5,84.2384371494534,162
VKI->GDR,24.901234567901234,9.0,52.68943461649123,162
BYT->USL,10.055555555555555,0.0,40.14387943261863,162
SHNR->JCL,28.703703703703702,18.0,61.48260258788644,162
KRR->DG,12.425925925925926,0.0,63.99959292917471,162
NGO->MTD,16.771604938271604,9.0,33.79243818006502,162
SVA->SGZ,23.81366459627329,13.0,50.61709258849033,161
BNN->DUI,17.32919254658385,16.0,19.509861736284652,161
CMU->SVA,23.664596273291924,13.0,49.86042319557906,161
NDB->ST,17.950310559006212,0.0,67.6885146500346,161
BOE->DLK,60.83229813664596,39.0,89.18017128437552,161
SNF->BMT,0.0,0.0,0.0,161
BLTR->LRD,59.88819875776397,36.0,64.84519968633182,161
BHL->COR,12.161490683229813,0.0,49.80422931603274,161
BRD->NGP,202.5776397515528,45.0,352.8771677183073,161
APR->AAL,65.7080745341615,18.0,118.67669525603756,161
AUB->NJP,58.54037267080745,23.0,95.86155341094913,161
SCKR->GAR,31.03726708074534,21.0,42.0175392245247,161
DG->KRR,18.03105590062112,0.0,62.1581071100392,161
LRD->SRU,59.12422360248447,34.0,64.89710680800563,161
NJP->AUB,52.08695652173913,19.0,84.56117543710204,161
CTO->PAK,22.608695652173914,22.0,18.470643570624265,161
TUP->CBF,9.161490683229813,0.0,14.019584792852289,161
JL->CSN,104.77639751552795,15.0,215.56924569483698,161
CDM->CUPJ,20.0,7.0,44.89274429755925,160
GY->ATP,22.8875,0.0,116.5998903685688,160
GZB->NZM,24.175,2.0,69.74721202245765,160
RGDA->PVPT,0.0,0.0,0.0,160
GD->CLJ,45.2125,31.0,67.68734890108979,160
CAN->PAY,25.8625,12.0,37.27958071605393,160
SNP->NUR,47.55,33.5,58.82131560762068,160
JMP->AHA,40.14375,9.0,79.66043081368178,160
ADI->MSH,9.85,2.0,16.360790680713233,160
RMU->BLQR,16.937106918238992,6.0,50.73830669484988,159
TIG->BLGR,32.899371069182386,13.0,49.17704967555309,159
CD->SEGM,99.25786163522012,36.0,164.48278020896862,159
VKB->LPI,30.88679245283019,22.0,51.74792616551252,159
ERN->ERS,31.32075471698113,2.0,137.18961841902777,159
PMY->LUNI,19.08805031446541,17.0,20.175616204038043,159
CUPJ->CDM,22.37735849056604,5.0,91.3658440490813,159
CLJ->GD,35.937106918238996,23.0,46.89858241016923,159
TEN->VLY,1.880503144654088,0.0,4.2027188003557265,159
SADP->YG,19.17610062893082,15.0,20.962454257460855,159
HW->JWP,12.044025157232705,8.0,13.441079066815126,159
GTNR->BNZ,32.679245283018865,0.0,76.34609079169432,159
LUNI->PMY,28.345911949685533,24.0,19.887336923050615,159
MUE->UMRI,14.446540880503145,8.0,27.71227571493422,159
KNE->KIR,34.34591194968554,0.0,74.86460246028494,159
ANR->PRR,22.57861635220126,3.0,44.4427356835223,159
CTC->DNKL,22.61006289308176,19.0,26.170306864620912,159
ALER->BG,37.0440251572327,14.0,73.35507074462359,159
BPH->RIG,125.31446540880503,107.0,106.90266117661798,159
SRE->UMB,28.232704402515722,0.0,67.57838345946391,159
KGQ->CAN,63.0062893081761,0.0,143.99391235617324,159
GDR->NYP,40.490566037735846,14.0,117.07451202603097,159
RV->BAU,50.29113924050633,40.5,57.14138279734947,158
KSB->KIM,11.284810126582279,10.0,9.852473433928468,158
CNI->BBM,53.10126582278481,20.5,72.70358544093344,158
AAL->BUH,68.00632911392405,19.5,119.75529704308805,158
RIG->BPH,70.68987341772151,20.0,131.90195653908012,158
SCT->TSI,7.8164556962025316,4.5,8.311482815573049,158
BBM->PRR,49.962025316455694,15.5,71.67476846205037,158
NOK->DSO,17.335443037974684,0.0,27.86514631402157,158
DDU->PCOI,64.45569620253164,22.5,104.50658071722793,158
MNGD->AMB,17.689873417721518,12.5,18.684406079860377,158
PAY->NLE,23.29113924050633,14.0,33.28554396296424,158
DSO->BKN,6.417721518987341,0.0,19.709422619609825,158
BSX->DAB,56.075949367088604,25.5,90.061376404059,158
TIR->PGI,20.777070063694268,14.0,30.304141784732373,157
BRS->UMR,21.369426751592357,6.0,67.54858523297857,157
AVRD->SVX,86.34394904458598,67.0,86.20999357381595,157
KWAE->SALE,6.407643312101911,4.0,7.750893591173975,157
PVPT->RGDA,16.605095541401273,0.0,47.620260442780534,157
QLN->TVC,22.8343949044586,0.0,95.94027570168245,157
SLO->VSKP,64.92356687898089,4.0,138.70849073715866,157
PGI->CLT,20.59235668789809,15.0,29.29884819080532,157
MBDP->AME,30.095541401273884,0.0,59.47492290329128,157
GTL->BAY,21.45859872611465,0.0,67.21687921846713,157
AHA->DRH,79.07006369426752,2.0,234.51608972874882,157
BBK->GTNR,40.3525641025641,0.0,83.09697440143825,156
CKU->GTS,52.41025641025641,18.0,83.73436276123799,156
JNU->BSB,28.064102564102566,4.0,48.023069656045664,156
BHP->RPH,21.57051282051282,8.0,46.33971503378864,156
PDPL->RDM,44.47435897435897,31.5,68.7356271162947,156
COR->BHL,12.192307692307692,0.0,75.2609323649837,156
UVD->PAD,10.442307692307692,8.0,10.930419455762351,156
AML->BIM,4.512820512820513,2.0,5.692651946758326,156
MRL->NVS,4.987179487179487,3.0,7.093829376238861,156
MV->SY,21.083333333333332,10.5,43.60230214894819,156
SJN->BLD,12.935897435897436,9.0,13.712099430879137,156
TEA->JHD,20.73076923076923,12.5,24.775468135636718,156
VAPI->UVD,13.948717948717949,12.0,11.645181682148904,156
BG->ALER,34.333333333333336,27.0,42.17159009039959,156
NFK->DGLE,17.737179487179485,0.0,51.57032307122772,156
KSD->MLHA,12.66025641025641,0.0,25.43365735370047,156
ZB->BIDR,28.2,0.0,46.101159238319404,155
GTJT->DO,12.051612903225806,9.0,14.100195056395634,155
CAA->MAI,136.07096774193548,36.0,227.07336504463433,155
MBNR->GWD,32.58064516129032,27.0,35.975437321736,155
MRA->AGC,60.58064516129032,22.0,121.12722038857153,155
BAU->RV,85.24516129032259,42.0,100.25281949822632,155
JTI->APR,66.09032258064516,16.0,120.40814614878087,155
LKO->RBL,32.76774193548387,4.0,66.0621332244633,155
HTK->KOP,14.883116883116884,0.0,68.37888945833262,154
RDM->PDPL,83.66233766233766,35.0,158.68858889498014,154
NRP->TUNI,30.506493506493506,23.0,30.09293812307205,154
AAL->APR,70.65584415584415,21.5,113.68735823801586,154
YLM->NRP,25.77922077922078,16.0,30.069254867351393,154
KPD->MAS,3.227272727272727,0.0,7.260352290983267,154
GDR->RU,130.41558441558442,27.5,223.76118517480347,154
BDTS->ADH,9.597402597402597,9.0,5.061090172312759,154
UBR->SJN,9.616883116883116,5.5,13.319207248361712,154
IAA->MAU,21.415584415584416,16.0,27.63267491320449,154
BAM->BALU,62.03896103896104,9.0,131.22703387575493,154
GYM->KPD,16.5,9.0,25.250962577911967,154
PRR->BBM,21.11038961038961,7.5,40.34452310965209,154
YNK->YPR,5.318181818181818,0.0,17.91326398895433,154
ATP->GY,16.915584415584416,4.0,43.36815362685655,154
MLY->SC,38.785714285714285,0.0,69.59480901362774,154
ARJ->BSB,16.11038961038961,0.0,49.11964340744609,154
BSB->BTP,17.584415584415584,11.0,21.109952210650892,154
ET->BZU,53.61437908496732,8.0,239.27335513193316,153
SIR->LDH,8.84967320261438,3.0,12.366003503786452,153
CBM->GID,34.8562091503268,30.0,46.89874567684334,153
VSKP->SLO,89.33986928104575,27.0,136.57368183890853,153
SOD->MJ,12.620915032679738,5.0,29.76840574730456,153
DTO->BRWD,35.81699346405229,10.0,56.333643998630436,153
JWB->PDWA,18.666666666666668,8.0,37.99186200947999,153
AKN->SGG,9.326797385620916,2.0,17.565977157322394,153
MRK->CBM,32.01307189542484,27.0,45.33079976074484,153
BDL->PCOI,29.03267973856209,11.0,48.59762533464462,153
BINA->KYE,19.73202614379085,18.0,19.031831554401204,153
FA->MJ,4.163398692810458,0.0,13.229978675013582,153
BTJL->MRDW,29.782894736842106,26.0,33.25656192047372,152
HIR->BUG,45.9078947368421,26.5,76.7054532597059,152
JAIS->RBL,51.828947368421055,17.0,85.3569657780292,152
TVC->KZK,12.947368421052632,8.0,12.39728098457025,152
YPR->BAW,4.355263157894737,3.0,6.277688753771542,152
GIMB->BCOB,22.888157894736842,21.5,15.026047733567884,152
DAB->BSX,27.664473684210527,20.0,35.62032013252654,152
AMB->MNGD,48.82236842105263,37.0,50.48468418639251,152
KOP->HTK,8.592105263157896,5.0,18.513769804113558,152
TUNI->NRP,42.30921052631579,33.0,58.85071849113035,152
PHA->SGO,91.28289473684211,42.5,108.98419702948237,152
JU->LUNI,16.532894736842106,7.0,25.19090495054231,152
AWR->RE,4.684210526315789,0.0,17.60434212415389,152
RANI->MJ,4.098684210526316,0.0,8.724449824905793,152
NCB->FLK,48.94078947368421,29.0,56.15838924698885,152
REWA->STA,9.93421052631579,8.0,10.009711213511693,152
NRP->YLM,41.64473684210526,35.0,57.672448906251546,152
SRU->LRD,13.390728476821192,8.0,21.97755628209038,151
SBD->DDCE,48.83443708609271,25.0,81.07654247385211,151
SHR->GSPR,50.99337748344371,28.0,80.92593294189791,151
SBP->BRGA,47.41059602649007,37.0,49.49549090886009,151
RDM->WL,151.68211920529802,65.0,233.45467428349417,151
LRD->BLTR,20.509933774834437,16.0,25.211602500877483,151
DDCE->SHR,49.5364238410596,26.0,82.58989242713558,151
NS->PKO,9.178807947019868,6.0,26.23130091899504,151
AWR->BKI,21.741721854304636,4.0,50.1788087511264,151
PUNE->SUR,31.688741721854306,10.0,58.46334298007752,151
BKI->AWR,4.28476821192053,0.0,11.379149050459914,151
BUH->AAL,76.58940397350993,27.0,115.82879731299862,151
PCOI->BDL,41.980132450331126,25.0,57.54308185451726,151
MRDW->BTJL,64.01324503311258,32.0,78.25675576842909,151
BD->CND,19.546666666666667,6.0,47.37308536502809,150
KQR->PRP,24.813333333333333,20.0,24.317637056996194,150
DLN->GMR,23.16,5.0,50.57801204093951,150
HIR->NKE,129.84666666666666,9.0,230.2947844404909,150
CND->BD,49.03333333333333,6.5,78.04631361794885,150
PPA->BMKI,25.013333333333332,12.5,59.676531498011094,150
THVM->KRMI,112.58666666666667,100.0,84.87204634365358,150
MJ->SOD,7.413333333333333,3.0,11.465844619615398,150
CAA->PPA,21.606666666666666,9.0,58.53088402533719,150
UMR->BRS,42.193333333333335,21.0,55.54376672833204,150
JJK->RURA,38.96,22.5,48.68524851347472,150
QLN->KCVL,42.72,0.0,159.1993861915252,150
BNT->ETW,88.88666666666667,51.5,108.28631800309155,150
SZM->SNP,28.886666666666667,9.5,65.23437730294441,150
GWD->MBNR,22.013333333333332,15.0,31.066066570617245,150
RRB->TKE,12.266666666666667,7.0,18.130276752522075,150
UMB->RAA,17.226666666666667,5.0,35.42269144702631,150
KCVL->QLN,19.69333333333333,10.5,34.241727882973905,150
RURA->JJK,52.26,28.5,83.69306579248347,150
YG->NW,15.113333333333333,11.5,16.02537277903185,150
BPH->BRJN,72.83333333333333,24.0,131.75951332344252,150
ETW->BNT,36.96,21.0,52.92718564089509,150
TKMG->KHGP,64.88,35.0,112.52453393929265,150
DKZ->SSB,79.5,27.5,134.7574380659337,150
SRGM->TPJ,22.466666666666665,7.0,75.74317845703366,150
DSA->GZB,10.866666666666667,4.0,18.79728192069971,150
MSH->KLL,19.56,6.5,36.1177195352853,150
PAY->PAZ,15.54,12.0,19.535076007808943,150
DHD->RTM,15.373333333333333,0.0,53.401046500399296,150
BRJN->BPH,114.21333333333334,92.5,101.25617632444886,150
HD->TBN,37.49333333333333,21.5,59.34415003331612,150
TKE->BDVT,10.56,4.0,13.252569714091138,150
ZBD->JNU,29.34228187919463,7.0,54.735577121886216,149
ZB->VKB,28.973154362416107,23.0,30.15566512791738,149
RN->KKW,157.9798657718121,107.0,165.66481422726682,149
PGK->SOG,33.75167785234899,8.0,97.98703072209791,149
BTH->NKE,45.738255033557046,13.0,105.50088996506618,149
NPNR->BAU,78.86577181208054,23.0,99.28478406856797,149
PTA->RPJ,25.093959731543624,13.0,39.895190775987274,149
APR->JTI,64.26845637583892,21.0,106.79999183068114,149
KIR->KNE,65.1744966442953,35.0,114.55352410870934,149
AHA->KIUL,49.04697986577181,3.0,105.58801475101424,149
BHL->BJNR,8.912751677852349,0.0,24.911446648756986,149
SGO->DMO,44.31543624161074,24.0,85.13066961301965,149
DMO->SGO,55.288590604026844,19.0,91.5549085951433,149
KLL->MSH,14.496644295302014,14.0,10.119304645132377,149
KAT->MOZ,57.738255033557046,38.0,68.09962852352886,149
MOZ->KAT,15.281879194630873,7.0,26.793524968330512,149
ND->MAN,0.0,0.0,0.0,149
ZNA->DLN,10.858108108108109,0.0,24.59412300108126,148
RAA->UMB,34.229729729729726,5.5,73.05343255514913,148
KKW->RN,115.12162162162163,70.0,148.85202008393014,148
PRP->KQR,36.013513513513516,17.0,65.30951806188749,148
PRR->ANR,42.817567567567565,8.0,71.2759356936758,148
DUI->BNN,27.027027027027028,21.5,31.030366067969457,148
KIUL->KJH,85.89189189189189,3.0,243.6196750187889,148
MABD->DKJ,72.83108108108108,57.5,94.5200110917392,148
COR->NBH,7.743243243243243,5.0,16.5751726565213,148
GDB->MOT,21.08108108108108,11.5,27.303164082049904,148
GHR->JAJ,12.527027027027026,0.0,28.871859977914454,148
ADI->ANND,8.25,3.0,19.146366060778565,148
KLMG->PNVL,22.37837837837838,18.0,17.72058467325439,148
MAJN->UD,48.729729729729726,21.0,113.78070533288545,148
WL->RDM,100.97972972972973,50.5,162.88251555042763,148
WL->BZA,120.04729729729729,2.0,240.7413531329671,148
DXG->JL,12.33108108108108,0.0,74.59481374920843,148
BRGA->SBP,20.4421768707483,0.0,39.45000811703663,147
SUR->PUNE,14.551020408163266,0.0,35.78994725190444,147
SSB->DKZ,21.19047619047619,9.0,57.82191997178703,147
COR->KIN,22.346938775510203,6.0,97.08805867780542,147
MNAE->PAN,5.360544217687075,2.0,7.487839985403268,147
DLN->ZNA,41.64625850340136,35.0,51.185641544176065,147
GHR->JMU,13.551020408163266,4.0,28.0134956892648,147
WKR->SUNR,7.142857142857143,0.0,15.618745323471153,147
WJR->SHU,16.217687074829932,15.0,13.625377715916985,147
CC->GB,12.204081632653061,4.0,26.41007974227436,147
GB->DEOS,13.401360544217686,6.0,26.497004189397583,147
JHD->TEA,13.244897959183673,5.0,25.389727141874353,147
MAG->GNT,17.5578231292517,6.0,37.781297332218344,147
RNC->NKM,16.510204081632654,5.0,30.74026571549822,147
GMR->DLN,38.244897959183675,32.0,51.03740125173511,147
NKM->TIS,15.068027210884354,3.0,30.24594614837191,147
SBR->FL,5.503401360544218,3.0,11.394167066794548,147
GYN->PRYJ,19.666666666666668,0.0,75.19894466373057,147
PTKC->JAT,27.58503401360544,0.0,70.7017509168218,147
FLK->NCB,36.35374149659864,11.0,83.01854906784374,147
BJNR->BHL,19.726027397260275,14.0,26.875837256679468,146
CSMT->KYN,38.64383561643836,18.0,107.13611965230075,146
R->MSMD,24.595890410958905,10.0,57.701679742133734,146
UD->MAJN,125.02054794520548,53.5,187.33663114290687,146
MRJ->JSP,34.863013698630134,18.0,73.20642803291074,146
RPR->BEA,19.171232876712327,9.0,32.15980776856279,146
PIP->MDS,13.013698630136986,5.5,21.886852076349353,146
ULT->BRR,12.952054794520548,8.0,19.530111920077932,146
LS->NR,20.801369863013697,15.0,19.994350879087097,146
NRI->KSG,31.589041095890412,19.0,49.394355566529896,146
BRR->KMME,12.356164383561644,8.0,19.613415439096396,146
JSP->HTK,37.917808219178085,23.5,72.68851892925377,146
PLG->BOR,12.39041095890411,9.0,12.638405228766,146
BRWD->DTO,46.45205479452055,47.0,36.113438551660565,146
RNY->BPRD,52.25342465753425,25.5,75.87256208832025,146
LUNI->JU,19.767123287671232,13.0,22.99026513500439,146
KYN->LTT,67.84246575342466,0.0,168.41036450847716,146
BEA->RPR,49.93103448275862,39.0,57.72885076569574,145
BZA->WL,76.77241379310345,24.0,155.68195610262194,145
SV->DDA,36.91724137931035,19.0,52.18989145528992,145
KHGP->TKMG,114.42068965517241,30.0,175.30119592058614,145
UMB->JUDW,18.041379310344826,8.0,37.94053751560697,145
PML->KMU,12.46896551724138,7.0,20.81167379822019,145
BALU->BAM,101.54482758620689,33.0,153.46737706677203,145
TJ->PML,0.0,0.0,0.0,145
BSR->PNVL,29.90344827586207,7.0,76.37274493287754,145
JWO->NBH,15.910344827586206,13.0,16.90616145135131,145
BSB->ARJ,95.02758620689656,10.0,175.5451012334146,145
BGBR->MSMD,21.131034482758622,9.0,26.666212280611507,145
ALJN->CNB,32.855172413793106,14.0,84.5739304552158,145
MLMR->VM,9.062068965517241,5.0,12.173639947794745,145
CCT->SLO,15.682758620689656,10.0,50.333430387361695,145
AGC->MRA,65.80689655172414,17.0,120.81196917752696,145
HPU->GZB,29.351724137931033,3.0,74.87503765854024,145
SLN->MFKA,41.37241379310345,25.0,60.80729406489202,145
NH->SDAH,4.993055555555555,0.0,23.58128229156283,144
UMB->SRE,17.29861111111111,2.0,47.26093019115284,144
NLE->PAY,54.583333333333336,10.0,135.37058692417568,144
CRR->KUE,16.8125,11.0,28.38471191732215,144
SBHR->SKLR,11.590277777777779,5.5,15.04697223194332,144
CDGR->GBA,24.069444444444443,14.0,33.779344203138315,144
BCOB->SIOB,19.02777777777778,17.0,13.910776847815242,144
LAR->TKMG,54.93055555555556,31.0,108.56937795280874,144
BNTL->KBPR,8.715277777777779,5.0,12.16188198219639,144
CLT->CAN,23.59722222222222,17.0,30.324196861696358,144
NNA->KGG,57.13194444444444,15.0,99.63515587934705,144
KBPR->SBHR,10.208333333333334,6.5,15.476521807975054,144
KPP->SEH,13.555555555555555,11.0,14.025839180746539,144
MKU->SEG,66.00694444444444,13.5,169.93842967824375,144
PASA->KZT,24.833333333333332,23.5,26.562763779027577,144
GY->DHNE,13.756944444444445,1.0,42.249383912051776,144
BPRD->RNY,77.40972222222223,15.5,129.40371116879905,144
CPA->CNB,4.458333333333333,2.0,8.526285970312774,144
KUE->NNA,22.84027777777778,15.0,30.4900908342881,144
APR->PND,51.85314685314685,12.0,106.41348784321075,143
KBJ->TIG,29.62937062937063,10.0,59.81057873381885,143
GJUT->KKP,57.57342657342657,11.0,120.24320949527754,143
NILE->JRLE,18.32867132867133,0.0,54.18743893526473,143
TIG->KBJ,35.86713286713287,15.0,59.782026334907506,143
FL->SBR,22.965034965034967,7.0,50.092648330110485,143
TJ->BAL,18.88111888111888,16.0,16.834944170331017,143
BKP->ATL,41.31468531468531,21.0,53.4555784491184,143
NBQ->BPRD,69.11888111888112,9.0,123.75404329775293,143
SRTL->ERS,18.72027972027972,16.0,16.46353443578835,143
GCT->YFP,23.6993006993007,3.0,51.10001722182599,143
HPU->GMS,67.06293706293707,43.0,91.78605073551631,143
RTM->DHD,50.84615384615385,0.0,118.6644166138872,143
KSG->NRI,7.20979020979021,4.0,25.104248320921595,143
RJN->G,85.6993006993007,48.0,118.06139695180539,143
MSMD->R,9.328671328671328,0.0,19.256159147753444,143
ERS->TUVR,38.13986013986014,27.0,55.201372890485125,143
DHNE->GY,30.97902097902098,3.0,127.62342650705219,143
BKN->DSO,5.804195804195804,3.0,10.176096501985851,143
TUVR->SRTL,39.34265734265734,27.0,55.85936880264265,143
DSO->NOK,7.699300699300699,4.0,10.325024274455638,143
MIPM->VSKP,46.31468531468531,30.0,53.43449584494171,143
BCN->HCP,33.36619718309859,21.0,63.32987809237348,142
DLI->SZM,25.676056338028168,8.5,64.44587033144128,142
SGG->AKN,20.295774647887324,12.0,26.423659270695666,142
GHY->CPK,37.056338028169016,8.0,75.53579534223636,142
BPRD->NBQ,42.978873239436616,13.0,73.9359957354202,142
CLT->PGI,27.87323943661972,13.5,36.73266642022366,142
CLX->TEL,48.28169014084507,13.5,110.01427155628188,142
SPN->AJI,72.21126760563381,51.0,84.77821135390623,142
NR->LS,25.45774647887324,24.0,18.619224122996197,142
BKNG->GDL,14.838028169014084,0.0,55.356438480006034,142
SHU->WJR,15.056338028169014,14.0,12.456320647908363,142
KGG->NNA,66.38732394366197,20.5,130.86286734954248,142
NDLS->FDB,70.70422535211267,28.0,106.48149632698615,142
SGO->PHA,62.316901408450704,20.5,109.31945313110485,142
GZB->HPU,65.23239436619718,32.5,95.96317744547659,142
RPH->PKR,24.95774647887324,7.5,56.74627781581322,142
HCP->RBL,30.816901408450704,16.5,62.61484424167043,142
PNVL->BSR,51.359154929577464,20.5,63.32280706282887,142
PKU->KGP,20.007042253521128,5.5,47.942266769133276,142
CAN->CLT,45.88732394366197,5.0,98.08196735612265,142
PNP->NDLS,57.08450704225352,3.0,120.15176531628869,142
BZA->NZD,21.598591549295776,19.0,16.344717349536516,142
MFKA->SLN,33.605633802816904,11.5,63.50751982575086,142
ALU->SRGM,29.43971631205674,19.0,67.54642517709328,141
BBM->CNI,18.375886524822697,4.0,36.61391987581697,141
RPJ->PTA,38.226950354609926,21.0,49.236219071841546,141
RBL->HCP,24.95035460992908,16.0,32.260618681768904,141
GVN->RJY,32.836879432624116,24.0,37.53277122604709,141
MKA->NBJU,12.070921985815604,2.0,26.690995108053876,141
KPD->WJR,12.177304964539006,9.0,15.75086559432903,141
TPH->BHW,5.900709219858156,0.0,17.17569086343462,141
NBI->KL,41.08510638297872,22.0,62.35399968402784,141
JND->JLR,9.361702127659575,7.0,9.053236671209033,141
GNT->TEL,32.9645390070922,5.0,86.98812820047159,141
BSL->RV,47.184397163120565,38.0,56.09196566314485,141
PML->TJ,11.49645390070922,6.0,15.940794080182712,141
KMU->PML,0.0,0.0,0.0,141
RTM->JAO,25.099290780141843,25.0,25.49714408784387,141
BTE->NBI,38.659574468085104,19.0,61.88766664429005,141
JEUR->DD,10.347517730496454,0.0,34.51790132165437,141
LKN->BGS,25.69503546099291,19.0,31.1995749198175,141
HCP->BCN,27.914893617021278,20.0,32.43950179327273,141
BTI->MBY,41.43262411347518,4.0,115.28438780217375,141
KQR->PNME,30.900709219858157,0.0,52.044665565061806,141
SBG->TPH,9.571428571428571,2.0,20.401771279126635,140
DEE->DLI,10.385714285714286,2.5,40.88404126821829,140
PGK->HMH,21.314285714285713,6.0,60.8828437062487,140
OTP->TCR,108.77857142857142,16.5,257.4728614002972,140
YFP->GCT,17.007142857142856,5.0,48.25196107075536,140
TEL->GNT,52.48571428571429,26.0,90.63615980123441,140
NLR->BTTR,32.67142857142857,19.0,40.38687778505634,140
BKRD->HCR,8.564285714285715,5.0,16.498184209783158,140
BZU->NGP,48.65,4.0,250.08801112678816,140
JLR->JND,10.75,0.0,23.951427166441515,140
JTW->MJG,24.192857142857143,14.5,33.76578158678539,140
AMG->LKO,26.978571428571428,8.0,65.04989428235791,140
FAN->MVJ,12.25,2.0,19.65022378915896,140
G->RJN,17.85,0.0,41.23714973159046,140
MSMD->BGBR,23.84285714285714,13.0,39.96172114969064,140
PKO->NS,13.528571428571428,0.0,64.91393780757346,140
KSD->JND,8.392857142857142,8.0,7.67758245501445,140
GDL->BKNG,5.085714285714285,0.0,7.80931533240562,140
JAT->PTKC,26.72142857142857,13.5,49.34507298768874,140
BTTR->KVZ,42.18571428571428,26.0,45.07971926946952,140
DOE->GSPR,29.52857142857143,12.0,49.9686870089433,140
GMS->HPU,71.79136690647482,30.0,104.62482835129678,139
CHI->SVX,108.73381294964028,85.0,89.17549669454262,139
MXN->FKG,20.489208633093526,0.0,61.35172616147315,139
NRI->FL,8.079136690647482,4.0,27.20748638134962,139
BQI->SA,27.07913669064748,14.0,44.74469683550744,139
FKG->MXN,31.820143884892087,0.0,80.19986372811448,139
BTH->SGL,151.64028776978418,28.0,238.84140657676758,139
KKP->GJUT,17.93525179856115,9.0,36.3150882191366,139
DAB->UMRI,47.37410071942446,23.0,84.12940975209656,139
JND->KSD,12.510791366906474,0.0,28.858818486585072,139
DLR->MAU,49.73381294964029,13.0,72.05549145207144,139
KCG->MBNR,40.381294964028775,12.0,72.11639099736503,139
GAR->SCKR,60.35971223021583,35.0,94.43462635595617,139
GYN->BSBS,9.431654676258994,0.0,36.10031321067551,139
IGP->KSRA,39.985611510791365,9.0,74.46203055497293,139
BOR->VAPI,24.81294964028777,16.0,36.59958983402936,139
EKMA->SV,32.402877697841724,14.0,62.59968507404003,139
BSBS->GYN,13.217391304347826,0.0,52.54038962598338,138
DDE->SNK,13.507246376811594,2.0,76.13129711006825,138
MLDT->KNE,77.81159420289855,37.5,148.62491616148787,138
PLCJ->RDRA,18.05072463768116,0.0,36.06812743946261,138
BVRM->BVRT,0.0,0.0,0.0,138
NKE->BTH,157.36231884057972,28.5,241.29961210773382,138
GNG->JAIS,33.67391304347826,0.0,79.47631176659861,138
TKMG->LAR,82.41304347826087,8.0,153.79115273884457,138
RV->BSL,85.31884057971014,39.0,105.68704562643653,138
SA->BQI,20.42753623188406,9.0,32.28293885833187,138
SVX->CHI,111.08695652173913,88.0,92.7948430373114,138
BTP->BSB,64.04347826086956,15.0,87.43697371944462,138
GNT->NRT,30.60144927536232,23.0,47.175482289756516,138
MDN->KGP,25.27536231884058,5.0,49.522208851946374,138
LHU->SDLP,21.797101449275363,3.0,78.0994274977652,138
JER->BLS,101.60144927536231,28.5,167.34232320775996,138
SAW->BOY,68.69565217391305,0.0,106.31701724625701,138
SAG->DUI,44.78260869565217,8.5,130.6148145055817,138
PCOI->MZP,78.62773722627738,0.0,225.7546822945882,137
BSL->ET,38.956204379562045,0.0,112.16078720072952,137
NDLS->SZM,29.656934306569344,10.0,48.47777507091816,137
BPF->ET,26.562043795620436,2.0,67.06974654547712,137
PNME->KQR,21.970802919708028,13.0,31.97723031954774,137
DUI->NBA,24.394160583941606,21.0,29.862025281045295,137
SHDM->KKDE,34.75912408759124,12.0,62.810818376371195,137
SBHR->KBPR,7.014598540145985,0.0,14.131205248887104,137
KPQ->CAN,30.437956204379564,13.0,43.01143167363432,137
YPR->YNK,11.773722627737227,8.0,12.40729902631436,137
UMB->SHDM,26.153284671532848,5.0,62.58416574207569,137
SEG->MKU,152.5839416058394,25.0,327.53481275089104,137
JL->DXG,23.970802919708028,0.0,103.05380816135064,137
KBPR->BNTL,7.233576642335766,0.0,13.663639368412747,137
SMK->GNU,46.56204379562044,27.0,63.36946533598538,137
NPNR->KNW,25.722627737226276,8.0,58.018345213212704,137
HPP->MRPR,56.175182481751825,42.0,63.75238147918811,137
NBI->BTE,27.474452554744527,26.0,31.239134650394096,137
NBA->PTA,24.54014598540146,19.0,31.96666797999499,137
PND->APR,30.26277372262774,12.0,59.482853445464414,137
SKLR->SBHR,11.306569343065693,5.0,16.390708470760647,137
PLJ->BH,9.116788321167883,8.0,7.505944402537246,137
CNB->RURA,43.51094890510949,23.0,80.88436888076716,137
RRB->AJP,12.861313868613138,8.0,15.546979317800456,137
BHP->GKH,6.08029197080292,2.0,10.120638780526205,137
KL->NBI,20.226277372262775,18.0,29.1247299156197,137
MBI->JYG,10.81021897810219,0.0,39.354821224700885,137
MJG->JTW,69.43795620437956,46.0,89.12696341487737,137
JAIS->GNG,59.74264705882353,10.0,104.11112270770926,136
IZN->BC,11.625,4.0,49.075593617284845,136
SLO->CCT,27.154411764705884,0.0,90.68903961514908,136
VSKP->RJY,83.88970588235294,10.5,126.27170427555647,136
VKI->KHT,24.227941176470587,0.0,52.55219161117122,136
PMR->BE,34.1764705882353,18.0,52.26667833800058,136
CJN->BQA,14.044117647058824,10.0,18.733953191428906,136
AYC->SLW,52.411764705882355,36.5,62.771480972886195,136
SLW->RDL,52.11029411764706,34.0,63.58822075803121,136
JSP->MRJ,8.036764705882353,3.0,20.460769359647035,136
JNL->BEAS,24.24264705882353,15.0,37.40320769043438,136
PRYJ->PRRB,10.470588235294118,3.0,34.878400654904006,136
DVL->NK,28.808823529411764,27.0,21.740733132168813,136
SLB->MDN,6.992647058823529,2.0,17.207016795925156,136
BPL->NGP,140.21323529411765,55.5,214.4417527092401,136
BLTR->MAU,46.029411764705884,20.0,83.48643191396724,136
BKN->NOK,20.125,9.0,37.955029432991616,136
GBA->CDGR,8.183823529411764,5.5,9.188722722573097,136
PRYJ->GYN,16.625,0.0,49.17767296770474,136
KUE->CRR,11.867647058823529,2.0,24.43276756159552,136
NGP->BPL,83.66911764705883,7.5,183.68487730438457,136
MZP->PCOI,54.0,13.0,127.77967148355188,136
BSR->ST,33.89705882352941,3.0,88.09181064319495,136
CSB->NDLS,29.272058823529413,15.0,43.166425037807585,136
ASR->JNL,18.830882352941178,11.0,35.82541104094582,136
HSR->STD,7.875,4.0,7.940927737571557,136
PRRB->GYN,9.698529411764707,0.0,37.87764313778249,136
GDR->VKI,23.595588235294116,0.0,52.119432457111586,136
NNA->KUE,16.33823529411765,2.5,28.571475178922455,136
TKJ->CSB,0.0,0.0,0.0,136
MRPR->HPP,67.42222222222222,31.0,117.35349498872905,135
RJY->BZA,76.76296296296296,14.0,115.51876551099905,135
HVR->BYD,12.651851851851852,7.0,17.954469164053922,135
AME->MCDA,64.2074074074074,26.0,101.38886985165317,135
AKE->MZL,24.333333333333332,19.0,33.8069585701109,135
LSI->SPJ,8.08148148148148,0.0,34.65545806807692,135
ST->BSR,27.644444444444446,3.0,87.81539886948623,135
KAPG->NKP,33.266666666666666,16.0,53.126461349523254,135
BGK->GED,35.77037037037037,41.0,28.15970995566494,135
LMT->BSRX,20.94814814814815,21.0,24.848591815267294,135
VSKP->MIPM,0.0,0.0,0.0,135
BGM->GPB,25.333333333333332,2.0,39.13772085890862,135
CPK->GHY,11.748148148148148,3.0,19.965163136883355,135
BYD->RNR,13.170370370370371,7.0,18.58604063748437,135
JOP->BSB,28.77037037037037,0.0,62.335507806096274,135
KGP->BLDA,26.711111111111112,9.0,50.973634780993095,135
JHN->RFJ,44.266666666666666,17.0,77.70497208394816,135
GED->BDM,38.51111111111111,44.0,28.79750887512556,135
KP->NITR,45.82962962962963,2.0,86.98992399541153,135
PM->DEC,12.503703703703703,12.0,12.209535100659647,135
KNE->MLDT,55.91851851851852,2.0,129.267630042843,135
VAPI->BOR,35.785185185185185,8.0,99.49629747743974,135
SWV->KUDL,50.149253731343286,45.0,41.47587530747968,134
BELA->GAYA,12.626865671641792,2.0,22.65719412772064,134
PASA->NYY,30.238805970149254,27.5,19.369839008758625,134
NK->DVL,28.559701492537314,11.5,55.33445964288777,134
KNW->NPNR,85.47014925373135,40.5,98.0409374599339,134
DUI->SAG,25.96268656716418,11.0,84.79470180608115,134
KZT->PASA,27.12686567164179,25.5,16.917500678287713,134
MULK->SL,37.42537313432836,11.0,55.45158111004666,134
JAJ->GHR,13.104477611940299,4.0,26.605519427569405,134
CNB->CPA,36.492537313432834,18.5,42.920059678860454,134
PTJ->TUP,17.007462686567163,10.5,26.781627713552425,134
ET->BPF,134.73880597014926,98.5,128.16102002638195,134
NKP->KAPG,27.48507462686567,18.0,38.254143237124254,134
KUDL->SWV,92.55223880597015,70.0,85.13232222947488,134
KDM->MABD,61.85820895522388,55.0,87.91136624785801,134
SFY->MKC,38.57462686567164,0.0,106.29136978707679,134
NGP->KATL,32.78358208955224,0.0,111.49667798687886,134
GID->NDL,12.686567164179104,0.0,40.34632366449037,134
TPJ->TJ,12.67910447761194,5.0,27.077888420208712,134
JP->AII,19.62686567164179,7.5,44.37700272160399,134
SBC->YNK,18.529850746268657,13.0,26.012920531228744,134
BVRT->BVRM,21.791044776119403,9.5,27.650633142587346,134
SSB->NNO,59.31578947368421,28.0,113.40984728375679,133
BTTR->NLR,35.81954887218045,23.0,54.2255159924129,133
KVZ->BTTR,32.233082706766915,11.0,52.531792281183506,133
VN->AB,23.25563909774436,11.0,65.3778822454434,133
BAW->YPR,14.31578947368421,0.0,38.361788204649336,133
DPA->BNLW,18.090225563909776,11.0,24.844198959081616,133
ETW->FZD,62.42857142857143,28.0,85.57694444132379,133
ET->BSL,95.8796992481203,5.0,170.6183956472519,133
SL->MULK,13.052631578947368,6.0,18.980179370370017,133
BKRD->SM,24.93984962406015,18.0,37.13035175148947,133
MBY->BTI,24.285714285714285,0.0,106.69643794489987,133
STA->REWA,4.0,0.0,25.99883447271039,133
PRG->PRYJ,28.601503759398497,9.0,41.085634857708726,133
PPT->MZC,13.992481203007518,3.0,23.984052858603047,133
BTD->DLJ,11.947368421052632,0.0,28.89513846849046,133
PDT->KTV,35.61654135338346,21.0,39.13684650829454,133
MZC->SBG,8.699248120300751,0.0,21.02306992633007,133
AJP->RRB,18.774436090225564,10.0,22.348688708517166,133
NNO->BGZ,62.556390977443606,32.0,114.12781335334378,133
HWH->SRP,10.571428571428571,6.0,23.83697335446131,133
PSB->KQR,20.401515151515152,17.0,16.850424077153708,132
LNL->SVJR,23.431818181818183,19.0,21.907227425278464,132
RFJ->JHN,29.272727272727273,23.0,26.9415796895677,132
TEL->CLX,104.36363636363636,27.5,222.29034286308385,132
BOF->SOL,8.348484848484848,4.0,23.759605481754612,132
GDL->VRR,10.787878787878787,2.0,23.50703331587038,132
SNK->DDE,28.78787878787879,0.0,107.59104295298182,132
KGP->MDN,17.992424242424242,0.0,55.09124924792056,132
GYN->PRRB,9.659090909090908,0.0,39.851983686479116,132
GVD->UBR,13.295454545454545,12.0,13.079170921948824,132
OTP->WKI,46.621212121212125,20.0,138.7988566236994,132
LKO->AMG,14.053030303030303,0.0,33.1879483308518,132
BZA->RJY,37.63636363636363,8.0,70.86491533081698,132
MLPR->SHG,22.863636363636363,0.0,47.36939017558931,132
BUW->BBK,40.09848484848485,13.0,77.34732411211851,132
SLW->AYC,38.85606060606061,9.0,56.445627769441764,132
PHN->KPI,45.34848484848485,26.0,59.45541466985706,132
APTA->JITE,30.431818181818183,26.0,21.553481567054224,132
SBP->RAIR,36.446969696969695,13.0,84.42163486627855,132
KPI->ORAI,47.45454545454545,26.5,60.872957888391525,132
DRD->GVD,14.568181818181818,12.5,12.968071879505963,132
VS->BRC,8.81060606060606,5.0,12.326433196796124,132
RDL->SLW,41.64393939393939,13.5,56.92731840961137,132
VRR->GDL,14.636363636363637,13.0,10.276537218843252,132
BBK->BUW,34.49618320610687,17.0,50.609268540881935,131
SGNR->ABS,4.6183206106870225,2.0,6.783983417145889,131
MJ->RANI,10.641221374045802,3.0,18.526516839089805,131
TSI->SCT,3.900763358778626,0.0,7.559868702392676,131
BSE->JNH,55.900763358778626,0.0,99.11460770719552,131
MAN->MHD,5.9465648854961835,5.0,11.939148904790386,131
AK->WHM,19.427480916030536,11.0,30.849518269359663,131
BDC->ABKA,9.15267175572519,6.0,12.314764923233568,131
BNZ->GTNR,10.870229007633588,4.0,27.822624149467575,131
GTS->CKU,129.03053435114504,26.0,179.01847515018358,131
NBA->DUI,29.69465648854962,18.0,38.239506983016504,131
MTR->MFP,113.55725190839695,2.0,221.10304455703417,131
FZD->ETW,26.610687022900763,13.0,46.35076507858876,131
NDL->GID,39.31297709923664,29.0,44.108447467483806,131
MAI->MTR,145.34351145038167,31.0,240.31340981797925,131
PRYJ->PRG,4.0,0.0,20.975076785410014,131
GNT->MAG,20.709923664122137,9.0,30.85511765297198,131
PGI->TIR,34.465648854961835,19.0,40.91798508271876,131
MMA->MAU,49.52671755725191,0.0,94.51278531697949,131
RDRA->POK,18.80916030534351,9.0,31.314561494569606,131
WHM->HNL,21.61832061068702,15.0,32.25295645727503,131
PTA->NBA,32.595419847328245,19.0,39.23847770628963,131
KOV->KRD,21.19083969465649,10.0,37.15396541706641,131
DEOS->GB,28.786259541984734,23.0,31.673820209608145,131
JNH->BSE,43.045801526717554,16.0,78.85798945869719,131
ABKA->NDAE,10.442748091603054,8.0,12.046806346875961,131
MDN->SLB,22.114503816793892,10.0,34.677556745931405,131
MRL->SCH,9.648854961832061,9.0,8.784535068579883,131
BRR->DHN,14.061068702290076,0.0,48.27975459200758,131
ANVT->ALJN,33.458015267175576,12.0,96.6453675551844,131
PGI->FK,15.045801526717558,6.0,22.03139808246398,131
KNP->LD,18.3,15.0,18.714770521139574,130
RBL->JAIS,32.07692307692308,0.0,86.04727521458481,130
RJY->VSKP,24.73076923076923,4.5,50.495650048517064,130
KQR->PSB,40.63076923076923,15.0,73.13650171511233,130
MAU->MMA,10.115384615384615,3.0,13.636837146871851,130
HPU->AMRO,47.261538461538464,26.0,79.97689141499241,130
AJE->BHUJ,6.946153846153846,0.0,22.225173079770613,130
UMRI->DAB,20.215384615384615,12.5,31.316584163177414,130
SEH->KPP,90.05384615384615,6.0,209.63261742252328,130
KWV->KEM,44.34615384615385,10.5,68.66418805699614,130
MOU->ROU,113.79230769230769,97.0,101.86034642061574,130
BGM->KNP,13.03076923076923,9.0,17.24242939659955,130
RPH->NHT,12.823076923076924,7.0,24.336932531294835,130
SSPN->PKD,27.369230769230768,8.5,71.46529905062975,130
MKC->SFY,3.1153846153846154,0.0,11.156139628084254,130
JRLE->NILE,5.8076923076923075,5.0,12.028452157278606,130
GID->CBM,42.05384615384615,28.5,50.32503831311466,130
NOK->BKN,13.407692307692308,0.0,58.641559482241284,130
CPJ->GKP,79.0923076923077,7.0,145.132414607582,130
BLS->JER,41.95384615384615,13.5,78.53906957819596,130
GAYA->BELA,10.03076923076923,4.0,17.78203015133317,130
KOTA->KPTN,12.023255813953488,8.0,17.576380242867426,129
JOB->FL,16.53488372093023,6.0,39.445580889932224,129
AB->VN,30.031007751937985,16.0,78.02252659333554,129
KTV->PDT,53.21705426356589,29.0,70.1327938227178,129
JP->JOB,19.24031007751938,9.0,40.52598996203672,129
AMRO->HPU,51.44186046511628,14.0,111.74307214101297,129
BRWD->LTHR,44.736434108527135,24.0,61.327695540514796,129
MBNR->KCG,12.550387596899224,0.0,28.302760808441363,129
JYG->MBI,6.767441860465116,4.0,13.329075143686694,129
GUR->DUD,13.465116279069768,7.0,24.577062003913042,129
NFK->BHW,32.674418604651166,11.0,62.204195345689115,129
BNLW->DPA,27.550387596899224,9.0,67.59483629967488,129
SUNR->WKR,22.45736434108527,0.0,57.90887342302587,129
KRND->SHG,16.75968992248062,2.0,29.61623688794882,129
MAU->DLR,25.4140625,21.0,28.969037868380877,128
RNR->BYD,22.03125,17.0,25.90319273180021,128
MAU->BLTR,97.4296875,13.0,188.02448674481099,128
BGP->AKN,9.515625,2.0,14.169938444178614,128
BARH->ATL,69.4375,33.5,84.15908726040188,128
DGR->OYR,5.8984375,4.0,6.912091247472492,128
JU->GOTN,14.8359375,8.5,18.637772730198197,128
NLDM->ANSB,8.953125,6.0,10.197930448530762,128
IDH->AF,15.84375,7.0,19.876959121983628,128
OYR->UDL,6.5546875,5.0,6.94728020622312,128
JOB->JP,9.421875,5.0,27.481592801607878,128
ST->BVI,56.640625,11.0,133.29942225834836,128
BLDA->KGP,32.296875,21.5,38.56936881295728,128
MURD->BKI,37.1015625,9.0,77.03285318602913,128
BHW->TPH,17.921875,7.0,42.93899891651825,128
LHU->MHRG,15.6015625,13.5,22.47600289644018,128
BYD->HVR,21.546875,17.0,23.719110662710804,128
KL->MURD,44.890625,24.0,64.27613098016656,128
FKM->KOJ,40.7890625,20.0,77.83767202656914,128
TPH->SBG,18.40625,6.0,43.90764062793413,128
FL->JOB,11.6796875,9.0,27.942836359943538,128
MAO->THVM,40.234375,33.5,35.163842465366805,128
ORAI->AIT,44.546875,21.0,59.92565727304374,128
SGRA->MBY,43.60629921259842,23.0,110.76732065498544,127
JUDW->UMB,19.19685039370079,0.0,36.4600323402931,127
SGR->AVRD,89.79527559055119,73.0,88.9943228600136,127
BUI->GCT,59.39370078740158,0.0,257.6556751638356,127
HMH->SGRA,42.22834645669291,19.0,110.4539830187414,127
VKB->ZB,35.61417322834646,18.0,53.56335030539079,127
GDB->BTI,2.84251968503937,0.0,7.172948738196857,127
BSB->JOP,38.32283464566929,23.0,51.9633390134316,127
SKLR->HAS,13.196850393700787,10.0,15.215926999223354,127
MFKA->NHH,16.58267716535433,0.0,41.24211150062363,127
KPI->PHN,52.45669291338583,45.0,56.587445450622454,127
ABS->MOT,6.834645669291339,4.0,7.82523774123104,127
ORAI->KPI,46.47244094488189,38.0,56.23206264571242,127
GNP->KZJ,29.905511811023622,24.0,29.022277450717866,127
SVX->AVRD,107.8267716535433,89.0,93.62311260633369,127
AVRD->SGR,120.11023622047244,94.0,98.0220438721025,127
SID->UJA,15.48031496062992,7.0,23.711510296371532,127
SCI->BHS,55.20634920634921,23.0,145.99322271723813,126
MKC->TAN,13.952380952380953,7.5,27.252260718804855,126
MHRG->RE,6.222222222222222,4.0,19.793691475372203,126
JGM->CKU,34.87301587301587,10.5,67.97717077101508,126
VLY->NCJ,0.4444444444444444,0.0,1.8954917274651684,126
TUP->PTJ,13.738095238095237,0.0,34.65075550609045,126
AN->DXG,11.174603174603174,0.0,78.63720029249055,126
ROHA->MNI,64.34920634920636,37.5,78.53277710208059,126
FUT->BKP,17.46031746031746,13.0,19.608835067346885,126
BLD->KEB,0.0,0.0,0.0,126
GGN->GHH,25.214285714285715,13.0,40.87593074519179,126
BKP->FUT,43.888888888888886,33.0,53.38782216531741,126
CCH->PMP,7.2936507936507935,0.0,12.18659424798739,126
NCJ->VLY,4.134920634920635,0.0,10.873345887704057,126
KUR->SIL,119.4920634920635,43.0,195.1003740040186,126
KEB->VAPI,14.69047619047619,11.0,15.189187883867543,126
BEH->BMB,28.1984126984127,21.0,30.073249200249663,126
ADI->SBIB,7.857142857142857,7.0,6.254232852351164,126
SGG->JMP,40.69047619047619,7.0,81.78992253677359,126
GIMB->AI,16.528,7.0,28.014563033099112,125
CRP->GMO,15.632,3.0,33.926042903598024,125
BKI->MURD,13.96,11.0,29.319265932807898,125
KRD->KOV,31.864,9.0,77.46636564633464,125
DDU->CNB,35.04,9.0,70.08858450146751,125
CNB->DDU,22.248,4.0,43.93482269409188,125
DLJ->BTD,16.448,15.0,13.329240231959593,125
BTW->UMD,23.232,11.0,46.65265196624808,125
KWV->BTW,27.36,14.0,49.63031071770035,125
SC->MLY,26.488,10.0,50.52508415660737,125
ANSB->NLDM,11.04,5.0,19.693375339389245,125
SHG->MLPR,49.296,40.0,45.264816501375826,125
THVM->MAO,99.504,59.0,147.33293567795317,125
MRB->KBL,33.52,16.0,68.55614605044774,125
NHH->MFKA,26.088,5.0,58.09058776683858,125
NITR->KP,26.136,15.0,47.9815730759081,125
PKD->SSPN,17.608,14.0,21.9830932103918,125
MURD->KL,16.856,13.0,29.93829783770872,125
TUNI->YLM,47.306451612903224,23.5,75.8130110269017,124
BCH->KSH,7.5,3.5,12.161848918058926,124
ETM->KTYM,10.10483870967742,2.5,20.20094924453497,124
MNI->ROHA,63.32258064516129,36.5,84.46489128598219,124
KSH->AKD,8.306451612903226,5.0,12.466656288431947,124
TPZ->DBD,29.766129032258064,4.0,77.0945052897377,124
CHE->CPP,40.37903225806452,7.5,77.46235306357079,124
NDD->GVN,33.71774193548387,29.5,37.09897999690707,124
MPA->DG,10.725806451612904,9.0,11.621635773140342,124
AIT->ORAI,43.50806451612903,35.0,56.14129908445399,124
BALU->KAPG,29.266129032258064,0.0,48.957773222211856,124
BALU->KIT,31.35483870967742,22.0,39.37358975115773,124
TMR->G,82.95161290322581,9.0,183.51650220822984,124
SRGM->ALU,21.266129032258064,18.5,19.87117406892517,124
KAPG->BALU,28.701612903225808,18.5,38.317666612323436,124
BHW->NFK,70.04032258064517,0.0,225.69752401081092,124
BMT->HYB,10.258064516129032,0.0,74.06598584801311,124
TPJ->MPA,11.07258064516129,7.5,13.543169992609853,124
HMH->PGK,41.95161290322581,11.0,108.02407551877653,124
GPB->BGM,72.25,5.5,167.86244005282364,124
GGC->HAN,23.112903225806452,13.0,40.71439482510207,124
KIT->BALU,34.346774193548384,7.0,57.28307179885542,124
CPK->JID,37.524193548387096,26.5,56.37208899840004,124
MJ->BER,2.725806451612903,0.0,9.850375511539244,124
DGR->UDL,7.201612903225806,4.0,14.330012758894393,124
KIN->COR,6.1138211382113825,2.0,14.411518191734592,123
RN->ADVI,139.52032520325204,118.0,107.67104955079054,123
VZM->SCM,0.0,0.0,0.0,123
HTE->ROU,35.2520325203252,20.0,51.922955771016476,123
NAN->KKW,141.73170731707316,115.0,100.49941466029132,123
MALM->GTL,22.24390243902439,6.0,42.04512436664681,123
GKP->CC,14.398373983739837,3.0,32.7676219233976,123
GMO->CRP,26.21951219512195,11.0,57.64881478106671,123
EKI->MLDT,9.390243902439025,0.0,38.43125310881489,123
BGS->LKN,15.479674796747968,8.0,23.08230093138071,123
AKOR->SUR,7.512195121951219,4.0,18.451249837118873,123
RFJ->AUBR,25.11382113821138,19.0,29.004862015274668,123
RAJP->VID,79.54471544715447,52.0,82.6116980594808,123
AVS->PUU,5.138211382113822,5.0,6.348260641157238,123
SIL->KUR,42.707317073170735,12.0,85.68171483751361,123
ADVI->RN,70.22764227642277,47.0,85.00750333402398,123
ULB->SRC,106.91056910569105,69.0,124.50222251818859,123
KKW->NAN,62.926829268292686,39.0,77.05673561602829,123
HCR->BOE,16.959349593495936,15.0,21.721938133942267,123
SBIB->ADI,4.829268292682927,0.0,9.548587842612369,123
UJA->SID,29.146341463414632,29.0,14.893987634375792,123
DKJ->MABD,61.83739837398374,46.0,88.33453309684926,123
MTY->AMLA,78.33333333333333,50.0,161.98586594214729,123
BKJ->KUDA,22.33606557377049,17.5,21.90460559735851,122
BQA->CJN,18.07377049180328,10.0,22.976512632976675,122
HNL->WHM,25.442622950819672,12.0,43.61212379400483,122
KUDA->BKJ,44.0655737704918,26.0,53.72469424745119,122
NBQ->KYQ,26.139344262295083,0.0,94.63364030434636,122
BKJ->UD,44.47540983606557,25.5,55.3429895990859,122
AI->AJE,16.89344262295082,11.0,27.455390527947973,122
CPP->CHE,52.39344262295082,6.0,96.13167255926703,122
YLM->TUNI,31.049180327868854,12.0,51.65410266025958,122
FDK->FZR,55.532786885245905,7.5,123.85743500247462,122
BMB->BEH,71.01639344262296,57.0,72.44570307701666,122
AF->IDH,59.278688524590166,11.5,111.90117114691402,122
LTHR->BRWD,47.631147540983605,48.0,34.59809406198343,122
HAS->SKLR,18.16393442622951,11.0,24.418987550416585,122
BHLK->BIDR,34.32786885245902,24.0,35.45534792167637,122
KIN->FAN,15.491803278688524,9.0,20.741719806297752,122
KSNG->MNGD,56.33606557377049,44.0,67.05808641012209,122
G->TMR,234.63114754098362,49.0,374.59589688617984,122
WHM->AK,14.565573770491802,0.0,45.857124090301994,122
ABS->SGNR,6.901639344262295,0.0,18.619464549236035,122
RU->KPD,73.80327868852459,0.0,139.07306120452557,122
PNC->BKP,25.33606557377049,7.0,54.81397702187228,122
NHT->RPH,9.295081967213115,4.0,13.47951523553282,122
UD->BKJ,21.295081967213115,18.0,20.514332230241614,122
VID->RAJP,148.9262295081967,126.5,111.64222430817033,122
TSI->KDNL,13.454545454545455,12.0,8.981462390204985,121
GDR->PER,77.71900826446281,9.0,186.51966934439272,121
BLU->KJN,34.12396694214876,19.0,39.125560751665056,121
TPJ->PDKT,28.75206611570248,2.0,111.96928752949295,121
PDKT->TPJ,8.413223140495868,4.0,16.010761704495096,121
SNKL->RJPM,14.322314049586776,13.0,9.580548763017228,121
HKG->SBP,19.00826446280992,10.0,31.376077901210184,121
MB->NBD,22.173553719008265,4.0,44.28368354257778,121
CAR->DDU,10.644628099173554,0.0,29.946023526820223,121
GSPR->DOE,61.22314049586777,33.0,91.25691641398163,121
BG->SC,28.165289256198346,0.0,85.68521334001551,121
MNGD->KSNG,34.17355371900826,6.0,53.72734835660985,121
KPTN->KOTA,19.322314049586776,2.0,64.3178584422752,121
RGDA->PVP,40.43801652892562,22.0,53.625381515656585,121
LKS->MHJ,38.84297520661157,26.0,65.97108056621765,121
BAB->LAR,126.27272727272727,44.0,173.6015072899234,121
PNME->DHN,20.636363636363637,0.0,43.75214280466729,121
BC->IZN,18.636363636363637,6.0,28.840365231159375,121
TAN->MKC,9.479338842975206,4.0,16.164827648093315,121
LAR->BAB,62.578512396694215,31.0,85.85430993511775,121
BH->PLJ,8.608333333333333,7.0,8.230192247193884,120
KMQ->KGQ,15.208333333333334,12.0,18.901734317889705,120
PVRD->TRTR,17.4,16.0,14.278384674309729,120
PVRD->KTYM,11.025,0.0,22.600833813725327,120
NRKR->PAR,63.666666666666664,29.0,152.60991814048631,120
HRNR->KTHU,30.4,16.0,46.552112300773906,120
KTHU->HRNR,32.09166666666667,12.0,58.76273269259522,120
CKP->RKSN,131.68333333333334,91.5,153.5930989856719,120
BNT->PHD,38.55,26.5,49.17553022702697,120
HSRA->CRLM,42.28333333333333,39.0,35.41665167243051,120
BVI->ST,7.575,4.0,26.335477078290726,120
BUG->HIR,161.78333333333333,26.5,247.83761230456756,120
NWP->CHE,34.733333333333334,5.0,69.07233248447552,120
NYN->SRJ,77.19166666666666,54.0,74.53173660867404,120
SBG->MZC,12.775,4.0,23.943021474135723,120
GOH->BWM,32.041666666666664,18.5,57.65244983510062,120
MAUR->MSZ,30.783333333333335,7.0,74.54108148619561,120
NAD->MEP,13.833333333333334,5.5,33.93600832544138,120
RKSN->SINI,136.125,97.5,158.59294984171206,120
RKSN->CKP,110.35,68.5,113.56060463193099,120
ABP->SHG,40.483333333333334,0.0,61.85643222238826,120
SRR->WKI,19.075,13.0,17.582058511807002,120
DRL->GDA,5.6,2.0,10.304930695480465,120
KSX->PNW,13.325,3.5,61.122574533858256,120
ON->LJN,14.25,0.0,38.41508150967479,120
MYG->BRC,3.591666666666667,0.0,6.192290996643719,120
MZC->PPT,12.308333333333334,5.0,24.04260777859836,120
VSU->BQA,21.691666666666666,5.0,41.34011335239413,120
BSR->BIRD,9.95,0.0,50.95686922298508,120
PAO->AKV,8.258333333333333,4.5,11.548579041213188,120
PAZ->KPQ,17.65,12.0,22.883574528322217,120
RAIR->SBP,35.141666666666666,24.5,61.94322364215534,120
VG->DHG,13.35,2.0,40.66085392631109,120
SYN->KIM,6.891666666666667,4.0,10.151620173985172,120
AWB->MMR,9.316666666666666,3.0,25.499376605770443,120
ETW->PHD,17.833333333333332,12.0,26.27435511472505,120
FK->VLI,0.0,0.0,0.0,120
PRRB->PRYJ,12.191666666666666,3.5,40.51377934143654,120
SGZ->GOH,28.708333333333332,15.0,56.63110702531927,120
PUK->IJK,16.616666666666667,14.0,14.104760107959343,120
SINI->RKSN,103.04166666666667,60.0,114.16605890369627,120
PHD->ETW,32.38333333333333,21.0,45.63744285645494,120
PHD->CNB,21.025,7.0,29.86030852503176,120
PHD->BNT,92.4,58.5,109.30463174544984,120
VLI->PGI,18.375,16.0,16.13705090048073,120
VJPJ->JAT,29.825,0.0,78.05736551360397,120
FTP->KGA,22.316666666666666,15.0,23.809108959971333,120
LJN->ON,18.408333333333335,11.5,24.07952365358903,120
SHG->ABP,45.916666666666664,45.0,45.0513401498748,120
GZB->KRJ,37.333333333333336,19.0,56.60660847683158,120
SPRD->RGDA,13.85,3.0,19.072903036824286,120
MSZ->BLZ,31.225,8.0,74.6735711406034,120
BMKI->PPA,153.46666666666667,25.0,249.1913285154259,120
JAT->VJPJ,28.883333333333333,12.5,45.71085289982164,120
BTI->MAUR,29.733333333333334,7.0,74.52750136281071,120
PPA->CAA,157.6,33.0,249.79841957099745,120
PNW->BKSC,22.175,1.0,73.87403115433456,120
DNKL->MRDL,27.216666666666665,23.5,20.544349785847427,120
JTJ->AB,8.316666666666666,7.0,9.792797330273958,120
MEP->VMA,16.983333333333334,9.0,43.109784288494886,120
FZR->FDK,19.126050420168067,9.0,37.39608305008644,119
MSZ->MAUR,97.43697478991596,29.0,162.47344704338732,119
GCT->BUI,57.621848739495796,0.0,132.02728220864296,119
GAYA->DDU,24.142857142857142,2.0,92.2196425374424,119
SC->BG,38.50420168067227,29.0,44.039057000784,119
PNW->KSX,10.084033613445378,0.0,45.90956102775948,119
WFD->MLO,17.554621848739497,17.0,9.403116575840194,119
KDG->URI,16.66386554621849,12.0,19.98570561673313,119
CNA->BHL,6.831932773109243,0.0,18.022264633056434,119
RDRA->PLCJ,19.781512605042018,15.0,20.711562178216493,119
RKB->GOTN,12.058823529411764,8.0,13.553593630439961,119
ED->KRR,27.025210084033613,12.0,74.28112680717507,119
SRJ->PCOI,26.394957983193276,11.0,38.36890921959613,119
MVJ->FAN,4.142857142857143,0.0,7.414239294083201,119
SRJ->NYN,15.268907563025211,0.0,46.71146512602871,119
SRR->KTU,21.33613445378151,16.0,28.367825326317842,119
BVP->BVC,6.319327731092437,0.0,22.98744416795249,119
SLGR->MXN,39.865546218487395,21.0,63.84753082702252,119
MAUR->BTI,80.6218487394958,2.0,161.04215637141905,119
CRLM->HSRA,32.00840336134454,30.0,19.002451134631464,119
BHC->CTC,92.83193277310924,20.0,148.61794490547788,119
DGLE->NFK,6.722689075630252,0.0,16.453284855556962,119
BKSC->PNW,7.100840336134453,0.0,45.569725855463396,119
NAC->SBR,6.966386554621849,6.0,8.367545023106599,119
BLZ->MSZ,95.84873949579831,28.0,162.02922098123997,119
PER->GDR,79.91596638655462,13.0,155.38937314143143,119
NHH->SLN,71.36440677966101,8.0,196.32084611607232,118
GDA->DRL,51.55084745762712,4.0,123.9149554971347,118
SDAH->NH,3.211864406779661,2.0,10.217173154229528,118
BSL->AK,36.95762711864407,13.0,81.21759251844547,118
BTI->GDB,25.033898305084747,18.0,27.626610546977282,118
RPR->DURE,56.389830508474574,44.5,65.27300117217155,118
BWM->GOH,101.11864406779661,35.0,163.04365570767175,118
SIR->UMB,13.398305084745763,3.0,29.575093422487488,118
BZA->MDR,33.17796610169491,14.5,55.310101912812264,118
MCS->BBS,47.652542372881356,31.0,44.58246505143354,118
KIUL->MNP,35.432203389830505,25.0,39.39314852431999,118
SBO->BGP,19.389830508474578,5.0,44.37236259614975,118
KRR->TPJ,5.711864406779661,2.0,14.434705148827739,118
BD->DMN,31.084745762711865,2.0,77.4099505818219,118
KNT->MB,10.584745762711865,4.0,19.24308123913206,118
MEP->NAD,88.83898305084746,5.5,172.45982910627978,118
AKD->KSH,13.254237288135593,1.0,32.573437461308515,118
CPH->BSP,102.33898305084746,68.0,126.05460900038133,118
DMN->BD,96.22033898305085,2.0,223.86240949790763,118
GRMR->PQN,31.559322033898304,20.0,33.20193135482151,118
NYY->PASA,23.983050847457626,20.5,27.357707409710724,118
JAJ->STL,12.915254237288135,0.0,27.109015837510604,118
SWA->KLD,26.3135593220339,15.5,36.07274207149049,118
GOH->SGZ,101.3135593220339,33.5,162.77611382932324,118
KSH->BCH,14.423728813559322,3.5,32.70390519551052,118
MNP->JMU,36.3728813559322,26.0,39.749170095119716,118
MDR->BZA,59.440677966101696,19.0,97.65783125983309,118
KNW->KKN,49.940677966101696,12.0,100.69597912281426,118
PQN->UCR,32.74576271186441,22.5,34.13201781336094,118
PPTA->HJP,113.73728813559322,4.0,274.1118814553213,118
LSX->BLGR,59.90677966101695,17.0,91.59591556677154,118
BJP->BSRX,14.533898305084746,13.0,11.210253398319196,118
PCOI->SRJ,49.559322033898304,32.0,55.10356098950835,118
MOT->ABS,20.949152542372882,11.0,27.98774074044402,118
VMA->MEP,74.39830508474576,17.0,144.78112805140645,118
JJG->MBB,1.2457627118644068,0.0,3.066043528323117,118
NIIJ->TPND,14.457627118644067,10.0,15.581406883691717,118
DDU->SSM,51.12820512820513,6.0,74.85325165829224,117
SWA->GKP,30.367521367521366,6.0,49.315416609364085,117
BOR->VGN,12.145299145299145,8.0,13.25171749263348,117
SBR->NAC,29.444444444444443,13.0,53.60832482386905,117
ST->KSB,6.572649572649572,4.0,8.891410267214933,117
KKP->FDK,62.9059829059829,8.0,131.98543433913215,117
PNVL->RN,98.75213675213675,69.0,110.48029204677074,117
DG->MPA,7.367521367521367,4.0,11.353716003110211,117
MB->HPU,37.401709401709404,11.0,77.45232792176768,117
DSS->BCA,25.39316239316239,9.0,41.411925082649645,117
NUR->SZM,26.581196581196583,15.0,51.29348270025509,117
BLGR->LSX,22.213675213675213,16.0,28.821037891954322,117
SAH->KLV,11.623931623931623,9.0,10.118885123036799,117
CHE->NWP,60.60683760683761,18.0,97.08323457529994,117
BKP->PNC,23.333333333333332,23.0,24.78354570942251,117
ANND->ADI,34.256410256410255,0.0,88.20432332102489,117
RDL->AYC,21.504273504273506,0.0,57.72073432688548,117
DXG->AN,29.88888888888889,2.0,111.15768372605196,117
MMR->RGO,15.632478632478632,7.0,29.184785328411913,117
KKDI->PDKT,22.615384615384617,18.0,18.529029485836613,117
MAP->SA,9.666666666666666,3.0,17.799166970046272,117
VGN->DRD,14.435897435897436,12.0,14.607145520780298,117
MXN->SLGR,36.333333333333336,0.0,87.75229636449053,117
HJP->PPTA,41.64102564102564,0.0,117.66825528742773,117
LC->BNZ,13.273504273504274,2.0,39.22737079528472,117
TNGL->BAY,14.008547008547009,0.0,44.05726988553838,117
PDKT->KKDI,24.88034188034188,0.0,98.65738016971194,117
KLV->PLG,13.76923076923077,11.0,13.622613435643547,117
SUR->AKOR,17.11965811965812,15.0,24.77907988368636,117
ATH->BAZ,12.47008547008547,6.0,21.021570469225935,117
MPA->TPJ,3.6666666666666665,0.0,7.547550413304921,117
AML->NVS,11.649572649572649,12.0,7.57982376207212,117
BRC->MYG,13.948275862068966,6.0,50.314289581906394,116
MFP->BNR,41.31896551724138,30.0,46.71478662431545,116
BBS->MCS,15.008620689655173,13.0,12.678976566608663,116
BHUJ->AJE,4.594827586206897,2.0,7.914739632374263,116
WPR->MBNR,21.267241379310345,18.5,25.714944989287826,116
DLD->MDS,27.112068965517242,29.0,17.975234920989703,116
PND->USL,35.8448275862069,0.0,90.30341160181344,116
GD->BLP,40.3448275862069,20.0,71.51285727491377,116
JAO->RTM,6.275862068965517,0.0,16.811789965945636,116
JBP->ADTL,15.508620689655173,2.0,31.110321421523835,116
HAN->GGC,64.52586206896552,13.0,117.39094559609792,116
KYJ->ALLP,24.336206896551722,14.5,25.17001112971278,116
FL->NRI,35.525862068965516,20.0,54.26945032318654,116
PQN->GRMR,36.543103448275865,22.0,43.334370782952675,116
PRF->BOY,26.905172413793103,0.0,69.33735782682233,116
UMB->SIR,31.93103448275862,12.0,58.270840517129265,116
UCR->PQN,36.80172413793103,23.0,43.03450987846569,116
AUBR->PES,37.62068965517241,11.0,75.13797802795159,116
RGS->SMPR,12.336206896551724,7.0,22.483595552435936,116
RGD->NLD,7.7155172413793105,5.0,9.011882044889653,116
LKO->SAN,63.62931034482759,24.5,94.36879828605969,116
MBI->RJA,14.689655172413794,3.0,35.77986166476368,116
GOY->PRYJ,283.94827586206895,299.5,201.4250899629108,116
BNZ->LC,37.577586206896555,3.0,81.7226647144841,116
DURE->RPR,20.517241379310345,10.0,30.996628921509362,116
MB->KNT,39.26724137931034,19.5,52.62010820120428,116
HRT->BKP,21.50862068965517,17.5,18.63260148452061,116
JID->CPK,43.66379310344828,13.5,86.64941295021966,116
AMLA->MTY,64.9396551724138,16.0,129.70563923197676,116
HW->RWL,18.301724137931036,0.0,38.73571991071676,116
AYC->RDL,38.327586206896555,28.0,43.18549995423061,116
NMM->RPAN,44.310344827586206,10.0,104.5129002890867,116
STD->HSR,20.878260869565217,11.0,28.665691892674356,115
JSG->BEH,23.295652173913044,15.0,26.2962120923199,115
SV->ZRDE,15.321739130434782,8.0,21.650958337886433,115
MAJN->BNTL,8.721739130434782,5.0,15.65110153966916,115
SBT->ADI,6.756521739130434,2.0,11.83556290165722,115
KOU->RU,13.069565217391304,4.0,23.207198572830364,115
MHRG->LHU,15.060869565217391,3.0,69.37228413606377,115
SSM->DDU,22.191304347826087,8.0,40.004582117415204,115
JMU->MNP,19.36521739130435,8.0,32.07347114809082,115
AKN->BGP,15.42608695652174,5.0,25.719151465350397,115
MW->ZRDE,23.321739130434782,12.0,38.80123615006944,115
GTNR->BBK,11.921739130434782,2.0,31.030869696833772,115
NRLR->RPRD,25.408695652173915,18.0,21.204474723127493,115
BLP->GD,21.791304347826088,10.0,41.170909430949806,115
PMR->TLH,74.89565217391305,48.0,91.12295278792406,115
NKM->RNC,21.62608695652174,0.0,42.04372428909736,115
HAS->CNPA,17.139130434782608,9.0,18.13056300909316,115
NMH->JWO,15.02608695652174,13.0,17.064100445891075,115
KBL->MRB,45.573913043478264,32.0,67.21294529519989,115
KGI->RMGM,18.530434782608694,16.0,25.401105701562233,115
TBN->HD,123.96521739130435,84.0,123.29645705946803,115
KKN->KNW,51.6695652173913,3.0,93.74627213539208,115
TCR->ERN,18.695652173913043,5.0,35.0381180683651,115
KJN->BLU,5.565217391304348,3.0,6.887734375013855,115
BNU->DMO,65.92173913043479,31.0,83.80785750396578,115
BRRG->PFR,55.495652173913044,29.0,80.63512946438173,115
MDU->SDN,9.860869565217392,7.0,11.038121309545437,115
SLN->NHH,14.42608695652174,0.0,28.18705092443929,115
BAY->TNGL,23.043478260869566,5.0,57.78884602272034,115
DDA->SV,13.878260869565217,7.0,21.56432557025077,115
DDA->CW,25.52173913043478,15.0,29.866764908032817,115
MNP->KIUL,22.530434782608694,10.0,35.986674370736814,115
TIS->NKM,21.63478260869565,0.0,40.961327596953666,115
NVS->AML,4.939130434782609,3.0,5.946083712657034,115
SAN->LKO,72.84347826086956,40.0,102.97441270532259,115
MAQ->MAJN,4.408695652173913,3.0,9.542054334121758,115
RNQ->CPU,32.33913043478261,0.0,50.446756186731555,115
TK->ASK,17.704347826086956,7.0,37.870502781592265,115
ZRDE->SV,27.434782608695652,16.0,39.66330453865398,115
AADR->UHL,6.8,4.0,10.378114624434183,115
ZRDE->MW,20.53913043478261,16.0,22.038756514624577,115
ADI->SBT,7.543859649122807,4.0,13.536015773645323,114
JP->KKU,7.43859649122807,5.0,14.728237335264572,114
SRR->OTP,15.93859649122807,14.0,13.554403710958058,114
MSK->MNE,21.87719298245614,16.5,30.711371262030724,114
SCM->MIPM,0.0,0.0,0.0,114
JRC->DZA,60.921052631578945,25.0,82.77051596991774,114
MCSC->KURJ,37.58771929824562,5.5,111.58803908716534,114
RN->PNVL,88.08771929824562,37.0,123.16307352330944,114
PGR->KRR,9.692982456140351,5.5,11.824773150161777,114
KTU->SRR,23.25438596491228,13.0,32.43749916800756,114
PDT->SCM,0.0,0.0,0.0,114
LD->BGM,32.93859649122807,12.0,56.03290516945865,114
KKU->JP,7.201754385964913,3.0,15.830507024321884,114
BAL->TJ,10.75438596491228,8.0,15.948790507313491,114
PFR->BRRG,11.692982456140351,6.0,16.185390108772197,114
STA->PRYJ,14.035087719298245,0.0,107.20990327263031,114
THB->NNR,21.210526315789473,14.0,30.126422026940393,114
DEG->KASR,0.0,0.0,0.0,114
RPH->MLV,11.096491228070175,6.5,17.392384305418158,114
BDM->HLAR,37.026315789473685,42.0,27.34358915216514,114
SBP->HKG,53.74561403508772,12.5,92.82229776779909,114
ORAI->CNB,22.63157894736842,0.0,77.89308115160279,114
SMO->CRR,12.385964912280702,6.0,27.247638128358567,114
NDLS->ALJN,26.13157894736842,20.0,35.611848768438044,114
PNU->SID,10.342105263157896,0.0,30.95724397973244,114
LGO->PFM,34.89473684210526,19.5,45.019832094184245,114
BSP->CPH,28.210526315789473,0.0,77.20785343201135,114
ERS->ERN,13.350877192982455,8.0,17.632924983436823,114
HPU->MB,39.026315789473685,11.5,81.6589562880808,114
BNR->MFP,29.57894736842105,12.0,59.56225191973032,114
KIR->SMO,9.68421052631579,4.0,26.835558166629934,114
BOY->PRF,74.48245614035088,0.0,115.54267743547503,114
BHL->CNA,9.394736842105264,0.0,25.794497053610474,114
KSN->RC,27.666666666666668,13.0,41.547215206863484,114
FDK->KKP,23.0,14.5,38.238191537197444,114
KPD->GYM,15.88495575221239,15.0,18.84511693686447,113
MOTC->HW,44.89380530973451,9.0,91.81759507226604,113
RGDA->SPRD,7.398230088495575,3.0,13.880574699280325,113
RE->MHRG,21.265486725663717,7.0,72.892168119754,113
ANKL->GOK,56.95575221238938,27.0,68.22460142014792,113
BAL->TPJ,6.6371681415929205,3.0,12.136913842623326,113
PES->AUBR,38.176991150442475,36.0,26.14356998537648,113
NBH->JWO,12.486725663716815,9.0,20.329041086692328,113
SHR->KTE,21.283185840707965,17.0,24.342962105000943,113
BOE->HCR,25.761061946902654,18.0,38.526724105363165,113
BER->MJ,16.920353982300885,0.0,63.66894589438521,113
SCM->PDT,32.557522123893804,20.0,36.38458711487043,113
MIPM->SCM,0.0,0.0,0.0,113
RWL->MOTC,45.92920353982301,10.0,92.08698496667617,113
DGLE->NILE,22.168141592920353,0.0,59.864863092824564,113
HW->MOTC,40.49557522123894,12.0,76.45927065786226,113
SVPR->SVKS,15.495575221238939,15.0,8.380593967406092,113
ERN->TCR,21.47787610619469,10.0,40.073614704051835,113
PVP->RGDA,10.88495575221239,0.0,22.28458476342742,113
IPL->ERN,12.610619469026549,9.0,14.599678095961192,113
JTJ->MAP,12.43362831858407,6.0,19.178613510419567,113
MOTC->RWL,39.256637168141594,9.0,77.03533265895659,113
DUD->GUR,33.8141592920354,23.0,49.465996378566956,113
RJPM->SVPR,14.699115044247788,15.0,8.894104142384167,113
DLI->DEE,37.026785714285715,15.0,67.69439273376568,112
AB->JTJ,8.089285714285714,5.0,10.236442205900886,112
JOR->MON,29.580357142857142,25.5,30.893784439404907,112
BAZ->ATH,16.6875,0.0,52.634902825933814,112
MAJN->MAQ,8.535714285714286,0.0,14.824455428934952,112
BWL->RE,7.580357142857143,0.0,45.03484904715601,112
TPT->SA,14.866071428571429,13.0,15.202237587622674,112
ALLP->KYJ,57.1875,22.0,131.88266223844244,112
BEH->JSG,35.455357142857146,8.0,56.43059811374414,112
DHN->PNME,14.258928571428571,13.0,8.564272672519621,112
SA->TPT,16.642857142857142,8.0,27.997058128225962,112
SALE->KWAE,16.642857142857142,0.0,53.082267808818756,112
MON->MBNL,28.5625,27.0,31.291072108409676,112
MKSR->JOR,26.276785714285715,19.5,31.285436793195892,112
JLR->NUD,0.0,0.0,0.0,112
MNAE->BWN,3.875,2.0,10.106750041254429,112
THV->SPRD,14.482142857142858,4.0,20.15122205529358,112
EE->NZD,23.276785714285715,17.0,24.010586937240518,112
SHG->KS,55.0625,18.5,79.7114482209267,112
PPN->PNBE,5.357142857142857,0.0,12.35718935276662,112
PUT->EKM,0.0,0.0,0.0,112
PUNE->KWV,23.053571428571427,9.5,48.94211312949655,112
PRYJ->STA,126.8125,24.5,294.63804428423634,112
SGRA->HMH,51.49107142857143,11.0,125.8358000261097,112
DBD->TPZ,38.669642857142854,0.0,87.47317616057535,112
ATUL->BL,6.348214285714286,3.0,11.867671144926389,112
PUU->AVS,4.482142857142857,0.0,8.912974794709099,112
CKB->SWM,10.089285714285714,2.0,23.431154117306804,112
UHL->AADR,7.455357142857143,2.0,17.34851469243007,112
DADN->INDB,6.348214285714286,7.0,6.366734806618861,112
CLX->VTM,43.607142857142854,32.0,53.40991525568123,112
BMF->PAU,15.3125,9.0,25.86034260832249,112
HNL->BMF,27.508928571428573,19.5,30.585869532480434,112
NILE->DGLE,6.946428571428571,5.0,12.850378958701548,112
BIRD->BSR,25.830357142857142,10.0,43.88167718608865,112
HJI->LMG,46.607142857142854,0.0,92.49079400430605,112
SMR->MKSR,25.392857142857142,20.0,29.78552679033235,112
PAD->ATUL,8.5625,5.0,11.013326284817676,112
GLPT->NBQ,25.473214285714285,6.0,52.30316336210839,112
NUD->VRR,15.035714285714286,14.5,9.670172000136631,112
SM->BKRD,7.196428571428571,1.0,17.300647952097627,112
GOK->ANKL,36.705357142857146,38.0,28.617904807077952,112
MBY->SGRA,53.88392857142857,14.0,126.54890772222629,112
DMO->BNU,39.669642857142854,32.0,41.55586457953175,112
JYP->KRPU,8.216216216216216,6.0,9.972147945339291,111
CD->NGP,81.29729729729729,27.0,155.01334808182835,111
DOS->NBG,23.54054054054054,12.0,32.721909197406895,111
BDWD->MKU,42.270270270270274,25.0,72.95938421116057,111
KURJ->MCSC,117.36036036036036,8.0,186.76289259587415,111
BTW->KWV,22.99099099099099,0.0,77.48319413037495,111
BVI->BSR,11.99099099099099,12.0,7.194057516760868,111
MLV->RPH,7.954954954954955,2.0,11.126861345727438,111
VPT->TMQ,9.585585585585585,4.0,12.94988133920256,111
DQG->NMX,50.027027027027025,22.0,66.59435677148893,111
DZA->JRC,23.027027027027028,10.0,42.300539317313984,111
CLG->PPT,14.432432432432432,7.0,22.28967213822321,111
PNVL->MNI,45.072072072072075,24.0,56.245033996823686,111
CUPJ->VM,13.144144144144144,2.0,46.1684360588973,111
UMD->BTW,28.0,2.0,81.23758646430515,111
UMB->PNP,25.324324324324323,19.0,23.836245190184307,111
KZJ->GNP,59.95495495495496,41.0,75.31236616886034,111
UMB->KUN,23.99099099099099,9.0,48.53705154462282,111
NPD->KRAR,37.945945945945944,35.0,37.11281029456928,111
GRMP->BNDP,13.207207207207206,4.0,37.65636904166582,111
BOY->BSB,38.333333333333336,3.0,71.43354614711153,111
INDB->DADN,91.64864864864865,0.0,226.0383977295832,111
MMR->AWB,97.8018018018018,11.0,184.91815485972162,111
WADI->CT,18.045045045045047,2.0,73.4598699832262,111
BRGA->BLGR,55.62162162162162,49.0,54.171621898966805,111
KMU->ADT,16.51818181818182,11.0,22.603373872618096,110
MZL->AKE,64.63636363636364,33.0,88.67130595867533,110
NGP->CD,149.20909090909092,65.0,204.89254715557593,110
MRR->PKR,17.727272727272727,11.0,35.62493433849647,110
JNH->SAW,75.01818181818182,24.5,109.17177625471173,110
KRR->PGR,15.527272727272727,14.0,12.107855582458496,110
MJF->BMO,46.49090909090909,16.0,76.56187105918589,110
AKE->KMC,63.41818181818182,33.0,90.39326736906192,110
SRJ->MKP,28.863636363636363,5.0,56.68899174284795,110
SNTD->BJE,22.845454545454544,13.5,35.8196774284177,110
AK->BSL,70.63636363636364,10.5,108.2800249499847,110
AI->GIMB,8.654545454545454,8.0,7.784289475316909,110
KTE->SHR,107.44545454545455,43.5,130.32088740775833,110
BMO->MED,45.6,19.0,75.75687815080528,110
CBCC->GNC,2.172727272727273,0.0,14.680611373233397,110
USL->PND,23.181818181818183,17.0,47.28348661801104,110
DG->KQN,16.036363636363635,5.0,68.21255598491378,110
ALLP->ERS,17.172727272727272,13.5,17.919728808415023,110
ERS->ALLP,64.18181818181819,17.5,143.70032412151056,110
SA->KPD,14.063636363636364,2.0,25.870984516762316,110
SAW->JNH,60.39449541284404,33.0,87.18360982014231,109
PAR->NRKR,41.825688073394495,0.0,94.57652633720966,109
GNC->CBCC,1.7798165137614679,0.0,4.32982293317957,109
KPD->RU,39.73394495412844,5.0,92.48279541721327,109
OYR->DGR,25.94495412844037,8.0,64.26908635117309,109
ROU->HTE,79.44036697247707,26.0,103.60505771944372,109
KDNL->TSI,8.495412844036696,4.0,10.348218538053544,109
FGR->FBD,30.788990825688074,16.0,34.935409553042376,109
CPU->RNQ,45.03669724770642,17.0,62.539902315109344,109
WL->NKD,54.39449541284404,46.0,55.32296059882336,109
DDU->GAYA,17.541284403669724,5.0,43.88084288626537,109
MLO->WFD,40.99082568807339,35.0,38.33321145218402,109
CHI->PNVL,95.23853211009174,64.0,136.87808167223048,109
BVI->VR,9.422018348623853,8.0,8.153951073606668,109
BOY->JNH,26.339449541284402,9.0,50.524145343163916,109
SDGH->RJR,16.495412844036696,11.0,29.061436791610912,109
MEJ->CVP,7.376146788990826,4.0,11.565264877293437,109
SV->EKMA,45.79816513761468,6.0,89.443420955136,109
RJPM->SNKL,9.376146788990825,7.0,10.325076442032236,109
RJR->RTGH,14.477064220183486,7.0,29.75909332869262,109
ADT->KMU,14.1651376146789,14.0,12.70353826583868,109
MYR->UDR,40.37614678899082,23.0,44.21743182962895,109
TPJ->KRR,15.119266055045872,10.0,16.037990066784023,109
BNTL->MAJN,4.63302752293578,0.0,10.274618629003106,109
CT->WADI,20.073394495412845,9.0,37.34070027067038,109
UDL->OYR,23.6697247706422,6.0,64.28669222433031,109
NBQ->RNY,65.63302752293578,0.0,141.58080146519512,109
UD->MULK,43.72222222222222,16.0,63.15828407542453,108
KNP->BGM,12.398148148148149,0.0,21.67816413529782,108
POK->JSM,8.962962962962964,0.0,29.94946707463574,108
SOL->BOF,8.157407407407407,6.0,9.776150683556805,108
KTYM->ETM,14.37037037037037,13.5,12.207392116723797,108
KPQ->PAZ,12.61111111111111,7.0,13.317708913942775,108
MBA->KLAR,43.601851851851855,30.0,52.890989960186054,108
AH->AF,28.35185185185185,19.0,42.144237156585916,108
GPH->GP,34.49074074074074,27.5,43.38191521441249,108
BLDA->JER,38.092592592592595,14.5,60.98790090474544,108
KLK->DMP,11.287037037037036,8.0,16.19798702500304,108
KRAR->NPD,18.564814814814813,15.0,18.16912917851521,108
KPD->SA,24.98148148148148,0.0,78.62557447974979,108
BWN->MNAE,5.638888888888889,3.0,7.611425662978847,108
MCDA->AME,60.638888888888886,22.0,91.9199629841939,108
CAN->KPQ,24.064814814814813,18.0,31.163803934473734,108
JP->DKBJ,9.324074074074074,2.0,53.589793403954936,108
RGO->MMR,13.453703703703704,2.0,49.11656633925175,108
SELU->PBN,112.76851851851852,30.5,195.67551847986536,108
MHD->BJD,8.731481481481481,3.0,14.432314780873972,108
KQN->DG,11.49074074074074,4.5,18.24162610105418,108
KGQ->KMQ,13.064814814814815,1.5,17.01910589267094,108
CHE->PDU,12.685185185185185,3.0,24.435934986346947,108
SPRD->THV,10.12037037037037,6.5,16.59958201961814,108
KGLE->BZLE,7.138888888888889,0.0,28.077149498970474,108
JNH->BOY,26.90740740740741,0.0,51.905294246210936,108
PNP->UMB,55.76851851851852,2.0,143.63287875506407,108
MULK->UD,19.953703703703702,12.5,22.55103630636134,108
UDR->MYR,38.833333333333336,28.0,77.95283740706996,108
CVP->MEJ,3.537037037037037,0.0,6.950325650846948,108
SHNR->UR,43.51851851851852,18.5,67.15423473351858,108
SID->PNU,3.0462962962962963,0.0,9.785918033677541,108
LD->KNP,21.175925925925927,18.0,25.234907103411857,108
AJE->AI,5.425925925925926,3.0,8.302914366962723,108
NMX->DQG,28.833333333333332,8.5,52.58433368915794,108
KZJ->RDM,60.47222222222222,37.0,80.47759987100066,108
BMB->GPH,28.166666666666668,20.0,38.095673951667735,108
BJD->MAN,0.0,0.0,0.0,108
RURA->CNB,34.09345794392523,21.0,54.25177724421785,107
STL->JAJ,9.0,0.0,26.43325521255517,107
MBNR->WPR,29.08411214953271,24.0,42.325361836950805,107
MBNL->RNV,25.69158878504673,23.0,32.37731887665542,107
GRL->MFP,25.962616822429908,14.0,37.04737538984804,107
KUN->GRA,40.64485981308411,16.0,69.92060893268804,107
SHDM->UMB,31.61682242990654,2.0,83.18162043677098,107
BWM->SGZ,42.66355140186916,19.0,89.42509714050813,107
RNY->NBQ,45.02803738317757,11.0,117.72236750194388,107
MKP->SRJ,23.149532710280372,12.0,37.17064264050169,107
BNR->GRL,36.046728971962615,30.0,35.35464079851311,107
AUBR->RFJ,32.88785046728972,23.0,43.09408905376299,107
NOQ->NBQ,54.654205607476634,0.0,135.77694685838145,107
AYC->LKO,61.89719626168224,0.0,127.22124055623992,107
PNBE->PPN,21.55140186915888,11.0,25.24044136087352,107
HNA->KT,36.504672897196265,38.0,25.728397728116395,107
SZM->NUR,41.504672897196265,25.0,52.86229419699218,107
NMX->JPE,53.91588785046729,23.0,75.3104419700426,107
BKH->SCKR,24.700934579439252,13.0,44.00990775098713,107
GNA->GJUT,72.83177570093459,12.0,134.3087463947821,107
GJUT->GNA,16.411214953271028,7.0,37.92469033742014,107
GNA->BTI,10.074766355140186,0.0,38.29791386371873,107
GRA->PNP,44.57943925233645,20.0,70.86421208480044,107
SADP->RC,18.8411214953271,0.0,28.300659880535985,107
TBT->LAR,93.20560747663552,66.0,102.35074160885304,107
KKDE->SHDM,55.66355140186916,29.0,92.58610922395877,107
TBN->BPF,28.2803738317757,16.0,36.38131243095215,107
BTI->GNA,70.54205607476635,8.0,134.17155171671934,107
MW->BHTR,22.009345794392523,17.0,29.00504033202362,107
CAER->KKN,21.514018691588785,10.0,34.41515804858495,107
NWP->KBM,21.70754716981132,4.0,43.86884499898957,106
OTP->SRR,7.235849056603773,4.0,11.602587467410183,106
KBM->TIU,22.40566037735849,6.0,42.366378921180896,106
BRYA->DMRX,0.0,0.0,0.0,106
BJU->PPTA,19.160377358490567,0.0,41.68159049895902,106
URI->KDG,31.443396226415093,22.5,32.65172063975722,106
KLAR->MBA,55.5,41.5,99.49024838550521,106
BLGR->BRGA,37.594339622641506,12.5,61.296745552060386,106
GRL->BNR,23.858490566037737,13.0,30.89165049136842,106
KMC->SC,24.962264150943398,3.0,54.28722984596477,106
SKT->CPH,135.76415094339623,135.5,109.53769100279877,106
CRR->SMO,10.349056603773585,2.0,22.818556547491145,106
HLAR->MLP,28.59433962264151,23.5,28.365565409283136,106
NDLS->SNP,26.632075471698112,13.0,39.11699800335207,106
NBG->DOS,10.952830188679245,0.0,18.162432224091003,106
UDGR->LTRR,25.452830188679247,2.5,37.81285547975442,106
NNO->SSB,16.40566037735849,10.0,24.681891685581878,106
CPH->SKT,24.71698113207547,3.0,70.08644386510693,106
NNR->THB,25.566037735849058,21.0,29.23729479633994,106
KKB->SRID,45.9811320754717,41.0,50.893723278832624,106
UJP->SPJ,11.68867924528302,0.0,24.784927527122367,106
SMO->KIR,11.028301886792454,0.0,24.766128000488248,106
PIL->PAK,12.820754716981131,0.0,29.225493492859425,106
CTC->BHC,70.01886792452831,0.0,194.19180410992658,106
PND->JTI,85.11320754716981,21.0,138.38168890391304,106
KT->HNA,62.10377358490566,30.0,84.14114323934774,106
HTK->JSP,10.849056603773585,8.0,16.294780030561462,106
TMX->UR,16.90566037735849,11.0,21.647623119007907,106
SWM->DPA,30.349056603773583,0.0,101.14534967563407,106
BGZ->NNO,17.22641509433962,10.0,24.32881224230426,106
MTD->JU,12.283018867924529,0.0,50.61032356893227,106
JMP->SGG,35.443396226415096,0.0,103.15379919958438,106
ASK->TK,37.783018867924525,0.0,85.10777533915801,106
MKU->BDWD,51.679245283018865,11.5,83.93382281749301,106
MNE->MSK,20.839622641509433,12.5,26.712984819212597,106
VSU->GBA,9.367924528301886,7.0,9.120699087343514,106
RDM->KZJ,86.99056603773585,31.5,166.73946002431563,106
EKM->PUT,11.358490566037736,10.0,9.799114322704575,106
MFP->GRL,23.641509433962263,12.0,30.90297833673742,106
DHG->VG,9.679245283018869,3.0,19.588892464772123,106
SLN->JOP,48.86666666666667,30.0,71.38614747471706,105
RPRD->NRLR,26.847619047619048,25.0,25.51725696328669,105
LJN->BNZ,6.866666666666666,2.0,17.163840942441638,105
CTO->TPTY,43.84761904761905,29.0,69.08798472744472,105
SMPR->RGS,25.438095238095237,20.0,27.994135309411003,105
KMC->AKE,28.6,21.0,36.47565046607225,105
JWP->LRJ,9.333333333333334,6.0,11.464549595858417,105
NBQ->NOQ,53.41904761904762,23.0,88.69923043552001,105
NGP->BZU,80.86666666666666,27.0,216.2157072260987,105
CNB->ORAI,33.885714285714286,19.0,49.151906271373534,105
WL->BPQ,93.0952380952381,3.0,203.82277010118776,105
RPAN->NMM,17.447619047619046,8.0,31.780793955923517,105
JTI->PND,98.22857142857143,51.0,124.89243503779694,105
KGA->FTP,32.48571428571429,16.0,77.26205585360302,105
KSB->ST,12.133333333333333,3.0,51.46564699401746,105
MOU->GOL,143.92380952380952,90.0,159.95225821608432,105
BGM->LD,87.6952380952381,4.0,183.1116265166354,105
DMP->KLK,10.428571428571429,0.0,25.214791577280867,105
SPJ->LSI,20.295238095238094,2.0,55.092740658457664,105
SWM->CKB,21.904761904761905,13.0,32.597936405169236,105
VM->CUPJ,26.8,3.0,111.2457777936901,105
PPTA->BJU,39.50476190476191,12.0,50.92209808383855,105
RWL->HW,12.304761904761905,10.0,13.672068529504156,105
MHJ->LKS,39.05714285714286,13.0,112.5652655617576,105
RJP->RU,14.40952380952381,0.0,44.947126039315776,105
BV->MUR,17.238095238095237,15.0,16.19088288651019,105
CBM->MRK,39.19230769230769,30.0,45.90980539619022,104
BHS->SCI,25.721153846153847,7.0,43.922804464808166,104
KT->KAWR,67.1923076923077,39.5,87.91799764090376,104
GOL->MOU,131.26923076923077,94.0,114.87073619662232,104
BKP->HRT,46.28846153846154,32.5,60.788296183969194,104
NUD->JLR,7.9326923076923075,4.5,12.157753068367386,104
BL->DGI,8.48076923076923,5.0,11.231872790983278,104
ARJ->SRNT,14.798076923076923,4.5,42.794922983446,104
NLD->RGD,35.38461538461539,6.5,62.3764499517927,104
KKN->CAER,129.27884615384616,88.5,122.33246572161252,104
NH->KOAA,15.01923076923077,0.0,47.20230798397669,104
NGP->SNI,21.096153846153847,7.5,56.42376405480251,104
SRNT->BCY,12.75,0.0,42.78161977171109,104
ADR->HSR,4.115384615384615,0.0,6.323492479017288,104
KRR->NMKL,13.740384615384615,6.0,30.489850353977076,104
SC->KMC,42.75,0.0,70.64566992825286,104
MZM->NBD,24.298076923076923,2.0,62.36486436243954,104
TJ->TPJ,15.826923076923077,2.0,91.23323809955419,104
MUR->BV,41.5,25.0,49.32869741184653,104
VRR->NUD,0.0,0.0,0.0,104
JSG->RIG,127.52884615384616,102.0,131.57942388872482,104
SCM->VZM,13.548076923076923,10.0,17.258109003102206,104
BQA->ADRA,42.95192307692308,14.5,76.80910390616343,104
MMA->AMH,10.942307692307692,4.0,13.538744777741893,104
RIG->JSG,56.52884615384615,40.5,67.89740357515849,104
DPA->SWM,8.586538461538462,3.0,20.71939693284151,104
TPTY->CTO,132.33653846153845,30.5,219.29944109726162,104
DHG->HVD,10.403846153846153,0.0,24.887911531570627,104
PKR->MRR,8.553398058252426,0.0,21.173294387098608,103
BMCK->THV,30.611650485436893,15.0,34.84228696533397,103
SKB->TDL,59.310679611650485,21.0,106.38378812123489,103
LAR->TBT,24.12621359223301,20.0,24.941767320925475,103
AMH->MMA,45.932038834951456,0.0,89.74312602830265,103
JPE->NMX,26.990291262135923,4.0,49.70747668258396,103
KJT->PUNE,29.009708737864077,18.0,52.313064979614715,103
BMH->RGM,24.95145631067961,18.0,25.563983027895386,103
KMU->MV,14.407766990291263,3.0,28.336021865478234,103
DLR->JKN,25.631067961165048,21.0,29.440531715167896,103
DRD->BVI,17.203883495145632,12.0,38.27464199786491,103
JM->SEG,49.310679611650485,26.0,83.9076323535628,103
MKSR->SMR,20.058252427184467,17.0,21.797564732983293,103
JOR->MKSR,21.271844660194176,20.0,22.036153081749532,103
DD->JEUR,25.74757281553398,20.0,31.533585720065908,103
KAWR->KT,150.88349514563106,93.0,165.29666147126667,103
RE->BWL,13.048543689320388,5.0,26.245962767325874,103
BGKT->LUNI,17.184466019417474,9.0,22.335124704048614,103
LKE->KPZ,27.368932038834952,13.0,69.18772279894156,103
LKO->AYC,32.77669902912621,5.0,51.29479047791534,103
KOAA->NH,7.165048543689321,4.0,31.210574215957276,103
VTN->SAH,12.37864077669903,11.0,8.051447933177853,103
MON->JOR,20.689320388349515,19.0,21.265376962958758,103
SHG->KRND,46.85436893203884,0.0,90.13969635058841,103
BPQ->WL,97.47572815533981,9.0,188.6338836268836,103
AKOR->DUD,21.466019417475728,17.0,28.43941463159631,103
MTC->HPU,19.97087378640777,10.0,40.569102584641065,103
VR->VTN,11.932038834951456,11.0,8.045534793668107,103
BONA->ANGL,12.563106796116505,0.0,22.049707615736384,103
BNZ->LJN,11.271844660194175,0.0,40.34731426170144,103
LTRR->UDGR,22.184466019417474,14.0,30.850286035733593,103
MBNL->MON,17.12621359223301,13.0,19.48185662310815,103
NBQ->GLPT,53.43689320388349,0.0,96.14059046704064,103
KJN->GHJ,12.83495145631068,6.0,24.723211720804766,103
VTM->CLX,63.84466019417476,53.0,53.02917385770268,103
LJR->AMB,31.145631067961165,20.0,32.35326081907758,103
MNGD->BMCK,32.41747572815534,19.0,35.700421338713355,103
JKN->SDT,25.611650485436893,22.0,29.58710404349441,103
NDAE->BDC,10.893203883495145,0.0,36.79698213898058,103
SDT->ARJ,26.019417475728154,23.0,27.758757876984063,103
SMR->BLT,8.813725490196079,0.0,26.868115887234055,102
SMNE->RSYI,0.0,0.0,0.0,102
JITE->HMRR,0.0,0.0,0.0,102
BWN->SDAH,11.813725490196079,0.0,69.48690743438787,102
DVG->RRB,15.784313725490197,4.0,35.41511325061755,102
SGR->CHI,104.55882352941177,91.5,67.95070629309843,102
PNVL->SMNE,25.647058823529413,21.5,21.42573961375676,102
RJR->SDGH,21.274509803921568,13.0,44.95567825295345,102
SVKS->SVPR,6.803921568627451,3.0,9.759523620583042,102
PHN->ORAI,66.26470588235294,35.0,90.3582448111858,102
NZD->EE,19.715686274509803,16.0,16.608704297303127,102
BLDI->PTN,15.450980392156863,6.5,30.102671652421034,102
NWU->VYA,18.764705882352942,0.0,51.28220822669114,102
RSYI->APTA,26.784313725490197,22.0,22.54440171160603,102
KOTA->DKNT,71.52941176470588,26.5,134.10042829520526,102
CLG->EKC,15.049019607843137,10.0,18.643809500546848,102
HPU->MTC,23.19607843137255,0.0,56.9126548449353,102
SVPR->RJPM,7.137254901960785,3.0,9.902534144795316,102
BNDP->GRMP,55.15686274509804,3.0,428.56573476170763,102
NDB->NWU,21.41176470588235,0.0,53.858515224628256,102
HMRR->PEN,23.45098039215686,17.0,22.90212816043172,102
BIDR->BHLK,41.76470588235294,41.0,41.905876728307256,102
VMA->NAD,23.431372549019606,0.0,80.31725580643099,102
PTN->MSH,12.049019607843137,4.0,27.904851578239434,102
MUR->AY,38.18627450980392,5.5,103.11463681067382,102
EKC->GGA,15.617647058823529,10.0,18.8022771517713,102
CNPA->HAS,5.970588235294118,0.0,9.148343876907843,102
TMQ->VPT,8.029411764705882,2.5,11.825007803445349,102
DKNT->KOTA,17.284313725490197,12.0,23.658618864043333,102
RTGH->RJR,17.61764705882353,9.5,42.88969137324283,102
TIS->MURI,22.107843137254903,11.0,33.835334176955314,102
BNXR->SDAH,14.588235294117647,0.0,47.251246081568254,102
HZD->PSB,19.215686274509803,17.0,13.70309457785039,102
SKS->DGG,36.40594059405941,7.0,76.45262300507706,101
NK->JL,36.277227722772274,23.0,56.357806701801515,101
BMO->MJF,12.207920792079207,2.0,20.02314502353872,101
KFA->SBV,13.316831683168317,6.0,27.409826957888406,101
SVGA->MNM,32.148514851485146,7.0,107.16019654131046,101
CKU->JGM,78.61386138613861,4.0,116.83552287699402,101
JU->MTD,19.128712871287128,12.0,25.074554180019486,101
BCY->SRNT,17.92079207920792,4.0,48.350115443154195,101
LMG->HJI,42.81188118811881,23.0,71.42908551441593,101
KIR->LAV,18.207920792079207,4.0,29.701958464614137,101
NAD->SGZ,19.524752475247524,4.0,63.39883185980731,101
JER->BLDA,22.019801980198018,8.0,34.44850655631381,101
ATL->BKP,71.00990099009901,30.0,89.56779499904027,101
MNM->SVGA,27.257425742574256,27.0,43.1714381195129,101
JKN->DLR,64.31683168316832,17.0,78.30260924044221,101
MCA->PKU,27.0,11.0,48.889467168297095,101
JL->NK,52.663366336633665,18.0,77.08790790100906,101
SDT->JKN,63.504950495049506,17.0,78.32798015554546,101
GB->CC,23.722772277227723,18.0,28.579404756530952,101
SDAH->BNXR,0.0,0.0,0.0,101
AGN->SKS,39.97029702970297,9.0,83.82761543137734,101
ROK->KLNK,22.316831683168317,9.0,40.178086239409,101
KLNK->BNW,20.415841584158414,8.0,41.83545561523927,101
PMK->MNM,17.04950495049505,15.0,16.56343939984915,101
RMD->PMK,15.564356435643564,14.0,16.558632698133113,101
ARJ->SDT,62.9009900990099,14.0,77.83797337424643,101
ORAI->PHN,71.8019801980198,31.0,149.32032814067745,101
UR->TMX,47.495049504950494,35.0,37.7358248253238,101
SRNT->ARJ,24.376237623762375,10.0,49.58847678345212,101
GBA->VSU,26.97029702970297,14.0,39.32313706853627,101
RKMP->MDDP,45.65346534653465,21.0,60.73605776531176,101
SCKR->BKH,58.23,0.0,112.9964560988932,100
TIU->KBM,28.22,15.5,40.500051128537365,100
GP->GPH,64.64,51.0,77.62933424520357,100
DGG->SKS,73.95,24.0,93.59717847340175,100
SCH->MRL,4.38,3.0,6.687512862255165,100
LNL->TGN,45.87,21.0,90.10629581474618,100
DNKL->NQR,34.04,35.5,22.909095719095212,100
GPH->BMB,67.19,54.0,78.47906431242369,100
BCY->ARJ,68.31,19.5,80.39092553945943,100
PBN->J,41.6,27.0,58.58844647715162,100
PAU->BMF,26.51,14.5,45.363959129233734,100
KEM->JEUR,60.17,16.0,78.54613969257854,100
PLSN->SIKR,6.78,4.0,7.657543979500203,100
DKD->MRK,26.37,27.0,21.6816521603876,100
MAS->PER,1.57,0.0,1.9962338277239702,100
DIVA->DTVL,15.28,12.0,16.74712699618244,100
DKBJ->COM,5.66,2.5,8.094417580011298,100
DHN->BRR,35.68,0.0,86.71710420451181,100
SKS->AGN,74.44,23.0,95.81372078626887,100
TPND->NVRD,7.91,0.0,12.390200591881905,100
MV->KMU,25.82,3.0,95.81277829626114,100
PSB->HZD,41.13,4.0,77.23408665488407,100
NVRD->KLMG,18.44,15.0,16.177250518658425,100
BNP->KBL,20.68,19.0,13.069263811158475,100
VYA->NWU,13.48,6.0,40.2086678428541,100
BQA->VSU,23.29,11.0,47.66747085568708,100
KGG->SKJ,27.46,14.0,39.175703664079315,100
DTVL->NIIJ,17.6,14.5,14.574781042068604,100
SKJ->KGG,16.26,4.0,32.366468494852555,100
TCR->ERS,84.05,13.5,170.07214007086176,100
NN->JM,50.15,26.5,84.70535682439142,100
TAN->UJN,5.24,0.0,16.979559904351305,100
UVD->VAPI,8.99,8.0,7.525706785828334,100
NMKL->KRR,8.82,3.0,18.50873667577918,100
BMF->HNL,19.88,0.0,45.94579151103783,100
BMD->EE,36.69,35.5,25.51002773717651,100
KEM->KWV,34.2,23.0,38.06639600816585,100
KUDL->RN,67.69,60.0,50.255246472182364,100
CHI->SGR,119.75,108.0,80.59355251551274,100
BOR->PLG,7.29,4.5,8.501093215497985,100
PPT->CLG,20.41,7.0,49.112341842067764,100
KBM->NWP,26.97,13.5,40.74246661480606,100
BOR->DRD,14.53,14.0,8.030818165295512,100
ADTL->JBP,54.82,8.5,103.27470281934605,100
HSDA->MDLE,19.38,4.0,30.730756481730058,100
RGS->PLSN,8.45,6.0,9.05803399187593,100
NWU->NDB,8.97,0.0,38.78572449036404,100
SLI->KOV,5.282828282828283,0.0,14.864037139433458,99
MLDT->EKI,52.83838383838384,2.0,434.4681174059372,99
MBB->JJG,3.888888888888889,0.0,9.489939774102876,99
MDJ->URD,30.050505050505052,15.0,38.619381233846546,99
KOJ->FKM,42.91919191919192,27.0,49.46895063462902,99
RSR->BUI,53.90909090909091,8.0,104.05150715391804,99
SHRN->UJN,51.898989898989896,7.0,92.22593098423057,99
PDU->CHE,18.12121212121212,12.0,23.396438211077122,99
NQR->DNKL,18.383838383838384,13.0,19.429467978634857,99
PAR->MTY,40.505050505050505,36.0,27.849952822065983,99
STR->KRG,38.13131313131313,9.0,83.91548791208567,99
DKBJ->JP,4.161616161616162,0.0,6.567867157153977,99
BVQ->SLI,43.75757575757576,21.0,83.54188622030719,99
AF->AH,44.676767676767675,7.0,98.62770942791127,99
FBD->FGR,8.0,3.0,10.800604669391884,99
HDN->MDJ,28.232323232323232,13.0,37.445696268560845,99
KOV->BVQ,52.13131313131313,30.0,88.76920849500416,99
BNG->FTD,9.252525252525253,8.0,9.90294064174615,99
SHR->KTES,23.01010101010101,17.0,24.64420077061429,99
RNV->MBNL,14.505050505050505,7.0,18.238988144023544,99
AMH->SMZ,7.191919191919192,0.0,13.56968166777806,99
GHJ->KJN,5.393939393939394,4.0,5.895031082672693,99
JPL->HDN,27.80808080808081,17.0,35.77785108012737,99
SRE->MB,38.878787878787875,5.0,117.18250833524709,99
BHT->ADR,6.151515151515151,4.0,7.670994449493225,99
SMZ->KRND,6.525252525252525,0.0,12.75782547713238,99
KTES->SHR,24.92929292929293,19.0,37.36069432046459,99
DUD->AKOR,16.232323232323232,14.0,19.463114398742462,99
ADB->KNVT,32.5,16.0,42.9805158446015,98
AIT->MOTH,46.09183673469388,21.0,63.36314690955894,98
MAN->BJD,5.163265306122449,1.0,10.651648028483734,98
SL->MAJN,61.86734693877551,20.5,88.25299127608857,98
MDS->NMH,32.55102040816327,0.0,107.7604370957716,98
ANND->VDA,9.010204081632653,3.0,14.44255945700974,98
TDL->SKB,14.857142857142858,7.0,24.927937376679804,98
STA->JBP,117.72448979591837,46.5,143.09212522456787,98
BLT->SMR,22.112244897959183,24.0,13.65320297986922,98
NMH->MDS,14.081632653061224,1.0,59.3246655938525,98
NLR->RU,108.25510204081633,1.0,179.57287876551345,98
PM->GGN,23.06122448979592,13.0,30.265088705659792,98
FAN->KIN,6.510204081632653,5.0,8.321187586187401,98
MNI->VEER,61.47959183673469,33.0,76.51241117458795,98
BVH->FDB,45.66326530612245,18.0,63.38475927867427,98
KSV->FDB,53.33673469387755,0.0,108.93324768445822,98
JOP->SLN,43.234693877551024,33.0,52.68498113821611,98
FDB->KSV,44.58163265306123,9.5,97.56519612143552,98
MDLE->BHLE,18.0,4.5,28.856559582317413,98
SRC->ULB,73.93877551020408,27.5,91.31861254105492,98
SGZ->BWM,17.3265306122449,5.0,57.21847720999758,98
SGZ->NAD,26.346938775510203,0.0,72.40423494489102,98
JU->PPR,33.89795918367347,30.0,25.732762139702828,98
KRR->ED,24.928571428571427,11.0,71.46324121785146,98
UMR->CHD,104.56122448979592,34.5,147.52326857014518,98
MRK->VKN,42.96938775510204,34.0,46.45393552105664,98
DHNE->NDL,28.683673469387756,14.0,50.744883839171806,98
AY->MUR,24.77319587628866,3.0,44.147363349600504,97
UMD->LUR,11.371134020618557,0.0,42.85666993684415,97
UHL->NLDM,5.649484536082475,2.0,10.93164484908512,97
BUI->CPR,56.618556701030926,7.0,132.02252359122357,97
BNW->KLNK,14.237113402061855,8.0,21.103304044171754,97
RU->HX,22.123711340206185,16.0,25.552746807648834,97
BKN->NPS,10.061855670103093,6.0,16.0680936647948,97
VEER->MNI,74.12371134020619,48.0,86.94613487335597,97
BMCK->MNGD,10.22680412371134,0.0,20.81040662877549,97
HX->RU,19.15463917525773,0.0,51.88716528162046,97
MXT->KCG,22.164948453608247,2.0,41.26910679016124,97
MAJN->SL,53.8041237113402,23.0,90.35366151675615,97
JBN->FBG,8.556701030927835,7.0,11.709121330687875,97
PTJ->CBE,16.051546391752577,10.0,19.17972623958511,97
AMB->LJR,19.835051546391753,10.0,26.62379903878732,97
THV->BMCK,8.195876288659793,0.0,18.505989557020076,97
ERS->TCR,46.92783505154639,15.0,130.45754796601778,97
LSI->HYT,21.536082474226806,17.0,18.199165420236366,97
KLNK->ROK,5.185567010309279,2.0,15.832673164026989,97
SBV->KFA,14.8659793814433,8.0,26.625343842059653,97
ADRA->BQA,47.76288659793814,15.0,75.15758073262309,97
PMP->KSWD,0.0,0.0,0.0,96
KAWR->ANKL,69.9375,28.0,75.82650730797454,96
LDH->SASN,5.135416666666667,0.0,18.718198176706434,96
HSDA->NNHT,11.4375,0.0,34.97843320495765,96
DEHR->AKRD,0.0,0.0,0.0,96
DWX->MKC,9.239583333333334,2.5,51.595949410918244,96
GHH->PTRD,29.28125,19.0,33.15091588002074,96
GRWD->BGWI,0.0,0.0,0.0,96
TCR->OTP,21.989583333333332,13.0,54.50475494306446,96
BGWI->DEHR,14.8125,9.5,13.222240036353426,96
MS->MBM,0.0,0.0,0.0,96
CHZ->MLY,40.854166666666664,0.0,70.7426736644367,96
MBM->TBM,11.1875,6.0,15.876041200832349,96
KSWD->DAPD,2.3020833333333335,0.0,5.949117213001866,96
DAPD->KK,15.770833333333334,11.0,15.363304994397437,96
RN->KUDL,122.08333333333333,123.0,70.97911726500476,96
AKRD->CCH,15.291666666666666,11.0,13.552950089938017,96
TGN->GRWD,0.0,0.0,0.0,96
MCI->SKZR,74.13541666666667,43.5,137.69245821120933,96
ANKL->KAWR,31.302083333333332,22.0,33.04673557942054,96
PLG->DRD,13.53125,12.0,8.513707986782874,96
LUNI->BGKT,20.905263157894737,14.0,27.093641274963293,95
CPR->BUI,73.02105263157895,7.0,294.4752989296917,95
DLI->DKZ,52.73684210526316,13.0,119.34013704144363,95
BIRD->KYN,14.91578947368421,7.0,55.73582505757694,95
HSK->NPD,43.01052631578948,41.0,38.06447350663169,95
SHU->AJJ,18.778947368421054,16.0,15.46181222166572,95
PLP->JNH,35.757894736842104,0.0,64.83969033184249,95
LDH->SIR,9.221052631578948,0.0,28.39657566535931,95
WFD->BWT,45.92631578947368,15.0,103.53694397748608,95
UDGR->KMNR,35.61052631578947,30.0,31.97748367970817,95
NAD->VMA,15.442105263157895,3.0,58.75801725097094,95
SEGM->HGT,124.53684210526316,34.0,234.77113393760135,95
PGT->SRR,7.610526315789474,3.0,19.670311756900592,95
CLDY->ADI,8.326315789473684,5.0,12.045518373151882,95
VG->ABD,11.652631578947368,9.0,17.9299870186925,95
KIT->CAP,40.294736842105266,29.0,45.121555372554724,95
BDL->PRYJ,27.45263157894737,19.0,47.73280428283307,95
GOTN->RKB,34.66315789473684,28.0,41.549665366273075,95
UJN->SHRN,5.326315789473684,0.0,21.19335609725778,95
KOV->SLI,94.2,23.0,181.9154351117983,95
MB->SRE,49.642105263157895,0.0,112.03864414903795,95
FTD->BNG,18.642105263157895,10.0,36.310105207800866,95
THVM->PERN,46.8421052631579,31.0,42.599649331658725,95
PTN->BLDI,2.9368421052631577,0.0,12.890546202972716,95
JBP->STA,82.02105263157895,22.0,184.9421404027554,95
MDLE->HSDA,13.51578947368421,0.0,39.675240995365286,95
MSH->PTN,7.652631578947369,2.0,17.453139948586607,95
ANGL->BONA,24.178947368421053,20.0,27.924662685773338,95
CAP->KIT,38.873684210526314,11.0,62.97403080184031,95
KCG->SC,17.24468085106383,4.5,30.91566265194516,94
KCD->DKD,27.893617021276597,25.0,20.898869694756623,94
RPH->MLDT,73.90425531914893,0.0,198.92053144700753,94
DOR->LUNI,30.20212765957447,29.0,17.05372900112297,94
JLD->CLJ,24.585106382978722,15.0,38.56691143344827,94
KP->NGP,30.96808510638298,4.0,55.11716789071943,94
VKN->KCD,26.43617021276596,22.5,21.266136699486665,94
CAG->RTA,7.01063829787234,0.0,18.19931150821759,94
APR->BUH,20.095744680851062,6.5,32.68884560303166,94
LRJ->HW,34.212765957446805,0.0,131.5368113438355,94
RRB->DVG,30.46808510638298,26.0,40.165438020112745,94
KHED->PNVL,72.29787234042553,41.5,74.89402258578653,94
KATL->NGP,39.4468085106383,0.0,100.39477099664262,94
VKN->MRK,32.808510638297875,25.0,53.94048424670197,94
GID->DMT,39.58510638297872,35.5,30.778574301128145,94
MTY->PAR,61.287234042553195,21.5,109.23759468856174,94
SDAH->BWN,10.957446808510639,7.0,13.671975019652441,94
SDGM->ASV,1.0957446808510638,0.0,9.544540914441326,94
LUR->LTRR,14.936170212765957,2.0,43.031323552505256,94
CLJ->JLD,58.765957446808514,45.5,81.82651797368072,94
BHLE->BGP,11.563829787234043,1.0,22.291595653696948,94
JP->BTE,22.648936170212767,21.0,17.527678539530818,94
HGT->SEGM,97.3936170212766,42.5,167.67898272932737,94
HAS->HLN,21.72340425531915,21.5,23.095595751682676,94
MNM->PMK,34.42553191489362,19.0,93.5027444093467,94
PMK->RMD,34.47872340425532,0.0,95.01632329750734,94
HYT->LSI,16.97872340425532,2.5,29.736469308829022,94
BLT->BUT,7.946808510638298,0.0,26.440994166267117,94
KTYM->CNGR,16.404255319148938,0.0,62.32007549461523,94
SMR->DOR,20.77659574468085,18.5,13.359507311209542,94
NDLS->CSB,0.0,0.0,0.0,94
NDL->DHNE,24.4468085106383,3.0,60.01569992107649,94
PRYJ->BDL,32.48936170212766,30.0,28.55997073913859,94
CSB->TKJ,8.787234042553191,0.0,29.426735097590672,94
NLDM->UHL,12.191489361702128,7.5,20.291571742461347,94
MOTH->AIT,33.5531914893617,23.5,35.679462187131364,94
NGP->KP,21.73404255319149,2.0,66.304474545632,94
JNH->PLP,33.38297872340426,13.0,50.06149044365741,94
BHLE->MDLE,14.148936170212766,0.0,39.612086090579666,94
BDVL->UR,29.731182795698924,21.0,39.48558894654293,93
KRPU->JYP,29.161290322580644,0.0,44.79719768083826,93
BGP->BHLE,13.946236559139784,0.0,39.701704484107886,93
BJU->KIUL,45.83870967741935,7.0,101.38511278274116,93
GKP->CPJ,125.15053763440861,48.0,194.13738670896464,93
ABD->VG,11.580645161290322,9.0,10.658047154355247,93
KRPU->DMNJ,9.666666666666666,7.0,9.913027587070914,93
MDJ->HDN,7.440860215053763,6.0,10.671439295769398,93
LKMR->TKRI,21.612903225806452,21.0,14.105219707661503,93
BSRX->BJP,8.666666666666666,0.0,17.190956503558684,93
HDN->JPL,7.924731182795699,7.0,11.018005578952183,93
ADVI->VID,135.8494623655914,101.0,117.85224225759387,93
JU->PMY,27.247311827956988,13.0,48.54573278922682,93
QLM->CLR,56.473118279569896,43.0,46.40806512502866,93
BNY->PPW,31.50537634408602,24.0,43.661649587410025,93
MAO->SVM,18.333333333333332,13.0,24.526974207352115,93
SIKR->PLSN,9.989247311827956,7.0,9.77296028274811,93
VBW->NAN,132.69892473118279,100.0,115.09833082934259,93
COM->DKBJ,13.236559139784946,12.0,11.795723109837922,93
SVM->QLM,21.365591397849464,14.0,25.005123364690757,93
CLR->LD,61.67741935483871,49.0,46.778655781736006,93
PNVL->KHED,102.29032258064517,43.0,143.2504329339509,93
PPW->BNY,37.27956989247312,32.0,37.26064644804275,93
PLSN->RGS,13.10752688172043,11.0,10.67245781316216,93
JPL->NBG,9.946236559139784,7.0,13.684619731812099,93
NAN->VBW,72.86021505376344,49.0,84.19550119627758,93
DDU->CAR,19.096774193548388,8.0,37.90005865434519,93
VID->ADVI,81.83870967741936,58.0,88.66047723988365,93
CBK->BRRG,45.634408602150536,20.0,67.32962151693589,93
KPZ->LKE,38.795698924731184,38.0,30.57654654618433,93
URD->MDJ,6.419354838709677,0.0,12.277872089963452,93
SA->MAP,10.56989247311828,9.0,10.491609328061166,93
WR->AJNI,23.397849462365592,7.0,54.75660368849434,93
DMNJ->LKMR,20.612903225806452,19.0,12.716842869463314,93
DMM->HUP,17.247311827956988,0.0,40.9343737542387,93
NCB->DQG,53.17391304347826,27.0,83.98123923092338,92
NDAE->ABKA,27.42391304347826,3.0,66.30602274795025,92
ABKA->BDC,21.51086956521739,0.0,62.61139428044261,92
GNH->PRLI,36.67391304347826,22.0,71.21012224251938,92
PBN->SELU,5.3478260869565215,0.0,12.81519940857378,92
NMH->PIP,10.423913043478262,1.0,23.61049947838311,92
ADI->CLDY,10.097826086956522,2.5,23.62949348283065,92
VSG->MAO,19.26086956521739,10.5,25.542840361655973,92
RNQ->DXN,49.73913043478261,19.5,64.53500107748283,92
SRR->PGT,6.934782608695652,2.0,11.1914452688189,92
CLDY->VG,9.445652173913043,0.0,25.182570341816678,92
PMY->JU,14.73913043478261,4.0,23.096010580402247,92
BRGA->HKG,30.07608695652174,24.0,30.093346968600475,92
DQN->BLDI,11.206521739130435,4.0,31.28055887596846,92
ASK->HAS,25.184782608695652,24.5,26.836062888970755,92
JTJ->BWT,53.59782608695652,3.5,153.32183057701178,92
DOS->GAYA,53.75,4.5,122.11097681756814,92
SBBJ->KRNT,21.815217391304348,2.0,38.61359134056243,92
RAIR->ANGL,33.369565217391305,0.0,100.53447469404061,92
PBN->GNH,39.56521739130435,19.5,70.53146820848498,92
RDM->BPQ,100.58695652173913,11.0,164.3053410657224,92
BOE->MLDT,17.0,0.0,48.07846151384694,92
FKG->DMV,22.846153846153847,4.0,54.4256726752536,91
SOJN->BVP,18.67032967032967,6.0,31.25595230247439,91
FK->PGI,24.296703296703296,16.0,36.2603225166433,91
LC->ASH,40.714285714285715,0.0,87.87014228258596,91
NGR->UBL,9.615384615384615,0.0,60.37140037224565,91
JBP->SRID,32.40659340659341,23.0,38.17473801757679,91
MHJ->AS,40.395604395604394,40.0,35.989158590046756,91
HWH->DGR,3.4395604395604398,0.0,10.66480066095814,91
CHZ->SC,9.032967032967033,0.0,25.770978746321322,91
JSG->SBP,65.14285714285714,63.0,56.44890933471936,91
DDU->PNBE,10.857142857142858,0.0,22.205390450955036,91
SRO->BRE,20.978021978021978,15.0,21.954487277081007,91
GDG->NGR,23.824175824175825,2.0,69.87871928588423,91
MLDT->RPH,55.45054945054945,2.0,134.8450356467884,91
DGR->HWH,8.373626373626374,0.0,17.22572259516328,91
GOL->CKP,121.67032967032966,15.0,179.9588258429661,91
AJJ->SHU,10.175824175824175,8.0,12.485185360252103,91
CHD->UMR,79.12087912087912,14.0,132.38150551970242,91
MKP->PRYJ,9.692307692307692,0.0,44.491370526002584,91
NBG->JPL,23.054945054945055,10.0,36.06764097185627,91
HLAR->BDM,17.65934065934066,4.0,25.087057212045416,91
CKP->GOL,101.64835164835165,56.0,109.68818164094611,91
ANGL->TLHR,36.97802197802198,10.0,97.94227075419684,91
ASH->LC,15.637362637362637,2.0,44.52178405218344,91
UJN->TAN,13.351648351648352,9.0,17.387334871089756,91
BJE->SNTD,10.967032967032967,6.0,25.81620961482686,91
BAQ->GLG,37.02197802197802,6.0,65.59505029124242,91
CKD->BNW,8.142857142857142,0.0,12.925918345686895,91
SMET->BDVT,4.417582417582418,3.0,4.82830988158137,91
KNVT->ADB,33.38461538461539,0.0,68.94212858635201,91
JBP->PPI,105.02197802197803,30.0,309.57565860462677,91
PTRU->BRKA,42.2967032967033,0.0,62.61815400691091,91
NHLG->BPB,40.1978021978022,0.0,127.63987706566556,91
BDVT->SMET,5.956043956043956,0.0,12.733954686333776,91
GLG->BHS,39.0,6.0,66.3579518805228,91
HRNR->VJPJ,38.333333333333336,5.0,86.35528909717213,90
BHLP->BSB,11.066666666666666,0.0,43.09326181067228,90
SYL->CAG,7.377777777777778,4.0,9.9792794067584,90
CLR->QLM,151.05555555555554,83.0,208.89857552513246,90
KBJ->HSK,34.62222222222222,22.5,37.219536303488404,90
KBL->BNP,36.3,8.5,49.825188792439604,90
ZBD->JLL,76.18888888888888,25.5,97.47450193174339,90
KHGP->MCSC,61.65555555555556,41.5,124.6795588078469,90
KGQ->KQK,17.677777777777777,13.0,21.642565102587206,90
ALJN->NDLS,35.455555555555556,5.5,77.13262489194567,90
PRP->GAYA,11.088888888888889,0.0,25.690309651452534,90
VJPJ->HRNR,23.733333333333334,11.0,39.05449951777989,90
KPD->MCN,21.744444444444444,12.0,30.439315614532944,90
DGA->STLR,41.111111111111114,20.0,40.74432322613856,90
BKO->FTP,21.022222222222222,19.0,16.39126773399759,90
KURJ->MBA,45.644444444444446,19.0,120.44097916893165,90
TCR->PUK,14.488888888888889,12.5,14.257853695770185,90
BRZ->BLZ,116.84444444444445,34.0,180.70883596480644,90
MAQ->MJS,8.3,8.0,4.065337168321323,90
RTM->BMI,72.9888888888889,14.0,149.2700963787083,90
SLN->LBA,28.733333333333334,10.5,54.09122548211776,90
DKZ->DLI,21.5,3.0,72.41690317300609,90
SC->CHZ,11.366666666666667,9.0,16.01996647445608,90
BLD->VAPI,11.733333333333333,10.0,9.017835012607334,90
OKHA->DWK,16.22222222222222,2.0,37.42371349939625,90
SLO->DVD,37.0,0.0,62.17300978774805,90
KNN->GVG,22.31111111111111,11.0,45.0940700763962,90
BWT->JTJ,49.21111111111111,5.0,115.14392502716623,90
PNP->GRA,44.43333333333333,28.0,56.16929666321675,90
SNT->BHP,30.544444444444444,16.0,47.947574626973974,90
JYG->KJI,6.144444444444445,4.0,12.966301276347615,90
BRZ->JHL,37.37777777777778,7.0,85.9284491715562,90
BNN->TAPA,31.966666666666665,24.5,29.384491055771946,90
BSB->BHLP,0.0,0.0,0.0,90
POK->RDRA,20.511111111111113,17.0,14.28383579588114,90
NCJ->ERL,24.044444444444444,21.0,12.469208016722419,90
LD->CLR,135.14444444444445,49.0,194.0053028993246,90
BMI->RTM,13.377777777777778,5.5,27.40318105776944,90
MNTT->PVRD,10.955555555555556,8.0,11.96991651488361,90
JHL->BRZ,116.9888888888889,34.5,180.47225778554508,90
DXN->RNQ,54.111111111111114,54.5,50.790259272362526,90
BUI->STW,20.055555555555557,2.0,54.11231787973146,90
SVM->MAO,156.06666666666666,96.5,209.2962418533419,90
KIUL->BJU,33.86666666666667,0.0,104.32137036392277,90
SV->MW,16.366666666666667,9.0,28.17499489048138,90
JSG->SBPY,23.766666666666666,9.5,43.53019099532975,90
CTKT->DIA,17.244444444444444,12.0,18.357444138710264,90
DVL->IGP,11.033333333333333,8.0,14.57136641160065,90
JLD->BUW,55.28888888888889,42.0,83.84633408995646,90
MJG->MKP,13.9,0.0,36.209145905295955,90
SNI->AJNI,35.12222222222222,34.5,32.706673125164436,90
CNB->PHD,84.21111111111111,51.5,111.93100748654864,90
BTA->SDE,2.2777777777777777,0.0,9.023101160732045,90
MGN->THDR,10.622222222222222,7.0,12.436425095804083,90
MOZ->SKF,45.233333333333334,8.5,90.18857273338676,90
BPQ->RDM,137.7,34.5,232.55084982173034,90
MXH->LNK,23.166666666666668,14.0,29.622436835023272,90
SPJ->KPGM,14.033333333333333,9.5,23.4211322997469,90
ST->KIM,7.633333333333334,6.0,8.16191484472757,90
ALLP->MAKM,20.41111111111111,18.0,12.424056444126508,90
TRTR->PVRD,7.388888888888889,2.0,11.999713895881904,90
TRTR->MNTT,9.366666666666667,5.5,11.08237795437403,90
JSM->POK,15.433333333333334,13.0,11.068783922730166,90
MAO->VSG,118.41111111111111,30.0,202.05021594345428,90
MAKM->SRTL,24.466666666666665,23.0,12.808178566925399,90
KGA->SRO,19.788888888888888,13.5,21.433196159881636,90
BLZ->BRZ,38.9,8.0,85.00549222176863,90
SC->KCG,30.07777777777778,18.0,37.431653905583254,90
DEOS->CC,77.02222222222223,31.5,89.02177208480296,90
DNA->CTKT,0.0,0.0,0.0,90
MOF->SAW,2.3444444444444446,0.0,6.68918481641185,90
LAU->SUJH,12.988888888888889,11.0,16.30502400305883,90
MRDL->TLHD,28.8,25.5,21.32635653706623,90
JJK->PHD,46.71111111111111,28.0,66.64988927466118,90
PHD->JJK,37.91111111111111,20.5,53.47700218595378,90
KZK->TVP,0.0,0.0,0.0,90
KYQ->NBQ,13.78888888888889,3.5,29.442571961283893,90
TAPA->BNN,23.455555555555556,24.0,9.260476740598781,90
SKF->MOZ,120.54444444444445,48.0,137.81514741286412,90
COR->CNA,1.6555555555555554,0.0,5.53875236653326,90
GVG->SIR,22.455555555555556,12.0,44.71687741884918,90
TDO->DZA,28.522222222222222,22.5,37.389906640719865,90
BRE->PRYJ,33.67777777777778,28.5,26.267349655562718,90
CRY->KZK,14.066666666666666,12.0,13.836769123436323,90
GYN->BHLP,0.0,0.0,0.0,90
KTYM->PVRD,17.41111111111111,10.0,18.09332513613508,90
PUK->TCR,30.455555555555556,26.5,20.24188621529769,90
BH->NIU,8.077777777777778,3.5,13.482596170642514,90
IJK->PUK,28.8,25.0,18.069279908300008,90
BOY->MOF,1.9333333333333333,0.0,6.247336511117842,90
TPT->KPN,22.7,13.0,22.32067112679549,90
KPN->TPT,14.88888888888889,11.0,14.83803527716496,90
QLM->SVM,161.45555555555555,104.0,214.49104436982086,90
BGP->SBO,5.544444444444444,0.0,15.738852742272746,90
BRKA->PTRU,18.833333333333332,8.5,25.210239581869924,90
KZK->CRY,0.0,0.0,0.0,90
GMR->BXR,26.011111111111113,0.0,60.54184075412332,90
TCR->PNQ,20.27777777777778,20.0,22.697338248031816,90
TAPA->PUL,33.422222222222224,22.0,31.573697550789234,90
NPD->HSK,26.61111111111111,23.5,20.201621052123095,90
PUL->TAPA,15.188888888888888,15.5,7.2404830126987045,90
BLM->LKO,58.4,21.5,98.40227000213477,90
LS->NK,116.75555555555556,42.0,133.9809906951931,90
KSB->PAO,8.61111111111111,4.0,12.099488748085337,90
BUW->JLD,19.8,10.5,36.15578030465118,90
BUT->BLT,14.188888888888888,14.0,8.179028326735276,90
KWV->JEUR,14.3,10.0,20.865244474155872,90
GRA->KUN,45.91111111111111,31.0,56.41811097460257,90
SPZ->BGZ,10.566666666666666,7.0,10.225601270747585,90
EKMA->DDP,23.477777777777778,13.5,29.436363576777282,90
KLL->SBIB,14.0,7.5,18.50235332739285,90
TLHD->MRDL,21.733333333333334,17.0,19.51133349700785,90
SBC->CRLM,23.488888888888887,20.0,19.941625171532475,90
SASN->LDH,14.055555555555555,5.0,28.234714910768705,90
DIA->LAU,14.466666666666667,12.5,16.17405329532458,90
ROK->SPZ,8.8,5.0,10.14412986837791,90
ROZA->SPN,19.644444444444446,6.5,35.218199812064455,90
WKI->SRR,11.911111111111111,8.0,13.292427889629447,90
DHNE->GTL,21.51685393258427,2.0,56.688966450822804,89
SBP->JSG,17.325842696629213,0.0,46.6597391375484,89
RPRD->KSNG,23.8876404494382,18.0,21.595158444264555,89
KAT->SKF,14.696629213483146,9.0,17.926874502204036,89
JWO->NMH,12.51685393258427,7.0,21.69683280172821,89
NZM->BVH,43.48314606741573,9.0,72.22551682680351,89
TLH->PMR,34.79775280898876,17.0,55.45189966728758,89
NW->WADI,6.696629213483146,3.0,8.33585423225536,89
LBA->SLN,33.07865168539326,15.0,73.63426584989014,89
LKO->BLM,39.07865168539326,2.0,111.9717115978915,89
BWN->KQU,8.325842696629213,0.0,15.399066737437868,89
BRRG->CBK,17.96629213483146,14.0,21.233255134234742,89
MDDP->RKMP,32.48314606741573,16.0,69.81031318045652,89
JUDW->MFB,5.50561797752809,0.0,10.404461013851897,89
MDW->NGO,16.685393258426966,9.0,20.137366615786444,89
MAP->JTJ,4.146067415730337,0.0,8.600410351993455,89
GVG->KNN,61.69662921348315,13.0,128.96964093911103,89
SKF->KAT,36.61797752808989,33.0,28.046027760377285,89
ASKN->GUNA,36.943820224719104,2.0,66.15020091197447,89
BSKH->GRMA,8.258426966292134,0.0,46.425778519415374,89
MFB->RAA,29.415730337078653,9.0,57.09398332191248,89
DQG->JPE,54.28089887640449,26.0,80.00553798502794,89
MIL->RMU,36.03370786516854,16.0,54.81838805592564,89
VAPI->BLD,13.51685393258427,14.0,10.883799845674055,89
CT->NW,35.10112359550562,35.0,26.5967551608617,89
JLL->ZBD,36.89887640449438,15.0,73.59703627676313,89
TKG->AUB,23.426966292134832,18.0,27.355773713509908,89
MRDL->DNKL,28.808988764044944,27.0,19.931631099434966,89
DZA->TDO,34.056179775280896,25.0,38.6153406723292,89
RBG->KUD,34.651685393258425,19.0,43.30811941604535,89
SPZ->ROK,30.247191011235955,15.0,44.963945379218806,89
LPI->SC,37.70786516853933,24.0,58.88088944625085,89
ALJN->ANVT,64.33707865168539,0.0,160.38291848376107,89
KRNR->MYS,4.561797752808989,0.0,8.98224897959072,89
MLDT->BOE,29.314606741573034,7.0,62.30744802728752,89
KUD->MRJ,12.640449438202246,0.0,29.527817081760244,89
GRMA->DGHR,8.96629213483146,0.0,45.31416832369578,89
SDN->MDU,4.775280898876405,0.0,10.465042250043675,89
AVD->PER,18.43820224719101,15.0,25.722273270181702,89
SBIB->KLL,10.573033707865168,10.0,7.3328148515135805,89
HAN->FSP,12.50561797752809,2.0,19.911807595395175,89
SIKR->NWH,15.370786516853933,3.0,63.02675875128392,89
SIR->GVG,60.056179775280896,12.0,127.1388253008356,89
BUH->APR,34.17977528089887,10.0,75.48924694613387,89
FSP->BXN,9.786516853932584,0.0,18.79220819558441,89
HLN->KRNR,21.56179775280899,20.0,23.90889671619968,89
SHSK->HEM,33.93258426966292,16.0,45.893106472048174,89
NBH->NMH,6.730337078651686,3.0,10.243361536473511,89
NEW->VGLJ,49.0,17.0,66.21675838418166,89
SUNR->RJT,31.674157303370787,0.0,86.70217771209919,89
KRAR->BGBR,20.730337078651687,11.0,24.470652202245624,89
BVI->DRD,15.202247191011235,12.0,11.899369516606656,89
NHN->BCN,35.93258426966292,20.0,74.84541610923038,89
GAYA->PRP,36.651685393258425,8.0,77.35163233918377,89
BWT->WFD,28.078651685393258,11.0,113.01862524693371,89
LKS->SOG,18.876404494382022,13.0,25.19506635719811,89
PUNE->SVJR,8.55056179775281,4.0,21.52852823789605,89
PTNR->DEC,22.831460674157302,16.0,22.362832372171066,89
MW->SV,58.17977528089887,22.0,86.54065804813061,89
GZN->GZB,15.707865168539326,9.0,22.494040749815074,89
SGUJ->BORA,22.808988764044944,18.0,26.08546983410077,89
GGN->PM,13.775280898876405,12.0,13.55774921735366,89
BOE->AZR,60.449438202247194,47.0,76.97018478782356,89
LKO->NHN,32.146067415730336,17.0,73.7499692699162,89
BGZ->SPZ,37.438202247191015,18.0,50.01044324033726,89
IGP->DVL,24.741573033707866,27.0,14.17867163438198,89
ERL->NCJ,32.39325842696629,34.0,32.28798607754625,89
SPN->ROZA,48.82022471910113,41.0,34.986218649683664,89
CRY->TVP,0.0,0.0,0.0,89
KATL->NRKR,14.318181818181818,5.5,21.5222661790947,88
RTA->CAG,14.397727272727273,2.5,35.810015863647,88
MBA->KURJ,147.51136363636363,46.5,190.71583207750652,88
PFM->RMC,22.738636363636363,12.0,31.168984848883465,88
GHD->GHQ,44.10227272727273,40.0,34.12789999390133,88
SGD->SOJN,13.568181818181818,0.0,26.776553242580892,88
CKD->PUW,0.0,0.0,0.0,88
SRID->KKB,64.97727272727273,19.5,103.03029096748347,88
JJKR->DNM,54.71590909090909,31.0,68.35672975364116,88
KOTA->ATH,13.590909090909092,6.0,23.618440274563746,88
CPJ->PPC,16.681818181818183,2.0,65.22490629547825,88
SDRA->KSI,7.7272727272727275,4.5,7.518142459391643,88
RMU->MIL,15.113636363636363,7.5,23.83681679462951,88
MKC->DWX,26.568181818181817,4.5,99.48243019998708,88
TUNI->SLO,34.32954545454545,10.0,49.72330834623197,88
NPS->BKN,9.340909090909092,0.0,40.118756574065365,88
DUI->MET,69.0,10.0,159.99568959711127,88
RJA->MBI,10.863636363636363,7.0,14.524004560173813,88
LUNI->DOR,17.431818181818183,9.0,31.44372658391183,88
GTL->DHNE,25.136363636363637,7.0,53.26925356273182,88
JSME->STL,16.829545454545453,7.5,29.200937471531642,88
DOR->SMR,18.204545454545453,15.0,28.76066882141966,88
DNR->PWS,53.625,37.0,62.918723799817336,88
STL->JSME,18.386363636363637,9.0,25.64094777337264,88
STN->ASN,3.5113636363636362,0.0,26.01148920252194,88
ROI->SIP,15.363636363636363,3.0,41.16442550133251,88
JTS->KGBS,5.988636363636363,4.0,6.404908890002822,88
RMC->LGO,24.795454545454547,14.0,31.671503232912592,88
KGBS->RE,4.215909090909091,3.0,5.843650377868871,88
GKP->SWA,24.011363636363637,4.0,70.52797509983071,88
ARJ->BCY,12.159090909090908,0.0,22.28853958574235,88
SSB->NDLS,29.068181818181817,0.0,102.9607441602649,88
MJ->SOS,17.045454545454547,8.5,21.437913075492975,88
JRL->SDRA,8.022727272727273,5.0,7.129310186887427,88
GUNA->ASKN,17.59090909090909,5.5,24.741716999504995,88
MB->LRJ,42.57954545454545,0.0,133.94875685074493,88
MCSC->KHGP,168.1818181818182,81.5,194.06098966973946,88
LMN->RBL,28.011363636363637,22.5,28.334007152845732,88
GDR->MAS,51.59090909090909,0.0,133.87570460774992,88
HW->LRJ,51.70454545454545,10.5,148.76481161384794,88
NLQ->JTS,6.6022727272727275,4.0,6.805237625767061,88
ULB->MCA,83.26136363636364,42.5,93.96214624440395,88
SHC->DMH,13.215909090909092,8.0,20.109727081737965,88
CKI->TCR,24.09090909090909,22.0,18.305602662005604,88
SFC->BLGR,25.28409090909091,20.5,29.220504870915228,88
PGI->VLI,0.0,0.0,0.0,88
SEO->KNT,21.704545454545453,17.0,23.04426479671024,88
PUNE->CCH,30.113636363636363,13.5,87.50769185478099,88
PUW->JRL,7.625,5.0,7.174848310303296,88
VLI->FK,13.784090909090908,10.5,13.124907324149103,88
UCR->LMN,29.227272727272727,22.5,28.468465018726707,88
NK->LS,31.397727272727273,25.5,29.417541007250602,88
PPC->GKP,18.977272727272727,2.0,66.78546494641385,88
LJN->CNB,14.727272727272727,2.0,58.3685727265252,88
GAM->CAP,31.056818181818183,26.5,24.9138091028357,88
SOS->RANI,18.46590909090909,10.0,22.838739454131645,88
KSI->NLQ,0.0,0.0,0.0,88
PRYJ->BRE,37.72727272727273,27.5,55.34068513812374,88
SNF->LPI,9.227272727272727,0.0,14.040767631966558,88
DMH->MRIJ,17.852272727272727,13.5,20.53342650340517,88
NHN->LKO,18.21590909090909,4.5,43.20159875278042,88
STW->ROI,0.0,0.0,0.0,88
STW->BUI,7.761363636363637,4.5,15.602088217280786,88
SBGA->BGNR,19.772727272727273,15.0,20.6935645905918,88
DGG->AGN,48.72727272727273,26.5,61.24188471178203,88
ZN->SC,42.56818181818182,0.0,137.38860026113406,88
BCN->NHN,28.613636363636363,20.0,30.92312746007793,88
GOK->KT,78.36781609195403,31.0,94.41362669466841,87
KLD->SWA,49.724137931034484,37.0,52.36248649539815,87
NDLS->SSB,51.4367816091954,16.0,142.8096554899193,87
KCG->MJF,33.93103448275862,10.0,75.93231274421215,87
KT->GOK,37.793103448275865,40.0,30.04962482102768,87
BWSN->GGN,24.06896551724138,17.0,22.61600231131286,87
SBPY->JSG,20.183908045977013,2.0,36.823440694068566,87
BLP->JKNI,0.0,0.0,0.0,87
RNV->DQN,28.71264367816092,24.0,35.53900839005363,87
BXR->GMR,36.12643678160919,32.0,28.0836808516814,87
GKP->GD,45.666666666666664,11.0,92.33554414838467,87
HMT->SJS,7.459770114942529,7.0,7.118277485820782,87
MDS->JAO,9.862068965517242,0.0,18.43162879008943,87
LHU->RMB,12.402298850574713,7.0,27.70041548261776,87
DRD->UBR,13.413793103448276,12.0,9.280577022129215,87
BAZ->ATRU,12.436781609195402,3.0,23.466800472268034,87
KYN->BIRD,16.873563218390803,10.0,27.65939202853885,87
PNE->SNT,18.816091954022987,18.0,10.400725305245166,87
PDU->CPP,6.781609195402299,2.0,15.011952824763931,87
VAK->TVP,0.0,0.0,0.0,87
SLO->TUNI,47.298850574712645,2.0,101.41236507133206,87
MKP->MJG,57.37931034482759,46.0,56.37669017304655,87
ADRA->ANR,29.528735632183906,16.0,43.64040134758312,87
FBG->JBN,14.954022988505747,5.0,23.35664242255893,87
HSK->KBJ,35.04597701149425,20.0,47.32198172686352,87
PRYJ->MKP,162.90804597701148,41.0,234.47336498629832,87
JHN->PES,35.275862068965516,32.0,22.796720314488944,87
MNI->KHED,88.93103448275862,80.0,66.42057559876224,87
BGBR->KRAR,30.93103448275862,17.0,48.119955030872745,87
JKNI->BLP,30.862068965517242,16.0,49.33161927999004,87
PES->JHN,53.64367816091954,13.0,91.59592468484585,87
BLS->HIJ,27.735632183908045,12.0,45.00838675596767,87
SEO->MB,9.758620689655173,4.0,14.986013259843931,87
LRJ->JWP,17.49425287356322,0.0,37.478636880233886,87
BARH->PHK,80.66666666666667,32.0,91.41060783522994,87
KIM->ST,7.586206896551724,7.0,7.401369647191694,87
EE->BMD,29.448275862068964,26.0,28.7635745994299,87
PLCJ->MWT,35.2183908045977,29.0,24.90933573346959,87
DLPC->AADR,2.689655172413793,2.0,2.5072469142494986,87
KBL->HPT,30.850574712643677,24.0,35.094069178798996,87
CBE->PTJ,9.310344827586206,0.0,14.116055797391148,87
KIGL->YPR,11.64367816091954,0.0,20.586164360026025,87
YNK->BNCE,0.0,0.0,0.0,87
YLG->HVR,12.172413793103448,9.0,13.304315523457586,87
MWT->OSN,23.770114942528735,19.0,21.342555561450727,87
UBL->YLG,15.885057471264368,14.0,16.0431288540263,87
SDF->SDGH,12.36046511627907,9.0,17.183379651620047,86
THDR->MGN,24.151162790697676,13.5,65.11085884711153,86
ANGL->RAIR,35.01162790697674,18.0,68.92084021645609,86
TCR->AFK,28.151162790697676,23.0,31.58462673027551,86
GLG->BAQ,27.848837209302324,23.0,30.040959271070694,86
BAMR->RAIR,34.825581395348834,32.0,25.55049987330287,86
POE->BEHS,52.55813953488372,14.0,70.69979692976293,86
SL->UD,69.0,32.5,98.57550107285633,86
SC->LPI,33.7093023255814,0.0,60.679266015776804,86
DMM->PKD,17.127906976744185,14.0,16.55564343918298,86
KNT->SEO,27.197674418604652,9.0,42.710191583699064,86
HFZ->LPI,29.151162790697676,17.5,36.89811646455699,86
BLGR->BRPL,34.116279069767444,26.5,40.826870795261414,86
TLHD->DNKL,39.18604651162791,14.5,63.52980062707154,86
ROI->STW,8.511627906976743,4.5,17.755028574228838,86
ODG->NDPM,40.616279069767444,13.0,81.52923237633323,86
MLV->SNT,13.662790697674419,8.5,19.66101575086285,86
TAZ->MSR,52.16279069767442,29.0,85.6505706124485,86
GD->BUW,56.52325581395349,31.0,90.54238224288194,86
APDJ->HSA,41.674418604651166,33.5,37.685210661467444,86
SNF->HFZ,28.825581395348838,18.0,35.571367157064806,86
TDN->MDU,2.1744186046511627,0.0,4.814663534674088,86
UD->SL,84.98837209302326,48.5,97.3909639710024,86
HIJ->BLS,26.3953488372093,0.0,56.902864410433466,86
RKMP->ODG,43.45348837209303,11.5,83.30223596698868,86
RMP->TAZ,48.848837209302324,25.0,85.42206870687122,86
AY->ABP,49.593023255813954,29.0,55.17637557270891,86
BHS->GLG,28.162790697674417,22.0,30.64861976169324,86
NPS->SDF,11.313953488372093,8.0,16.862950427704604,86
AJJ->WJR,18.011627906976745,15.5,14.303840854857633,86
SJS->HMT,2.197674418604651,0.0,13.360890924363899,86
CPH->BUA,92.93023255813954,15.0,151.23614497145724,86
ROHA->PNVL,91.69767441860465,82.0,84.14568176225043,86
WENA->BEHS,64.47674418604652,40.0,73.10535938254755,86
CAN->PAZ,22.058139534883722,19.5,20.18231879126047,86
WENA->HRT,56.02325581395349,19.5,76.20976882637213,86
BEHS->WENA,59.7093023255814,21.0,78.75708988126942,86
BEHS->POE,38.848837209302324,22.5,48.671653168568476,86
POE->NLD,68.52325581395348,48.5,74.24185069070442,86
ANF->SRF,13.651162790697674,0.0,25.505601434084316,86
JJR->NIRA,45.36046511627907,24.5,90.28802445386165,86
HRT->WENA,59.91860465116279,35.5,71.18512982792355,86
RJPB->GZH,20.930232558139537,8.0,48.74973078602575,86
CAG->SYL,14.976744186046512,2.0,57.442140043737716,86
DVD->SLO,69.83720930232558,12.0,117.28265108803616,86
DWK->BHTA,11.872093023255815,4.0,21.235262854716257,86
KRG->RMP,45.04651162790697,22.0,85.30732083290448,86
ASN->STN,10.430232558139535,10.0,6.829935315643089,86
RAIR->BAMR,19.069767441860463,13.0,19.409997846879545,86
BAT->DHW,25.24418604651163,9.0,67.49534817025395,86
LMN->UCR,35.75581395348837,25.0,45.17441650953274,86
TMQ->TDN,7.267441860465116,3.0,9.714058240332927,86
GDR->SPE,23.837209302325583,0.0,51.63967021927693,86
NIRA->LNN,47.03488372093023,25.5,89.35329055785093,86
RBL->LMN,28.046511627906977,13.5,44.844543763262415,86
MYY->PVU,10.581395348837209,8.5,10.192806132445822,86
SRF->TLGP,5.046511627906977,0.0,18.881616940196984,86
LPI->SNF,14.918604651162791,0.0,19.05608756603027,86
JAO->DOD,23.3953488372093,23.0,11.301513766141806,86
GZH->PNC,20.825581395348838,8.0,48.276213083235966,86
PIP->MLG,23.848837209302324,23.0,14.126751795054295,86
SIP->ROI,0.0,0.0,0.0,86
GHH->GGN,10.534883720930232,9.0,13.621520753329232,86
AMP->PNE,11.30232558139535,6.0,19.535228972260143,86
LNN->WTR,45.55813953488372,24.5,89.10200428869518,86
ADTL->DOE,20.290697674418606,7.0,31.56575444409923,86
BOKR->MUE,27.13953488372093,10.0,44.28973132631978,86
KNVT->BHBK,43.46511627906977,24.5,44.766767525612146,86
HYB->BMT,0.0,0.0,0.0,86
NLD->POE,49.24418604651163,9.5,71.56386469794766,86
CNPA->SBGA,15.127906976744185,8.5,16.75764725282366,86
PTRD->GHH,8.825581395348838,6.0,12.997005863763723,86
KQU->BWN,10.848837209302326,9.0,9.167099023920484,86
ABP->AY,65.23255813953489,60.5,48.50268019728507,86
BHBK->SHSK,34.116279069767444,15.0,46.56315599892288,86
WTR->STR,34.58139534883721,10.0,84.34194617797792,86
BC->BRY,7.069767441860465,0.0,10.478875891300573,86
KPTN->KPZ,24.674418604651162,17.0,26.705999264525307,86
SAN->AMG,25.430232558139537,8.5,74.89294959319474,86
DHW->GSP,24.91860465116279,6.0,66.98080763152436,86
BDM->GED,19.564705882352943,5.0,26.358086795057762,85
KAP->BJR,37.247058823529414,9.0,42.96812381132723,85
JAO->MDS,17.88235294117647,7.0,32.06927463086966,85
PIP->NMH,11.894117647058824,8.0,13.132133915570254,85
VGLJ->NEW,62.576470588235296,25.0,108.38977025955342,85
RANI->SOS,4.5058823529411764,2.0,6.663017208391985,85
ANDN->BMJ,26.811764705882354,17.0,46.714302418212,85
ANDN->CM,22.63529411764706,4.0,33.44392857520506,85
CM->PJ,20.55294117647059,0.0,33.052089438437896,85
CM->ANDN,22.352941176470587,11.0,46.194904347504284,85
GHJ->KLJ,29.49411764705882,12.0,41.468181585808814,85
BJR->BLU,39.07058823529412,17.0,41.415947076807356,85
BMJ->ANDN,26.388235294117646,12.0,35.72017374432731,85
PJ->CM,22.51764705882353,10.0,46.542763686105026,85
GED->BGK,17.28235294117647,7.0,24.541321696034128,85
PWL->KSV,78.90588235294118,36.0,88.76944770549369,85
BJD->MHD,6.729411764705882,2.0,12.135532475313303,85
IDR->BJP,5.847058823529411,0.0,13.700456963488602,85
PVR->KWV,11.117647058823529,7.0,15.375004270000089,85
GD->GKP,66.50588235294117,6.0,134.26001989116668,85
BRGT->MML,31.729411764705883,20.0,54.10712219540887,85
BSB->SLN,93.36470588235294,26.0,191.13868357437067,85
KWV->PUNE,36.45882352941177,4.0,116.45718127289538,85
KLJ->FGR,38.54117647058823,18.0,41.579399930728215,85
GMD->SGP,27.741176470588236,5.0,51.04646644670596,85
HKG->BRGA,69.34117647058824,28.0,101.59754320018631,85
GKP->PPC,8.705882352941176,2.0,17.88376726678865,85
GAR->BNE,47.88235294117647,38.0,53.660842281851664,85
GADJ->BKI,4.2823529411764705,0.0,7.582265908191363,85
CW->EKMA,28.0,18.0,32.35406797121058,85
HNS->STD,17.541176470588237,13.0,19.930565746621248,85
BNE->KY,51.22352941176471,44.0,54.555209360310755,85
PNVL->ROHA,29.16470588235294,8.0,52.826050360013255,85
DNM->JJKR,46.03529411764706,31.0,50.393793802228394,85
PPC->CPJ,8.694117647058823,0.0,17.799159644028517,85
BJRI->KTMA,8.68235294117647,3.0,22.08167294640614,85
BUA->CPH,141.57647058823528,118.0,134.7255036900505,85
KTMA->APR,8.24705882352941,0.0,21.84245858869554,85
BHP->AMP,12.411764705882353,7.0,27.817557883657656,85
VG->SAU,12.2,7.0,15.331883989473267,85
SNT->PNE,10.91764705882353,8.0,10.497405308326572,85
MJF->SC,21.49411764705882,7.0,36.16089163770182,85
JPE->DQG,71.4,20.0,126.68804957359596,85
BHTR->BTK,41.94117647058823,19.0,59.3962386457771,85
BHTN->BRGT,45.082352941176474,42.0,55.28502160120206,85
KSV->PWL,39.752941176470586,7.0,60.08424757557248,85
TKRI->RGDA,14.811764705882354,10.0,15.817029789835667,85
BVH->PWL,72.02352941176471,25.0,87.4441286208062,85
KAPG->KUU,20.41176470588235,17.0,22.844867151771158,85
TLHR->ANGL,41.22352941176471,37.0,69.8038708966549,85
MCA->KGP,64.50588235294117,12.0,138.86098080020722,85
KJM->BNCE,0.0,0.0,0.0,85
BTK->MW,42.2,20.0,59.97852790394084,85
BELD->KKB,46.65882352941176,39.0,54.56092115834426,85
GCH->DNA,14.305882352941177,15.0,10.40492503509729,85
HIP->ROP,27.094117647058823,21.0,30.524628436337604,85
SOS->MJ,2.164705882352941,0.0,3.9906052137475077,85
SBD->SNRR,0.0,0.0,0.0,84
GHQ->GHD,53.61904761904762,24.5,69.26288401948405,84
LAV->KIR,9.80952380952381,0.0,30.671000467054036,84
NNHT->HSDA,16.80952380952381,3.5,30.798011276147225,84
LNK->MXH,30.511904761904763,15.0,50.45252905350172,84
ED->CBE,3.6547619047619047,0.0,7.170041500810895,84
BNW->CKD,5.142857142857143,2.0,11.71667831659326,84
JHL->LHA,51.404761904761905,3.0,155.28428023433165,84
SRF->ANF,7.083333333333333,5.0,7.357003602556693,84
ATH->KOTA,15.607142857142858,0.0,34.62954301704986,84
VLY->NNN,5.416666666666667,1.0,11.756780492558361,84
ERL->NJT,11.833333333333334,6.5,15.47546315427611,84
YY->KIGL,13.845238095238095,13.5,13.079455100491003,84
NNN->TEN,4.535714285714286,0.0,11.372601220468143,84
TLGP->SRF,4.857142857142857,3.0,8.612323556368914,84
BIA->BPHB,0.0,0.0,0.0,84
SNRR->NWR,18.583333333333332,16.0,24.00612789907667,84
DMV->FKG,15.845238095238095,0.0,41.03847564268388,84
TGN->LNL,10.678571428571429,8.0,20.822347074564664,84
ANSB->KART,9.202380952380953,5.0,13.415312022923805,84
EKM->TRT,5.773809523809524,2.5,7.519214247715033,84
NNHT->BRPS,11.797619047619047,0.0,36.97663859103044,84
BGNR->YY,12.357142857142858,10.5,12.370430013800409,84
KART->RPAR,12.392857142857142,9.0,13.66643752519099,84
BD->AMI,6.928571428571429,0.0,50.57328827643326,84
YFP->BUI,31.5,14.5,58.73721342525413,84
DNA->GCH,13.511904761904763,8.0,18.180152058172954,84
JTJ->TPT,29.976190476190474,8.5,51.54083097508068,84
USL->KGB,15.19047619047619,8.5,29.71327892287931,84
PRF->SWPR,99.58333333333333,68.0,122.93148334903297,84
KUD->RBG,94.76190476190476,18.0,186.1962702671254,84
RJP->KOU,10.714285714285714,9.5,12.185881054483106,84
ASN->HWH,39.785714285714285,0.0,175.28050300366723,84
MMK->CGL,8.964285714285714,4.5,14.51334776469821,84
PNBE->DDU,10.583333333333334,0.0,31.224491597174296,84
RJY->APT,44.13095238095238,21.5,72.85433226104351,84
MLMR->MMK,8.428571428571429,3.0,13.626060886550931,84
JL->AN,27.988095238095237,0.0,65.06298969193985,84
MB->CH,37.357142857142854,18.5,67.51611014482232,84
GKP->GKC,6.964285714285714,0.0,29.361250764768187,84
BXJ->DMV,11.797619047619047,5.0,18.80001266463606,84
BRPS->DUMK,13.511904761904763,0.0,45.29036016680607,84
TPJ->BAL,12.642857142857142,7.5,17.65918502747983,84
LTRR->LUR,37.54761904761905,0.0,96.43893189280048,84
DMRX->BRYA,17.761904761904763,3.5,28.06387681469434,84
CCH->TGN,29.75,7.0,91.54627179474907,84
PAK->PIL,34.05952380952381,27.5,44.16953952054808,84
SOT->BNY,25.46987951807229,17.0,44.35893985553824,83
KSJ->HTC,88.74698795180723,18.0,180.25786700964176,83
BUI->YFP,25.096385542168676,7.0,61.12693998274755,83
RNY->TNL,21.83132530120482,0.0,28.570759091270663,83
CTKT->DNA,26.566265060240966,7.0,75.49530639118974,83
SNQ->MUW,36.7710843373494,5.0,78.2926538156218,83
CPS->MNDR,28.626506024096386,3.0,57.70080754462447,83
MDS->DLD,12.156626506024097,6.0,23.514646150914192,83
HVD->SIOB,3.8313253012048194,0.0,23.60333754671377,83
DIA->CTKT,0.0,0.0,0.0,83
BRY->BC,17.89156626506024,5.0,28.000005247470227,83
DMNJ->KRPU,18.951807228915662,9.0,27.794500076435476,83
MOT->PKK,7.963855421686747,3.0,11.78407956931365,83
GDR->MS,134.289156626506,8.0,224.79104281480573,83
SALE->BZLE,6.975903614457831,5.0,8.893647916287739,83
DKJ->GLA,0.0,0.0,0.0,83
SUJH->LAU,23.265060240963855,6.0,78.75232622771736,83
OGL->TNR,52.21686746987952,20.0,65.14206766991273,83
SADP->KSN,27.240963855421686,19.0,24.65695882650268,83
APT->RJY,13.975903614457831,11.0,14.310132776748002,83
CJM->ANB,46.40963855421687,22.0,63.231868343881835,83
FL->HDA,10.506024096385541,5.0,18.250541919101348,83
J->PBN,23.566265060240966,20.0,35.280130790049974,83
HSR->ADR,14.963855421686747,5.0,19.224251568502893,83
SDDN->SOT,29.03614457831325,20.0,45.929013568696156,83
TKRI->LKMR,30.50602409638554,28.0,33.9660424017641,83
GWD->SRNR,21.987951807228917,12.0,48.3095945567912,83
TNL->ULG,20.216867469879517,0.0,28.374691657407546,83
TNR->SKM,51.036144578313255,21.0,63.90817455692468,83
CNB->LJN,27.240963855421686,0.0,121.08690593661872,83
BVC->BVP,2.5060240963855422,2.0,1.8700038735834643,83
WADI->NW,10.36144578313253,5.0,24.830438791272826,83
LKMR->DMNJ,24.734939759036145,20.0,32.44473136880452,83
VTM->CJM,44.93975903614458,25.0,59.25890884913429,83
MNDR->GJL,24.49397590361446,2.0,53.68593709079209,83
LDH->SMRL,6.759036144578313,2.0,10.925010868383033,83
BHX->GDB,9.048192771084338,6.0,15.123800992151113,83
HX->NRE,4.542168674698795,0.0,6.466237275865095,83
ANB->OGL,42.87951807228916,2.0,61.494873391392964,83
AMP->BHP,18.72289156626506,10.0,27.852097724129152,83
BZLE->KGLE,9.783132530120483,7.0,9.527941185708439,83
BJO->HLDR,31.397590361445783,8.0,60.45497009144062,83
LAU->DIA,23.325301204819276,6.0,78.92634856867369,83
GNP->ZN,40.66265060240964,32.0,48.74705172033703,83
MED->BMO,15.409638554216867,11.0,23.192742843386824,83
ZN->GNP,32.87951807228916,32.0,17.089004873596103,83
HLDR->CPS,29.50602409638554,6.0,59.207442984232316,83
CNA->COR,7.807228915662651,2.0,21.691550468780264,83
PERN->THVM,102.16867469879519,84.0,81.0535534011549,83
TEA->PPN,12.674698795180722,6.0,18.77278026482982,83
SMRL->NMDA,5.349397590361446,2.0,8.81854162897388,83
TRT->EKM,0.0,0.0,0.0,83
AWY->IPL,13.265060240963855,6.0,17.177753861906076,83
LUR->UMD,36.81927710843374,0.0,94.97973398448607,83
HWH->SRC,51.390243902439025,11.0,76.04689198242549,82
RC->SADP,10.341463414634147,0.0,18.046729133000238,82
UBL->NGR,26.963414634146343,23.0,25.998786829223167,82
ISA->CKB,15.329268292682928,12.0,18.225646614584708,82
KS->JNU,52.329268292682926,17.0,79.25502747274086,82
BNY->SOT,48.34146341463415,27.0,83.92165945825334,82
VRL->CVR,7.939024390243903,8.0,4.536130838837444,82
SOT->SDDN,41.51219512195122,6.5,82.07678487169827,82
BD->NAVI,23.98780487804878,13.0,35.93838825931829,82
MAS->GDR,34.292682926829265,7.0,71.4494533935978,82
MCA->ULB,120.7560975609756,75.5,134.75176638028773,82
KBL->GIN,22.975609756097562,23.0,14.833208996362861,82
AADR->DLPC,4.158536585365853,0.0,17.80100532061521,82
KPRD->BUP,4.878048780487805,0.0,17.712651713214502,82
KPZ->KPTN,29.024390243902438,10.0,76.40728677191612,82
HWH->ASN,55.08536585365854,5.0,207.89498780883906,82
BNZ->GD,21.109756097560975,3.0,48.46100789665368,82
NMZ->SGUJ,14.341463414634147,10.5,22.75756258086753,82
KMTI->BOF,9.451219512195122,5.0,22.555365318860808,82
NKD->WL,80.41463414634147,63.5,91.44248022995242,82
NGR->GDG,25.21951219512195,22.0,26.34482842882629,82
FSP->HAN,29.609756097560975,8.5,81.26587307022366,82
DWK->OKHA,9.914634146341463,0.0,42.56417122518329,82
JER->HIJ,60.646341463414636,17.5,96.92269694958311,82
SRE->MOZ,11.963414634146341,2.0,46.12234003088657,82
MTJ->NDLS,30.804878048780488,1.0,60.37464086734998,82
MLHA->VRL,3.731707317073171,0.0,17.525324730960758,82
DQG->NCB,67.45121951219512,4.5,107.80997828701902,82
BQA->ODM,12.865853658536585,7.5,21.756090218785854,82
SOL->SLR,6.975609756097561,3.0,21.302625821892427,82
BELA->MDE,9.963414634146341,5.0,16.2157103535553,82
RGO->NSL,21.670731707317074,1.0,37.024868145428826,82
BWI->SHG,67.98780487804878,33.5,83.84752385640464,82
KRH->HSI,18.29268292682927,14.5,15.830497059709867,82
PNKD->CNB,30.146341463414632,4.0,67.68903515545944,82
MLPR->BWI,57.84146341463415,18.0,80.58665599066576,82
TPT->JTJ,18.378048780487806,4.0,33.68431522893163,82
PRNA->KIR,8.536585365853659,6.5,8.648406863853372,82
SNT->MLV,13.963414634146341,14.0,11.663433543493394,82
SLR->KDZ,7.975609756097561,4.0,21.64185223455066,82
MABD->KDM,83.34146341463415,65.0,84.12809450030193,82
SHZ->SML,4.902439024390244,0.0,20.96299488316364,82
BNLW->ISA,16.5609756097561,11.5,18.2824867699453,82
PNQ->TCR,8.353658536585366,5.5,12.175032082214441,82
ANGL->SBPY,30.48780487804878,16.5,42.22609453074581,82
HMO->HMH,3.9146341463414633,0.0,7.941454323867821,82
HEM->SHSK,47.5,4.5,82.15586661799072,82
DMP->KMTI,6.402439024390244,7.0,4.933783152910125,82
JTO->SHZ,9.71951219512195,7.0,21.378583023783115,82
CVR->MLHA,13.621951219512194,13.5,6.81798682118757,82
ODM->VSU,12.621951219512194,6.5,21.665037114733412,82
NWH->SIKR,8.536585365853659,7.0,9.028343738774138,82
BXN->FSP,27.378048780487806,6.0,81.44067601466718,82
ROP->HIP,38.160493827160494,29.0,34.5530233084326,81
DHW->BAT,11.358024691358025,4.0,24.209145297787423,81
FGR->KLJ,5.345679012345679,0.0,10.167547017136386,81
BLU->BJR,4.901234567901234,0.0,8.070943157821775,81
NMH->NBH,9.518518518518519,0.0,13.78596307037625,81
SLI->BVQ,16.506172839506174,10.0,26.505246394247184,81
PPN->TEA,23.962962962962962,15.0,23.95800724415766,81
BVQ->KOV,16.864197530864196,11.0,26.53382420912021,81
BSL->BDWD,25.012345679012345,8.0,62.53129093245248,81
EE->RYP,46.864197530864196,13.0,103.7247262091373,81
BNDP->GZO,6.765432098765432,3.0,10.454988767256367,81
KMBL->JAM,25.395061728395063,15.0,38.19871693275366,81
KPRR->JYP,0.8271604938271605,0.0,2.8097603254405437,81
RJT->SUNR,17.74074074074074,0.0,42.55754274443538,81
RUR->BTD,13.691358024691358,5.0,23.701076966726976,81
LNK->SQR,21.432098765432098,13.0,25.464651122489848,81
BOF->DMP,14.493827160493828,5.0,28.217070833446783,81
KRD->MSR,24.753086419753085,18.0,31.732290676926215,81
PNE->AMP,10.148148148148149,8.0,9.713535802053636,81
KLJ->GHJ,9.469135802469136,7.0,10.759979576831322,81
JEUR->KWV,22.85185185185185,15.0,34.9167263324868,81
SBPY->ANGL,23.80246913580247,0.0,56.93777738748818,81
GSP->DHW,12.209876543209877,5.0,27.540749830652178,81
GAUR->BV,41.123456790123456,26.0,74.60468864556191,81
HTC->KSJ,13.851851851851851,3.0,24.116960376004634,81
MB->SEO,41.54320987654321,11.0,59.697162701152735,81
BSB->PCOI,21.296296296296298,9.0,39.02064980380402,81
UR->FM,30.51851851851852,20.0,37.731654850771896,81
MFP->CPR,131.8395061728395,108.0,135.1718773256963,81
YNRK->VRH,37.617283950617285,6.0,75.23589035514144,81
BKSC->JAA,3.271604938271605,0.0,12.88799086909885,81
DURG->G,70.80246913580247,2.0,121.46845472725484,81
SVJR->KK,4.691358024691358,4.0,3.2697170187519373,81
BKI->GADJ,48.135802469135804,4.0,153.37101690723867,81
MNI->PNVL,60.53086419753087,43.0,63.98009190751312,81
KXH->JUC,13.123456790123457,6.0,21.05076169408686,81
KSNG->RPRD,24.65432098765432,22.0,24.1040248163181,81
SRGT->JVN,0.0,0.0,0.0,81
KRG->STR,30.098765432098766,25.0,32.88715742439273,81
BJR->KAP,5.37037037037037,2.0,8.227156927585076,81
BER->SOD,14.74074074074074,8.0,21.23957260503244,81
JDB->KPRR,1.9135802469135803,0.0,4.658855897278316,81
BGNR->SBGA,20.82716049382716,26.0,15.7700587534232,81
NAD->KOTA,23.246913580246915,3.0,68.57396205269852,81
BWI->MLPR,52.8,45.0,49.572705842600136,80
PPT->SVRP,16.8375,12.5,19.195492449524362,80
BHP->SNT,16.7375,14.5,21.444508163624242,80
SPT->MMS,35.35,29.0,33.774793986947714,80
BOE->KIR,53.0625,9.5,82.00838854129033,80
BCRD->BXY,4.7625,0.0,10.005370393386782,80
CAP->GAM,22.4125,15.5,27.240464014895846,80
PUX->GNW,0.0,0.0,0.0,80
KLT->KRR,13.75,11.5,13.66275543497538,80
BVP->SOJN,7.2125,7.0,5.444062495572236,80
CNB->PNKD,37.8,12.5,54.90000115284405,80
BXY->BQM,0.0,0.0,0.0,80
DMV->BXJ,13.0625,7.5,22.735876823573545,80
AN->JL,4.15,0.0,13.247497972509585,80
AN->SNK,46.9375,0.0,136.15258972885317,80
NNN->VLY,2.925,0.0,8.191961172277445,80
SA->SGE,17.975,17.0,15.04253463021661,80
DPA->SNGN,7.2625,5.0,10.841485897039032,80
HLN->HAS,11.775,11.5,9.532057835655348,80
IKR->PUX,7.775,3.5,12.351369523818972,80
MKDN->HRG,5.175,0.0,9.945134297863035,80
TPJ->TP,12.0625,9.0,10.88413518540528,80
HRG->JNO,6.025,2.5,9.850753360639576,80
SNK->AN,18.4625,0.0,99.24550096616628,80
GD->BNZ,44.5,15.0,76.95568344956642,80
AMLA->LLD,0.0,0.0,0.0,80
TP->KLT,14.375,13.5,12.346654341064282,80
BQM->NVG,5.1375,0.0,10.164151137917537,80
BGP->NAT,5.9125,3.0,17.557279675970676,80
BNKI->PRNC,4.6875,0.0,18.31413215822308,80
BLL->GTL,11.1125,9.5,10.394733026083177,80
SHG->BWI,50.3375,42.5,48.363325301071,80
BUP->RPUR,4.8375,0.0,17.476525847438975,80
VRL->MLHA,2.4,0.0,6.569203176926928,80
ADT->KTM,18.5125,16.0,21.194693478452802,80
BLGR->SFC,67.7,24.0,104.21064354396869,80
KUU->KAPG,38.7375,28.0,46.43267720752518,80
JNO->PCLI,6.575,4.0,10.816975641338777,80
NVG->MKDN,0.0,0.0,0.0,80
SC->WL,32.1375,12.0,64.73504788019108,80
WL->SC,33.4125,0.0,85.48072456496786,80
KUN->UMB,29.8125,2.0,78.14156153571867,80
TEN->NNN,2.5125,0.0,7.8804255973225645,80
KTM->MV,12.1875,8.0,19.99372923845773,80
VVM->PKO,14.4875,0.0,24.13726241123588,80
MMS->PSA,19.2875,1.0,33.26502468191791,80
LLD->JMV,6.225,3.0,10.700733442270751,80
BTE->JP,9.5625,0.0,22.823951304814795,80
KYN->BSR,31.675,5.5,91.53622441278006,80
SGE->ED,13.9125,13.5,14.803518013283878,80
SGDM->PDU,44.1625,31.5,46.57930320798897,80
ANR->ADRA,11.3,6.0,30.02167993005696,80
BLDI->DQN,11.225,2.0,17.626917706964573,80
JMV->BCRD,0.0,0.0,0.0,80
KIAT->TK,6.325,2.0,10.568372927235012,80
URD->GHD,6.4625,0.0,14.566255220173801,80
PCLI->IKR,6.5625,2.5,11.117148061110735,80
KIR->BOE,114.6625,52.5,161.5541562801539,80
GNW->CWA,1.65,0.0,9.452211582347719,80
CLT->SRR,39.2,10.5,91.67352640232606,80
SME->BDVT,9.8625,10.0,10.7205513626393,80
SMET->SME,0.0,0.0,0.0,80
HSA->APDJ,29.5,4.5,72.53981883390456,80
MAP->BQI,21.075,19.0,15.39091874277931,80
KOO->KWO,38.425,22.0,51.52160048422114,80
CCT->COA,31.8875,0.0,111.69420208086459,80
FTP->SFG,11.3875,0.0,40.96633188486938,80
MBDD->BSE,61.22784810126582,0.0,112.29299466323877,79
MBDD->MBDP,69.73417721518987,31.0,101.793746830862,79
MBDP->MBDD,60.69620253164557,0.0,114.18387717146048,79
AJP->SHV,15.405063291139241,8.0,18.098391334762304,79
KOTA->BUDI,34.51898734177215,5.0,137.52098774643912,79
NGO->MDW,21.468354430379748,16.0,24.017000091835577,79
GAYA->DOS,28.860759493670887,10.0,44.2109553012208,79
AMI->BD,4.974683544303797,2.0,10.621669533581962,79
DNV->KMX,25.79746835443038,13.0,30.55527976821239,79
ODM->BQA,36.835443037974684,21.0,43.06358756350499,79
BRPL->BLGR,27.21518987341772,23.0,31.444974685572678,79
PRLI->LTRR,39.64556962025316,9.0,91.8408654328422,79
WDM->NUQ,60.77215189873418,40.0,68.2260476175712,79
MNDR->CPS,47.860759493670884,13.0,75.89461893989032,79
WDM->DXN,54.53164556962025,52.0,50.57916755787039,79
KXT->LOV,1.3417721518987342,0.0,2.546420695343972,79
PCOI->BSB,12.886075949367088,0.0,48.308566778036415,79
GMDA->PVPT,0.0,0.0,0.0,79
MUE->BOKR,57.30379746835443,9.0,89.59200319602418,79
CPP->PDU,25.670886075949365,21.0,26.3164770063418,79
CPS->HLDR,46.11392405063291,10.0,75.18847895613892,79
APR->KTMA,20.569620253164558,14.0,21.934449864985996,79
SWR->CKP,94.0379746835443,86.0,68.29732191280189,79
TDD->BMD,33.81012658227848,33.0,22.726961256016818,79
MTJ->BVH,48.64556962025316,6.0,94.17060867283591,79
TPF->RPH,10.784810126582279,6.0,15.80463327560328,79
ERN->IPL,7.746835443037975,6.0,8.472381002834398,79
AVK->KXT,2.2658227848101267,0.0,3.730363496275663,79
DKAE->KGP,59.54430379746835,28.0,91.98603537666345,79
LOV->UAM,0.46835443037974683,0.0,1.789108380128354,79
BSP->RIG,35.050632911392405,20.0,53.9182426514434,79
NRW->UCA,46.35443037974684,8.0,118.13324050482733,79
MV->KTM,6.620253164556962,5.0,6.167124995029433,79
MV->VDL,15.30379746835443,7.0,31.040236265944152,79
GJL->MNDR,48.607594936708864,15.0,76.50614483809562,79
QLN->KLQ,5.291139240506329,6.0,5.1742753703845965,79
SHE->HWH,3.1265822784810124,0.0,6.036995110507985,79
HAS->ASK,16.037974683544302,14.0,13.135822071211617,79
BV->GAUR,28.924050632911392,22.0,28.817183331770828,79
PVU->MYY,0.0,0.0,0.0,79
SHSK->BHBK,45.67088607594937,8.0,78.59433683502989,79
COA->CCT,3.278481012658228,3.0,5.25243950369916,79
BINA->MNV,44.0253164556962,34.0,46.82810209406212,79
NUQ->WDM,46.0253164556962,41.0,46.019776875606674,79
MNV->BINA,10.582278481012658,0.0,16.417320118404582,79
TIU->CHE,13.620253164556962,3.0,24.712347063178434,79
KTMA->BJRI,15.278481012658228,5.0,19.10224628277292,79
KTES->UMR,35.10126582278481,17.0,43.15196609500348,79
VSU->ODM,34.75949367088607,18.0,42.300274348953735,79
ADR->BHT,15.227848101265822,7.0,18.855013185703193,79
DMP->BOF,15.582278481012658,8.0,27.48267873842364,79
BOY->SAW,57.50632911392405,27.0,81.3392505336598,79
VDL->SY,16.303797468354432,8.0,31.304277757315738,79
KTM->ADT,8.582278481012658,6.0,7.312805058176373,79
VBL->DNV,22.810126582278482,11.0,27.457695175355592,79
JEUR->KEM,37.379746835443036,29.0,30.03002932854957,79
TEN->MEJ,5.886075949367089,5.0,9.99741933594731,79
RIG->BSP,143.64556962025316,101.0,153.2354513088026,79
RIG->CPH,105.67088607594937,80.0,126.44444625077979,79
DXN->WDM,58.88607594936709,37.0,67.4145208701212,79
VRH->YNRK,39.721518987341774,0.0,100.07265779766587,79
PNVL->CHI,96.53164556962025,44.0,146.09566899309314,79
RYP->EE,55.29113924050633,8.0,90.19908918448752,79
SNM->VBL,21.468354430379748,11.0,26.334551469572016,79
MOZ->SRE,93.11392405063292,0.0,207.5128038892882,79
BHBK->KNVT,47.9746835443038,9.0,78.47553508750589,79
BRC->VS,6.9113924050632916,4.0,9.55039249215971,79
EKN->KKZ,5.569620253164557,5.0,5.919727004065431,79
HLDR->BJO,40.0126582278481,9.0,73.95121289740338,79
BDC->SHE,4.7215189873417724,0.0,8.691193168301886,79
MRJ->KUD,99.36708860759494,7.0,193.4641805589961,79
RPAR->KART,17.379746835443036,15.0,22.240125321006182,79
KART->ANSB,19.164556962025316,15.0,22.718698037218797,79
BHS->SHRN,160.9873417721519,5.0,252.57436039713673,79
KMNR->UDGR,54.08860759493671,64.0,40.814838262515835,79
KMX->GPI,28.974683544303797,15.0,32.22675058742678,79
WTR->LNN,31.025641025641026,26.0,32.6838354578085,78
RTM->BNG,17.025641025641026,8.0,46.72132758047925,78
NIRA->JJR,23.294871794871796,15.5,32.15712600001362,78
OSN->MWT,23.384615384615383,0.0,38.1358578813124,78
TAZ->RMP,33.01282051282051,26.0,32.81173910523828,78
CPR->MFP,227.28205128205127,214.5,212.8248409383005,78
MWT->PLCJ,24.0,0.0,37.963755784257614,78
PRLI->GNH,28.756410256410255,7.5,59.089011855093,78
CHJ->MTJ,82.44871794871794,58.5,78.92634202766189,78
GNO->MNI,77.26923076923077,66.0,50.42434813772891,78
RGDA->TKRI,24.935897435897434,22.5,26.68836009890014,78
DGHR->GRMA,17.67948717948718,5.0,76.48096165607161,78
GRMA->BSKH,15.038461538461538,0.0,76.46312111801932,78
SGE->SA,18.871794871794872,12.0,22.84297554613959,78
PBKS->SNKL,12.26923076923077,9.0,9.09355855497765,78
JITE->APTA,64.8076923076923,53.0,40.48313989038667,78
MBDP->MCDA,74.07692307692308,31.5,101.88582471924776,78
SDS->SGNR,23.102564102564102,0.0,127.33548997167681,78
MRK->DKD,28.858974358974358,0.0,44.40624864154727,78
MCDA->MBDP,75.75641025641026,12.0,119.50995023481605,78
BEAS->KRE,17.333333333333332,15.5,11.680449496183801,78
SNT->GHLE,22.833333333333332,15.0,24.30456996558716,78
BSBS->SWPR,35.67948717948718,1.0,79.70749994690304,78
DNKL->TLHD,30.21794871794872,20.0,38.160851441635614,78
MZL->WDR,18.371794871794872,11.5,17.870463895866834,78
KGP->DKAE,61.8974358974359,3.5,120.36325859378357,78
LNN->NIRA,26.55128205128205,19.5,32.463224922379055,78
CKR->RBG,11.820512820512821,12.0,11.444664826038066,78
SOD->BER,4.230769230769231,0.0,9.934752171005613,78
MSR->TAZ,32.80769230769231,26.5,32.41815175849116,78
JKPR->CTC,75.26923076923077,53.0,96.68044472181741,78
KJI->JYG,11.551282051282051,0.0,37.743029780825715,78
TEL->NGNT,0.0,0.0,0.0,78
OKHA->MTHP,0.0,0.0,0.0,78
GNH->PBN,25.115384615384617,1.0,55.09849050875764,78
VINH->KFD,86.3974358974359,74.0,48.9251587853444,78
KLAR->HPP,32.48717948717949,29.0,46.66563673284284,78
BSR->KYN,23.05128205128205,10.5,40.24854516557571,78
BIX->SONI,15.256410256410257,11.0,23.534134312854547,78
KSV->CHJ,74.02564102564102,53.0,75.58172223889011,78
PKD->DMM,10.692307692307692,1.0,31.408621404026928,78
VEER->GNO,78.71794871794872,70.5,49.77061602104418,78
KRE->JUC,16.333333333333332,11.5,24.9147464114044,78
BQI->MAP,8.038461538461538,4.5,11.024697548865275,78
KGB->USL,33.217948717948715,4.5,64.00723324301643,78
VDA->ANND,13.743589743589743,7.5,16.85571766835272,78
UMR->KTES,18.32051282051282,9.5,39.2016079678636,78
STR->WTR,29.5,23.0,32.86523051225073,78
LTRR->PRLI,22.256410256410255,0.0,51.95688419755188,78
RMP->KRG,39.06410256410256,30.0,33.594735109927974,78
KDNL->PBKS,11.935897435897436,8.0,9.182620150072244,78
KFD->SAPE,87.96153846153847,75.5,49.40330771503881,78
ED->SGE,23.487179487179485,18.0,20.277134195003274,78
GHLE->MLV,22.525641025641026,15.5,24.429450163645424,78
KQK->KGQ,7.987179487179487,0.0,14.219516120270715,78
SAPE->VEER,87.52564102564102,75.0,51.00540443964033,78
TK->GBB,6.333333333333333,3.0,11.792212559832743,78
MEJ->TEN,1.3076923076923077,0.0,3.4047624869302693,78
ETW->JJK,20.181818181818183,12.0,25.04350281994959,77
KNW->TLV,18.272727272727273,4.0,39.129890433770086,77
MTJ->CHJ,36.58441558441559,25.0,49.14301113489043,77
CHJ->KSV,39.298701298701296,28.0,50.892576476303944,77
TRR->KUN,48.01298701298701,17.0,79.2417177320018,77
HTE->GBX,12.766233766233766,4.0,29.85971414883099,77
RC->KSN,24.766233766233768,25.0,17.88258201648222,77
BTP->KSF,15.532467532467532,9.0,18.884402095787397,77
DURE->BEA,44.467532467532465,15.0,69.10643667476857,77
UR->SHNR,32.54545454545455,11.0,87.62503028823649,77
ODG->RKMP,14.272727272727273,4.0,39.11744676162191,77
NDL->PNM,12.116883116883116,8.0,17.834748774272708,77
JJK->CNB,21.61038961038961,16.0,28.59617008040166,77
VYA->MID,12.974025974025974,0.0,38.19960527006517,77
LKE->KOTA,72.35064935064935,14.0,140.88076016652917,77
MET->DUI,38.857142857142854,11.0,114.45404895986978,77
KHED->VEER,95.50649350649351,72.0,101.08876029153566,77
SFG->FTP,15.753246753246753,12.0,14.520544288185405,77
WLGN->CNDB,23.74025974025974,10.0,35.233582439351736,77
NBD->MZM,9.051948051948052,0.0,37.88899857822087,77
VEER->KHED,105.45454545454545,78.0,96.5167759422035,77
SHRN->BHS,10.220779220779221,7.0,11.66937442131435,77
KSN->SADP,31.675324675324674,32.0,20.197343206237978,77
NAVI->WLGN,28.558441558441558,19.0,37.4118238790941,77
PLG->VR,16.103896103896105,0.0,54.394655410731495,77
BEY->BMH,15.35064935064935,9.0,21.993878474754503,77
NDPM->ODG,18.09090909090909,8.0,39.440555476158586,77
DD->KDG,13.272727272727273,7.0,19.42098455661621,77
BSR->VAPI,38.5974025974026,7.0,63.50409430237336,77
NSL->RGO,21.285714285714285,16.0,16.5424948341641,77
KKDE->NLKR,37.66233766233766,14.0,59.14024597905754,77
RAY->PTRU,54.54545454545455,32.0,60.15124478183163,77
KUN->NLKR,28.454545454545453,16.0,44.378024864893334,77
KUD->UGR,20.766233766233768,18.0,20.995548465464932,77
JCL->GLY,57.33766233766234,45.0,59.32706189767703,77
ANDI->SZM,48.97402597402598,33.0,60.16949175060091,77
CKB->ISA,28.09090909090909,23.0,26.38389751054401,77
INDB->UJN,15.142857142857142,11.0,27.08598116996779,77
KLRE->RAY,45.44155844155844,30.0,54.64490478161652,77
TLV->CAER,23.155844155844157,8.0,40.87338116384387,77
ISA->BNLW,28.038961038961038,23.0,26.40596102878525,77
LRJ->MZM,33.103896103896105,9.0,60.26336593731158,77
NLKR->KKDE,25.68831168831169,10.0,44.304348052111365,77
UGR->KUD,11.987012987012987,12.0,6.224936073426793,77
BHTR->MW,19.51948051948052,9.0,29.440667536415457,77
HMY->NLP,27.038961038961038,0.0,114.04390216034781,77
HPT->KBL,59.20779220779221,26.0,90.49721392372393,77
HPP->KLAR,56.25974025974026,29.0,112.70518161597336,77
KPD->PER,97.85714285714286,21.0,184.3330591395079,77
PPI->JBP,32.701298701298704,2.0,87.34747080589064,77
VPT->TEN,4.454545454545454,0.0,27.057709016560892,77
MDE->BELA,23.818181818181817,16.0,24.863695406803398,77
TVC->TVP,0.0,0.0,0.0,77
MRDW->HNA,35.0,37.0,27.53179979587241,77
KASR->DEG,41.80263157894737,8.5,52.40178616213818,76
G->DURG,52.723684210526315,0.0,133.36482281663436,76
NGNT->TEL,50.14473684210526,9.0,150.69808261973063,76
SMRL->LDH,6.644736842105263,4.5,8.195452311891714,76
MKRN->SGO,35.13157894736842,10.5,66.0650875233938,76
SLN->BSB,56.88157894736842,0.0,198.45503047997298,76
NMDA->SMRL,2.236842105263158,1.0,4.20434194946964,76
GDA->CYI,30.710526315789473,0.0,92.17082919441468,76
BWK->BNW,4.2368421052631575,2.0,5.828363797962812,76
DEC->PTNR,11.026315789473685,11.0,8.252633816684268,76
HNA->MRDW,69.3157894736842,25.5,94.14516599752618,76
HNS->BWK,8.407894736842104,6.0,7.097751064628753,76
KNJ->RHA,2.6842105263157894,0.0,4.642443397797584,76
HUP->DMM,10.921052631578947,5.0,17.50258126326494,76
MDU->TDN,7.197368421052632,3.5,9.098014049732106,76
ADRA->CJN,12.473684210526315,11.5,8.762760119521738,76
CTC->JKPR,24.210526315789473,22.0,16.742214739572685,76
VRH->RWL,46.25,6.0,93.34111277102568,76
DQN->RNV,16.973684210526315,8.5,18.941294348036184,76
MYS->KRNR,10.407894736842104,10.0,8.747079713182675,76
MS->GDR,69.03947368421052,5.5,168.71533744067048,76
BDWD->BSL,60.21052631578947,13.0,87.26882846155685,76
ADI->GNC,6.342105263157895,5.0,7.878329148711583,76
KWV->PVR,6.671052631578948,0.0,9.592202608222626,76
BDM->BGK,14.736842105263158,8.0,30.775907642636152,76
DING->BHT,5.5,4.0,7.154485772343577,76
SGZ->RMA,19.736842105263158,10.5,32.29875887029413,76
CPH->RIG,51.71052631578947,11.5,103.22400441621753,76
KYE->MAKR,115.84210526315789,63.5,125.85166428581218,76
AGN->DGG,13.407894736842104,8.0,21.335527573559208,76
TDN->TMQ,7.065789473684211,3.5,9.026384327907147,76
BRE->SRO,16.13157894736842,7.5,26.03399936250705,76
VG->SRGT,0.0,0.0,0.0,76
BPC->BEB,7.5,6.0,4.145680482944466,76
SSA->DING,5.473684210526316,4.0,7.026566129977527,76
NAZJ->UJP,14.526315789473685,2.0,29.349150440497375,76
SC->ZN,43.71052631578947,40.5,42.055460458613034,76
DSS->NAZJ,15.526315789473685,2.0,30.94057688934733,76
NRKR->KATL,27.723684210526315,0.0,76.18776781683711,76
SHV->AJP,13.868421052631579,4.5,22.047428938699795,76
JAJ->BJU,17.13157894736842,0.0,55.71937834189301,76
SRGT->VG,5.0131578947368425,0.0,14.703735054788067,76
SQR->LNK,33.6578947368421,19.5,46.02508088179138,76
RMA->SGZ,55.93421052631579,20.0,92.02323409897681,76
RMD->MMM,30.44736842105263,21.5,32.30702492723715,76
KRNR->HLN,13.81578947368421,13.5,9.329109319852263,76
BUA->SKT,113.86842105263158,32.0,154.81759952539963,76
KKLR->MDVL,23.88157894736842,18.0,37.01205825322811,76
BTY->KNJ,2.6052631578947367,0.0,4.295979352428412,76
JHD->GAYA,6.907894736842105,0.0,16.093209857227738,76
JUC->KXH,38.5,27.0,45.942717957619074,76
STD->HNS,6.618421052631579,5.0,6.862394344567417,76
LOV->KXT,0.68,0.0,1.9875286841377333,75
RWL->VRH,36.54666666666667,2.0,84.32342711465398,75
TRVL->KTYM,38.0,23.0,72.45762974392764,75
MRR->RPH,11.813333333333333,4.0,24.997671963677007,75
TMZ->KATI,85.57333333333334,36.0,102.67505464740132,75
GGA->EKC,15.12,7.0,22.21392307491809,75
DKD->KCD,30.68,0.0,46.347150703990195,75
HJP->BJU,116.68,21.0,178.13790285178627,75
TLU->MRK,32.38666666666666,0.0,45.30285276302661,75
AMG->SAN,17.706666666666667,6.0,33.753787908888064,75
MABD->GLA,0.0,0.0,0.0,75
CKP->SWR,109.88,82.0,100.81531951369614,75
EKC->CLG,15.386666666666667,6.0,22.54538565681267,75
NLR->BZA,20.6,3.0,56.025332108233314,75
KCD->VKN,31.72,0.0,48.01395067539704,75
AZR->BOE,50.36,17.0,91.80703029077247,75
UAM->LOV,0.37333333333333335,0.0,1.0876870244068666,75
SOG->LKS,23.48,9.0,50.28818570620359,75
NBD->MB,15.746666666666666,0.0,60.44186246914252,75
BZA->NLR,169.46666666666667,53.0,253.81592251575256,75
NDL->GZL,31.64,19.0,42.4240625244811,75
GVL->GDV,16.053333333333335,10.0,38.88857726172868,75
PIA->ASKN,54.93333333333333,42.0,48.6494169108507,75
MTM->PAV,6.52,2.0,37.4340356764673,75
FTP->BKO,41.32,42.0,30.00052251797211,75
BPB->NHLG,22.586666666666666,12.0,39.51739040149468,75
MNV->PIA,49.70666666666666,38.0,48.08628880638607,75
PIL->KCI,39.93333333333333,33.0,47.02222974392102,75
GZL->DMT,35.42666666666667,24.0,42.24067891209793,75
GLA->DKJ,50.38666666666666,8.0,59.36827192795586,75
SHG->AMH,26.173333333333332,0.0,53.729646890287256,75
QLD->PYOL,0.0,0.0,0.0,75
CH->MB,44.85333333333333,6.0,85.4066098672053,75
SRO->KGA,15.293333333333333,7.0,25.902506052886462,75
GZL->NDL,11.373333333333333,5.0,18.69873050563922,75
PYOL->BDJ,32.013333333333335,19.0,31.390949519116365,75
SGUJ->NMZ,32.17333333333333,0.0,53.81835649195816,75
CBM->TLU,35.21333333333333,11.0,45.61391837531116,75
CPH->KRBA,14.866666666666667,0.0,31.59427476930271,75
BJU->JAJ,29.906666666666666,0.0,79.21390359351396,75
KXT->AVK,1.9866666666666666,0.0,2.5758406307368773,75
PAV->GVL,0.0,0.0,0.0,75
PNBE->TEA,17.85333333333333,9.0,24.56084190240544,75
HFZ->SNF,23.173333333333332,0.0,36.687641830227555,75
LPI->HFZ,37.49333333333333,20.0,47.21210716609738,75
NRE->HX,11.853333333333333,0.0,23.305081996140814,75
KLK->CDG,3.066666666666667,2.0,2.978904811146854,75
DMT->GID,35.026666666666664,23.0,43.99384887389076,75
DMT->GZL,44.18666666666667,50.0,35.66575059865929,75
KKZ->AVS,9.14864864864865,9.0,9.840762906766424,74
ASKN->PIA,22.68918918918919,16.5,23.270844640719083,74
YLG->UBL,9.14864864864865,0.0,19.250819183731487,74
GTL->MALM,20.85135135135135,0.0,37.089555607140085,74
UDN->CHM,19.35135135135135,11.0,43.412779013908775,74
BJU->HJP,92.14864864864865,11.0,147.8660706895349,74
SGRL->BRGW,22.716216216216218,8.0,41.30757344414002,74
PIA->MNV,24.743243243243242,18.5,23.809207848611397,74
CAER->TLV,138.82432432432432,115.0,132.5747510112751,74
KOTA->LKE,27.68918918918919,20.0,35.326239103485015,74
MB->ANVT,154.17567567567568,87.5,164.39447696852955,74
FL->NAC,31.216216216216218,11.5,79.93032415631397,74
NJT->ERL,12.878378378378379,10.5,11.959924752022758,74
BEA->DURE,79.77027027027027,38.0,112.63391388072392,74
TLV->KNW,87.14864864864865,54.5,102.68207116081591,74
KQR->GMO,21.945945945945947,3.0,45.41012254899612,74
PUU->TML,9.432432432432432,6.0,10.580521106208984,74
MMK->MLMR,13.378378378378379,12.0,10.977814118200975,74
ANVT->MB,181.25675675675674,66.0,183.26506447719504,74
AFK->TCR,10.797297297297296,8.5,12.845744169967986,74
SHNR->KCG,10.108108108108109,0.0,28.422240745135735,74
SRR->CLT,16.364864864864863,12.0,13.995668923335725,74
BUDI->KOTA,6.472972972972973,0.0,16.69075945888407,74
ACL->VDH,6.9324324324324325,2.0,12.332528633470593,74
SRNR->WPR,15.378378378378379,14.0,14.466496676854558,74
BSR->VR,13.256756756756756,12.0,8.678521449115738,74
SRNR->GWD,32.08108108108108,32.0,33.962814781115405,74
KRNT->SBBJ,0.0,0.0,0.0,74
PSA->IPM,12.878378378378379,0.0,61.7147553908363,74
MLHA->CVR,8.932432432432432,0.0,16.529202950130568,74
AML->ACL,0.0,0.0,0.0,74
BHW->SBG,37.16216216216216,4.5,71.36804607624104,74
BDJ->PYOL,0.0,0.0,0.0,74
GAYA->SSM,22.635135135135137,9.0,44.26123395030243,74
LRJ->MB,61.78378378378378,3.5,155.69079562716968,74
SALE->KGLE,7.216216216216216,4.0,8.425776286776307,74
BPF->TBN,138.2972972972973,118.0,130.58621565319496,74
HVR->YLG,8.945945945945946,0.0,21.327127167120235,74
CVR->VRL,1.635135135135135,0.0,10.02814440055959,74
KCG->SHNR,24.027027027027028,13.0,41.72708885682074,74
GHD->URD,7.324324324324325,4.0,13.117078805379018,74
MLY->CHZ,22.93243243243243,13.5,30.999925356110346,74
BUI->RSR,18.824324324324323,8.0,37.733513358275104,74
MNTT->TRTR,7.581081081081081,0.0,11.702952158588555,74
CGL->MMK,14.162162162162161,9.0,22.89525106410523,74
PVRD->MNTT,8.067567567567568,3.0,11.065596544196508,74
KQN->MDU,13.567567567567568,0.0,78.39452054535742,74
DQG->NJP,26.14864864864865,2.0,55.18975546002967,74
SBGA->CNPA,26.08108108108108,28.0,12.501788098690868,74
SCH->BHET,9.256756756756756,7.5,9.316447101634637,74
DKO->KKDI,24.89189189189189,29.0,16.47128474130808,74
PYOL->QLD,12.135135135135135,9.0,8.607617404296533,74
BNG->RTM,7.5,0.0,35.10775974796096,74
HJI->GHY,25.397260273972602,8.0,50.1934423909769,73
SPJ->DOL,22.041095890410958,20.0,16.01773180308864,73
JPH->SRJM,0.0,0.0,0.0,73
NLP->HMY,31.205479452054796,2.0,115.0409297820309,73
CCH->PUNE,22.863013698630137,12.0,56.312450534814424,73
MBNR->KRNT,44.6986301369863,9.0,88.15495904175198,73
MDNR->GZB,15.082191780821917,11.0,13.182220164399824,73
BSP->USL,6.712328767123288,2.0,16.33969217380962,73
SKM->TNR,66.0958904109589,46.0,52.028615092391874,73
SKJ->LKN,29.931506849315067,20.0,38.34830460076983,73
NMKL->SA,11.794520547945206,7.0,23.55428653139476,73
AUB->TKG,24.876712328767123,18.0,30.47172879420796,73
SNGN->DPA,20.123287671232877,16.0,32.4602086345213,73
HUP->SSPN,30.095890410958905,19.0,38.333030572558606,73
HSA->DLO,44.45205479452055,34.0,35.3836281569953,73
HSI->KRH,15.63013698630137,8.0,24.56482741267089,73
GBB->TK,15.726027397260275,0.0,24.620034904960256,73
KCI->PIL,29.506849315068493,24.0,29.139093293904455,73
TNR->OGL,49.273972602739725,34.0,51.55613452936857,73
KRE->BEAS,33.38356164383562,2.0,120.22128094765112,73
SRP->SHE,9.616438356164384,6.0,24.05758723989534,73
DD->SUR,37.56164383561644,10.0,94.69952280493544,73
CJM->VTM,74.08219178082192,61.0,55.18774859630872,73
MURI->TIS,25.246575342465754,7.0,39.95267367701643,73
THB->MNE,56.21917808219178,35.0,82.26148122760442,73
ANB->CJM,70.97260273972603,56.0,55.277826728751556,73
NEW->MRPR,72.87671232876713,31.0,118.69860820178599,73
SRJM->IBL,37.50684931506849,30.0,33.143259448638375,73
TK->KIAT,0.0,0.0,0.0,73
CJN->JPH,33.75342465753425,28.0,30.044310249806127,73
PGW->DDL,7.890410958904109,2.0,22.419957406439135,73
SSPN->HUP,33.93150684931507,18.0,60.91850858298854,73
MMM->RMD,12.123287671232877,9.0,17.488047668716998,73
RGS->RNW,25.835616438356166,20.0,27.916549103548547,73
RAIR->BONA,23.273972602739725,15.0,25.737057305011795,73
BGP->GGA,11.575342465753424,7.0,16.46875645327234,73
LAR->MAKR,93.3013698630137,22.0,129.03732071376209,73
SDL->UMR,24.972602739726028,14.0,36.4394370469458,73
RGI->HSD,17.80821917808219,0.0,27.49427088516532,73
OGL->ANB,64.67123287671232,40.0,55.50026396196502,73
GNC->ADI,1.7671232876712328,0.0,5.1221755033742085,73
SHE->CGR,8.397260273972602,4.0,24.16651708346086,73
DGHR->JSME,11.876712328767123,4.0,52.25869018787408,73
DUMK->BRPS,15.547945205479452,2.0,31.275674384722358,73
GTL->BLL,59.863013698630134,32.0,61.78172038819256,73
DLO->BNV,46.67123287671233,38.0,36.26907727685472,73
BORA->SGUJ,14.876712328767123,0.0,23.27728101096256,73
KKDE->PNP,49.794520547945204,14.0,98.67946973578844,73
CDG->KLK,5.671232876712328,0.0,15.835135682084164,73
JUC->KRE,33.013698630136986,0.0,119.69225505792913,73
MRPR->NEW,56.97260273972603,40.0,69.72146421510612,73
BRPS->NNHT,15.561643835616438,2.0,31.208966972370238,73
MRIJ->DMH,13.583333333333334,11.0,18.027951693232403,72
VZM->DVD,163.18055555555554,74.0,223.8614590679357,72
CHZ->BG,29.569444444444443,25.0,23.617746006923998,72
GRMP->BLGT,5.875,0.0,16.98378472726182,72
VAPI->BSR,19.40277777777778,0.0,70.3971949909782,72
MRND->RPAR,13.847222222222221,10.0,18.372253821595567,72
MBB->CSZ,1.6944444444444444,0.0,3.4175969190493287,72
RNW->RGS,5.722222222222222,0.0,8.710075470998236,72
SEG->JM,159.22222222222223,21.0,277.3634531314829,72
LHA->JHL,30.23611111111111,2.0,109.07969603034282,72
DMH->SHC,4.902777777777778,0.0,13.091401029212582,72
CRJ->BRR,21.694444444444443,0.0,64.10414916783532,72
SDF->NPS,24.416666666666668,23.0,29.272276938822138,72
UMR->SDL,68.44444444444444,4.5,136.74030994212092,72
KI->BZA,53.625,37.0,96.82195617308659,72
SDGH->SDF,22.708333333333332,20.5,29.171391300768207,72
KTE->UMR,40.486111111111114,9.0,52.86149669230773,72
KIGL->YY,18.430555555555557,20.5,13.687484145094826,72
PER->KPD,127.0,0.0,271.7846081724214,72
PER->TRL,5.569444444444445,6.0,4.796789973847941,72
PFR->SFW,35.31944444444444,19.0,56.69434390371694,72
BDH->BHP,16.416666666666668,10.5,18.56071119327059,72
BEB->REJ,5.888888888888889,5.0,6.47760074596298,72
MAKR->LAR,103.52777777777777,49.5,125.49338933514848,72
MAKR->KYE,102.79166666666667,25.0,139.22228022072886,72
EE->PRH,0.0,0.0,0.0,72
GBX->HTE,41.94444444444444,0.0,69.59559013245158,72
BG->CHZ,44.083333333333336,0.0,73.52967207907524,72
CNGR->QLN,14.208333333333334,0.0,69.45135849775077,72
NNW->GGC,21.708333333333332,21.0,20.11546773638438,72
ATS->BRGA,25.180555555555557,11.0,36.89624828780264,72
HIJ->JER,157.75,56.5,210.16892937168294,72
CJN->ADRA,21.569444444444443,16.0,23.236582612725066,72
CSZ->BPC,0.5972222222222222,0.0,2.5874002517194374,72
KGP->GMDN,0.0,0.0,0.0,72
JAM->KMBL,22.208333333333332,0.0,48.89941890262179,72
GZO->BNDP,14.652777777777779,4.5,24.902717608485027,72
GZB->MDNR,36.916666666666664,16.0,58.95420758138724,72
SBZ->CPJ,19.77777777777778,0.0,75.13053845858342,72
SC->BN,19.22222222222222,15.5,33.18077766207087,72
SSM->GAYA,20.34722222222222,3.0,44.795359330263075,72
PRH->NZD,39.68055555555556,36.5,28.29712889874807,72
YY->BGNR,21.73611111111111,26.0,15.200067694026021,72
MAG->NBR,28.458333333333332,21.0,26.588114203557353,72
MRR->NHT,8.333333333333334,4.5,11.217441148296386,72
GGC->NNW,59.08450704225352,17.0,112.99668092203585,71
SRGH->LHU,4.436619718309859,2.0,5.805741971448112,71
DRD->BOR,9.267605633802816,8.0,11.247803273120706,71
KKW->VBW,73.7605633802817,66.0,48.37899921859024,71
UMR->KTE,21.91549295774648,8.0,51.99416079272013,71
LKN->SKJ,19.028169014084508,10.0,27.481927480221774,71
SKT->BUA,133.5211267605634,83.0,145.09886867284956,71
PTRU->RAY,22.676056338028168,18.0,15.72511607759776,71
LMG->NHLG,20.87323943661972,0.0,50.3530193668278,71
NWH->DOB,5.084507042253521,2.0,6.595986829392636,71
CRWA->SRGH,9.464788732394366,8.0,8.381665340688556,71
PLJ->NIU,12.732394366197184,9.0,13.550917466544867,71
DOL->SPJ,20.802816901408452,5.0,50.72773817669322,71
BEAS->JNL,47.056338028169016,3.0,95.77248148218534,71
CYI->GDA,10.985915492957746,0.0,32.239502370205265,71
UCA->NRW,75.59154929577464,11.0,179.49799660360623,71
NIU->BH,11.591549295774648,7.0,13.482875344873303,71
JYP->KPRR,25.12676056338028,10.0,40.65250987769558,71
SLY->TPT,28.309859154929576,16.0,36.982849905364745,71
HVD->DHG,23.43661971830986,21.0,22.77638651534033,71
PNP->KKDE,61.57746478873239,13.0,115.43602581663156,71
KPRR->JDB,11.605633802816902,0.0,38.106796871514156,71
NNA->MNE,54.929577464788736,22.0,69.99741300192294,71
VM->PRT,7.788732394366197,5.0,9.789083559846135,71
SLI->KRD,11.028169014084508,0.0,24.068931860082866,71
PSA->MMS,7.225352112676056,0.0,19.300775101459077,71
BSL->BPL,9.366197183098592,0.0,36.5127138079013,71
SONI->BIX,18.112676056338028,2.0,53.55092350698262,71
PAO->KSB,8.661971830985916,5.0,10.452537165645248,71
BTI->PUL,9.76056338028169,10.0,6.195539383257683,71
RBG->CKR,13.690140845070422,14.0,10.450689039888744,71
MMS->SPT,9.929577464788732,4.0,19.635480963705888,71
BZA->KI,44.76056338028169,16.0,65.52348865401135,71
SGO->MKRN,15.56338028169014,11.0,18.04259436077876,71
AKV->PAO,9.140845070422536,4.0,12.685532563456338,71
SV->BHTR,37.23943661971831,7.0,80.02972033451653,71
JNL->ASR,42.098591549295776,0.0,90.75778674654192,71
RGU->BNDA,34.29577464788732,29.0,33.216344671259655,71
BUG->CPJ,94.46478873239437,13.0,150.4072406108463,71
PUL->BNN,18.760563380281692,17.0,27.829308696681835,71
JIND->UCA,75.54929577464789,11.0,179.37110682543795,71
MHBA->NCB,50.774647887323944,15.0,73.17692789848424,71
RAY->KLRE,23.929577464788732,20.0,16.23604802694299,71
KIM->SYN,9.95774647887324,5.0,12.266605794034364,71
BZA->GDR,94.01408450704226,0.0,220.41347463073296,71
VBW->KKW,141.0281690140845,133.0,89.94410515600167,71
KTYM->TRVL,40.87323943661972,0.0,90.11531177607384,71
MNE->THB,94.50704225352112,26.0,168.4598191379294,71
RPH->MRR,18.887323943661972,15.0,32.050205836546354,71
KKZ->EKN,0.0,0.0,0.0,70
JM->NN,165.71428571428572,24.0,279.8093627867116,70
UR->BDVL,20.15714285714286,0.0,39.744340847466404,70
PAD->UVD,3.157142857142857,0.0,4.680009024782932,70
GTS->JGM,107.44285714285714,46.5,137.4623675209766,70
GVD->DRD,5.914285714285715,1.0,8.08244269495208,70
JMKT->OPL,41.75714285714286,48.5,37.79097189721134,70
CHE->TIU,14.614285714285714,4.5,25.850906331849444,70
BLD->SJN,11.7,5.0,15.475412944315943,70
GWL->SVPI,73.14285714285714,19.5,123.03991171882559,70
RHA->KNJ,3.9285714285714284,0.0,7.096276689725596,70
TTL->VPT,12.371428571428572,12.0,7.169119422350661,70
BMD->TDD,27.485714285714284,28.0,18.13695311575187,70
KNJ->BTY,6.185714285714286,4.0,7.4877539774841155,70
KATI->TMZ,78.97142857142858,43.5,90.00772453623343,70
DOE->ADTL,76.48571428571428,28.0,113.78886408635121,70
SML->SHZ,8.728571428571428,6.0,9.808191531470644,70
SMPR->KAWT,14.185714285714285,4.5,30.779860184228628,70
RVKH->MCI,35.042857142857144,35.0,30.653006904676356,70
UBR->GVD,7.557142857142857,4.0,9.093134397318773,70
KPD->VLR,46.357142857142854,2.0,103.00851740698478,70
VPT->CVP,16.12857142857143,0.0,66.14957171826069,70
BD->NGP,12.057142857142857,0.0,44.09110650548302,70
UJN->INDB,3.7142857142857144,0.0,12.637811745483695,70
BPHB->BIA,10.728571428571428,4.0,25.429026794722365,70
NNL->AEL,13.257142857142858,4.5,33.669185892666725,70
NMK->DBLA,14.014285714285714,5.0,33.25504989750128,70
SLR->SOL,6.685714285714286,2.0,10.128940968066484,70
SVKS->TTL,0.0,0.0,0.0,70
ABKP->BSPR,6.642857142857143,2.0,24.167312763548615,70
DGI->BL,2.757142857142857,0.0,4.660769714019578,70
GVL->PAV,44.285714285714285,22.0,98.66810753802149,70
QLN->CNGR,24.428571428571427,20.0,25.199822537085875,70
BEB->BPC,3.6285714285714286,0.0,5.209165357973203,70
KDZ->SLR,6.457142857142857,2.0,9.738145099519523,70
GDV->GVL,0.0,0.0,0.0,70
BINA->BHS,38.07142857142857,3.0,98.05268052098269,70
SJN->UBR,8.557142857142857,3.0,13.733103678555795,70
MJF->KCG,60.385714285714286,0.0,126.9680198074705,70
TGN->CCH,55.128571428571426,22.0,105.78881360940828,70
SHZ->JTO,9.1,7.0,10.94935641017779,70
BPB->SCL,11.67142857142857,0.0,36.0899526058019,70
BRGA->ATS,37.98571428571429,13.5,62.54331666634997,70
CPJ->SBZ,35.22857142857143,7.0,92.31329318889497,70
NH->BP,5.514285714285714,2.0,12.774230011274748,70
NGP->BD,75.44285714285714,12.5,117.63670871838958,70
TVI->SGS,7.285714285714286,2.0,10.431478082690296,70
BZA->MAS,126.47142857142858,0.0,252.16826228765584,70
JJK->ETW,44.642857142857146,23.0,94.32061199330128,70
PAV->MTM,28.52857142857143,0.0,96.11085408678836,70
OPL->KZJ,28.914285714285715,22.5,31.975870820038555,70
KAWT->NMK,14.114285714285714,5.0,32.64279349065742,70
RPAR->MRND,13.714285714285714,12.0,11.335647066221576,70
JTO->TVI,7.128571428571429,2.0,10.041827636313657,70
FM->BDVL,38.25714285714286,27.5,37.37459639228954,70
KANO->KDZ,8.17142857142857,5.0,9.080910744996459,70
NGT->TVR,20.463768115942027,17.0,21.893847987737217,69
RC->GTL,42.20289855072464,10.0,107.72508306279748,69
NGP->PAR,49.44927536231884,34.0,87.92402071439194,69
PDPL->JMKT,67.7536231884058,51.0,126.5156821013182,69
BCH->SJP,7.6231884057971016,0.0,14.979497212636781,69
BER->SEU,28.579710144927535,16.0,47.430880297513994,69
BVH->NZM,47.89855072463768,8.0,100.64470777815923,69
SCL->BPB,17.942028985507246,12.0,35.14377363395175,69
DLJ->SGD,14.884057971014492,0.0,30.824234274103638,69
GOM->BDLN,9.347826086956522,0.0,16.90703481060344,69
BPR->IZN,12.289855072463768,11.0,9.42166066490242,69
VYA->UDN,34.21739130434783,0.0,138.94125605546787,69
USL->BSP,21.92753623188406,0.0,56.26704155986347,69
BJP->IDR,8.391304347826088,0.0,14.207720965670857,69
BNU->KMZ,39.17391304347826,28.0,44.84416039160084,69
MNE->NNA,60.69565217391305,24.0,70.15724027619213,69
ST->SYN,8.695652173913043,5.0,13.10961069533036,69
JBP->DOE,35.7536231884058,19.0,60.752246580851896,69
CNS->BDC,9.623188405797102,6.0,25.115674417567913,69
KMZ->BNU,64.17391304347827,36.0,67.87725871482574,69
RU->NLR,17.72463768115942,4.0,37.54130433425022,69
GAYA->JHD,13.652173913043478,0.0,31.48941282724407,69
SNRR->SBD,42.04347826086956,30.0,71.96637997389693,69
KDG->DD,22.81159420289855,19.0,23.274749864277204,69
MDU->KQN,12.492753623188406,6.0,19.9245807309979,69
RN->MAO,111.30434782608695,71.0,137.75087320613875,69
TEN->NCJ,14.202898550724637,0.0,54.80998720449772,69
GDPL->BMO,32.10144927536232,21.0,37.75000776296618,69
TKR->KOV,40.231884057971016,33.0,49.4704739413962,69
KRD->TKR,44.79710144927536,36.0,51.01227640888051,69
PNVL->KYN,114.02898550724638,57.0,143.06631237199196,69
MSR->KRD,35.95652173913044,23.0,45.83712686773126,69
SJP->BCH,17.492753623188406,0.0,77.77184262663027,69
BNDA->RGU,35.11594202898551,32.0,33.768474783043736,69
GDR->KHT,20.07246376811594,4.0,45.377604880854314,69
IPM->PSA,27.27536231884058,0.0,81.50403888548229,69
GHY->HJI,30.26086956521739,19.0,46.097611324459876,69
NWR->SNRR,0.0,0.0,0.0,69
RNW->FL,9.382352941176471,4.0,20.015687438476032,68
SFW->PFR,6.014705882352941,3.5,11.431160146733285,68
GT->CHZ,16.970588235294116,2.0,27.436205836332235,68
RTA->KHRJ,41.60294117647059,15.0,74.31962833195195,68
BTH->CAI,38.720588235294116,26.0,42.77879429623817,68
WADI->TDU,32.294117647058826,18.5,53.40190024667757,68
KYN->PNVL,106.47058823529412,22.5,178.79066977795242,68
PAR->NGP,36.85294117647059,0.0,138.08879521653702,68
BDLN->GOM,8.014705882352942,4.5,14.49394381715654,68
ARA->DURE,43.5,30.5,67.3182461792991,68
DLO->HSA,33.338235294117645,21.0,41.65229573652471,68
BRGW->SGRL,26.691176470588236,0.0,49.04498615813828,68
SVPI->GWL,11.867647058823529,0.0,52.513226311707584,68
BGK->BDM,20.691176470588236,0.0,23.71299621810865,68
GMO->KQR,35.64705882352941,16.5,48.290713147508974,68
AH->IDH,28.558823529411764,28.0,21.234569360095154,68
ODC->DG,3.3529411764705883,0.0,7.292942214616943,68
NZM->KOTA,63.6764705882353,22.0,115.03775385167219,68
BNV->DLO,34.470588235294116,23.5,42.07579180912978,68
PBKS->KDNL,11.794117647058824,13.0,11.459935171509754,68
BVI->BOR,16.191176470588236,15.0,7.265246147263948,68
CAI->NKE,38.60294117647059,24.0,44.80776175628982,68
PLNI->ODC,11.779411764705882,13.0,8.621122253079706,68
RJK->CH,16.294117647058822,12.5,18.61716334062803,68
TJ->KMU,17.83823529411765,6.5,35.471498036574886,68
SBG->BHW,116.1470588235294,0.0,289.8953627337008,68
PWL->BVH,49.10294117647059,19.5,66.97986770506145,68
NAC->FL,6.911764705882353,3.0,13.172489756745746,68
KS->SHG,37.205882352941174,27.5,36.91804510579771,68
BHET->UDN,9.735294117647058,10.0,8.9235854634863,68
KGG->LKN,19.529411764705884,17.0,18.63992712515004,68
KRBA->CPH,19.33823529411765,17.0,12.515793359052273,68
PUNE->JJR,54.55882352941177,27.5,98.67047258318614,68
KMU->TJ,32.470588235294116,2.0,115.43551156811365,68
MYR->KMZ,47.294117647058826,18.0,69.74581971607009,68
POY->UDT,3.3088235294117645,0.0,6.6225696256064595,68
SNKL->PBKS,12.338235294117647,14.0,11.326379582694244,68
SNTD->ADRA,11.397058823529411,5.0,27.942980164508228,68
IDH->AH,30.33823529411765,6.0,56.227578694040844,68
KOTA->NAD,19.558823529411764,0.0,53.1956070324466,68
BHS->BINA,11.5,0.0,28.865876151091435,68
UDT->PLNI,5.455882352941177,2.0,6.550455888269269,68
MB->RJK,16.264705882352942,12.5,16.78451458228536,68
FL->RNW,9.985294117647058,6.0,13.847239767041481,68
MCA->TMZ,103.57352941176471,74.5,111.48513269148461,68
YNK->HUP,18.746268656716417,15.0,16.76426871542847,67
NCB->MHBA,39.97014925373134,18.0,61.6239746117295,67
BU->BKI,15.73134328358209,5.0,29.625737218574113,67
BRGT->BHTN,72.38805970149254,22.0,108.07418260703247,67
TVR->NGT,27.52238805970149,8.0,78.48206863507782,67
CNO->MAO,32.52238805970149,21.0,43.333225480852455,67
PIZ->MQL,15.253731343283581,5.0,37.022656160781565,67
MQL->PAU,11.253731343283581,0.0,29.428569546668307,67
KAWR->CNO,39.62686567164179,31.0,42.38204158742293,67
KRD->SLI,33.850746268656714,0.0,100.89181931147886,67
HJI->JID,35.865671641791046,30.0,37.92612257278219,67
PAR->AMLA,105.65671641791045,35.0,213.38062110178137,67
SYN->ST,7.208955223880597,0.0,19.083974963488497,67
BHTR->SV,46.32835820895522,2.0,100.00884628442859,67
OPL->JMKT,38.43283582089552,37.0,43.52401770969505,67
VM->PDY,12.73134328358209,0.0,82.17434940225205,67
VLR->KPD,31.104477611940297,0.0,92.8356537975085,67
DURE->ARA,23.01492537313433,3.0,45.06846392461862,67
KY->BNE,85.43283582089552,25.0,127.00968990480632,67
PBN->PIZ,19.08955223880597,4.0,47.32951265308243,67
GPI->KMX,13.298507462686567,6.0,19.303803146540787,67
RHG->BU,13.880597014925373,3.0,27.74315224713784,67
RPJ->LDH,20.940298507462686,9.0,38.783345612250116,67
MNE->SBV,24.955223880597014,16.0,30.29322998466264,67
NKD->KDM,61.8955223880597,63.0,52.31551549459682,67
DHD->BRC,28.402985074626866,0.0,84.4777287669418,67
WRR->HGT,36.08955223880597,26.0,45.55906301191613,67
ULG->TNL,14.447761194029852,6.0,25.705961802362733,67
BGU->SMI,133.53731343283582,90.0,138.82137294599994,67
BSPR->ABKP,0.208955223880597,0.0,1.7103722209882732,67
MML->BRGT,80.7910447761194,23.0,123.39276258347896,67
VSKP->AKP,37.791044776119406,11.0,66.19611297602246,67
BNE->GAR,92.4776119402985,24.0,136.24358291354443,67
BZA->KCC,22.104477611940297,13.0,27.118222839084584,67
KKB->BELD,77.97014925373135,30.0,114.24282619865534,67
SGP->GMD,82.88059701492537,0.0,137.45219801455383,67
TNL->RNY,16.55223880597015,10.0,26.083945824209373,67
SDL->APR,61.28358208955224,9.0,127.72838202550365,67
BRKA->RMT,25.686567164179106,0.0,60.05230269730884,67
PVPT->GMDA,9.761194029850746,0.0,18.539139230319616,67
NSL->MMR,11.35820895522388,0.0,23.268330338542874,67
SA->NMKL,10.686567164179104,0.0,24.472129450770506,67
HWH->SHE,5.044776119402985,4.0,4.480370776799939,67
KMX->DNV,14.537313432835822,9.0,19.322877286066706,67
KMZ->MYR,49.3134328358209,39.0,41.027045387020046,67
HYT->SPJ,3.283582089552239,0.0,12.713397812698098,67
GHY->RNY,24.83582089552239,16.0,26.94303587702147,67
UDN->VYA,29.19402985074627,10.0,110.72436960499408,67
TDU->WADI,48.25373134328358,21.0,66.75426289499423,67
MCI->RVKH,0.0,0.0,0.0,67
DNV->VBL,11.402985074626866,5.0,18.095755153921676,67
KOTA->NZM,42.97014925373134,0.0,97.89202000306469,67
KDPR->HCR,25.70149253731343,22.0,23.14448355333731,67
DOZ->AII,1.4328358208955223,0.0,2.647033105292717,67
AWR->DO,21.70149253731343,9.0,67.89274405051158,67
KCG->MXT,0.0,0.0,0.0,67
RMT->MURI,26.567164179104477,0.0,60.37589923556369,67
VBL->SNM,12.044776119402986,5.0,18.914827305438788,67
TORI->KLRE,45.0,0.0,74.96766979939763,67
BIY->MID,10.469696969696969,8.5,9.799873934777382,66
MID->VYA,9.166666666666666,6.0,10.44042930643008,66
JER->BTS,22.59090909090909,10.0,58.22951333968218,66
MAO->RN,50.015151515151516,49.0,39.1437164322773,66
NJP->DQG,32.06060606060606,0.0,63.14327512469711,66
ULG->NMM,63.09090909090909,0.0,136.70976863107055,66
WPR->SRNR,22.939393939393938,24.0,21.732555365257046,66
RGP->ZN,93.4090909090909,81.0,79.58294700842293,66
KHMA->PBE,7.909090909090909,7.0,6.565005765366906,66
BSB->MAU,46.24242424242424,13.5,108.30655362031214,66
SGNR->SDS,8.287878787878787,5.0,8.271852460213685,66
WL->PDPL,42.60606060606061,29.5,73.9463170743331,66
NLR->VDE,34.27272727272727,0.0,68.87257921576749,66
KIR->PRNA,21.863636363636363,16.5,30.222704844402788,66
JAA->BKSC,10.606060606060606,0.0,33.526971364228665,66
J->BDU,40.72727272727273,28.5,39.35031832714383,66
BQR->DURG,85.22727272727273,54.5,94.55756007761707,66
MET->AHH,82.37878787878788,10.0,180.53457074873842,66
SIKR->RGS,22.954545454545453,7.5,77.66663115138697,66
ETW->BIX,14.212121212121213,10.5,25.180893337556338,66
KMNR->BHLK,33.22727272727273,36.5,27.988346725870613,66
THVM->KUDL,77.96969696969697,65.0,72.67524595962074,66
SMI->BGU,179.34848484848484,41.0,242.0163053899305,66
DOE->JBP,22.045454545454547,16.0,23.961784843102418,66
AHH->LDH,80.6969696969697,9.0,182.40107706302865,66
JYM->SES,6.712121212121212,2.5,10.900621226496364,66
BRC->ND,8.984848484848484,3.0,17.284490534974207,66
KRNT->MBNR,15.530303030303031,1.0,29.406550655342446,66
SWV->THVM,103.13636363636364,97.0,74.1252342299864,66
MKDD->AWB,37.65151515151515,33.5,43.47218117521292,66
BPL->BSL,18.575757575757574,0.0,68.64491927102065,66
ZW->JYM,6.333333333333333,2.0,10.479772947237027,66
DAKE->BWN,11.015151515151516,4.5,31.161856577574216,66
PRNC->BNKI,10.878787878787879,8.0,14.93526044841551,66
BPHB->BQR,89.34848484848484,44.0,100.55193719959887,66
NDLS->AGC,163.45454545454547,37.5,247.46220732860212,66
GNP->RGP,89.0,76.0,79.51487524114833,66
BSP->BYL,20.646153846153847,4.0,38.138903517779084,65
CH->RJK,14.046153846153846,4.0,18.16713272749615,65
NNL->RE,1.8153846153846154,0.0,3.1912590956211337,65
MED->WDR,30.553846153846155,27.0,19.174389469770915,65
SBV->MNE,4.3538461538461535,3.0,5.084998676348062,65
JMKT->PDPL,54.53846153846154,39.0,64.950480397347,65
JNU->BTP,74.95384615384616,34.0,76.15761427157798,65
VDE->NLR,41.07692307692308,16.0,50.00447095395185,65
RJK->MB,10.03076923076923,0.0,17.79832263056096,65
MHBA->JPE,42.47692307692308,15.0,75.60942147235762,65
DURG->BQR,32.2,5.0,61.343347235050665,65
FDB->BVH,45.93846153846154,9.0,73.98920464396245,65
JYM->ZW,8.36923076923077,6.0,9.738084434915237,65
BNW->HSR,27.4,13.0,49.295283750070865,65
VG->CLDY,13.784615384615385,9.0,16.321470050684304,65
ASN->BURN,10.784615384615385,4.0,20.054217377284623,65
AKP->VSKP,102.2,40.0,141.23752157270386,65
HGT->CD,159.84615384615384,52.0,266.61361501532235,65
KZK->TVC,3.4153846153846152,0.0,8.984174119827856,65
ASV->SDGM,0.0,0.0,0.0,65
BYL->BYT,24.06153846153846,9.0,40.1924576736252,65
MURI->RMT,28.23076923076923,20.0,33.34983565868862,65
KLRE->TORI,38.353846153846156,31.0,30.822795323241877,65
DLI->ALJN,18.46153846153846,13.0,25.173198125112226,65
MAU->BSB,31.03076923076923,0.0,69.11877667075379,65
RE->DZB,10.923076923076923,5.0,17.03425564515853,65
SES->JYM,9.938461538461539,10.0,10.293925579979383,65
JID->HJI,30.953846153846154,5.0,59.45256269950406,65
BWN->DAKE,0.0,0.0,0.0,65
BHTA->DWK,8.907692307692308,0.0,15.069342923759026,65
TSR->TEL,50.89230769230769,52.0,29.591554473427816,65
RMT->BRKA,13.923076923076923,0.0,27.32290001783514,65
PUT->TRT,12.661538461538461,0.0,44.32841812930114,65
THVM->SWV,49.46153846153846,42.0,29.93956251928464,65
BQR->BPHB,0.0,0.0,0.0,65
BSR->PLG,42.89230769230769,13.0,71.42393748704873,65
GLA->MABD,75.36923076923077,56.0,73.66553833687459,65
PRYJ->BSB,11.461538461538462,0.0,48.03028892111886,65
VR->BOR,4.3076923076923075,3.0,5.448403082908437,65
SJP->SEH,6.153846153846154,0.0,14.168881802685119,65
BONA->RAIR,27.53846153846154,24.0,30.838833535757374,65
HUP->YNK,31.015384615384615,0.0,94.23482840550719,65
PRT->VM,15.507692307692308,0.0,43.59154271362561,65
PRT->TDPR,7.815384615384615,5.0,8.914335904338843,65
GNT->PRCA,13.296875,11.0,12.918154676194865,64
YA->MOO,23.953125,21.5,15.149445678475479,64
PBE->KHMA,9.609375,0.0,15.484367116546933,64
CNGR->KYJ,34.59375,2.0,72.09511326811864,64
HGT->WRR,42.765625,30.5,78.33743498633393,64
RPAN->VNE,35.15625,0.0,127.69659213486138,64
BPL->LAR,37.25,8.5,97.03231338718993,64
CD->BUX,18.890625,13.0,16.842046012551116,64
CD->HGT,127.28125,60.5,200.0968391546517,64
RNY->NLV,45.296875,37.5,36.67561781974936,64
PDPL->WL,120.34375,0.0,204.86776367998485,64
CNO->KAWR,74.390625,66.5,63.20152127652203,64
BTP->JNU,39.65625,30.0,32.0313431570461,64
SPJ->HYT,17.71875,0.0,32.789113926172085,64
SOG->MHJ,50.921875,11.0,138.96411603588504,64
GODA->PYHT,2.09375,0.0,4.506498834575655,64
PVD->BZA,33.59375,13.5,47.25772591577126,64
GLP->PAP,44.203125,26.0,53.834602576073785,64
PUL->BTI,32.84375,23.0,44.18691135303116,64
BNGN->NBQ,37.84375,23.0,45.57332091657442,64
PRYJ->SRJ,17.109375,11.5,21.375046412276724,64
CRJ->KMME,15.640625,0.0,36.276437403833995,64
BSZ->RGU,38.125,28.5,33.54054641725823,64
PRCA->PPM,14.125,11.5,12.810585900383758,64
MOO->TU,12.21875,8.5,12.04945991017789,64
GMO->BKSC,20.921875,0.0,43.677862863984984,64
DO->AWR,10.828125,9.0,13.62601932986218,64
TEA->PNBE,9.453125,0.0,41.00636020644789,64
PPM->NRT,15.203125,13.0,13.031317207964937,64
BSB->PRYJ,18.828125,8.5,41.04374541508624,64
GDA->RTM,23.125,3.0,42.651224884251384,64
SEH->SJP,29.546875,0.0,110.98361521964502,64
MMR->NSL,3.28125,2.0,4.6818418231656285,64
NJT->VLY,15.6875,8.5,23.61454690221317,64
VVKP->DBSI,21.453125,17.0,19.899692657353846,64
MLO->BWT,20.140625,22.0,8.773819619429482,64
PYHT->HSDA,5.375,3.0,9.17294157524494,64
MVJ->CNA,9.484375,0.0,13.939770884113816,64
RGU->BSZ,43.9375,41.5,35.6690586647832,64
KHRJ->RTA,14.375,7.0,19.505392009911453,64
WDR->MED,20.0,1.5,37.8673541185083,64
BBK->JLD,63.109375,11.0,110.4099312860365,64
MAQ->SL,5.875,0.0,11.692488431223088,64
DKZ->VVKP,0.0,0.0,0.0,64
MAO->CNO,76.90625,66.0,60.73824107242015,64
GBD->YNK,12.777777777777779,0.0,35.36101573331508,63
JSME->DGHR,19.365079365079364,3.0,85.9527817837478,63
TMZ->MCA,109.85714285714286,73.0,106.77680325934895,63
SKI->JJP,90.95238095238095,16.0,128.92376198951823,63
STNL->LHU,11.253968253968255,0.0,31.768298386694756,63
BOR->VR,9.777777777777779,9.0,10.620194464601383,63
ASN->JOC,30.444444444444443,7.0,57.017478298686775,63
PLNI->UDT,7.809523809523809,7.0,8.067971609928826,63
KCG->UR,29.666666666666668,0.0,91.80466640750647,63
JJN->DOB,11.380952380952381,8.0,10.406927859144496,63
HSR->BNW,12.984126984126984,6.0,25.06861040932629,63
HTC->MTJ,96.88888888888889,11.0,197.14094443145538,63
VN->GYM,27.952380952380953,11.0,35.50848538817464,63
JPE->MHBA,45.20634920634921,5.0,74.46067564226028,63
HAR->GTM,46.12698412698413,47.0,37.7937919733592,63
GZO->EKI,5.380952380952381,3.0,7.962469570364848,63
BWT->MLO,47.84126984126984,34.0,47.87221106142772,63
GTM->HAR,23.047619047619047,13.0,32.53009949680279,63
NMA->SRGR,70.61904761904762,16.0,105.7750852686703,63
DOB->NWH,10.571428571428571,8.0,10.45067413432029,63
CPH->AKT,98.25396825396825,49.0,116.43175604036959,63
UR->KCG,35.80952380952381,2.0,90.2170960736552,63
ANVT->GOY,313.0952380952381,327.0,199.67592407292844,63
BKSC->KSX,11.46031746031746,0.0,30.127056426571972,63
ODC->PLNI,9.11111111111111,8.0,9.663885398926471,63
AWB->MKDD,0.0,0.0,0.0,63
TRT->PUT,17.38095238095238,8.0,36.213269966394726,63
RTM->GDA,57.492063492063494,0.0,135.199479028376,63
CNGR->KTYM,28.88888888888889,27.0,30.345914914059293,63
SRGH->CRWA,2.3492063492063493,0.0,4.869784158158944,63
DG->ODC,11.761904761904763,9.0,11.47608212019647,63
MHJ->SOG,31.841269841269842,5.0,83.68878723006395,63
SBPY->RAIR,22.03174603174603,11.0,33.30018320881901,63
UDT->POY,5.571428571428571,3.0,6.435070959115207,63
GPI->VZM,25.952380952380953,14.0,38.02267089913789,63
GPB->RBG,45.0,40.0,46.0,63
PAM->PAK,37.65079365079365,38.0,21.535536071249496,63
GTL->RC,15.65079365079365,0.0,60.54567956407862,63
AKT->CPH,28.555555555555557,4.0,71.59175880166245,63
PER->MS,9.126984126984127,0.0,18.180539102241468,63
LUNI->SMR,20.174603174603174,0.0,39.372308789767,63
RBG->GPB,122.77777777777777,22.0,205.1504125179192,63
MDN->VSU,29.206349206349206,8.0,51.749445604061314,63
SKZR->RDM,127.23809523809524,0.0,210.77313245301283,63
SL->MAQ,27.825396825396826,2.0,46.260322189908955,63
VM->TBM,6.380952380952381,0.0,10.005528425742488,63
APR->SDL,47.19047619047619,15.0,88.37198818025357,63
LHU->SRGH,2.0634920634920637,0.0,4.868837762463857,63
BDU->J,22.50793650793651,21.0,15.164552274080599,63
RMF->GHQ,41.274193548387096,18.0,47.64732781279166,62
HGI->VP,5.258064516129032,5.0,6.460308787907409,62
SAG->JHL,3.467741935483871,0.0,10.347594544160673,62
NHT->MRR,11.14516129032258,2.5,30.26324220340715,62
TTL->SVKS,9.596774193548388,6.5,11.142092215189304,62
DDE->AN,10.225806451612904,0.0,48.104196795487326,62
NLV->RNY,38.403225806451616,0.0,113.02349381149928,62
PKO->VVM,16.29032258064516,12.0,38.80822419884742,62
BSR->BVI,5.774193548387097,0.0,18.62698496834915,62
BZA->PER,114.5,14.5,155.66565158045373,62
CGR->CNS,10.306451612903226,5.5,25.990911847758408,62
BE->LJN,26.112903225806452,0.0,52.08602746425257,62
RDM->SKZR,56.38709677419355,20.5,126.98281216320468,62
KYQ->GLPT,35.74193548387097,25.5,44.53620206700552,62
DDL->SIR,15.387096774193548,5.0,34.75740507901225,62
FKM->GOGH,44.806451612903224,29.5,49.85514713045445,62
VPT->TTL,0.0,0.0,0.0,62
NUQ->RMF,43.306451612903224,23.5,43.28009753847885,62
DVG->ASK,35.483870967741936,0.0,80.62821820960207,62
DVD->VZM,45.82258064516129,2.0,104.63151958942272,62
TLHR->DNKL,67.46774193548387,44.5,122.84626107615699,62
VVM->BVRM,7.951612903225806,2.5,38.70079739058837,62
CPR->CI,16.016129032258064,0.0,27.893528208484202,62
GNT->NLDA,40.61290322580645,38.0,43.05252409298863,62
BOE->SM,35.25806451612903,0.0,63.943862542453815,62
NKMG->BPB,26.516129032258064,11.5,33.309153930858635,62
TPU->KHMA,14.903225806451612,5.0,72.37486876511659,62
PDY->VM,24.193548387096776,8.0,109.21430860283822,62
KUDL->THVM,108.83870967741936,107.5,94.62145349022522,62
ULB->BZN,12.048387096774194,5.0,17.779549330764173,62
MDP->MUW,11.903225806451612,7.0,17.306030103642364,62
PPTA->SEE,256.8225806451613,15.0,303.1750305580704,62
MNO->SPP,21.274193548387096,3.0,59.34317239577533,62
ND->BRC,4.661290322580645,2.0,9.762664827662672,62
ZN->RGP,38.32258064516129,28.0,49.24105117785309,62
TKBN->BNL,7.951612903225806,9.5,8.705429659276886,62
MUW->SNQ,24.532258064516128,10.5,87.26607470728561,62
VP->TKBN,0.0,0.0,0.0,62
RGP->GNP,43.54838709677419,33.5,51.97120180473054,62
GGA->BGP,6.080645161290323,0.0,29.00271235879685,62
MDW->MTD,24.459016393442624,22.0,27.86609275953592,61
BNDA->CKTD,68.45901639344262,41.0,145.7097084125936,61
BRR->CRJ,41.83606557377049,3.0,106.9638849219475,61
MOO->YA,14.934426229508198,5.0,18.51834122562369,61
GGH->NMA,76.39344262295081,20.0,105.25148909295368,61
NMKL->RASP,10.311475409836065,2.0,29.205331124988447,61
ZARP->SWV,89.18032786885246,59.0,98.9702831151387,61
PSLI->BSSL,5.590163934426229,0.0,14.707568402221044,61
ZARP->KUDL,58.049180327868854,15.0,96.33559851365229,61
KUDL->ZARP,132.04918032786884,104.0,111.63772155645658,61
MUE->BSX,49.557377049180324,22.0,61.495399445856634,61
RAIR->SBPY,11.639344262295081,7.0,18.31486899296602,61
TSD->GAMI,28.0,8.0,125.45676546125362,61
BLGT->GRMP,19.0,6.0,49.295030175464944,61
RNY->GHY,34.459016393442624,7.0,85.49942958298841,61
SKZR->MCI,59.16393442622951,0.0,118.757761897608,61
GOGH->FKM,50.57377049180328,0.0,123.44883677275556,61
SWV->ZARP,54.049180327868854,13.0,95.04217068044206,61
HIJ->MDN,21.39344262295082,0.0,47.46798173103093,61
BJMD->NOMD,60.90163934426229,10.0,107.65743586612008,61
CPU->SGRL,24.016393442622952,3.0,47.23963441972525,61
BKP->RJPB,54.19672131147541,15.0,81.1674852126004,61
RASP->SA,9.426229508196721,2.0,23.714593971078536,61
SM->BOE,44.49180327868852,19.0,101.75601914232882,61
RGM->BMH,36.73770491803279,20.0,47.859482390063604,61
BTS->JER,32.131147540983605,20.0,38.02257023130519,61
DVG->UBL,6.885245901639344,3.0,11.040981781006822,61
NHR->ENB,55.442622950819676,8.0,202.4266554080073,61
SMI->MFP,28.262295081967213,0.0,70.79192553753198,61
MTJ->HTC,8.967213114754099,0.0,15.706651683405507,61
MTHP->OKHA,1.9672131147540983,0.0,9.444517303908398,61
TRTR->KTYM,24.639344262295083,16.0,37.933728521763335,61
NBQ->BNGN,29.59016393442623,0.0,105.64285384400597,61
SEE->PPTA,72.77049180327869,26.0,108.26131864499942,61
AN->DDE,17.491803278688526,0.0,59.523279185771706,61
LRJ->SRE,32.22950819672131,0.0,44.027413218971866,61
NW->CT,4.032786885245901,0.0,7.521008826646316,61
TU->MOO,12.868852459016393,2.0,17.475197099352048,61
IPR->EKR,0.0,0.0,0.0,60
LMK->PPD,21.533333333333335,8.5,74.71515778113493,60
NIU->PLJ,9.633333333333333,5.0,14.324290933043192,60
CSA->BXR,11.85,3.5,22.17406104101924,60
PNQ->GUV,6.833333333333333,0.0,18.7084379283123,60
NITR->NGP,84.56666666666666,26.5,104.57911880674592,60
SOD->HP,10.383333333333333,7.0,11.424166574455398,60
SNT->SURI,8.15,2.0,13.079709995230093,60
DYD->SGJ,39.766666666666666,6.5,62.25381798016361,60
PNVL->KJT,22.6,13.5,45.79438201055685,60
MBDP->CIL,14.683333333333334,5.0,23.410479810797373,60
FTG->RBL,17.566666666666666,14.0,20.952218980957326,60
CNB->BKO,19.033333333333335,18.5,14.323107638685766,60
RTM->NLI,10.266666666666667,15.0,7.6421371282518615,60
SPE->GDR,17.933333333333334,6.0,40.630149391160536,60
CSA->GMR,60.45,49.5,75.89989504470088,60
KQK->KZE,13.35,11.0,8.56841855946414,60
KQN->SDN,9.783333333333333,8.0,10.060986349642048,60
KLAR->BTX,84.33333333333333,88.0,51.01733393251673,60
RURA->PNKD,53.983333333333334,28.5,66.00757318303805,60
URN->KSE,5.6,4.0,6.618412938953603,60
RMU->NRS,39.8,37.5,28.673379847245197,60
AUNG->BKO,27.6,20.5,32.40537724786229,60
URPR->PLP,5.25,0.0,15.737922461043913,60
PAR->TEO,40.36666666666667,32.5,33.707599438212824,60
KPGM->KRBP,19.866666666666667,15.0,28.717482224434896,60
KLBA->TNH,35.81666666666667,26.0,36.41264990969935,60
KLL->GNC,12.866666666666667,0.0,39.62513611874889,60
BONA->BAMR,30.116666666666667,27.5,22.480192159944327,60
BTI->BCU,9.3,8.5,6.679845730482915,60
BXR->ZNA,33.666666666666664,32.0,21.59462163631998,60
ISHN->MCSC,60.71666666666667,32.5,75.83346867809367,60
DKGS->BJU,7.733333333333333,0.0,23.664939859020848,60
PUNE->KK,14.983333333333333,6.5,32.163507938933726,60
GHQ->RMF,35.733333333333334,29.5,41.88356203048616,60
SIL->DEG,5.616666666666666,0.0,10.158225633573949,60
BAB->TBT,103.71666666666667,77.5,100.28046967814849,60
NRS->RMU,34.56666666666667,15.5,51.27968067097837,60
PNYA->BUG,2.716666666666667,0.0,9.697267947711744,60
KLK->CNDM,5.15,5.0,4.901832932862454,60
CYN->MVLK,16.316666666666666,11.0,17.198237657709974,60
PVRD->ETM,5.983333333333333,0.0,12.521834038335433,60
NIU->VRE,7.25,4.0,8.863608707633357,60
PUN->PSA,16.366666666666667,0.0,31.23718268219629,60
SKN->JOP,34.96666666666667,20.5,51.87075419967342,60
PVRD->VARD,14.883333333333333,11.0,13.880960825761582,60
LNL->CCH,16.8,15.0,15.44679221814382,60
BXR->CSA,59.2,49.5,76.3415163501752,60
LC->LJN,12.116666666666667,0.0,42.38727489997827,60
JAIS->FTG,13.65,0.0,22.77288381580461,60
MZM->BSKR,42.65,14.5,70.4760627711907,60
PNYA->KZA,17.85,0.0,79.00071336300962,60
ANAS->MGN,9.4,6.0,9.576100193463633,60
BPF->HD,141.81666666666666,111.5,133.73430421658378,60
RXL->RGH,11.3,8.0,16.46187171432772,60
BWK->SUI,0.0,0.0,0.0,60
MKP->JTW,95.91666666666667,53.5,101.75082420299456,60
MYG->VS,8.166666666666666,7.5,8.271180652030946,60
BHT->DING,18.1,10.5,19.971759723186086,60
SMZ->AMH,190.83333333333334,0.0,388.47717323453355,60
SMK->SNP,54.25,51.0,42.82784813962972,60
PRP->TKN,25.45,23.0,20.169976849309844,60
AUN->JKZ,12.9,11.0,9.82162953789548,60
BST->ASH,303.28333333333336,311.0,136.8792727579105,60
NWP->TEK,0.0,0.0,0.0,60
MKX->RMA,106.88333333333334,43.0,169.22736602697975,60
KNW->CAER,12.366666666666667,0.0,29.359239972305353,60
HTN->MTY,35.0,24.5,35.11723706362804,60
CGN->VGLJ,40.6,12.0,57.41882995932872,60
RMF->NUQ,38.78333333333333,36.5,42.67380876840337,60
JRS->BIM,5.833333333333333,6.0,5.663342328314934,60
NDLS->DKZ,102.71666666666667,36.0,144.8286060874817,60
BWK->HNS,22.516666666666666,19.5,20.682828107661525,60
BSSL->PSLI,2.05,0.0,4.55261146886495,60
MFB->JUDW,3.5166666666666666,2.0,5.251284481016523,60
CCH->LNL,9.366666666666667,8.5,5.620684157242803,60
BNP->GDG,8.2,0.0,14.917626929922163,60
STD->MAYR,0.0,0.0,0.0,60
STLR->DGA,24.55,18.5,32.72765119195651,60
STLR->SEE,25.55,19.5,25.129107304046936,60
PGR->ED,7.2,5.5,7.7826403954842815,60
CC->DEOS,26.216666666666665,8.5,48.62972922988315,60
UBR->BLD,8.466666666666667,7.5,8.66410218468519,60
GMR->CSA,13.766666666666667,7.0,21.851863874787885,60
YNK->SBC,20.116666666666667,0.0,87.36230651070322,60
DNWH->FUT,13.083333333333334,10.0,17.35598530734284,60
SMP->COR,4.533333333333333,0.0,9.035648170059929,60
HRI->ROZA,5.533333333333333,0.0,11.948287823822456,60
BHLP->GYN,20.1,3.5,57.07197359029671,60
KOHL->SNKB,36.7,28.5,31.250925410026674,60
GMDN->KGP,6.616666666666666,3.0,10.224748418713718,60
TDPR->PRT,22.766666666666666,13.0,39.16214302521867,60
BLD->UBR,15.566666666666666,15.0,9.894985319002595,60
GMO->TELO,19.6,9.5,59.0527486121016,60
UBR->DRD,8.316666666666666,8.0,9.254392757535982,60
PPD->SAT,21.516666666666666,9.0,74.40464074889248,60
JTB->SWA,24.833333333333332,10.0,34.17659356961427,60
TVC->CRY,0.0,0.0,0.0,60
MCSC->DAYG,36.11666666666667,33.0,28.32743873545108,60
DAKE->BNXR,0.0,0.0,0.0,60
HNS->AUN,0.0,0.0,0.0,60
KMZ->SHR,45.18333333333333,17.5,96.771002041718,60
GJH->DRI,0.0,0.0,0.0,60
GJL->HPU,23.033333333333335,7.0,46.41228894346573,60
BHTA->KMBL,14.316666666666666,11.5,15.673027317998732,60
CRLM->BNCE,0.0,0.0,0.0,60
GNQ->BWRA,29.233333333333334,22.0,27.70508529877556,60
ETM->PVRD,17.816666666666666,18.5,9.301889122266395,60
JRC->TDO,34.45,26.5,42.342199569776476,60
BCU->PUL,18.55,16.0,27.033203062097733,60
SASN->KARR,8.483333333333333,7.0,8.916736627847406,60
KEH->PRF,2.566666666666667,0.0,7.193138601323703,60
RMA->JHW,116.91666666666667,57.0,172.50795036128946,60
RMA->MKX,16.2,13.5,19.893615362808994,60
IBL->SRJM,0.0,0.0,0.0,60
KPGM->SPJ,22.316666666666666,15.0,35.86816333802078,60
HP->SOD,13.166666666666666,7.5,17.809887433543203,60
TCR->CKI,25.7,20.0,33.53232692719882,60
GNC->KLL,17.566666666666666,17.0,5.654956328164378,60
DARA->DKNT,17.55,10.5,26.28231666903672,60
HTZU->BRYA,39.68333333333333,28.0,44.519084335333055,60
TEO->GDKP,47.0,36.5,36.47799429514471,60
GLGT->FKG,0.7333333333333333,0.0,1.8120750037482,60
TELO->CRP,23.316666666666666,14.0,58.362540710562705,60
TELO->GMO,23.55,9.5,84.04224623689191,60
PTNR->DEE,14.766666666666667,14.5,8.30635180003765,60
SNKB->MER,35.05,27.0,33.00458365701469,60
THV->MNGD,21.516666666666666,21.0,15.796901290932983,60
IAA->BLTR,93.33333333333333,69.0,85.88811536866972,60
IAA->KER,27.416666666666668,16.0,30.504954677674995,60
BWRA->KSWR,34.45,26.5,29.017484501239274,60
BST->GAUR,42.28333333333333,25.0,82.21408425396172,60
CRP->TELO,20.783333333333335,6.5,84.48830862187569,60
DDA->EKMA,44.8,23.0,61.606405125947525,60
PRYJ->PLP,25.916666666666668,8.0,40.46270166447985,60
PSR->MSK,24.466666666666665,17.0,36.47402914759879,60
PTK->HRNR,27.316666666666666,0.0,80.76760796987331,60
GIN->KBL,46.88333333333333,27.5,53.63122404057543,60
BMI->BOG,13.55,10.0,17.049703014462036,60
KHRJ->CBK,33.766666666666666,19.0,44.799124789675346,60
SEE->STLR,22.366666666666667,16.0,32.620554332686496,60
JKE->KTE,27.333333333333332,23.5,32.15411335505486,60
JLD->GD,69.08333333333333,16.5,112.24372568122577,60
JLL->BSB,22.35,0.0,51.41681615046627,60
BSKR->BJO,34.38333333333333,8.0,58.257200520016234,60
JKR->AMLA,17.516666666666666,3.5,27.10587631996882,60
JKZ->BWK,16.7,16.5,8.9580945310439,60
MJA->BDL,36.1,13.5,42.01884161715381,60
CCD->HTN,40.88333333333333,30.0,38.62689484866364,60
SRP->HWH,35.13333333333333,0.0,75.93897341692089,60
GZB->GZN,0.0,0.0,0.0,60
PDU->DUSI,56.45,41.5,47.504299537792065,60
KSWR->KOHL,34.93333333333333,26.5,30.817597144899388,60
KT->BTJL,185.96666666666667,98.0,200.67715590957238,60
PKU->MCA,53.56666666666667,0.0,123.23937939136322,60
ASN->ULT,13.55,9.5,11.594015113008863,60
ASR->BAT,26.283333333333335,7.5,79.10625586838327,60
TNH->NRKR,39.166666666666664,30.0,35.01291125859515,60
MAKM->ALLP,30.5,9.5,65.09250262745385,60
CHH->SWPR,1.1666666666666667,0.0,3.6414127760595507,60
GT->BN,15.483333333333333,4.5,25.406186132225965,60
ATE->KHU,43.46666666666667,31.5,37.31336229354998,60
BMI->MGN,105.9,27.5,175.25987483966077,60
RK->JWP,23.85,9.0,48.186370180647984,60
KJI->RJA,9.266666666666667,5.0,16.11491220826927,60
ADI->MHD,1.8833333333333333,0.0,3.9961492764345055,60
RGH->RXL,1.75,0.0,12.194226196949641,60
EKR->HIL,10.116666666666667,6.5,14.653155692594426,60
ELM->PAZ,21.75,18.5,27.779778647334737,60
CDG->CNDM,26.633333333333333,7.0,40.620178114534376,60
CBE->ED,26.033333333333335,13.5,61.14361162818118,60
MAYR->HNS,12.05,10.0,9.494735383358508,60
DAYG->KURJ,10.083333333333334,0.0,22.46374983161038,60
BUG->PNYA,17.666666666666668,0.0,78.83466214047131,60
BUG->SBZ,18.716666666666665,0.0,48.252545964854505,60
SRJ->PRYJ,18.283333333333335,9.0,30.53483238369854,60
SRJM->JPH,18.65,9.0,27.78844107946897,60
EKMA->CW,17.9,10.0,25.623545845470233,60
RGH->SGL,14.45,10.0,17.748167725912403,60
CGR->BDC,2.55,0.0,4.220310053675268,60
CAER->KNW,89.85,56.5,105.26944041242815,60
CW->DDA,19.233333333333334,10.5,27.566478455966713,60
AMB->NRLR,29.466666666666665,25.5,20.544673660567327,60
RNH->KUH,26.083333333333332,24.5,22.04178748378239,60
DGI->JRS,0.0,0.0,0.0,60
CYI->DRL,9.45,8.0,10.936527196447878,60
NLDA->CTYL,65.63333333333334,64.5,35.903810603043354,60
DLI->SBB,28.866666666666667,12.0,64.81380546250215,60
SBZ->KZA,6.333333333333333,0.0,15.74873324652038,60
RJA->KJI,23.966666666666665,8.0,47.457373082451646,60
SBO->CLG,12.116666666666667,0.0,24.003595540461355,60
ST->URN,5.25,3.5,6.5136753144208,60
DDP->EKMA,15.983333333333333,2.0,28.285165104198192,60
SUR->DUD,44.63333333333333,23.5,59.76450016712253,60
SDE->DNR,9.466666666666667,4.5,12.781695952119556,60
MRN->RTM,18.516666666666666,18.0,19.43567545072691,60
UCA->JIND,31.666666666666668,9.0,69.42052318693675,60
JTW->MKP,8.783333333333333,0.0,25.645623848892235,60
KATL->KLBA,40.516666666666666,35.0,34.39328455671063,60
PERN->SWV,59.18333333333333,47.5,47.89766338969042,60
GVI->CPP,58.45,44.0,47.26392719145673,60
ASH->BST,179.25,168.0,152.55958824702464,60
SBT->CLDY,15.1,8.0,19.381714254875064,60
ROP->BLS,33.083333333333336,10.0,56.47567097812453,60
ABD->CBCC,11.45,8.0,22.266053054910014,60
BWM->JHW,20.916666666666668,18.0,18.465994093281502,60
GTX->SYN,3.7333333333333334,2.0,5.541420813543072,60
KHU->ATE,57.266666666666666,52.0,38.38205206739154,60
VARD->KRPP,15.0,13.0,13.803708664027791,60
DDP->KPS,30.316666666666666,20.0,32.84451901578909,60
DDR->MMCT,4.116666666666666,0.0,8.354622523736444,60
CHE->ULM,40.75,19.0,48.249923157925984,60
NLKR->KUN,27.466666666666665,16.0,34.31235714880784,60
GAUR->BST,40.11666666666667,32.5,36.58706433749718,60
KHGP->ISHN,58.45,30.5,74.210745487178,60
NLI->JAO,22.183333333333334,24.0,9.09738585410837,60
ERN->PVRD,22.983333333333334,16.5,29.25660387086131,60
MTD->MDW,14.833333333333334,2.5,20.990043375466257,60
KUN->TRR,63.916666666666664,49.5,65.32040760526158,60
SUI->BNW,6.05,4.0,5.84959798705599,60
SUNR->LTR,8.783333333333333,5.0,12.555087653565012,60
ASK->DVG,18.116666666666667,14.0,19.457987481652825,60
PHM->PLH,46.2,28.0,54.52749267687924,60
PHR->DDL,15.066666666666666,3.0,35.73720781760754,60
JNH->URPR,3.9,0.0,13.755368751564802,60
BCH->UJN,20.316666666666666,0.0,79.87055028143908,60
DKNT->DARA,44.21666666666667,23.0,86.34245801746192,60
VAPM->CAN,22.216666666666665,16.0,27.49551067619281,60
STP->SPC,3.6166666666666667,0.0,12.930179736670286,60
SRTL->MAKM,41.03333333333333,12.0,76.58095675723246,60
MUT->KAT,77.71666666666667,47.0,93.38440541729248,60
MUW->MDP,20.333333333333332,5.0,60.20717527672478,60
QLN->MYY,0.0,0.0,0.0,60
SPN->MB,133.81666666666666,59.0,143.8057177697634,60
MB->SPN,20.05,0.0,46.14657010226643,60
BRYA->KIUL,16.833333333333332,0.0,41.985133231054284,60
FZR->MXH,24.583333333333332,16.0,31.254717158099,60
TRR->KKDE,63.06666666666667,50.0,65.59399173256976,60
KER->BLTR,30.083333333333332,19.0,30.575991282996092,60
JPH->CJN,18.75,9.0,27.546955290244185,60
KSE->GTX,5.116666666666666,4.0,6.078837050538997,60
CIL->MCDA,17.683333333333334,8.0,23.50441117392155,60
TKQ->PAY,20.6,16.0,27.308780484038895,60
SHE->BDC,5.016666666666667,4.0,5.475652322927555,60
RAA->JUDW,38.75,24.0,48.436792641089816,60
PAY->ELM,0.0,0.0,0.0,60
PAZ->CAN,18.416666666666668,17.0,26.83489485578253,60
SQR->RCF,0.0,0.0,0.0,60
SQN->JNH,4.65,0.0,15.04549597562481,60
KZA->PNYA,5.183333333333334,0.0,14.488442695866675,60
KZA->SBZ,18.583333333333332,0.0,78.54336849450293,60
SWPR->BSB,49.166666666666664,0.0,81.22310071891789,60
BSL->VNA,38.06666666666667,12.5,71.97948546414885,60
MYY->QLN,11.333333333333334,12.0,6.1469757388868285,60
BOD->RNH,24.966666666666665,24.0,22.644613732043346,60
BRC->VDA,13.333333333333334,7.0,17.394394837171326,60
SAW->SQN,2.85,0.0,7.920847840255143,60
SBB->DLI,30.416666666666668,12.5,70.26470330879829,60
SBB->DSA,34.333333333333336,2.0,86.49241500332468,60
KRBP->KPGM,20.45,13.5,35.75454220285295,60
PND->KGB,41.5,0.0,63.27623057619822,60
PNKD->RURA,49.06666666666667,28.0,59.621082230429906,60
PWS->DNR,27.733333333333334,22.0,22.712549108491753,60
NQR->MCS,32.05,34.5,21.13750382132692,60
ED->PGR,15.1,9.5,15.58214971788259,60
ULM->TIU,36.68333333333333,18.0,44.63391264713513,60
MER->KATL,39.583333333333336,33.5,33.74495149518561,60
BAMR->BONA,20.4,15.0,19.07896170290766,60
TKN->GAYA,9.583333333333334,5.0,17.427128342325567,60
MOTH->CGN,51.25,32.0,53.83956865115446,60
MCN->WJR,12.433333333333334,11.0,8.310431808044523,60
MCS->NQR,17.95,14.0,16.683926091616097,60
NGP->GNQ,29.333333333333332,22.0,27.07532910839097,60
NGP->NITR,22.333333333333332,0.0,62.49329907580917,60
RTM->BOD,22.716666666666665,22.5,21.362958332135676,60
NRKR->DDMT,39.75,32.0,33.80984963296036,60
CNDM->KLK,25.833333333333332,7.5,41.82374909905334,60
CNGR->CYN,0.0,0.0,0.0,60
BAT->ASR,5.966666666666667,3.0,14.018107740803263,60
CHV->TKQ,0.0,0.0,0.0,60
CHZ->GT,13.833333333333334,6.0,23.348622916360515,60
UJN->BCH,5.25,0.0,15.282231845168804,60
JHW->BWM,117.15,51.0,171.70726221772068,60
JHW->RMA,17.233333333333334,14.5,19.374425451659743,60
RBZ->HYT,14.7,8.0,17.14375905617759,60
RCF->KXH,16.266666666666666,6.5,24.44008007606141,60
SWPR->KEH,1.8666666666666667,0.0,5.890143063689918,60
BTJL->KT,100.31666666666666,47.0,119.16126256957476,60
KYN->NRL,47.2,17.0,94.50976095226481,60
DING->SSA,12.05,0.0,16.512373378054143,60
KSF->BTP,56.86666666666667,0.0,96.89719638186992,60
MTY->JKR,29.066666666666666,16.5,34.49925897836789,60
MUD->MDNR,36.68333333333333,32.0,35.95641979249026,60
LUNI->BANE,28.7,29.0,16.872703861362,60
SFW->SFY,26.35,14.5,36.91622444290104,60
BNW->BWK,19.683333333333334,17.5,18.544944641368232,60
DUSI->CHE,47.13333333333333,34.5,46.970768647581586,60
DDL->KNN,15.1,6.0,25.31208594555681,60
PBE->IZN,21.766666666666666,9.0,73.33816881849258,60
BILD->MRN,22.733333333333334,21.0,18.202129384341102,60
RAA->MFB,0.0,0.0,0.0,60
CAN->VAPM,12.816666666666666,11.5,14.034451154535379,60
KGB->PND,146.38333333333333,72.0,168.11558691855953,60
MB->LKO,139.11666666666667,55.5,185.20754200577042,60
MGN->BMI,22.55,17.5,30.47945960195355,60
KRND->SMZ,64.63333333333334,0.0,109.2465671285763,60
PNBE->PWS,28.75,23.0,22.669044823731305,60
MJS->KMQ,10.65,9.0,6.806838535433142,60
DRD->PLG,11.4,11.0,11.704265483509616,60
DRI->BAGL,41.5,43.5,37.39505088254962,60
CNDM->CDG,6.283333333333333,5.0,5.781594603411077,60
LTR->VG,6.35,4.0,9.358808051006989,60
NNR->PSR,22.616666666666667,15.0,36.60605287851496,60
KKDE->TRR,33.78333333333333,12.0,71.19371798288097,60
KRPP->ETM,16.7,13.5,14.338876867820176,60
VAK->CRY,0.0,0.0,0.0,60
GDKP->CCD,43.06666666666667,33.0,36.30140617655851,60
SGJ->BBK,26.15,6.5,44.36322534162574,60
SGL->RGH,16.316666666666666,0.0,27.435898583305896,60
SGLA->PVR,12.116666666666667,7.0,15.965101417680884,60
DDMT->PAR,38.083333333333336,29.0,32.21763474714687,60
PLP->PRYJ,145.7,79.5,127.85204637670788,60
APTA->PNVL,65.56666666666666,60.0,43.18166853162509,60
BU->RHG,14.983050847457626,13.0,14.656399714828273,59
PFM->LGO,21.796610169491526,9.0,38.305838062758006,59
BBN->BJMD,56.847457627118644,5.0,103.46360572173259,59
BBK->SGJ,44.50847457627118,31.0,52.27591681326542,59
KUU->GNGD,19.74576271186441,16.0,24.07716991355445,59
CPD->KHTG,3.6779661016949152,0.0,6.524332910717047,59
PDZ->KNDP,0.0,0.0,0.0,59
DBLA->NMK,27.050847457627118,22.0,28.612406116092224,59
GAJ->MKRN,29.47457627118644,3.0,67.69769413182131,59
NKP->BSDP,19.610169491525422,16.0,22.387663589692874,59
MTD->RKB,7.203389830508475,0.0,30.677847596246306,59
MINA->RSJ,0.0,0.0,0.0,59
JRU->HSD,11.40677966101695,4.0,17.686073465385906,59
SME->SMET,3.23728813559322,0.0,18.77299875284093,59
TDO->JRC,14.864406779661017,11.0,17.208115193748924,59
NWU->KFF,4.220338983050848,0.0,7.080979370724541,59
SMDP->BWSN,30.576271186440678,25.0,22.407051991720657,59
LJN->LC,6.559322033898305,2.0,23.819921528027805,59
BRC->EKNR,7.779661016949152,0.0,49.12512798846543,59
DWD->NDB,1.3389830508474576,0.0,3.5748651746533255,59
UMR->NRZB,116.47457627118644,19.0,155.18357937619243,59
LHN->IDR,16.661016949152543,11.0,22.749467723588705,59
HPU->GJL,39.49152542372882,0.0,85.61730667806232,59
KPD->AVD,17.949152542372882,15.0,19.200775602881038,59
JRNA->TLMR,26.0,15.0,28.68677455697588,59
JRNA->JGNR,0.0,0.0,0.0,59
KTE->JKE,33.05084745762712,34.0,12.201503198537294,59
ASN->BRR,12.932203389830509,9.0,11.35761085667723,59
BUDM->TIG,32.47457627118644,20.0,37.096033774517146,59
DUD->SUR,13.728813559322035,3.0,29.90550088279491,59
AGTL->JGNR,0.0,0.0,0.0,59
GWL->DHO,43.08474576271186,0.0,72.7933513768643,59
RHE->GTS,91.05084745762711,23.0,117.15380749825589,59
WR->TGP,25.16949152542373,14.0,44.87651737608391,59
GAYA->TKN,11.220338983050848,0.0,25.870411668218765,59
TNJR->JSKA,31.627118644067796,27.0,24.429277449958693,59
CLKA->KIT,26.847457627118644,22.0,24.42568854027,59
CLG->SBO,23.64406779661017,0.0,60.2963265055533,59
LGL->BQG,0.7966101694915254,0.0,3.188230841256038,59
TCL->BWT,22.610169491525422,23.0,13.652102211687527,59
TBM->VM,4.9491525423728815,3.0,7.262144949629764,59
CLDY->SBT,16.23728813559322,10.0,17.368559568499396,59
KNDP->SMVJ,2.830508474576271,0.0,5.977407298558295,59
PT->TNJR,0.0,0.0,0.0,59
KNGR->PLH,7.4576271186440675,0.0,28.393978255413703,59
NDLS->DSB,0.0,0.0,0.0,59
NWR->MDRR,0.0,0.0,0.0,59
BSDP->KAPG,20.372881355932204,16.0,23.60953803830631,59
RGI->JRU,22.64406779661017,21.0,10.679924305337476,59
KIP->KWMD,0.0,0.0,0.0,59
GZH->RJPB,33.20338983050848,23.0,34.034860253111965,59
BIX->ETW,9.88135593220339,0.0,52.27615159626764,59
KUV->QLN,2.288135593220339,0.0,4.73086289226769,59
MIL->BE,16.203389830508474,5.0,28.38332418444332,59
DBSI->PTNR,24.83050847457627,18.0,21.364773248127214,59
AMLA->PAR,140.79661016949152,27.0,281.4352856134265,59
JOP->SKN,47.898305084745765,12.0,90.81255702995655,59
JOC->ANR,28.338983050847457,11.0,48.51470099610104,59
TGP->SNI,26.966101694915253,16.0,44.999603868637635,59
GNGD->BALU,22.88135593220339,18.0,23.8458300741,59
KCR->SVPI,24.28813559322034,19.0,22.0962243985472,59
JSKA->PTRD,32.69491525423729,27.0,26.025355168193673,59
CKTD->BNDA,198.33898305084745,100.0,213.50406684081847,59
MDNR->MUD,20.949152542372882,12.0,29.16565276131448,59
UDN->SCH,3.5084745762711864,2.0,5.697467318015939,59
LKKD->BBAI,4.779661016949152,0.0,7.434931061086531,59
GKC->CC,11.067796610169491,0.0,33.924797362635054,59
TATA->RHE,83.79661016949153,19.0,104.9506911578853,59
DPS->NOMD,54.74576271186441,10.0,101.1928158177009,59
MKN->GCH,16.576271186440678,17.0,8.47756347118372,59
MKH->RHG,26.1864406779661,9.0,47.632745392896716,59
LAR->BPL,29.677966101694917,6.0,52.59652560898639,59
IHP->KIP,34.11864406779661,29.0,28.238567870398953,59
DNM->CTC,52.644067796610166,25.0,74.82802414176683,59
BHB->KFA,16.23728813559322,5.0,34.296043293978435,59
NRZB->BRS,117.44067796610169,21.0,156.605067869118,59
LLJ->RRS,46.610169491525426,26.0,54.66197598821592,59
PTRD->IHP,32.779661016949156,27.0,26.92970914001611,59
KSRA->NK,73.08474576271186,28.0,97.88245732996025,59
KWMD->RE,21.10169491525424,7.0,32.110635747555904,59
DSB->DKZ,22.203389830508474,17.0,19.71152267690053,59
CTYL->NLDA,57.08474576271186,50.0,34.96120418090711,59
NMD->NNW,5.237288135593221,0.0,8.44115326131825,59
MNE->BHB,13.372881355932204,2.0,33.81791929868804,59
SDN->KQN,10.05084745762712,6.0,12.822963949175202,59
BBAI->NWU,3.9491525423728815,0.0,6.534850152131447,59
KHTG->KBH,4.033898305084746,0.0,6.702974382741346,59
RSJ->BDWS,21.54237288135593,11.0,22.210064535839344,59
AVS->KKZ,8.542372881355933,5.0,11.411310230157932,59
UTL->BME,4.915254237288136,0.0,25.820526541542957,59
USD->LKKD,4.88135593220339,0.0,7.4789007715330955,59
URPR->JNH,6.9491525423728815,0.0,28.451061266681556,59
MLO->TCL,19.06779661016949,20.0,13.137029012233477,59
KLRS->KCR,0.0,0.0,0.0,59
GHH->PT,31.491525423728813,27.0,23.64053567378091,59
MOJ->RENH,0.0,0.0,0.0,59
KBH->DWD,2.8813559322033897,0.0,5.552522712657399,59
GRMR->UCR,44.186440677966104,33.0,48.434981151867554,59
BURN->ASN,25.694915254237287,5.0,35.56550742681984,59
KIT->RBA,26.83050847457627,23.0,24.585636781338255,59
RE->NNL,25.10169491525424,16.0,36.942497215618886,59
RE->AEL,20.23728813559322,17.0,23.18169535248763,59
SEU->BER,5.9491525423728815,0.0,11.19948232919035,59
JJG->BQG,4.745762711864407,2.0,9.79020132993467,59
NMK->NNL,11.203389830508474,9.0,13.351713903952492,59
JPD->DMW,54.79661016949152,36.0,54.585516476448085,59
RKB->MTD,20.47457627118644,18.0,20.76747783418151,59
PLP->URPR,6.101694915254237,0.0,27.448192525916912,59
DUMK->BSKH,11.389830508474576,0.0,56.9331177329888,59
DMW->LLJ,50.45762711864407,32.0,54.80634308680172,59
BALU->CLKA,25.559322033898304,21.0,24.60044237508095,59
KLD->MHH,18.084745762711865,7.0,26.249655587621184,59
SAU->CLDY,11.864406779661017,6.0,16.413259596749754,59
SORO->MKO,27.796610169491526,26.0,21.509243931803503,59
AEL->RE,5.5423728813559325,0.0,12.24508632472395,59
TKN->PRP,13.898305084745763,2.0,28.119630469965056,59
GGN->BDXT,0.0,0.0,0.0,59
KKU->FL,7.576271186440678,8.0,2.8779985252596716,59
TIG->SFC,21.83050847457627,14.0,32.396866888940885,59
BXN->RBS,16.406779661016948,8.0,22.43543890279302,59
AEL->NNL,22.423728813559322,19.0,23.19646479443953,59
SWV->PERN,121.45762711864407,113.0,89.33476792262682,59
BKI->BU,15.101694915254237,15.0,14.373940638931463,59
PARH->MOJ,36.54237288135593,29.0,29.538590792326122,59
KQU->DAKE,0.0,0.0,0.0,59
GGAR->BIY,11.152542372881356,8.0,11.95366566101138,59
DG->SDN,14.559322033898304,11.0,16.75407432325012,59
MLZ->NMD,7.508474576271187,5.0,8.867555899624382,59
ANDN->GKP,27.508474576271187,0.0,90.11302727998876,59
BQG->JJG,1.1694915254237288,0.0,3.6110584100017253,59
KSF->JLL,17.8135593220339,8.0,22.941811382857125,59
NMK->KAWT,27.52542372881356,23.0,29.68940129720241,59
RDL->BBK,152.79661016949152,40.0,334.4667283932798,59
RDG->MOMU,3.016949152542373,0.0,8.429201143119261,59
TML->PUU,4.220338983050848,0.0,8.812349869809806,59
NMZ->NKB,28.76271186440678,14.0,45.36835407130927,59
LWS->KLRS,22.389830508474578,14.0,22.310517814322264,59
KAWT->SMPR,27.440677966101696,23.0,30.957852987592705,59
KAWR->UD,59.3728813559322,50.0,58.5437938950288,59
UD->KAWR,27.71186440677966,15.0,39.85839194615133,59
UCR->RBL,31.45762711864407,24.0,33.34269399056137,59
UCR->JPD,55.13559322033898,39.0,53.61756583856047,59
YFP->KMDR,15.05084745762712,0.0,36.791314440163056,59
DJX->LSX,103.40677966101696,75.0,111.52255356314127,59
HIP->BLS,32.6271186440678,30.0,16.484996632345414,59
PNC->GZH,32.559322033898304,26.0,27.512549604486566,59
BQP->ON,36.03389830508475,18.0,50.56404818667075,59
BNDM->ROU,104.45762711864407,60.0,110.01823078298064,59
DZB->KNNK,12.186440677966102,5.0,18.817155210505327,59
ULT->ASN,26.93220338983051,2.0,41.43123276599,59
NOQ->KAMG,37.83050847457627,14.0,68.00358827813804,59
GGC->PDZ,3.3389830508474576,0.0,6.058935178701599,59
KFF->CPD,3.5762711864406778,0.0,6.2785990910297516,59
SGRL->CPU,25.23728813559322,15.0,31.17765500850471,59
SRC->MCA,19.89830508474576,7.0,43.00348619198144,59
PM->SMDP,0.0,0.0,0.0,59
SVPI->KAW,0.0,0.0,0.0,59
BUX->CD,44.16949152542373,28.0,78.43076290861036,59
BUT->UTL,9.338983050847459,0.0,30.65020119723103,59
RBS->FTS,17.796610169491526,6.0,23.598494736490515,59
MDRR->KTE,19.11864406779661,12.0,27.209332036157864,59
JGNR->AGTL,6.0508474576271185,0.0,18.16250754449715,59
NOMD->DPS,85.1864406779661,33.0,116.8362359025291,59
NOMD->BJMD,71.8135593220339,13.0,108.58581138281615,59
LSX->BRPL,16.491525423728813,12.0,16.599099353793296,59
SWM->MLZ,23.084745762711865,19.0,20.08283547056285,59
SGJ->DYD,42.76271186440678,14.0,52.419836658250055,59
TLMR->JRNA,31.084745762711865,27.0,26.579281622575504,59
NNL->DBLA,24.74576271186441,21.0,26.606061806274056,59
JGNR->JRNA,14.745762711864407,5.0,25.387067859334365,59
BORA->TKG,28.016949152542374,23.0,30.721491705332575,59
VYA->KKRD,5.52542372881356,0.0,9.264980287682826,59
BANE->LUNI,17.338983050847457,7.0,36.70507348634026,59
KKRD->USD,4.88135593220339,0.0,7.948291392543629,59
BDWS->LWS,0.0,0.0,0.0,59
KAMG->NOQ,58.94915254237288,45.0,60.627302296508226,59
DBLA->NNL,9.508474576271187,4.0,14.44295900687745,59
BE->MIL,23.271186440677965,9.0,43.626482983774956,59
BRR->ASN,37.57627118644068,0.0,85.83930523826051,59
BRPL->LSX,18.576271186440678,12.0,22.28205044566413,59
BRPL->DJX,100.84745762711864,69.0,111.16542714216844,59
BDXT->GHH,32.03389830508475,26.0,24.173914483131515,59
DHO->GWL,145.61016949152543,68.0,202.18786219488126,59
BPB->NKMG,63.66101694915254,0.0,155.25058833466085,59
KAW->PARH,26.35593220338983,21.0,25.540206782210728,59
NBR->MAG,12.084745762711865,9.0,25.46416558251142,59
GUV->PNQ,4.610169491525424,5.0,2.658862533260666,59
BJMD->BBN,51.16949152542373,9.0,99.41555982814707,59
BTX->KLAR,32.6271186440678,25.0,26.912308621665098,59
BDVT->SME,0.0,0.0,0.0,59
MRJ->UGR,9.016949152542374,8.0,3.683568010838595,59
AWR->MKH,24.983050847457626,10.0,44.714223427660585,59
KARR->SASN,14.491525423728813,12.0,13.815749235684182,59
MRF->KOHR,29.017241379310345,0.0,33.58231122695731,58
RMR->KPV,3.8275862068965516,2.5,13.131104002215476,58
RMRB->DGHA,86.29310344827586,60.5,96.57721365424237,58
PGK->DBI,30.396551724137932,24.5,29.307169145780406,58
PGT->PGTN,8.017241379310345,2.0,11.761506317347047,58
VDA->BRC,7.879310344827586,6.0,10.392435822416658,58
KASR->KUR,18.25862068965517,21.0,12.502014356750937,58
JOC->ASN,84.65517241379311,67.5,87.03750990619793,58
AAY->VLY,6.603448275862069,0.0,13.038323613012087,58
MRIJ->BNKI,13.60344827586207,3.0,26.154694761671852,58
BTV->JJKR,49.94827586206897,30.0,60.73856037373163,58
DJX->BRPL,41.310344827586206,34.5,36.43990818664253,58
UDZ->UMRA,3.5344827586206895,2.0,6.860043264252553,58
BPRH->CPH,17.25862068965517,11.5,22.926702691615727,58
MGME->TORI,33.93103448275862,31.0,17.70406046097357,58
BNN->PUL,26.586206896551722,14.5,42.44254505768931,58
JEUR->PRWD,102.63793103448276,28.0,103.24926375437126,58
LSX->DJX,38.741379310344826,31.0,35.87921273991468,58
LTR->SUNR,2.6551724137931036,0.0,6.744853071209787,58
SGD->DLJ,10.120689655172415,7.0,12.599189038518,58
BLTR->KER,18.224137931034484,17.5,14.609589620962048,58
AJP->HSD,18.396551724137932,15.0,13.85506387276256,58
KJT->PNVL,26.620689655172413,13.5,64.07748258908607,58
PB->KPG,43.741379310344826,34.0,58.272668308121396,58
HEM->BOKR,9.948275862068966,6.5,9.735848774563086,58
LRJ->CNK,17.551724137931036,13.5,14.368792223344757,58
NRD->SDGM,0.0,0.0,0.0,58
AMSA->TTR,7.310344827586207,3.0,13.270739342102436,58
BAP->PB,0.0,0.0,0.0,58
SGRA->DABN,16.46551724137931,8.5,33.325726597278255,58
PAY->TKQ,0.0,0.0,0.0,58
PAZ->ELM,0.0,0.0,0.0,58
HG->IDR,4.379310344827586,0.0,6.963129932968355,58
SRBA->MWRN,11.241379310344827,10.0,6.923923299228518,58
KZE->BFR,0.0,0.0,0.0,58
SQN->SAW,11.120689655172415,0.0,38.01803707946638,58
NJT->AAY,9.517241379310345,5.5,14.191968792997523,58
PWS->PNBE,51.1551724137931,23.0,78.40197852053647,58
MMCT->DDR,8.586206896551724,6.5,6.683403069396741,58
FGH->CKD,4.931034482758621,4.0,3.9016958479638246,58
UCR->GRMR,11.810344827586206,6.0,13.843051200717076,58
TKQ->CHV,8.086206896551724,4.0,11.419104464162693,58
HDA->JOB,14.086206896551724,6.0,21.627860916329475,58
RASP->NMKL,8.327586206896552,1.0,11.558224733222056,58
RDD->DNRP,2.5172413793103448,0.0,5.90343753355989,58
TME->TN,0.1206896551724138,0.0,0.9191450300180579,58
BSKH->DUMK,13.344827586206897,0.0,88.62884400871214,58
DRL->CYI,16.948275862068964,3.0,37.30689340082889,58
NANA->PDWA,16.70689655172414,10.5,25.565882295904792,58
ADRA->SNTD,17.155172413793103,9.0,38.54858029749226,58
MLZ->SWM,31.603448275862068,9.0,92.18858239903082,58
DMR->NKMG,21.32758620689655,5.5,31.250200241342725,58
R->BIA,94.67241379310344,43.5,104.86054028976226,58
KRBA->URGA,8.258620689655173,7.0,5.385361395707019,58
BKH->GAR,16.586206896551722,17.5,17.778396591367617,58
ULT->STN,2.3275862068965516,2.0,3.1865282820709426,58
SHR->KMZ,14.224137931034482,10.0,15.132216246870279,58
KER->IAA,19.862068965517242,20.0,15.718408334070082,58
DHD->LMK,27.224137931034484,13.0,75.27354631980342,58
IZN->PBE,16.20689655172414,9.0,25.624658231825897,58
SES->RDD,5.4655172413793105,1.0,7.949877009401454,58
ELM->PAY,8.879310344827585,7.5,10.976973644553604,58
BDL->MJA,42.96551724137931,14.5,93.99140787854454,58
ON->BQP,32.793103448275865,16.0,37.75161603172313,58
KLRE->MGME,8.637931034482758,0.0,11.884972489782195,58
NDN->AN,9.862068965517242,0.0,18.886965965013584,58
DZL->MHU,6.793103448275862,6.0,4.141186458897536,58
TIG->BUDM,24.775862068965516,22.0,20.288310612010385,58
DMW->JPD,30.29310344827586,7.5,41.78642800764662,58
URI->DDCC,21.586206896551722,12.0,52.168766108561314,58
BHWA->SJS,3.6379310344827585,0.0,7.877790846851626,58
RRS->LLJ,29.896551724137932,11.5,39.56504289748381,58
SDDN->UB,27.086206896551722,11.0,39.08572875587067,58
JPD->UCR,26.724137931034484,4.0,39.42916949592694,58
SRPJ->ABR,14.620689655172415,6.0,24.86583479127352,58
BNW->DZL,0.0,0.0,0.0,58
CNK->NBD,17.637931034482758,15.0,14.628376984072524,58
KNL->SSA,3.3275862068965516,0.0,8.41758379099388,58
LLJ->DMW,28.53448275862069,8.5,41.18772407696312,58
NSD->BHL,18.896551724137932,0.0,33.01179462543674,58
VLY->NJT,6.137931034482759,4.0,6.9973636034344455,58
DEC->NDLS,4.068965517241379,0.0,7.00842117256971,58
MSK->PSR,27.689655172413794,19.5,31.698252149806176,58
DBI->HMH,24.120689655172413,17.0,29.358687758216515,58
ETW->ALJN,160.86206896551724,8.0,375.5155262646536,58
RMB->LHU,9.793103448275861,6.0,11.402921479595152,58
GND->COM,17.879310344827587,16.0,10.30768336524443,58
CDM->TDPR,27.120689655172413,15.5,39.06902465170241,58
TVP->CRY,0.0,0.0,0.0,58
GBB->AMSA,11.793103448275861,11.0,15.00614917314414,58
TOD->NHM,1.4482758620689655,0.0,3.5549442406518814,58
JNH->SQN,10.89655172413793,0.0,37.339452657248366,58
PDWA->SRPJ,16.93103448275862,9.5,26.063257776583008,58
PJ->MIM,11.89655172413793,0.0,25.574582814708833,58
GKP->ANDN,16.53448275862069,7.0,27.065363064218133,58
PSR->NNR,29.137931034482758,25.0,31.96788315699086,58
HMT->PRJ,0.8620689655172413,0.0,2.6520318318726073,58
SNK->NDN,9.879310344827585,7.0,14.380881053221625,58
PPR->MTD,25.413793103448278,21.0,26.41174279160267,58
MNSR->SGRA,17.017241379310345,9.0,33.40841966536586,58
WR->SNI,21.620689655172413,18.5,17.377973138235205,58
KHMA->TPU,8.862068965517242,0.0,27.743466609346644,58
RHE->TATA,55.41379310344828,19.5,88.87681885182211,58
KTHD->BPRH,11.448275862068966,10.5,6.91089253075808,58
VG->LTR,6.362068965517241,0.0,10.017000068939065,58
MRT->MTJ,4.568965517241379,0.0,19.571830875606693,58
MWRN->KTHD,11.775862068965518,11.0,6.961153119460244,58
DNRP->BHWA,2.913793103448276,0.0,5.9685858407916825,58
RMB->SDLP,14.120689655172415,10.0,26.03579020206331,58
CBCC->ABD,2.913793103448276,1.0,5.390975183594065,58
NHM->NRD,2.4655172413793105,0.0,4.77646098616215,58
DAKE->KQU,2.396551724137931,0.0,3.870444261060923,58
URGA->SRBA,9.275862068965518,8.0,5.4893616522381095,58
NDLS->DEC,6.017241379310345,5.0,4.450473577443289,58
HTC->MRT,8.189655172413794,0.0,30.513417754111106,58
KOHR->ZB,32.46551724137931,3.0,36.820672834338346,58
KATI->RMRB,81.34482758620689,32.0,97.56213525715121,58
UB->BMJ,25.862068965517242,7.0,37.62765326699401,58
UMRA->ZW,6.344827586206897,4.5,7.566203071364155,58
PRJ->TOD,0.9482758620689655,0.0,2.5160705495443345,58
HSD->RGI,21.448275862068964,16.0,16.32796805591087,58
SA->RASP,12.068965517241379,8.0,13.50225721086159,58
JRMG->BSP,10.724137931034482,4.0,15.631494415597372,58
RGS->GND,16.982758620689655,16.0,10.154061289826645,58
UBL->DVG,4.241379310344827,0.0,10.927689511700349,58
NLDA->GNT,14.379310344827585,8.0,16.22519979192741,58
KHED->MNI,106.74137931034483,109.0,80.7255607131353,58
MHU->FGH,0.0,0.0,0.0,58
BFR->KQK,7.620689655172414,0.0,14.782430997055192,58
GUNA->MINA,11.620689655172415,6.0,16.763397455553978,58
JNR->SMI,120.44827586206897,29.0,152.82844095716035,58
KAJ->RDP,5.9298245614035086,0.0,13.72934767090817,57
ZW->UMRA,15.140350877192983,13.0,17.506568763600903,57
ZNA->BXR,29.228070175438596,4.0,76.92482822856991,57
UB->SDDN,39.280701754385966,29.0,55.43198998578764,57
DHN->GAYA,6.894736842105263,0.0,14.860883710656447,57
BHL->NSD,8.385964912280702,0.0,11.635466695110798,57
DNR->SDE,8.649122807017545,0.0,17.619481129937412,57
ANR->JOC,92.52631578947368,74.0,85.81502225783538,57
UMED->KXG,22.736842105263158,19.0,19.706349879262515,57
DWO->DDN,1.4736842105263157,0.0,5.56168417181951,57
ARU->ANF,14.421052631578947,12.0,17.883499346385776,57
AS->RJS,35.43859649122807,34.0,32.558199287616176,57
HSD->AJP,17.982456140350877,10.0,18.756419118407525,57
NYH->SBC,4.5964912280701755,2.0,6.886476522666952,57
DNRP->RDD,3.9298245614035086,0.0,6.166903741294002,57
PRH->EE,34.473684210526315,27.0,34.83589346757465,57
MKP->PNHI,19.350877192982455,0.0,47.69190228812067,57
PRJ->HMT,0.6842105263157895,0.0,1.3384145036044126,57
LKO->MB,99.85964912280701,27.0,166.23578764132537,57
TIBI->HMO,9.947368421052632,0.0,14.75444370427284,57
CKS->CHNN,11.929824561403509,6.0,21.06271218555504,57
BSX->MUE,57.50877192982456,27.0,80.30547099469125,57
KMSI->ARU,0.0,0.0,0.0,57
PTWA->JKE,30.596491228070175,18.0,38.81773326767163,57
MOR->MKA,107.14035087719299,92.0,102.52986300106691,57
DJG->NHK,14.771929824561404,10.0,17.38124763713925,57
KUK->ALM,41.40350877192982,28.0,40.44434431992527,57
MHU->BNW,17.70175438596491,3.0,32.31649562877,57
SNGN->SAS,8.824561403508772,6.0,12.211123159728393,57
PPW->TLR,30.964912280701753,21.0,52.88091909195627,57
BL->PAD,3.3859649122807016,0.0,4.974055495285053,57
NZD->PRH,0.0,0.0,0.0,57
KMDR->YFP,7.017543859649122,5.0,8.182060577154177,57
LLP->RGV,32.12280701754386,32.0,20.11668654859034,57
DPK->SDS,11.017543859649123,0.0,15.270760141139684,57
NRZB->UMR,149.47368421052633,77.0,159.06749525001257,57
BHB->MNE,11.175438596491228,2.0,29.90946028493896,57
PPR->UMED,19.49122807017544,16.0,18.33626656872107,57
BKSC->GMO,31.94736842105263,3.0,51.149787407961924,57
SJS->BHWA,6.035087719298246,4.0,7.280023823255519,57
KLRS->SVPI,19.80701754385965,0.0,27.39814813638429,57
CKD->MHU,15.543859649122806,4.0,30.251959898397256,57
AII->MDJN,2.0,0.0,7.1188883562373295,57
MCSC->ISHN,10.719298245614034,8.0,14.929302904457142,57
NHK->NAM,10.894736842105264,9.0,12.11357592969604,57
MBY->PTRL,0.0,0.0,0.0,57
KURJ->DAYG,30.333333333333332,17.0,34.106625525869674,57
PHK->BARH,34.3859649122807,18.0,43.86535990390078,57
PHK->MOR,102.2280701754386,86.0,105.07497621492196,57
MPU->SLO,61.824561403508774,58.0,35.887285256867365,57
PUW->CKD,15.070175438596491,4.0,30.027879693665405,57
ISA->SURL,0.0,0.0,0.0,57
ISHN->KHGP,13.403508771929825,10.0,16.54847818761032,57
BXT->DHH,14.403508771929825,3.0,34.49475097187294,57
KPL->KTV,46.19298245614035,34.0,39.4961293747751,57
SNI->NGP,16.82456140350877,8.0,34.258535332202534,57
MLP->GDG,17.57894736842105,13.0,17.25330958770877,57
KTE->UDR,41.49122807017544,15.0,103.27219975921771,57
KTDD->BRG,22.49122807017544,4.0,49.335268030884336,57
JSR->IDGJ,45.07017543859649,27.0,59.49965775685568,57
BSR->BOR,42.07017543859649,14.0,61.15841831118439,57
CKB->DPZ,13.543859649122806,10.0,12.431340255635288,57
LOG->MFX,38.45614035087719,22.0,55.52479181649998,57
AUS->TSD,12.210526315789474,9.0,13.00375885507349,57
HMH->DPK,6.719298245614035,0.0,12.311078614061566,57
NRD->NHM,8.526315789473685,9.0,3.40223279184785,57
CIL->MBDP,23.333333333333332,0.0,39.176493194869025,57
UKA->PAW,9.473684210526315,7.0,10.38904860066925,57
BHWA->DNRP,5.771929824561403,3.0,7.245731610156151,57
TLR->PPW,40.21052631578947,38.0,36.12811372745274,57
BVL->MPU,27.473684210526315,0.0,34.54247140589491,57
MFP->SMI,90.78947368421052,0.0,231.84953070303604,57
MFX->JSR,39.92982456140351,22.0,57.143572207305404,57
JHD->BELA,15.649122807017545,5.0,24.958173030141975,57
JRU->RGI,16.771929824561404,11.0,17.143321839984026,57
JRL->PUW,0.0,0.0,0.0,57
KTE->PTWA,26.43859649122807,20.0,33.44559417058634,57
MIM->PJ,29.57894736842105,16.0,54.86833180065224,57
RWL->DWO,6.824561403508772,0.0,10.967684361369384,57
MCDA->CIL,28.07017543859649,14.0,35.441531150978996,57
BRS->NRZB,149.1578947368421,73.0,158.69577695723396,57
RBL->FTG,15.87719298245614,0.0,27.66061548705681,57
VZM->KUK,40.49122807017544,25.0,39.81345914162766,57
CNA->MVJ,9.491228070175438,0.0,22.79420572286608,57
HLAR->GDG,31.17543859649123,13.0,86.79267637121924,57
RDD->SES,5.298245614035087,2.0,6.881561576002265,57
CHNN->BNLW,10.017543859649123,5.0,13.823493495895951,57
BOE->RGJ,22.280701754385966,22.0,19.948822365855616,57
BGM->DWR,22.80701754385965,17.0,31.709866984274797,57
SAS->CKS,9.140350877192983,6.0,12.97447851483171,57
SAH->VR,4.56140350877193,2.0,6.705588138314324,57
SAN->HRI,15.596491228070175,3.0,34.63991280152482,57
BEHS->HRT,28.68421052631579,22.0,23.247240922877623,57
NHM->TOD,10.24561403508772,11.0,5.113988874207079,57
PKRD->UDR,30.54385964912281,21.0,37.019333836446,57
BRYA->BJU,14.87719298245614,4.0,29.22515439005938,57
RE->KGBS,12.75438596491228,2.0,28.38905768938497,57
KIUL->BRYA,20.63157894736842,15.0,25.452779513491368,57
EKR->IPR,14.298245614035087,0.0,35.68811572512656,57
PNHI->DBR,19.12280701754386,2.0,47.58153535002485,57
SDMK->AUS,11.228070175438596,8.0,11.759521284989892,57
SDRA->JRL,11.87719298245614,5.0,16.518463885083477,57
JKE->PKRD,31.63157894736842,19.0,39.53598341969511,57
HIL->EKR,0.0,0.0,0.0,57
ATRU->SYL,6.824561403508772,0.0,11.328098451917729,57
RGJ->KAJ,14.192982456140351,11.0,16.935211201697932,57
KFA->BHB,14.263157894736842,4.0,32.517866691026,57
MOB->MED,21.789473684210527,0.0,28.912884449982588,57
BRG->MJHR,28.964912280701753,10.0,51.46148522101634,57
BIG->KGB,33.1578947368421,29.0,35.87816161961211,57
SRAS->ISA,10.43859649122807,9.0,9.602859588721568,57
NLQ->KSI,13.719298245614034,4.0,29.45987245751469,57
AMI->CND,7.315789473684211,2.0,29.547273197089755,57
SDLP->SDMK,10.473684210526315,7.0,11.345397529958214,57
SDE->BTA,16.228070175438596,8.0,23.247901244643604,57
BNLW->SRAS,8.771929824561404,6.0,8.849974866509205,57
DPZ->SWM,5.491228070175438,4.0,7.7853406362249284,57
APT->BVL,47.92982456140351,54.0,34.575414287943936,57
SDGM->NRD,4.245614035087719,4.0,1.1064857780117898,57
RGS->SIKR,76.10526315789474,0.0,221.30745292873556,57
TOD->PRJ,10.456140350877194,13.0,8.978287649814247,57
TORI->MGME,10.964912280701755,0.0,26.250146198423288,57
KGBS->JTS,13.894736842105264,3.0,29.745158195750545,57
BRYA->HTZU,16.17543859649123,8.0,26.885420110839647,57
ALLP->QLN,22.68421052631579,10.0,66.29079819109157,57
ALM->KPL,43.92982456140351,34.0,39.25914800087217,57
FTG->JAIS,14.912280701754385,0.0,28.41043614951227,57
SURL->CKB,12.666666666666666,10.0,12.171884073748071,57
NBD->CNK,13.649122807017545,4.0,21.07002883928308,57
CNK->LRJ,4.087719298245614,0.0,12.30603902526024,57
KSI->SDRA,10.68421052631579,4.0,16.531526045210065,57
KSJ->FBD,7.43859649122807,0.0,15.528795307726647,57
KYN->CSMT,57.89473684210526,0.0,127.8028174586771,57
BIM->DGI,4.824561403508772,2.0,6.115328536372304,57
MGME->KLRE,63.08771929824562,59.0,59.98460537675907,57
UJA->PNU,1.6666666666666667,0.0,3.7336947104009712,57
BCH->AKD,5.157894736842105,0.0,8.446870666711453,57
FUT->DNWH,0.0,0.0,0.0,57
PLH->PHM,0.0,0.0,0.0,57
KXG->GOTN,22.263157894736842,18.0,20.71535517073323,57
BMJ->UB,36.54385964912281,25.0,55.801968147394284,57
NKB->NMZ,70.50877192982456,54.0,47.269411283701956,57
RJY->KYM,45.59649122807018,49.0,34.12993012483052,57
RGV->SRGR,35.21052631578947,33.0,20.323048880260895,57
SCH->UDN,9.771929824561404,9.0,6.552037697921728,57
NLD->BEHS,17.0,12.0,17.18284027743958,57
BUW->GD,115.08771929824562,14.0,224.9120685879066,57
DBR->KTDD,21.333333333333332,4.0,48.66369038518104,57
SBZ->BUG,48.280701754385966,6.0,97.86757714708995,57
CAA->BMKI,58.78947368421053,19.0,115.76989752492801,57
SRJ->LOG,36.526315789473685,18.0,55.13299027389456,57
BUU->MYR,36.771929824561404,35.0,38.50139957746418,57
SBG->CLG,41.228070175438596,15.0,64.01339635014456,57
DKZ->NDLS,15.578947368421053,7.0,19.599514724696856,57
MJHR->SRJ,34.526315789473685,12.0,55.836529665737494,57
KYM->DWP,44.08771929824562,50.0,34.57149977208434,57
RJS->BDWL,35.26315789473684,34.0,32.46015486924452,57
MRJ->BGM,8.68421052631579,0.0,30.32865093717775,57
TEK->NWP,12.771929824561404,0.0,38.10465735682058,57
TEL->OGL,20.94736842105263,0.0,85.96665072918677,57
TDPR->CDM,22.859649122807017,10.0,49.93153834304786,57
SMET->KMSI,11.456140350877194,0.0,17.80556712243051,57
SMI->JNR,142.01754385964912,110.0,144.02845592204415,57
CLG->BGP,45.19298245614035,11.0,66.51193195759562,57
BHP->BDH,12.666666666666666,9.0,21.026627109906325,57
UMRA->UDZ,4.228070175438597,0.0,10.278301596532048,57
DAYG->MCSC,34.64912280701754,23.0,36.26415547660083,57
TZR->REWA,19.719298245614034,0.0,100.01906146651048,57
JTS->NLQ,0.0,0.0,0.0,57
BDWL->SOG,17.75438596491228,12.0,24.169254895538543,57
STN->ULT,9.214285714285714,7.0,7.072904214392701,56
KASR->MWQ,15.642857142857142,0.0,23.683080705185116,56
BHP->MLDT,0.4642857142857143,0.0,1.5720777879699752,56
BDU->MKDD,0.0,0.0,0.0,56
DHH->BXT,10.857142857142858,0.0,28.274902826891022,56
RPH->PRGR,15.571428571428571,13.5,15.881214909854565,56
BOKR->HEM,64.73214285714286,0.0,96.20857853858763,56
BOG->BMI,27.553571428571427,8.5,80.5300440023038,56
DOD->DLD,29.928571428571427,26.0,14.893387358589283,56
MKO->SORO,36.607142857142854,34.0,34.82354405828362,56
KLU->GDE,20.321428571428573,21.0,12.950404897646521,56
MQ->NMJ,2.6607142857142856,2.5,2.2665695802991936,56
MPL->VLD,30.375,32.0,21.512417133113868,56
ALB->WTJ,35.482142857142854,27.0,34.19515705818247,56
CPA->BLU,15.125,6.5,28.11021328466027,56
IMAM->KDT,16.017857142857142,14.0,9.4146714738773,56
TBT->BAB,28.857142857142858,28.0,29.095097101138453,56
ET->GRO,14.696428571428571,0.0,26.547329701604912,56
MDN->HIJ,24.625,0.0,57.824990665408194,56
GPU->VPL,16.107142857142858,13.0,9.511100828034522,56
MALK->BZU,6.625,6.0,8.32643653999389,56
VGLJ->RKMP,91.76785714285714,12.5,161.5111581927986,56
DRTP->DRH,22.0,5.5,53.9720466369566,56
KRY->NCU,19.428571428571427,20.0,13.850969303602929,56
KUH->RNH,26.535714285714285,7.0,81.63109128839982,56
GRO->SQL,15.25,2.0,26.487904615297353,56
HAPA->ALB,36.892857142857146,26.5,36.01044220850318,56
PLH->KNGR,0.0,0.0,0.0,56
CGY->CNGR,14.071428571428571,9.5,14.92874852315265,56
DVD->RJY,65.78571428571429,11.0,99.46030990678265,56
PMR->BLPU,41.875,32.0,42.96809069742124,56
ND->KBRV,8.357142857142858,2.0,13.795161960139993,56
NCR->NGT,8.303571428571429,5.5,8.66323400218552,56
KCM->KRY,20.285714285714285,19.5,14.311742522347656,56
MBS->GYN,27.339285714285715,11.5,55.550559046598366,56
FL->RGS,11.0,8.0,14.86545721401862,56
FL->KKU,7.946428571428571,6.0,10.611177028118883,56
DMV->SZR,67.44642857142857,11.0,118.327422418068,56
AWR->JP,19.285714285714285,8.0,38.97631648518427,56
HNMN->GPU,11.517857142857142,10.0,7.594234826327312,56
IZN->BPR,21.25,0.0,36.08739392086937,56
GNR->TNGL,34.142857142857146,15.0,41.60525691060449,56
AMLI->RWJ,13.428571428571429,2.5,24.38394191628219,56
SAU->VG,13.178571428571429,9.5,16.841622835708552,56
KEN->PAM,28.625,24.0,17.725751682997046,56
GPC->BELD,40.142857142857146,37.5,42.35839664380329,56
NU->GPC,44.55357142857143,56.0,41.257470791408146,56
MWQ->KASR,0.0,0.0,0.0,56
VPL->IMAM,0.0,0.0,0.0,56
PRLI->PNF,42.892857142857146,38.5,27.40715140345578,56
PTK->DNN,8.107142857142858,4.0,16.23540303436634,56
CRY->MQU,14.178571428571429,9.0,25.500165520216566,56
SIL->BRST,16.696428571428573,9.0,24.437616044165967,56
BONA->JRPD,20.732142857142858,18.0,20.02406831011899,56
BAM->VZM,38.75,0.0,89.3919357762107,56
BGTA->GMD,24.464285714285715,3.0,34.35904765624559,56
SHU->AVN,0.0,0.0,0.0,56
MGN->ANAS,29.428571428571427,10.0,79.87805641165725,56
JMP->DRTP,21.571428571428573,3.5,54.589994801863945,56
RGM->DHNE,14.339285714285714,5.5,19.408786000828954,56
AMLA->BYS,9.642857142857142,5.5,10.033450546553256,56
SQL->BGTA,20.839285714285715,2.0,32.226909583432,56
KRDL->BCHL,0.39285714285714285,0.0,1.4607416724959392,56
KIK->NCR,3.1964285714285716,0.0,8.402206729310931,56
KIGL->NMGA,27.196428571428573,23.5,23.700724686164143,56
CGI->KEN,0.0,0.0,0.0,56
WJR->MCN,17.5,16.5,17.60681686165901,56
WJR->AJJ,12.357142857142858,9.5,15.431288841981907,56
LD->DWR,34.285714285714285,17.5,51.0168294106649,56
HMH->HMO,5.482142857142857,2.0,7.11462276883723,56
LM->RUR,8.607142857142858,0.0,24.804456030339363,56
TIG->MRBL,47.44642857142857,49.0,37.78355565483585,56
SKIP->DUMK,9.839285714285714,0.0,19.32382117840736,56
HPT->GNR,35.125,15.0,43.70107654176372,56
KMK->BGBR,45.82142857142857,44.5,39.5235750788436,56
BRC->DHD,12.089285714285714,3.0,24.41182782305204,56
PDH->RJT,25.75,11.0,43.74273965731082,56
VGLJ->CGN,29.017857142857142,13.5,40.33067457517059,56
NMGA->BAW,23.267857142857142,21.0,19.621408596853474,56
SPP->MNO,24.375,14.5,44.751256965587004,56
SWPR->PRF,49.767857142857146,3.0,92.07941060379817,56
GCH->MKN,8.696428571428571,7.0,7.715202566968067,56
RNE->J,45.94642857142857,34.5,40.474198130237426,56
KBRV->ANND,9.75,2.0,15.883954167649817,56
BLS->HIP,26.892857142857142,15.5,34.50516618575389,56
DMM->CCI,14.464285714285714,12.5,12.078477155238172,56
BYS->MALK,15.392857142857142,11.5,13.050501308976004,56
TKU->MCU,24.017857142857142,23.0,18.944407734621432,56
LTRR->WDLN,0.0,0.0,0.0,56
BRST->SIL,61.535714285714285,62.5,59.61054338887446,56
RWJ->SWM,9.0,3.0,17.03045400558551,56
SDN->DG,8.785714285714286,6.0,8.855844060617487,56
KRAR->KMK,50.32142857142857,55.0,41.31260302657252,56
IDG->AMLI,17.946428571428573,3.5,29.425665756186472,56
NTSK->DJG,11.767857142857142,8.5,14.95081763824133,56
BHC->MKO,33.17857142857143,28.5,31.05192551070027,56
HRI->SAN,51.714285714285715,25.5,91.103280908032,56
GSP->DNN,26.160714285714285,12.5,80.87853446781995,56
GTL->HNMN,0.0,0.0,0.0,56
BOD->RTM,20.142857142857142,1.0,79.7024987794505,56
GDG->BDM,18.732142857142858,11.0,35.18496118381393,56
TNGL->DAJ,7.696428571428571,1.0,11.570997667141198,56
TN->MEJ,10.910714285714286,10.0,3.034808879495534,56
PRGR->SKIP,16.553571428571427,15.5,17.437597460510585,56
BMR->BHTN,36.232142857142854,29.0,39.135657338604595,56
JRPD->BONA,37.107142857142854,37.0,25.26562779849232,56
KDT->KLU,16.303571428571427,17.0,11.779673776710213,56
CBCC->VG,23.660714285714285,3.5,61.047307076550894,56
CGN->MOTH,26.107142857142858,12.0,39.392513627212594,56
JJN->RSH,8.696428571428571,6.0,8.119381174039722,56
SFY->SFW,5.375,2.0,14.074557961733001,56
RBL->UCR,24.553571428571427,9.5,45.33628674807738,56
BLPU->TLH,46.625,39.0,33.404170942617874,56
CBK->KHRJ,24.214285714285715,21.0,19.49425489794299,56
UDGR->BHLK,31.803571428571427,12.5,40.404059041301615,56
PTU->RNE,53.92857142857143,45.0,43.9213582928137,56
DNN->PTK,17.964285714285715,0.0,82.33368123031465,56
YPR->KIGL,20.5,20.0,12.67065328013732,56
ZPL->CCA,31.785714285714285,29.5,16.001947933371664,56
DHN->BKSC,36.44642857142857,7.0,85.93801564190048,56
MRBL->KBJ,51.142857142857146,50.5,40.513265424113555,56
CCA->DMM,10.107142857142858,7.0,10.312708085267811,56
CCI->MGB,16.553571428571427,14.0,12.909361850092488,56
PPR->JU,23.214285714285715,0.0,76.84712434099616,56
DNN->GSP,10.053571428571429,6.0,16.2977071927391,56
MLG->NMH,29.0,27.0,18.557037381102525,56
BOR->BSR,10.464285714285714,6.0,21.521206696241215,56
TPW->CGI,9.232142857142858,6.0,8.864620325005097,56
TPTY->TPW,0.0,0.0,0.0,56
SRID->BMR,37.964285714285715,24.0,41.62427800551644,56
KBA->MPL,27.928571428571427,31.0,21.30459373669712,56
MCN->KPD,16.553571428571427,14.5,19.78513642552468,56
RSH->CRWA,8.214285714285714,5.0,7.93087014763836,56
RNH->BOD,28.303571428571427,9.0,81.70210181848717,56
SLO->DWP,44.42857142857143,15.5,89.09787409826998,56
DWP->SLO,71.69090909090909,21.0,147.93039813913398,55
DB->PRTN,1.2,0.0,3.773199840591145,55
FBG->NPV,25.927272727272726,22.0,20.182367208232687,55
FBD->SSD,10.581818181818182,10.0,9.192772743142882,55
BMT->VKB,22.98181818181818,17.0,26.010319112550313,55
ABR->SRPJ,5.0,0.0,10.741060020797313,55
BTS->ARD,25.454545454545453,16.0,28.945554371010374,55
KGP->MCA,95.14545454545454,0.0,167.98273921269615,55
DNKL->TLHR,45.69090909090909,38.0,80.19464116373655,55
ZB->KOHR,30.472727272727273,13.0,45.46747088953716,55
MLDT->BHP,5.254545454545455,0.0,10.033680654413288,55
MXN->DMV,10.963636363636363,6.0,18.260424355504384,55
MJHR->BRG,57.45454545454545,44.0,41.77887920319007,55
GWA->SWRT,10.963636363636363,9.0,10.014736616354394,55
PGTN->PGT,4.163636363636364,0.0,6.063746661019371,55
AGC->VGLJ,63.36363636363637,13.0,133.2589186281331,55
CPA->RPO,6.327272727272727,4.0,7.371251829598114,55
NGR->SVHE,0.0,0.0,0.0,55
MDDP->NDPM,36.18181818181818,20.0,47.939425864193986,55
RCF->SQR,40.236363636363635,24.0,51.04680627597021,55
VZM->GPI,21.418181818181818,0.0,53.70002100457928,55
SORO->BNBR,22.09090909090909,14.0,26.388320036399325,55
TMQ->MDU,5.0,3.0,9.053339878904524,55
NMBR->BTS,25.236363636363638,14.0,29.447985302628737,55
JJP->SKI,99.54545454545455,47.0,114.87349212032856,55
VKD->NYA,29.345454545454544,5.0,36.08334907970823,55
PDWA->NANA,7.3090909090909095,4.0,11.173501601876561,55
PKRD->JKE,79.47272727272727,51.0,81.8734014931215,55
SRPJ->PDWA,6.709090909090909,3.0,10.952207163437047,55
IDGJ->JSR,23.163636363636364,16.0,21.39726846219156,55
HRNR->PTK,10.345454545454546,2.0,29.728536098937983,55
PRGR->RPH,7.3090909090909095,4.0,10.365313822539605,55
SFMU->SAG,80.69090909090909,4.0,193.2639600369356,55
KJH->UREN,11.636363636363637,5.0,23.826816231237686,55
NMJ->MQ,0.2727272727272727,0.0,1.4963479672379816,55
BRD->G,13.218181818181819,0.0,30.827291245289224,55
NDD->KVR,39.29090909090909,5.0,62.3275911577579,55
MFX->LOG,37.38181818181818,32.0,32.05059132122844,55
CTC->KNPR,47.527272727272724,34.0,51.58841907991543,55
KVR->NDD,29.454545454545453,16.0,83.69959913657232,55
MSDN->AHA,14.709090909090909,8.0,25.127580189809088,55
JSG->GP,31.8,17.0,47.47529572002373,55
BRAG->BBSN,67.8,75.0,56.22422043001543,55
HWH->MCA,93.65454545454546,15.0,164.20833855556316,55
BZA->PVD,43.127272727272725,21.0,53.84616446516342,55
JJKR->BTV,53.6,41.0,66.57538194769506,55
DBR->PNHI,63.96363636363636,45.0,45.46303489745864,55
ATRU->BAZ,25.654545454545456,11.0,46.88094384313198,55
PNHI->MKP,38.763636363636365,13.0,48.213630943481206,55
DBRG->MRHT,24.545454545454547,16.0,32.82321794650299,55
WDLN->LTRR,52.70909090909091,49.0,36.4862595787392,55
JKE->PTWA,77.52727272727273,58.0,81.15117455288697,55
MCA->SRC,107.36363636363636,0.0,173.9935464572011,55
NPV->LLP,31.636363636363637,29.0,19.398705222508134,55
SGUJ->SVQ,4.509090909090909,0.0,11.937914588143306,55
JER->LXD,30.763636363636362,28.0,30.463678212515475,55
GDG->LKT,60.8,45.0,57.64913028157685,55
VLY->AAY,3.4727272727272727,0.0,9.138551926488752,55
RNE->PTU,36.872727272727275,39.0,19.821475956419317,55
SWRT->KSJ,0.4,0.0,1.6284507520498896,55
MOMU->RDG,7.745454545454545,0.0,14.618884516671736,55
VGLJ->AGC,31.727272727272727,3.0,73.27584983028291,55
BRG->KTDD,57.45454545454545,41.0,40.58772765705955,55
KVR->RJY,52.345454545454544,8.0,127.39763038987903,55
SURI->DUJ,4.6909090909090905,0.0,11.621934446096324,55
DNT->NSI,30.836363636363636,28.0,32.16264432903007,55
MXN->JTTN,0.5272727272727272,0.0,1.585285877414958,55
MKRN->GAJ,14.2,0.0,23.035721053278202,55
PTWA->KTE,87.63636363636364,61.0,92.28385429916635,55
KMJ->RDN,10.10909090909091,8.0,10.631317689962794,55
LHA->SFMU,77.58181818181818,2.0,191.86132056765985,55
SKIP->PRGR,17.236363636363638,5.0,50.65349376870693,55
AH->AGC,7.0181818181818185,0.0,17.42761846959835,55
LOG->SRJ,49.29090909090909,41.0,36.91415101901364,55
GHLE->SNT,8.472727272727273,8.0,9.28729627253659,55
BVRM->VVM,17.945454545454545,0.0,32.37421137710635,55
ONR->WEL,0.6727272727272727,0.0,1.4279556152266215,55
RGT->JER,25.98181818181818,15.0,29.989807471681978,55
WEL->AVK,1.6181818181818182,0.0,2.8185293583902475,55
BLU->CPA,1.8727272727272728,0.0,4.046281079261619,55
BNXR->DAKE,0.0,0.0,0.0,55
PAW->UKA,6.418181818181818,0.0,15.582148985405288,55
LAV->KDPR,30.09090909090909,24.0,31.426735920864115,55
TJ->NMJ,15.709090909090909,10.0,15.472404021201305,55
DNK->JP,5.927272727272728,0.0,9.597172703756243,55
KKW->THVM,168.14545454545456,90.0,197.64047214312208,55
SHNR->TMX,19.0,17.0,14.325579297962864,55
DUMK->SKIP,13.654545454545454,2.0,50.526200823898975,55
KTDD->DBR,60.18181818181818,42.0,42.81921120811135,55
JSR->MFX,33.30909090909091,24.0,31.585787197123217,55
MLV->GHLE,8.709090909090909,7.0,9.409752087246208,55
MKDD->BDU,20.8,17.0,11.452639999710241,55
NGRD->BLS,37.09090909090909,23.0,38.0352043201659,55
PTI->GWA,9.690909090909091,8.0,9.858015590395025,55
MW->BTK,20.70909090909091,15.0,25.239352523884524,55
LJR->NRLR,23.818181818181817,15.0,22.5635652793276,55
LKT->NGR,65.54545454545455,46.0,56.85941668706482,55
DRH->MSDN,13.218181818181819,6.0,24.48634608881335,55
RGS->JP,26.490909090909092,12.0,82.3865938229688,55
MYR->BUU,65.45454545454545,41.0,73.38327041706698,55
J->RNE,32.63636363636363,33.0,17.9859653478747,55
MLP->HLAR,17.036363636363635,0.0,26.968406506409483,55
FKG->GLGT,4.363636363636363,0.0,17.397704868175417,55
RXL->BGU,157.52727272727273,149.0,140.13192918017498,55
UDR->PKRD,73.49090909090908,42.0,75.99777597312934,55
ET->KKN,16.98181818181818,0.0,30.891381339743305,55
EKMA->DDA,9.363636363636363,5.0,14.329926773951122,55
SVPI->KLRS,52.2,32.0,63.71475786951066,55
HDA->FL,6.836363636363636,3.0,22.771622720983267,55
JOB->HDA,12.436363636363636,5.0,27.378528784137366,55
SRJ->MJHR,51.654545454545456,43.0,37.514055727212124,55
ARD->RGT,0.0,0.0,0.0,55
RJY->KVR,25.472727272727273,14.0,83.24480954689196,55
KXH->RCF,0.0,0.0,0.0,55
MZZ->KED,27.563636363636363,10.0,32.675035003162776,55
DRO->PTI,11.072727272727272,8.0,10.89657531224162,55
EKNR->CDD,8.927272727272728,3.0,16.543830164091883,55
JNH->MAY,17.636363636363637,0.0,60.478145313874016,55
SRGR->NMA,96.81818181818181,44.0,108.65492283321662,55
BTK->BHTR,21.472727272727273,17.0,25.213058451887914,55
BBS->LGTR,0.0,0.0,0.0,55
KHF->NGRD,31.836363636363636,21.0,33.832246088914566,55
NHLG->LMG,18.036363636363635,4.0,30.89825815320916,55
SSD->KMJ,9.836363636363636,8.0,9.431553888634086,55
CDD->DB,6.490909090909091,4.0,8.454393394961444,55
UREN->DNRE,10.781818181818181,0.0,23.707078884282417,55
NSI->BLDA,27.472727272727273,0.0,33.438087922393585,55
KOHR->MRF,30.272727272727273,9.0,44.042679025663,55
BLDA->VKD,28.036363636363635,0.0,35.09297895188112,55
GLPT->KYQ,96.9090909090909,0.0,213.55728459763154,55
RPH->TPF,4.890909090909091,5.0,3.5573227931332654,55
TVR->MV,22.98181818181818,9.0,63.44040391174104,55
AAY->NJT,4.290909090909091,0.0,8.374725484218986,55
RPO->KAP,7.527272727272727,5.0,8.130542657518248,55
ROP->NMBR,0.0,0.0,0.0,55
RPUR->JMP,8.909090909090908,2.0,23.01873047893721,55
VDI->UKD,36.833333333333336,38.0,29.59331260510381,54
BJP->IMR,0.0,0.0,0.0,54
DWR->BGM,6.833333333333333,0.0,13.775490951083967,54
BWN->KOAA,7.0,0.0,26.016685502352182,54
HSR->SDLP,15.462962962962964,3.5,47.802152380277626,54
MAP->SLY,5.944444444444445,3.5,8.155138828258908,54
MXH->FZR,12.555555555555555,0.0,38.13019734653278,54
VNE->RPAN,32.370370370370374,0.0,131.4990919398013,54
HTNL->MRB,20.64814814814815,19.5,16.16560220403643,54
DHNE->BVO,31.074074074074073,30.0,23.694479774158246,54
RPAR->KRLI,11.574074074074074,10.0,10.888113393854253,54
JWP->RK,5.555555555555555,5.0,9.114919692805268,54
PUNE->HDP,60.94444444444444,8.0,160.70556889608343,54
MLG->PIP,8.833333333333334,3.5,12.847068529875628,54
DOD->JAO,17.74074074074074,18.0,17.153233025133638,54
TBH->HMY,16.0,0.0,21.97854871854793,54
AHH->MET,57.31481481481482,18.5,139.00031547053572,54
ISA->SRAS,16.574074074074073,10.0,21.933520355023283,54
NDPM->MDDP,43.888888888888886,21.5,86.67912343956631,54
MPL->MCU,37.666666666666664,30.5,55.539888776293196,54
COR->SMP,6.425925925925926,3.0,9.677052903651498,54
BNKI->MRIJ,10.185185185185185,7.0,19.83143499891026,54
KLT->TP,2.8333333333333335,2.0,3.368836090369133,54
AGTL->ABSA,24.925925925925927,13.5,27.537180253183077,54
KCJ->GNG,20.0,1.0,29.777159792079217,54
DMV->MXN,18.666666666666668,0.0,42.533449655801974,54
JAB->AF,10.518518518518519,2.0,19.037937042137873,54
LDH->AHH,56.31481481481482,18.5,139.4744615933595,54
CKB->SURL,0.0,0.0,0.0,54
LMNR->INDB,0.2037037037037037,0.0,1.4969103983674978,54
GHY->GLPT,51.03703703703704,25.0,65.90529596578885,54
JAO->NLI,16.462962962962962,14.0,15.974877639077803,54
ED->KMD,14.074074074074074,10.0,14.228395541751107,54
ANF->ARU,0.0,0.0,0.0,54
KMD->PGR,18.61111111111111,13.5,18.456902034317743,54
PUL->BCU,29.814814814814813,25.0,32.35946338738912,54
NNL->NMK,25.98148148148148,15.5,37.74866772145652,54
NNR->MSK,15.074074074074074,9.0,18.059494812980507,54
TLR->BLP,34.129629629629626,29.0,30.79944026463719,54
PNU->UJA,5.555555555555555,0.0,10.725857781885452,54
UKD->DUU,35.46296296296296,39.0,30.352465917642036,54
KKN->ET,28.25925925925926,6.5,77.02197314150528,54
QLN->ALLP,11.814814814814815,9.0,12.496148952549529,54
MDT->HSA,27.48148148148148,24.5,33.07438200380489,54
MRT->HTC,7.962962962962963,0.0,23.978735046941747,54
MA->KWV,86.05555555555556,75.5,80.6172921819019,54
BVO->VDI,33.96296296296296,32.5,25.593309092426658,54
JHL->SAG,20.555555555555557,1.0,56.05377023209684,54
FKG->BXJ,5.592592592592593,3.0,10.012291537449732,54
KOTA->BWM,91.07407407407408,26.0,177.15688089159758,54
CKS->SAS,24.037037037037038,27.0,25.600680240787653,54
BGM->MRJ,4.796296296296297,0.0,14.073097082570621,54
SAS->SNGN,20.14814814814815,19.0,22.06543220498371,54
SZR->DMV,37.370370370370374,15.0,70.80781757722036,54
VKB->BMT,0.0,0.0,0.0,54
CHNN->CKS,22.185185185185187,24.5,23.610897766948327,54
MTJ->MRT,4.851851851851852,0.0,22.786463548217437,54
SDS->HMH,4.796296296296297,2.0,8.138841486399693,54
KIN->MVJ,37.592592592592595,5.0,160.71896466961326,54
GD->STP,202.96296296296296,84.0,235.52614428150397,54
SYL->ATRU,18.35185185185185,0.0,70.58733581626392,54
THVM->KKW,45.907407407407405,37.0,34.45273958409919,54
GIN->MRB,49.333333333333336,29.5,46.533818094103296,54
GIN->HTNL,0.0,0.0,0.0,54
HRI->AMG,21.61111111111111,0.0,37.947539093733596,54
DO->JP,23.203703703703702,4.0,69.67292309383075,54
TGP->WR,23.24074074074074,18.5,24.839055663076305,54
BNA->BNP,20.27777777777778,20.5,10.485239700279966,54
BN->NLDA,31.09259259259259,34.0,17.213716030152717,54
BPB->KTX,22.203703703703702,1.0,43.498592312781476,54
ALS->SVC,0.0,0.0,0.0,54
KRLI->MRND,13.518518518518519,11.0,12.088885805894291,54
SRAS->BNLW,17.555555555555557,9.5,24.14005257584954,54
SWM->DPZ,9.537037037037036,5.0,16.4989570430387,54
BCU->BTI,24.537037037037038,15.0,29.712911216203615,54
FM->KCG,40.01851851851852,22.0,44.50418286075393,54
SURL->ISA,14.407407407407407,8.0,21.914515322746418,54
KGB->BIG,5.296296296296297,1.5,6.921744871164747,54
RKMP->VGLJ,62.81481481481482,4.0,171.77443239736454,54
TP->TPJ,3.6481481481481484,3.0,3.6142141159249577,54
DPZ->CKB,10.88888888888889,7.0,17.087639432749274,54
LKO->SLN,33.31481481481482,3.5,64.33779489422878,54
KOLA->KRNT,30.48148148148148,33.0,29.62516825252165,54
KMSI->SMET,13.61111111111111,13.0,10.327498860053314,54
BXJ->FKG,3.2222222222222223,0.0,16.104220314864225,54
ARU->KMSI,13.203703703703704,14.0,10.800733080692412,54
SVC->SV,9.037037037037036,2.0,22.698152998554136,54
DUU->KOLA,0.0,0.0,0.0,54
NLI->RTM,16.185185185185187,13.5,17.10684964223514,54
BC->BE,16.574074074074073,3.0,75.84457838159035,54
TPT->MAP,18.37037037037037,15.5,16.18909054550089,54
SRGM->LLI,8.574074074074074,7.0,11.109407626229682,54
EKNR->BRC,17.444444444444443,8.0,53.611343022059536,54
G->BRD,75.18518518518519,52.5,81.16209591993052,54
NKMG->DMR,64.22222222222223,0.0,157.69862188970438,54
KRR->KLT,11.925925925925926,7.5,13.572797228212876,54
SRID->BHTN,43.5,32.0,56.14427170498357,54
BNLW->CHNN,22.72222222222222,22.0,24.60895424293396,54
KTX->SCL,13.351851851851851,0.0,37.12760118955769,54
BPL->SCI,10.537037037037036,0.0,25.996888756492975,54
HTW->ALS,10.481481481481481,5.0,23.17264224699457,54
AII->FA,5.7592592592592595,0.0,10.310162023478792,54
JTTN->MXN,2.9622641509433962,0.0,11.874280972808002,53
KNRT->GMDA,21.71698113207547,11.0,26.99528260676054,53
MRBL->TIG,22.660377358490567,21.0,17.35926198828565,53
KO->AD,20.28301886792453,12.0,22.288646090719133,53
MEX->JRC,47.886792452830186,12.0,135.94493517277198,53
BRJN->RIG,93.77358490566037,43.0,136.82760651348468,53
NRE->RJP,7.981132075471698,7.0,8.275288900459412,53
BLP->TLR,39.735849056603776,37.0,39.4594002368726,53
GAYA->DHN,21.660377358490567,0.0,63.61904147593236,53
BHW->PKR,9.20754716981132,0.0,22.395362235006502,53
MTU->MALM,24.39622641509434,13.0,26.08517087029268,53
KIUL->BSQP,76.37735849056604,32.0,87.75670616826746,53
KBJ->MRBL,16.566037735849058,13.0,15.461502357545815,53
GMM->KOTI,4.622641509433962,4.0,4.812749154766469,53
GKP->PJ,10.962264150943396,5.0,16.5668369667456,53
KBQ->SNQ,43.339622641509436,3.0,95.24562243044325,53
PEN->ROHA,98.35849056603773,69.0,96.97900136302756,53
NRLR->LJR,24.81132075471698,23.0,25.774209384109284,53
TALL->HTZ,117.54716981132076,92.0,101.09317218778844,53
BKSC->DHN,94.28301886792453,74.0,111.74186897944239,53
GGH->JJP,102.16981132075472,54.0,107.7898125357966,53
LNL->KK,41.716981132075475,29.0,53.94490685251538,53
MALM->KO,26.0188679245283,23.0,26.588379883844087,53
DKLU->MNGD,53.37735849056604,54.0,45.1983774449645,53
HBLN->SHNR,36.339622641509436,28.0,34.567071590118836,53
KTV->KPL,38.24528301886792,19.0,46.19811254068943,53
SLN->LKO,61.54716981132076,2.0,119.8585008759104,53
KUK->VZM,33.471698113207545,16.0,40.75565263936964,53
NMA->GGH,24.962264150943398,27.0,25.541039572956777,53
KLK->TSL,1.0754716981132075,0.0,1.848586326855591,53
MVJ->KIN,6.7924528301886795,0.0,21.777156777905212,53
BQG->LGL,0.3584905660377358,0.0,1.6536014265214891,53
AVS->KIF,0.0,0.0,0.0,53
AVN->SHU,10.452830188679245,9.0,10.012619033645356,53
PNVL->PEN,83.66037735849056,54.0,88.14257318428575,53
MYX->ADRA,26.81132075471698,22.0,28.320322007467997,53
DMM->KRY,16.79245283018868,0.0,44.88761971282627,53
BPC->CSZ,4.452830188679245,0.0,12.231054482712075,53
FSR->MOT,9.283018867924529,3.0,11.353375232621975,53
SBC->MYS,0.7547169811320755,0.0,3.215979695074143,53
MAY->JNH,22.056603773584907,0.0,34.02454718759317,53
AMB->DKLU,56.0188679245283,51.0,46.28070314190509,53
MKB->LKR,90.41509433962264,40.0,106.16196515090733,53
CKR->GPB,11.018867924528301,12.0,9.334572970410212,53
BWX->BHX,6.679245283018868,5.0,8.29915098740565,53
JSME->KBQ,0.0,0.0,0.0,53
MDE->JHD,6.490566037735849,0.0,16.458131777225407,53
SUNR->SRGT,0.0,0.0,0.0,53
CSZ->MBB,4.716981132075472,0.0,12.36834880853694,53
DMRX->MKB,120.60377358490567,90.0,102.73665730749168,53
KPL->ALM,40.320754716981135,20.0,46.17140872915655,53
GNG->KCJ,0.0,0.0,0.0,53
GND->RGS,2.7735849056603774,2.0,3.6249217998671908,53
KLQ->QLN,3.981132075471698,2.0,4.647127177240943,53
SJP->UJN,47.094339622641506,0.0,123.5868215763476,53
BTI->BWX,0.0,0.0,0.0,53
NMJ->TJ,15.849056603773585,12.0,15.097626184290714,53
SWO->DMP,7.339622641509434,6.0,4.26047756544162,53
SSA->BHT,12.20754716981132,5.0,25.86530085072844,53
KCJ->JAIS,17.245283018867923,0.0,35.32916950208172,53
COM->GND,2.5660377358490565,0.0,3.820538795884203,53
MOG->SPP,28.20754716981132,15.0,48.334315923482364,53
ALM->KUK,45.471698113207545,25.0,48.23883042241486,53
WDR->MZL,25.58490566037736,24.0,23.463092099216453,53
RC->MTU,25.49056603773585,13.0,26.872650266874448,53
KK->PUNE,35.45283018867924,20.0,57.08986372301932,53
GAYA->RFJ,28.32075471698113,16.0,38.14132303023024,53
JRC->MEX,109.56603773584905,20.0,201.94206227700772,53
PAP->GLP,43.509433962264154,0.0,50.13198834519403,53
BZLE->SALE,8.30188679245283,8.0,7.90711681787698,53
BABR->SHNR,59.39622641509434,62.0,55.917982391329005,53
SMPA->MLGH,5.433962264150943,4.0,7.507712531796025,53
OGL->TEL,33.39622641509434,3.0,77.40113784262068,53
BSQP->MNP,75.16981132075472,31.0,89.07661694576292,53
BPQ->KZJ,63.698113207547166,44.0,105.84978196730214,53
KMNC->JP,9.20754716981132,6.0,15.53700110971577,53
KIF->KKZ,2.1320754716981134,2.0,2.402224416668984,53
BGBR->KMK,14.452830188679245,13.0,11.623196365848386,53
MDU->TMQ,10.79245283018868,6.0,14.401333392547693,53
MKA->TALL,117.81132075471699,108.0,98.45499881901796,53
KSX->BKSC,12.69811320754717,4.0,25.419998869500354,53
PKK->BFE,0.0,0.0,0.0,53
TSL->GMM,3.3773584905660377,3.0,3.0836193462973367,53
KDZ->KANO,2.2830188679245285,2.0,2.9637382740939633,53
KMK->KRAR,16.169811320754718,14.0,12.207714851141981,53
BOBS->DNK,19.60377358490566,17.0,21.29945794059405,53
GDB->FSR,0.0,0.0,0.0,53
KOTI->SWO,8.09433962264151,8.0,4.4213822714317095,53
CRJ->RNPR,42.924528301886795,0.0,97.93853037975553,53
IDG->KOTA,62.509433962264154,18.0,100.88466808907422,53
IBL->MYX,0.0,0.0,0.0,53
HSA->MDT,8.226415094339623,4.0,12.71831131363504,53
STL->TLB,0.0,0.0,0.0,53
NCJ->TEN,30.50943396226415,4.0,85.29397639510555,53
GLPT->GHY,36.339622641509436,0.0,68.00366036421705,53
FA->AII,2.2830188679245285,0.0,4.5967269228749394,53
NDB->JL,10.754716981132075,0.0,46.99709715273641,53
BFE->ABS,8.716981132075471,5.0,12.131296713127778,53
PGRL->MRGA,188.39622641509433,98.0,264.0655760356217,53
BHLK->UDGR,40.18867924528302,26.0,42.984369522211914,53
DD->ANG,18.660377358490567,5.0,63.21086305016859,53
REJ->BEB,7.584905660377358,5.0,10.062179688669984,53
CLG->SVRP,12.596153846153847,6.0,21.886749161047476,52
CLG->SBG,131.03846153846155,0.0,315.2950663804641,52
SY->VDL,14.153846153846153,8.0,15.10276512195063,52
PAU->HNL,32.09615384615385,22.0,38.13714139188324,52
BNOD->WOC,47.25,32.0,47.392758195865376,52
BRTK->AN,6.673076923076923,2.5,8.782159174068338,52
AN->TKHE,5.173076923076923,0.0,8.583434007815045,52
LKN->KGG,16.21153846153846,11.5,18.558161397333308,52
PDWA->FA,2.0384615384615383,0.0,5.8004784740487985,52
PJ->GKP,12.423076923076923,1.0,23.039051377739572,52
VKH->SNSL,0.0,0.0,0.0,52
CNDB->RDHR,0.0,0.0,0.0,52
JL->NDB,56.44230769230769,0.0,163.77344627372915,52
VNE->GPZ,9.903846153846153,0.0,19.32006943456103,52
VDL->MV,11.923076923076923,8.5,12.65507129820272,52
VG->CBCC,11.653846153846153,0.0,22.34654389682508,52
SKJ->BGS,15.307692307692308,6.0,31.685673425895317,52
LGTR->BBS,19.423076923076923,16.5,16.219506718456184,52
RDHR->MRSH,36.13461538461539,22.0,41.956106310189405,52
ATP->YNK,2.8653846153846154,0.0,7.018264257101165,52
CHLK->PLD,4.711538461538462,0.0,7.998373703475756,52
RDG->SLM,0.46153846153846156,0.0,2.711352592497819,52
OBM->BAY,0.0,0.0,0.0,52
AZ->KWAE,14.576923076923077,0.0,46.43964928421646,52
MRSH->BNOD,0.0,0.0,0.0,52
SMVJ->KNDP,0.0,0.0,0.0,52
PDP->BRTK,6.75,3.0,8.68145420185026,52
VZM->BAM,14.038461538461538,0.0,38.3374907575695,52
KMBL->BHTA,9.596153846153847,0.0,15.333239064566932,52
PDZ->GGC,11.288461538461538,8.0,12.326182142665992,52
RKSN->MMV,22.307692307692307,12.0,33.891139718706434,52
MBDP->BSE,23.923076923076923,3.5,46.849297880710395,52
DGHA->RMRB,90.73076923076923,61.0,94.8373458714746,52
AMLI->IDG,17.53846153846154,12.5,18.724484901903953,52
NMM->ULG,21.365384615384617,13.0,40.63082421413278,52
HOL->NDN,8.25,5.0,9.226719511352695,52
MLGH->SMPA,5.461538461538462,0.0,9.686176805950774,52
PUSA->MWAD,0.0,0.0,0.0,52
AWR->PSL,10.557692307692308,8.5,10.780180546231655,52
NNW->NMD,17.73076923076923,13.0,16.395976771715752,52
NRLR->AMB,39.36538461538461,41.5,30.20000574350929,52
BUW->STP,50.96153846153846,0.0,107.95314189334907,52
TKHE->BHNE,0.0,0.0,0.0,52
MRGA->PGRL,95.82692307692308,38.0,130.3791937499842,52
BJO->BSKR,40.53846153846154,2.0,87.14591359559125,52
BBSN->BRAG,23.346153846153847,20.0,15.43726661696682,52
VRR->JLR,22.403846153846153,13.0,33.06574533151806,52
SVRP->PPT,12.346153846153847,4.5,21.890892201727,52
BZN->MCA,11.51923076923077,6.0,16.355715418399225,52
DDE->VKH,4.25,0.0,7.633453205668928,52
RSR->MAU,18.807692307692307,7.0,42.362135544652006,52
RNL->DDE,5.134615384615385,3.0,6.600739251985329,52
HRW->DWO,8.653846153846153,3.5,9.55455874230626,52
KUGT->DMR,26.942307692307693,14.5,33.3098427787146,52
BGP->CLG,143.51923076923077,1.0,318.88774165807763,52
KKM->HX,1.6923076923076923,0.0,4.925079720817751,52
KYN->BSL,118.15384615384616,29.5,218.2794022254446,52
BSKR->MZM,29.576923076923077,2.0,73.38999935981182,52
SWM->RWJ,11.596153846153847,5.5,14.552487308973268,52
NDN->SNK,1.9230769230769231,0.0,4.0382783841251335,52
DZB->RE,1.8461538461538463,0.0,3.477573051541613,52
BKP->KWO,41.59615384615385,32.5,39.21647293705703,52
TVI->JTO,7.4423076923076925,4.0,25.401415323806052,52
MWAD->NRKR,21.75,0.0,37.97670854822548,52
ADRA->SNKR,28.384615384615383,23.0,29.130641401737478,52
MNGD->THV,42.53846153846154,41.5,32.75007052137987,52
SNSL->SNK,3.8653846153846154,0.0,6.9621634178618335,52
GHNA->ROK,16.403846153846153,0.0,47.00657426501881,52
KHNP->BIDR,40.80769230769231,30.5,49.112531231671426,52
MMV->SINI,21.634615384615383,14.0,30.312767546361687,52
PTKC->LDH,12.23076923076923,6.0,16.589171266770695,52
KWO->KOO,39.90384615384615,32.5,38.69602989991458,52
NDN->BEW,0.0,0.0,0.0,52
PLD->JL,7.730769230769231,3.5,10.134614311349939,52
MTHP->DWK,5.403846153846154,0.0,8.474320183005984,52
PMP->CCH,5.384615384615385,5.0,3.8202445571745023,52
SGG->KPRD,6.403846153846154,0.0,20.909008861821025,52
TISI->RNL,4.115384615384615,2.0,6.360582801493951,52
SNK->HOL,8.096153846153847,6.0,8.369551761101047,52
UJN->RTM,38.96153846153846,0.0,92.27983051108923,52
SURI->SNT,21.25,0.0,66.59708378470826,52
IPL->AWY,13.403846153846153,12.5,11.756115830785594,52
HMY->NHLN,24.21153846153846,0.0,67.73661116194383,52
SNKR->RUI,27.846153846153847,21.0,28.617411822644755,52
RWJ->AMLI,18.53846153846154,15.5,18.140477476541875,52
DDN->HRW,3.75,3.5,2.3587550721081825,52
RMRB->KATI,109.88461538461539,69.5,106.22647907519065,52
RUI->SNTD,28.826923076923077,23.0,28.11720647843291,52
DXG->CHLK,7.423076923076923,4.0,9.227720713296122,52
AN->NDN,2.980769230769231,0.0,4.852694358182538,52
SGS->TVI,4.403846153846154,0.0,26.290428896914378,52
MTD->PPR,27.403846153846153,10.5,54.745493006501334,52
BSE->MBDP,22.346153846153847,15.5,28.959664048116803,52
WOC->PUSA,45.88461538461539,30.0,49.935116272059204,52
DNKL->ANGL,28.98076923076923,16.5,44.21803836720645,52
BEW->PDP,7.0576923076923075,3.5,8.680411713237582,52
YA->KKM,3.423076923076923,0.0,6.098364145315429,52
SLM->OBM,0.038461538461538464,0.0,0.2773500981126145,52
KNDP->PDZ,12.846153846153847,8.5,13.70899892711756,52
BHNE->DXG,6.384615384615385,2.5,9.43949534658448,52
NMD->MLZ,16.28846153846154,11.5,16.046912278228433,52
TDPR->VM,13.549019607843137,8.0,21.508429719986715,51
HNS->GRHI,16.45098039215686,9.0,15.952822603527181,51
BNBR->SORO,45.72549019607843,37.0,40.52213145004717,51
BABH->KRKH,0.0,0.0,0.0,51
HPG->YKA,0.0,0.0,0.0,51
KSJ->SWRT,4.372549019607843,3.0,3.883095591477117,51
VGLJ->DBA,45.509803921568626,22.0,72.23804331486828,51
JHD->MDE,21.215686274509803,16.0,21.164417048896194,51
RBS->BXN,95.76470588235294,39.0,153.67518839881654,51
RGT->ARD,39.627450980392155,32.0,37.399979029038896,51
WL->KDM,75.43137254901961,50.0,119.35564584919487,51
KED->MZZ,35.529411764705884,31.0,35.071557103257604,51
BLS->NGRD,46.94117647058823,38.0,39.51476269178691,51
MAHM->BABH,0.0,0.0,0.0,51
TNKU->RJY,57.254901960784316,3.0,103.07761020459388,51
MLKN->MAHM,21.901960784313726,11.0,22.311660540588,51
NSI->DNT,35.94117647058823,20.0,36.92555308439178,51
DJG->NTSK,27.764705882352942,8.0,48.458059488714206,51
BWM->KOTA,19.647058823529413,0.0,61.24339099998033,51
BTS->NMBR,0.0,0.0,0.0,51
KAP->RPO,1.7450980392156863,0.0,6.48950887896735,51
KIT->CLKA,29.294117647058822,22.0,31.20787984958097,51
SPP->MOG,27.470588235294116,7.0,62.66557362417629,51
PEN->PNVL,110.50980392156863,75.0,109.73246967949271,51
HBLN->KOTT,0.0,0.0,0.0,51
ABSA->AGTL,39.568627450980394,0.0,133.58252204565696,51
CLKA->BALU,33.372549019607845,26.0,31.963704906855668,51
YKA->DQR,0.0,0.0,0.0,51
KAPG->BSDP,45.11764705882353,45.0,38.87551777601092,51
ROHA->PEN,83.54901960784314,36.0,108.16696607106816,51
MRHT->DBRG,16.901960784313726,3.0,39.00372028510141,51
TDL->GZB,11.568627450980392,2.0,33.714836438553746,51
BLDA->NSI,36.666666666666664,23.0,35.6189088359914,51
RPH->NFK,15.823529411764707,0.0,41.451999171259736,51
NSVP->FM,17.41176470588235,0.0,40.2567641375152,51
RPO->CPA,0.7647058823529411,0.0,4.169355994846771,51
BXP->SZR,15.196078431372548,9.0,23.120570587979127,51
KRKH->MKMN,24.941176470588236,11.0,23.956136386910043,51
TSK->NTSK,7.8431372549019605,7.0,8.242263157700338,51
SRBH->DBHL,15.431372549019608,9.0,22.692954767469825,51
LXD->JER,38.568627450980394,29.0,36.651469221279946,51
BSDP->NKP,43.09803921568628,44.0,40.17972369340575,51
SFC->TIG,88.43137254901961,55.0,116.41241426960627,51
BMKI->CAA,58.15686274509804,26.0,87.95711967749274,51
CAR->KEI,7.137254901960785,0.0,21.40655937589517,51
KOTT->TMX,32.98039215686274,7.0,53.78456663247495,51
GPB->CKR,9.92156862745098,2.0,13.321926493198951,51
GHY->LMG,45.76470588235294,6.0,73.35055234564881,51
MKO->RNTL,47.529411764705884,34.0,42.22622547241298,51
FM->HPG,0.0,0.0,0.0,51
KEI->CAR,34.86274509803921,18.0,42.70832219033811,51
BALU->GNGD,37.1764705882353,34.0,34.4834487152042,51
TLR->JKNI,0.0,0.0,0.0,51
DQR->MXT,0.0,0.0,0.0,51
LDH->DUI,20.431372549019606,11.0,29.163850844468932,51
BSB->GYN,23.784313725490197,0.0,94.93414848735732,51
ARD->BTS,45.76470588235294,34.0,38.13008693160514,51
RJY->TNKU,32.3921568627451,27.0,24.355761890257142,51
RBA->KIT,26.45098039215686,19.0,28.114987978293854,51
GRHI->MLKN,18.705882352941178,11.0,16.126120572099243,51
SUNR->ADI,12.607843137254902,2.0,38.05841742972114,51
NHK->DJG,30.254901960784313,16.0,48.16091491541867,51
FKG->BXP,13.823529411764707,7.0,22.39348644794101,51
SLGR->AGI,29.15686274509804,26.0,18.212493018825956,51
SLGR->BOJ,62.76470588235294,0.0,118.86556915024538,51
GWL->NZM,114.88235294117646,0.0,220.61519866580576,51
MKMN->SRBH,0.0,0.0,0.0,51
AGI->MXN,30.0,26.0,18.59139585937538,51
PTI->DRO,8.941176470588236,8.0,5.216940730757376,51
NJP->SGUJ,18.07843137254902,2.0,70.66111890912991,51
BOJ->SLGR,38.72549019607843,21.0,67.00569481211953,51
VKD->BLDA,34.07843137254902,23.0,33.85134746934302,51
FL->KMNC,12.117647058823529,0.0,33.988025573029994,51
SWRT->GWA,5.705882352941177,5.0,4.070843242607403,51
RDN->KMJ,9.333333333333334,9.0,5.523284047255462,51
SGO->BINA,40.86274509803921,0.0,109.10472393216403,51
GDR->VDE,46.15686274509804,15.0,52.74177568077116,51
SVKS->VPT,1.3137254901960784,0.0,3.9773870622730763,51
NFK->RPH,23.470588235294116,0.0,44.549008043356686,51
BHTN->SRID,32.23529411764706,34.0,32.727106951451795,51
DBHL->ROK,20.03921568627451,7.0,38.19579075464402,51
DMV->LMG,13.03921568627451,7.0,19.479179432731478,51
LMG->DMV,35.78431372549019,0.0,64.94253266557756,51
NYA->VKD,29.15686274509804,16.0,34.1861799849118,51
GNGD->KUU,36.09803921568628,32.0,35.966792963488295,51
BINA->SHRN,52.15686274509804,0.0,75.36454671767612,51
BGU->RXL,234.13725490196077,146.0,280.1754464336832,51
BINA->SGO,16.313725490196077,17.0,17.684445364306374,51
SHNR->HBLN,0.0,0.0,0.0,51
UTL->BUT,4.686274509803922,4.0,5.9983004128784065,51
FTS->RBS,124.31372549019608,77.0,156.08875554582121,51
DWO->RWL,14.450980392156863,11.0,13.894335141330366,51
NAM->NHK,29.137254901960784,15.0,47.63025072696684,51
NMBR->ROP,44.6078431372549,34.0,38.6259386585608,51
GWA->PTI,6.627450980392157,5.0,4.833056111049096,51
JP->DO,13.058823529411764,7.0,19.52169230851248,51
BME->UTL,4.098039215686274,3.0,5.489097929389799,51
CDG->LDH,32.96078431372549,0.0,95.0338804394125,51
JER->RGT,0.0,0.0,0.0,51
SOJN->SGD,8.647058823529411,8.0,5.684447306156561,51
DWK->KMBL,22.019607843137255,3.0,43.56626685685999,51
JKNI->TLR,50.0,19.0,99.89734731212836,51
WC->LM,12.294117647058824,5.0,26.815886424018924,51
EKI->GZO,11.843137254901961,5.0,20.809010114870535,51
VGLJ->NZM,92.54901960784314,0.0,176.76700073548685,51
AGC->AH,17.294117647058822,8.0,25.9123863182433,51
TPJ->VM,9.980392156862745,8.0,9.164038839023833,51
RIG->BRJN,65.98039215686275,0.0,129.33993817782326,51
SC->MJF,73.7843137254902,29.0,95.80361448828329,51
JVN->WC,8.313725490196079,3.0,23.797890827616158,51
NGRD->KHF,45.745098039215684,37.0,39.13251493950006,51
AKP->SLO,131.49019607843138,0.0,272.45090365414603,51
RNTL->BHC,34.15686274509804,31.0,31.00411104935577,51
BDVL->NSVP,0.0,0.0,0.0,51
KUDL->KKW,82.6078431372549,63.0,73.02412708998924,51
YNG->DTP,83.02,91.5,62.316011635232634,50
NGT->NCR,22.88,22.0,27.48108069051083,50
BWT->TCL,26.62,21.0,27.70020997489119,50
DWR->LD,47.18,14.5,84.82844392041612,50
MRB->GIN,6.56,0.0,10.951022690104503,50
RRGA->BABR,85.7,92.0,58.06901242557543,50
UDR->KTE,44.82,25.0,53.72404546592233,50
FA->PDWA,11.14,0.0,15.573407475827608,50
ED->UKL,10.88,8.0,11.076063545929546,50
UKL->TUP,16.66,17.0,14.507717861573557,50
GEB->SOU,72.74,9.5,109.47533689263123,50
RAL->POA,0.0,0.0,0.0,50
SVQ->SGUJ,2.64,0.0,10.099019956492446,50
MJG->CKTD,10.04,2.0,23.868654194596402,50
KPG->PB,0.0,0.0,0.0,50
POA->BQU,0.0,0.0,0.0,50
MAU->RSR,89.14,29.0,148.5086419528974,50
SVRP->CLG,16.56,12.5,18.071468097077044,50
SOL->SML,5.92,0.0,28.904374359997085,50
BYT->BYL,31.34,2.0,81.01589917026995,50
BYL->BSP,26.48,0.0,76.54110273678624,50
DMR->KUGT,35.24,2.5,94.24924835947782,50
VS->MYG,11.48,10.0,9.452869124973514,50
CIV->TEL,8.84,4.0,15.115014835235451,50
RJY->DVD,68.76,0.0,154.5783679456304,50
KGLE->KWAE,7.3,0.0,20.089849198446625,50
HMY->TBH,5.86,2.0,12.297353290817648,50
HMH->SDS,39.16,0.0,165.84149797013893,50
KWO->BKP,23.98,21.0,11.711654756816271,50
GAR->BKH,28.32,16.5,53.248527813318134,50
RGS->FL,20.56,12.0,33.03996343329498,50
CKP->BRM,12.4,4.5,27.091681078764186,50
BSL->KYN,137.26,41.0,220.8829970082508,50
GDG->HLAR,21.0,25.0,21.513166352971197,50
IDR->HG,3.16,0.0,7.712592406749695,50
MJS->MAQ,0.28,0.0,1.714761838642704,50
VJA->GNT,10.6,0.0,19.619856663854712,50
JLR->VRR,7.36,4.0,10.667057815957481,50
KPD->SBC,3.68,2.0,6.795676897101267,50
GZB->TDL,13.24,10.5,14.942829827890902,50
UGR->MRJ,3.64,0.0,7.922481573706201,50
SNI->WR,20.94,12.0,33.11970250285396,50
KSNG->AMB,79.2,79.5,59.2400857114677,50
MAN->ND,5.96,6.0,3.989578260152011,50
SRGR->RGV,15.1,11.5,19.057646170265112,50
PB->BAP,13.62,9.5,20.92931739284901,50
MGAE->NHT,5.78,2.0,8.092046990088225,50
DDCC->URI,70.94,16.0,137.4917303635653,50
RGV->LLP,16.36,13.0,18.701478714862333,50
CPP->SGDM,35.74,25.5,43.737066893061815,50
AMB->KSNG,21.84,19.0,22.16851969135789,50
GNR->HPT,51.9,47.0,53.04609085599088,50
LNH->FPS,5.22,0.0,7.9981885704303854,50
SIKR->LNH,4.96,0.0,8.238684261904138,50
LMG->GHY,12.22,0.0,38.812626811387034,50
PVP->SNM,9.24,5.5,13.695761298701887,50
CKTD->MJG,75.2,21.0,131.01035945952626,50
LHU->STNL,7.82,6.0,9.11757665619723,50
KCT->JNU,22.88,0.0,57.12772656825356,50
DAJ->TNGL,48.68,40.5,51.30796970356594,50
FBD->KSJ,138.1,38.0,223.09934183347696,50
BAY->KDN,3.14,0.0,9.514779051988715,50
BTX->HPP,79.54,70.0,55.179192321980594,50
VMU->CIV,0.0,0.0,0.0,50
BRM->RKSN,18.7,8.5,31.909470157216422,50
PGR->KMD,13.58,11.5,12.67504377483082,50
REWA->TZR,0.5,0.0,1.388730149658827,50
DTP->JCL,90.52,91.5,59.06628583590625,50
BVH->KSV,4.84,4.0,5.426164880108459,50
LJN->BE,16.28,3.0,43.68348120986061,50
BQU->VMU,9.04,7.0,12.955118758267572,50
MBNR->YNG,0.0,0.0,0.0,50
RMPB->GRMP,3.9,3.0,4.248649245132301,50
KMQ->MJS,20.9,20.0,17.95487541088515,50
BLGT->RMPB,4.16,3.5,3.9608286084235114,50
AZ->SDI,3.38,0.0,4.997509583864379,50
NCR->KIK,5.42,0.0,17.05823159961555,50
CNS->CGR,29.92,1.0,82.61215999834307,50
SWPR->BSBS,16.64,0.0,42.30152214176464,50
BDC->CNS,30.74,3.0,82.69462139802846,50
KMD->ED,8.32,8.5,8.999863944549839,50
SDI->MGAE,3.96,2.0,5.209724032018962,50
KOTA->IDG,16.56,10.0,42.42696485654819,50
TNGL->GNR,50.84,40.0,52.545941026565956,50
LDH->PTKC,19.64,18.0,18.790748917963843,50
TCL->MLO,28.82,25.5,29.925547068465413,50
MTC->ANVT,5.22,3.5,7.163655434460361,50
SV->BTT,71.36,12.5,137.15993346068223,50
PKR->BHW,2.78,0.0,7.271105802547281,50
KT->MRDW,90.98,85.5,58.73930297752701,50
NSL->AWB,17.58,8.0,33.57725785256978,50
JP->AWR,2.326530612244898,0.0,4.9849262578215106,49
SHV->HSD,21.142857142857142,11.0,23.76096238230542,49
KKW->KUDL,113.06122448979592,98.0,103.16196976988526,49
JP->KMNC,6.224489795918367,0.0,22.60371033897832,49
MGL->BGK,23.306122448979593,15.0,29.176334646445234,49
BSLE->SNT,29.020408163265305,26.0,25.191342590195518,49
MLV->TPF,30.877551020408163,25.0,27.35235566718556,49
CYI->RTM,6.122448979591836,0.0,18.344654822160535,49
TKR->KRD,11.755102040816327,9.0,12.0061279704798,49
BSE->MBDD,97.91836734693878,64.0,115.55803677782683,49
KKZ->KIF,0.0,0.0,0.0,49
DKLU->AMB,22.20408163265306,11.0,30.824759793492806,49
ULT->CRJ,14.775510204081632,6.0,31.94022105572276,49
DBL->KIAT,0.0,0.0,0.0,49
PCQ->BDH,17.448979591836736,14.0,20.372634039001312,49
RRGA->RJAP,0.0,0.0,0.0,49
DJS->DMRX,0.0,0.0,0.0,49
YNK->GBD,19.346938775510203,13.0,32.322947872737004,49
HBL->GDG,19.408163265306122,15.0,25.042396024331534,49
MRDW->KT,48.36734693877551,40.0,41.73312726797053,49
MQU->CRY,0.0,0.0,0.0,49
DMN->WR,29.46938775510204,24.0,32.4011972777861,49
JCL->DTP,71.79591836734694,65.0,50.85312985772391,49
UJN->SJP,25.142857142857142,2.0,140.76309885761964,49
MDVL->KKLR,30.816326530612244,29.0,31.499122652720928,49
TKWD->HG,6.489795918367347,2.0,12.201643415573836,49
TIT->KAN,21.26530612244898,18.0,24.638871313269135,49
RJAP->GLY,71.59183673469387,64.0,50.79940877581933,49
MTJ->BTSR,4.224489795918367,3.0,8.073272018731648,49
GMDA->KNRT,10.673469387755102,3.0,20.209721005725232,49
BABR->RRGA,0.0,0.0,0.0,49
NRX->GKH,20.857142857142858,19.0,21.31998280174416,49
AMP->BSLE,26.224489795918366,23.0,22.714042376654035,49
KRLI->RPAR,14.306122448979592,9.0,23.733067719984295,49
LKY->HLAR,32.57142857142857,26.0,32.35609164696297,49
KZJ->OPL,35.795918367346935,37.0,18.47744074071219,49
KLQ->KUV,4.571428571428571,2.0,6.705097563297147,49
WEL->ONR,3.2448979591836733,0.0,8.41509212725589,49
KPLE->AMP,24.73469387755102,21.0,22.494235845178284,49
BLS->BTS,23.081632653061224,9.0,32.740670894351645,49
JHL->JIND,21.79591836734694,2.0,73.50226175426982,49
BLR->HBL,22.612244897959183,15.0,30.62938154134755,49
KOV->TKR,9.346938775510203,7.0,10.904034078435078,49
BN->SC,7.469387755102041,0.0,15.029279813107486,49
PDPL->KZJ,67.16326530612245,0.0,132.18757930474777,49
DEEG->BEDM,11.938775510204081,10.0,11.589161896763189,49
MB->DLI,121.61224489795919,63.0,165.18724430255534,49
TLU->CBM,35.673469387755105,37.0,28.402895799476475,49
BPS->NRX,19.959183673469386,20.0,20.2967148241547,49
AVK->WEL,4.63265306122449,3.0,4.70236588303794,49
PVR->SGLA,12.653061224489797,12.0,11.198123020563468,49
LNH->SIKR,15.081632653061224,4.0,36.18461732024045,49
LMT->BJP,18.510204081632654,8.0,41.61536297299532,49
JNA->ROK,39.673469387755105,4.0,131.72025087205049,49
HNL->PAU,15.46938775510204,0.0,35.95257410859497,49
BHT->SSA,27.571428571428573,17.0,36.04800040686492,49
MLP->BLR,25.93877551020408,19.0,31.93574810150408,49
ANGL->DNKL,17.102040816326532,0.0,37.95624942941939,49
VM->TPJ,3.8979591836734695,2.0,7.810902897977458,49
ANG->DD,66.0204081632653,19.0,128.70387358129486,49
HPP->BTX,98.18367346938776,46.0,131.04558263402532,49
GKH->PCQ,19.897959183673468,19.0,21.085386821563556,49
SUR->TKWD,6.204081632653061,3.0,10.584933458767258,49
MID->BIY,18.367346938775512,0.0,47.88036039509964,49
KIF->AVS,3.938775510204082,3.0,5.237716436519617,49
KUV->EKN,0.0,0.0,0.0,49
HLK->JRU,23.755102040816325,19.0,22.89607918786251,49
BRRG->RTA,21.918367346938776,9.0,28.089764398185654,49
NZM->GWL,55.16326530612245,25.0,76.84110958626886,49
JIND->JNA,43.10204081632653,9.0,130.53611328191252,49
TNA->CSMT,3.3877551020408165,0.0,7.2595234190757205,49
FPS->LNH,17.346938775510203,7.0,35.42101013782178,49
SDV->GID,35.55102040816327,33.0,32.36900602459718,49
BP->NH,5.918367346938775,3.0,11.355682745315004,49
MNGD->DKLU,17.408163265306122,6.0,27.19981492534074,49
BWN->TIT,19.020408163265305,15.0,24.292050994030923,49
DTP->YNG,0.0,0.0,0.0,49
GLY->JCL,72.10204081632654,64.0,50.40595405387773,49
GMAN->BHW,12.857142857142858,2.0,32.90769920044041,49
JTL->BPS,19.20408163265306,17.0,20.299814851204854,49
BDM->LKY,32.36734693877551,27.0,31.958106612114744,49
DBA->VGLJ,184.59183673469389,114.0,163.64047461423715,49
MRK->TLU,34.42857142857143,33.0,26.2178374394228,49
MRND->KRLI,13.36734693877551,8.0,22.70526175943863,49
BEDM->BINR,12.0,10.0,11.512674175302047,49
BHLK->KMNR,39.142857142857146,48.0,37.68233449951492,49
PRYJ->GOY,135.6326530612245,128.0,133.23627100592626,49
ENB->NHR,34.224489795918366,18.0,86.80660144494638,49
PNE->KPLE,21.693877551020407,19.0,21.102136623290715,49
RGDA->THV,10.795918367346939,8.0,13.641205335057357,49
BAW->DBL,4.8979591836734695,4.0,5.095933419400805,49
KAN->JTL,18.224489795918366,14.0,20.322673407348965,49
YNG->MBNR,66.0,60.0,53.72072846366351,49
YNK->ATP,10.958333333333334,0.0,27.91549431221012,48
KAJ->RGJ,1.875,0.0,3.186574229348649,48
BDWS->KLRS,25.0,0.0,30.497994353309007,48
RFJ->GAYA,33.375,6.0,53.8171154456797,48
PKK->MOT,14.208333333333334,10.0,14.324444712171456,48
KMBL->DWK,18.145833333333332,0.0,56.61966787945811,48
PDU->SGDM,36.75,1.5,59.56419744293779,48
AWB->NSL,31.958333333333332,0.0,62.107990486486536,48
RMJK->JAT,14.541666666666666,13.5,10.249978377420542,48
BDC->NDAE,23.25,7.5,46.87806727553262,48
NZM->VGLJ,75.45833333333333,35.0,114.95326679176756,48
SKZR->ASAF,13.6875,10.0,15.219187567434929,48
PRYJ->JNH,31.4375,0.0,70.44898750461594,48
BPA->MMZ,34.708333333333336,35.5,28.611824912484966,48
MTU->RC,25.375,25.0,15.419833870562442,48
BHX->BTI,6.6875,0.0,17.544055488361963,48
RMJK->MCTM,69.27083333333333,24.5,97.63691741264661,48
MZP->BSB,42.625,0.0,168.09060689895668,48
RDP->KAJ,1.9583333333333333,2.0,3.0244277343932975,48
RTA->BRRG,86.77083333333333,42.0,138.6910295743642,48
DB->CDD,5.25,4.5,5.216585660894184,48
TMX->SHNR,58.833333333333336,50.5,43.48310179649069,48
SDGH->BKN,3.7916666666666665,0.0,10.823454306300155,48
SAPE->KFD,28.020833333333332,26.5,17.883178335404654,48
BN->GT,23.729166666666668,8.0,32.32925003462682,48
CNC->KUD,17.604166666666668,18.0,12.273028000948127,48
MNI->GNO,16.208333333333332,12.0,15.316460806309191,48
RGJ->BOE,4.458333333333333,2.0,6.513352352302787,48
CHI->ANO,47.416666666666664,37.0,32.07493442611716,48
MJY->GDYA,26.166666666666668,22.5,17.285257933972858,48
HSDA->PYHT,8.083333333333334,0.0,29.635971051103496,48
CPU->SBDR,36.791666666666664,20.5,52.26729921639233,48
LLP->NPV,17.083333333333332,15.0,18.812437413010567,48
KLBN->DWV,57.625,44.5,35.16624651021234,48
SLO->AKP,203.22916666666666,2.5,268.3933473811147,48
RBG->CNC,16.479166666666668,16.0,11.903851662263065,48
CDD->EKNR,0.375,0.0,2.198887533044544,48
KHED->KLBN,52.458333333333336,39.5,34.95648257131809,48
SMCP->TQM,8.375,0.0,23.53234532713951,48
BHLP->MBS,13.895833333333334,9.0,19.638476761285386,48
HDL->KSV,85.4375,63.0,78.7924573153245,48
SGDM->CPP,33.75,0.0,56.68295552287751,48
PNVL->KLMG,50.416666666666664,48.0,37.90067272368396,48
BVU->RPAN,13.875,5.5,19.37054684582712,48
NGNT->BZA,34.625,9.5,65.8546513648275,48
AKD->BCH,230.85416666666666,97.5,295.6737700238928,48
KBRV->ND,21.229166666666668,18.0,16.875311922517746,48
LKE->SWM,18.854166666666668,16.5,20.287287271163066,48
MOGA->JGN,5.5625,3.5,7.465968891534555,48
KFD->VINH,32.145833333333336,29.0,18.987106020546182,48
MCI->PDPL,91.97916666666667,24.0,159.48487416884552,48
VEER->SAPE,23.375,22.5,16.458361387892417,48
INP->KOL,46.354166666666664,34.5,36.166570660394854,48
GNO->VEER,18.270833333333332,13.0,14.800430677076609,48
DWK->MTHP,0.0,0.0,0.0,48
LLI->SRGM,18.541666666666668,16.5,13.198901200774307,48
BLTR->IAA,32.604166666666664,23.0,32.124584331002886,48
MMZ->RVKH,0.0,0.0,0.0,48
OEA->PTKP,41.5,42.5,28.532922380549596,48
MNI->INP,51.5,46.0,40.38959208677615,48
MCTM->RMJK,11.395833333333334,10.0,6.806566239421401,48
ANND->KBRV,21.541666666666668,18.5,16.861082387877126,48
KCG->FM,45.458333333333336,31.0,39.661846360672484,48
TQM->SMCP,10.645833333333334,7.0,13.088064374765818,48
JAT->RMJK,68.41666666666667,21.5,99.05657814481006,48
NPV->FBG,11.5625,8.5,15.239794282969639,48
PYHT->GODA,7.375,0.0,27.44171773669472,48
SHRN->BINA,17.604166666666668,4.0,35.19897217027753,48
GDB->BHX,8.895833333333334,3.5,17.345352659004895,48
PRTN->DB,5.020833333333333,4.5,3.9274786635298566,48
RPAN->BVU,26.9375,23.5,26.051018888066217,48
RECH->BPA,28.458333333333332,26.5,20.492820053835082,48
ROK->GHNA,7.354166666666667,5.0,6.755579516957009,48
GUNA->SHDR,12.979166666666666,6.5,15.67555297247621,48
KASU->PEN,44.458333333333336,34.5,37.08871384984199,48
NGTN->KASU,33.916666666666664,22.0,36.14087880181354,48
DWV->VINH,62.791666666666664,49.5,35.485662872539756,48
ABS->PKK,12.145833333333334,9.0,13.5285192587117,48
ASAF->RECH,18.833333333333332,19.5,18.144025842102,48
AMH->SHG,15.0,6.0,22.42149424671155,48
GKK->GPB,15.729166666666666,12.0,12.091388853112083,48
KRTH->ET,41.791666666666664,53.5,32.654841179865954,48
BZU->MJY,16.729166666666668,13.0,14.1236779962531,48
DES->HJP,28.166666666666668,5.0,58.636033265928894,48
KOLR->OEA,0.0,0.0,0.0,48
KOL->ROHA,24.25,6.0,35.609286381444726,48
PWL->HDL,82.33333333333333,54.5,78.58031081783115,48
MYS->SBC,1.2083333333333333,0.0,1.9013806107537634,48
MSK->NNR,18.229166666666668,13.0,20.395284794382537,48
TEL->TSR,54.0625,37.0,58.01738780084849,48
ANO->KHED,52.0,40.0,35.186433555888826,48
KO->MALM,27.270833333333332,27.5,15.17800702210671,48
DUI->LDH,15.604166666666666,3.5,45.91608422742667,48
BRGW->SGAM,30.125,18.0,46.28754944952856,48
SHDR->ASKN,13.5625,7.0,16.799070706314225,48
BELA->JHD,12.0625,7.5,18.52015147449658,48
BKO->CNB,58.9375,68.5,38.75476978193864,48
MALM->MTU,29.854166666666668,32.0,17.024374995036712,48
MED->GWV,0.0,0.0,0.0,48
BINA->DUA,12.042553191489361,9.0,20.08780448410613,47
GBX->BANO,14.851063829787234,2.0,34.94901797675173,47
PAY->KPQ,77.42553191489361,66.0,55.57202325570533,47
HX->KKM,27.29787234042553,26.0,19.67885081217134,47
JTJ->SLY,16.851063829787233,17.0,11.899906326639453,47
PRDT->YA,2.106382978723404,0.0,6.82461670385133,47
RGM->MLK,11.97872340425532,5.0,14.872632236400623,47
TBT->BZY,23.5531914893617,19.0,22.456536291281992,47
LKO->BSB,56.702127659574465,34.0,60.680888365003,47
JMDG->PRDT,5.191489361702128,0.0,10.949763344419704,47
SWM->LKE,110.02127659574468,50.0,167.6143982299464,47
DHN->CRP,19.48936170212766,0.0,70.25910813318566,47
BGNP->KLKA,5.382978723404255,0.0,11.55620140592574,47
PNM->KEF,11.617021276595745,10.0,10.971411845831046,47
BZA->NGNT,0.0,0.0,0.0,47
SZR->BXP,25.382978723404257,5.0,45.061095333707215,47
KUD->CNC,10.957446808510639,10.0,6.724250230738549,47
TSI->PCM,5.787234042553192,5.0,7.692277805392734,47
BXP->FKG,14.063829787234043,0.0,34.422189667939705,47
KIUL->HTZ,65.68085106382979,31.0,85.16406324750577,47
CNC->RBG,12.872340425531915,13.0,8.055829704593886,47
KPG->ANG,24.0,0.0,43.70603380889585,47
MDL->BHL,17.170212765957448,16.0,16.868183517235572,47
KEF->BEY,11.76595744680851,11.0,13.50396522436127,47
BAB->BZY,82.38297872340425,57.0,102.37899606077694,47
BHL->MDL,5.702127659574468,4.0,6.698198633951556,47
CNB->GZB,17.319148936170212,0.0,38.691144017034446,47
BANO->GBX,66.46808510638297,44.0,77.98797317084826,47
MMM->RMM,0.0,0.0,0.0,47
UJP->NAZJ,46.276595744680854,43.0,28.12139996488793,47
SMD->TEN,3.9574468085106385,0.0,7.751458339111339,47
DKAE->BWN,54.5531914893617,12.0,91.67684466804373,47
KOAA->BWN,6.553191489361702,6.0,6.99940528727821,47
SOR->DAA,26.27659574468085,19.0,25.236018193171216,47
COM->RGS,11.680851063829786,10.0,9.582834252110528,47
KSRA->DVL,30.085106382978722,21.0,29.578803946799795,47
TLH->BLPU,34.38297872340426,22.0,41.203921927878035,47
AMSA->GBB,23.319148936170212,10.0,28.363407521249385,47
SRGR->SOU,93.63829787234043,44.0,114.56959637893065,47
NDL->BGNP,5.51063829787234,0.0,11.715601527405077,47
KKM->YA,24.21276595744681,22.0,19.350245667705487,47
KSV->HDL,43.57446808510638,26.0,57.779470056733835,47
CYN->CNGR,16.51063829787234,15.0,10.410847896859547,47
JNH->PRYJ,45.97872340425532,16.0,78.77250937425748,47
GPB->GKK,13.872340425531915,14.0,8.573510825886391,47
SGAM->MWJ,28.595744680851062,23.0,30.45642616168369,47
NGO->DNA,9.148936170212766,2.0,17.729830823151595,47
KLRS->BDWS,36.170212765957444,33.0,34.341203005526616,47
AGI->SLGR,22.78723404255319,7.0,39.54960351046945,47
DUA->BINA,90.2127659574468,61.0,110.67342011722613,47
DUA->LAR,19.893617021276597,15.0,21.447847811917686,47
AK->MKU,50.744680851063826,7.0,117.77861843400107,47
BJU->HTZU,33.851063829787236,24.0,42.884566354952916,47
MXN->AGI,20.319148936170212,3.0,37.534972899474596,47
VPT->SVKS,1.0,0.0,2.859005603960626,47
NTSK->TSK,9.936170212765957,0.0,16.085916410108766,47
NAZJ->DSS,39.08510638297872,37.0,29.672729236026193,47
MVLK->CYN,0.0,0.0,0.0,47
SDDN->ANDN,41.340425531914896,4.0,101.88362427528361,47
MLK->DHNE,12.340425531914894,16.0,10.966899993487674,47
CHD->KMZ,120.97872340425532,74.0,137.44508616672462,47
HW->YNRK,12.574468085106384,0.0,36.90690089874854,47
KCI->MPL,37.06382978723404,27.0,57.58223014517705,47
TTR->AMSA,8.27659574468085,0.0,17.085083918639032,47
NHLN->HMY,12.659574468085106,5.0,31.767687025426017,47
PHA->GAJ,15.085106382978724,10.0,34.47168326715487,47
DUJ->SURI,10.042553191489361,0.0,36.90525910844198,47
BZY->TBT,81.65957446808511,49.0,101.68371178951546,47
BLPU->PMR,36.87234042553192,25.0,42.15118597603083,47
PWL->FDB,16.851063829787233,0.0,35.321491624544876,47
LAR->DUA,85.06382978723404,61.0,100.13977280809736,47
ANDN->SDDN,27.893617021276597,17.0,31.162431424472025,47
BWR->NEW,15.893617021276595,9.0,27.28770549927854,47
KLKA->JMDG,4.702127659574468,0.0,10.784277794482401,47
MDVL->GDV,19.638297872340427,12.0,44.234270371519045,47
BANO->ORGA,26.76595744680851,20.0,35.49905863170572,47
NUR->ANDI,73.38297872340425,53.0,70.26334104838843,47
LBA->SKN,31.46808510638298,19.0,49.506192438236745,47
SIOB->DHG,18.638297872340427,16.0,18.664574130543688,47
WR->DMN,71.34042553191489,41.0,78.32548494021172,47
HDL->PWL,23.78723404255319,2.0,46.97544972606194,47
DBRG->DMC,38.61702127659574,0.0,142.49661371895513,47
SPJ->UJP,43.723404255319146,37.0,26.92558354109855,47
SUR->DD,11.382978723404255,0.0,38.95345784254387,47
MWJ->BEHR,31.25531914893617,24.0,33.54456353614863,47
KCC->MAG,31.51063829787234,27.0,32.60426241834935,47
BZY->BAB,27.382978723404257,22.0,22.961738677814303,47
GUP->GKJ,25.53191489361702,28.0,20.81476384875783,47
MCU->KRY,33.638297872340424,19.0,59.05944887473641,47
SLY->JTJ,7.8478260869565215,6.5,9.150512775684813,46
ASAF->SKZR,8.717391304347826,0.0,45.450174449477345,46
BTY->PLY,5.478260869565218,4.0,4.58858065895851,46
NWD->WRS,66.32608695652173,37.5,91.06726557827122,46
SEH->PRB,32.06521739130435,12.0,49.76808534433065,46
RECH->ASAF,28.630434782608695,8.0,54.148913478645845,46
YP->KI,45.67391304347826,27.5,53.2562168923137,46
RPAR->ANSB,9.391304347826088,3.5,19.976072643562084,46
AS->MHJ,18.434782608695652,5.5,31.294054936938668,46
KZJ->BPQ,18.02173913043478,2.0,70.51287955809832,46
HJP->DES,33.93478260869565,13.5,67.80540855972842,46
BRM->CKP,26.97826086956522,0.0,49.23796598851328,46
KMT->BKL,71.52173913043478,82.0,68.26638643511325,46
PTKP->OEA,0.0,0.0,0.0,46
GTS->RHE,46.23913043478261,17.0,79.14436451689159,46
JSKA->TNJR,0.0,0.0,0.0,46
SHG->AY,27.82608695652174,6.5,35.075983773533125,46
NPRD->UKR,9.5,4.0,17.24818831066034,46
BSL->SAV,19.52173913043478,9.0,28.42591863496316,46
RTM->UJN,5.456521739130435,0.0,17.526749742086782,46
RVKH->MMZ,32.71739130434783,24.0,52.72050541128429,46
SINI->MMV,32.52173913043478,11.5,49.32600807346737,46
GGN->BWSN,9.304347826086957,7.5,7.771370721986612,46
GHH->BDXT,0.0,0.0,0.0,46
RJP->NRE,27.08695652173913,28.0,34.460170946217204,46
KRY->DMM,22.97826086956522,5.5,55.54677273571037,46
BTI->RMN,6.108695652173913,4.0,6.536149940037127,46
TPT->SLY,44.95652173913044,4.0,68.04212960340222,46
COR->MVJ,9.891304347826088,0.0,29.22117060615818,46
CWA->CHUA,22.195652173913043,0.0,55.87391343819181,46
BXY->NVG,28.391304347826086,0.0,62.55787658405067,46
PUX->CWA,20.565217391304348,0.0,55.250400571263036,46
ANG->KPG,54.06521739130435,35.5,76.57020081058893,46
SBC->KPD,7.326086956521739,5.5,8.969217351774994,46
SBBJ->GWD,9.804347826086957,5.0,14.000983402314427,46
VM->TDPR,22.91304347826087,5.5,55.51409274007477,46
BINR->GVH,51.02173913043478,13.5,73.70978802195505,46
PLY->BTY,12.5,12.0,5.97308779257243,46
PLY->BEB,6.956521739130435,6.0,5.261839651846028,46
BPC->MBB,2.260869565217391,0.0,3.8380248543500466,46
CHUA->SEY,18.152173913043477,0.0,51.775999326716935,46
UKR->BJRI,5.782608695652174,0.0,14.730034387043306,46
AME->RBL,28.630434782608695,0.0,62.10756214312649,46
SMDP->PM,10.891304347826088,8.5,8.809662021186524,46
YADD->BG,100.1304347826087,86.5,91.80235017462537,46
ALER->YADD,0.0,0.0,0.0,46
SOJN->DLJ,5.282608695652174,0.0,8.215603158971378,46
PNPL->BEH,27.391304347826086,12.5,36.4353175799218,46
BIA->R,20.956521739130434,2.0,59.68545570897826,46
GDO->DEEG,52.02173913043478,17.5,72.8558665770025,46
MMV->RKSN,38.21739130434783,25.0,52.135683256278845,46
JNO->PUX,29.630434782608695,0.0,65.22690606921593,46
BBK->RDL,16.543478260869566,0.0,27.013335407814274,46
PT->GHH,7.195652173913044,5.0,6.506815453276293,46
FM->MXT,0.0,0.0,0.0,46
RKSN->BRM,54.95652173913044,48.0,48.229062940070634,46
NYH->KGI,12.173913043478262,10.0,15.24365711125791,46
BEB->PLY,11.695652173913043,11.0,5.585177069578971,46
RTM->MDS,47.30434782608695,0.0,150.9847482459687,46
MDDP->ODG,51.869565217391305,27.0,67.16236005900664,46
SUR->BJP,9.26086956521739,0.0,17.969646979292232,46
MDR->YP,75.43478260869566,81.5,72.53524880250002,46
JGN->LDH,12.108695652173912,11.0,12.33824813941422,46
TIA->NWD,53.97826086956522,23.0,90.15332350573901,46
PTRD->JSKA,4.913043478260869,3.5,4.7320471818654735,46
BRH->NPRD,0.0,0.0,0.0,46
BRH->KTO,17.152173913043477,0.0,24.681047511809403,46
IHP->PTRD,3.717391304347826,2.0,4.166869560277494,46
OEA->KOLR,40.93478260869565,40.0,51.711766197694544,46
ODG->BNI,49.71739130434783,24.5,69.60672478479144,46
AMLA->BXY,28.47826086956522,0.0,63.52872985435968,46
GDG->BNP,23.891304347826086,24.0,10.242022935749809,46
MMZ->BPA,33.30434782608695,24.5,52.83680096515954,46
SFY->PFR,7.739130434782608,0.0,14.703642455163118,46
KIAT->BAW,7.413043478260869,0.0,15.54716992746986,46
HSD->SHV,11.695652173913043,0.0,24.428462056668778,46
BNI->NDPM,50.30434782608695,24.0,70.87324195435659,46
NVG->JNO,30.97826086956522,0.0,65.16696133963548,46
HTZU->BJU,12.108695652173912,2.0,25.095575759589856,46
PRWD->JEUR,39.02173913043478,29.5,31.476615044918507,46
FBD->KJN,19.891304347826086,5.0,36.44248330413256,46
FBD->GHJ,2.0652173913043477,0.0,3.5615363346176796,46
BKL->MDR,71.8913043478261,78.5,67.79060185957263,46
SMPR->NMK,10.0,9.5,6.494442068244029,46
PRB->KPP,29.282608695652176,11.5,46.87414024976447,46
MBB->BPC,1.4565217391304348,0.0,3.3045861851482203,46
KWMD->KIP,3.0434782608695654,0.0,3.9550615769283146,46
KMZ->CHD,134.7608695652174,25.5,164.1867750503958,46
AY->SHG,7.934782608695652,0.0,21.803569711721817,46
NMK->SMPR,18.304347826086957,13.0,20.91450274619918,46
TNJR->PT,5.304347826086956,3.0,5.4113853852261915,46
GOY->FTP,36.95652173913044,13.0,52.32630803025659,46
BNXR->NH,4.326086956521739,3.5,4.195523264020496,46
HLK->RGI,15.478260869565217,0.0,29.891462274505948,46
NMGA->KIGL,19.695652173913043,19.0,6.3870339672300736,46
RE->KWMD,0.0,0.0,0.0,46
BPA->RECH,31.195652173913043,13.0,57.0643377894022,46
WDN->GNH,31.47826086956522,15.5,50.12550432239939,46
KIP->IHP,3.5652173913043477,2.0,3.936451723813343,46
MZM->LRJ,7.695652173913044,0.0,24.120871151780005,46
BAW->NMGA,11.152173913043478,10.0,4.746776175255266,46
MYA->KGI,7.608695652173913,1.0,11.02215599169754,46
RMN->KNL,5.956521739130435,4.0,6.863612659814171,46
JRU->HLK,13.652173913043478,0.0,27.361950378260968,46
BWN->DKAE,38.76086956521739,9.5,83.94209241630242,46
SKN->LBA,29.456521739130434,8.5,37.47989477142772,46
BWSN->SMDP,0.0,0.0,0.0,46
BDXT->GGN,7.891304347826087,8.0,6.864492409395419,46
YNRK->HW,8.369565217391305,4.0,9.719073334090549,46
VDE->GDR,38.04347826086956,0.0,70.97384698973092,46
GVH->BINR,8.044444444444444,7.0,8.019735757252954,45
BKG->FUT,33.644444444444446,11.0,65.62536772383747,45
KRAI->VYA,7.0,0.0,11.098730476131863,45
KMNC->FL,2.7555555555555555,0.0,4.753733248508986,45
STP->GD,125.0,82.0,133.6756590340284,45
YP->MDR,69.04444444444445,45.0,66.03372263663866,45
BTT->SV,63.24444444444445,0.0,102.12451303000745,45
BRKA->MESR,9.311111111111112,0.0,24.602126868721054,45
KDM->NKD,106.13333333333334,84.0,92.90234364398701,45
ASN->UDL,9.933333333333334,0.0,24.59064862910289,45
GJS->SRW,11.488888888888889,9.0,11.967042283292102,45
BEHS->NLD,59.6,65.0,46.43979484724867,45
BEHR->VST,21.88888888888889,17.0,21.830152440043925,45
CHM->BHET,1.6,0.0,3.3398421301830203,45
BKL->KMT,90.0,62.0,77.95948831400716,45
KPZ->KOTA,17.044444444444444,13.0,20.032877017946312,45
HRT->BEHS,49.37777777777778,53.0,35.09680695712729,45
PNC->BKG,24.822222222222223,8.0,57.187208077303154,45
JMKT->KZJ,42.333333333333336,45.0,46.030622218455626,45
HZBN->BRKA,12.822222222222223,5.0,26.12234230839125,45
KTE->MDRR,0.0,0.0,0.0,45
SMT->BPL,4.777777777777778,0.0,15.099501630681374,45
KESR->SGNR,2.4,0.0,2.7169501618208205,45
BIY->TBV,13.066666666666666,9.0,13.484671432273153,45
JP->RGS,93.35555555555555,7.0,236.43086204058162,45
SRW->KESR,11.822222222222223,9.0,11.92836361727201,45
HSD->JRU,26.68888888888889,19.0,24.456661318100693,45
MID->KRAI,0.0,0.0,0.0,45
TBV->MID,11.133333333333333,6.0,13.63418164360843,45
KEJ->KANO,7.733333333333333,3.0,10.598885018546225,45
KTES->KHBJ,39.31111111111111,30.0,28.15123299594388,45
BSB->LKO,39.8,0.0,80.34035553364652,45
KMTI->DMP,8.244444444444444,2.0,11.817082310935907,45
BCHL->KRDL,2.2,0.0,13.872143440592145,45
KRY->MGB,15.844444444444445,6.0,19.66186382032204,45
MWM->SBC,2.933333333333333,0.0,7.596051605933178,45
ASKN->MNV,15.866666666666667,9.0,25.353500744473134,45
TKG->BORA,24.555555555555557,12.0,33.55223577129437,45
NDO->TSR,48.644444444444446,47.0,28.794850830373022,45
DEEG->GDO,11.044444444444444,9.0,13.300641740422554,45
KCC->BZA,11.355555555555556,7.0,17.465752925440263,45
ASKN->SHDR,45.355555555555554,44.0,36.079555754392864,45
BTE->SWM,36.355555555555554,7.0,85.4799698907601,45
CHM->BGMR,0.0,0.0,0.0,45
KZJ->KCG,31.68888888888889,5.0,57.251368472021625,45
SDLP->HSR,13.6,0.0,76.23271786265575,45
JES->RSNR,11.222222222222221,8.0,12.56417867823384,45
SGS->KEJ,8.688888888888888,6.0,9.799866006092826,45
GDR->BZA,125.37777777777778,16.0,194.29502975078537,45
MDRR->NWR,49.6,30.0,88.61700021594461,45
MDR->BKL,72.28888888888889,50.0,68.45623094763218,45
HTZU->RJO,14.755555555555556,0.0,18.759428605801446,45
RSNR->GJS,11.222222222222221,9.0,12.449696763172565,45
SOU->GEB,90.62222222222222,2.0,125.11854177119191,45
BOF->KMTI,7.444444444444445,2.0,10.899448600639381,45
YPR->MWM,0.0,0.0,0.0,45
YG->CT,2.1333333333333333,0.0,9.056890897392588,45
MABA->KAH,15.977777777777778,0.0,34.074443161520286,45
BGMR->GGAR,12.11111111111111,8.0,12.393587458884134,45
KI->YP,56.53333333333333,25.0,64.09602171742019,45
DMC->DBRG,46.355555555555554,4.0,147.75734954117965,45
MKA->HTZU,23.4,20.0,27.235838688957408,45
BOY->BSBS,16.444444444444443,0.0,38.329051144219065,45
SCI->SMT,26.08888888888889,0.0,43.042696678690305,45
KKDI->SVGA,64.33333333333333,18.0,160.04573210066042,45
SHDR->GUNA,26.822222222222223,19.0,31.281194531429446,45
SGO->VGLJ,77.88888888888889,14.0,119.61666466110172,45
MDS->RTM,15.733333333333333,0.0,78.86104004109785,45
KHBJ->KTES,10.266666666666667,2.0,16.184167347357505,45
SOG->JES,0.0,0.0,0.0,45
DLI->MB,94.71111111111111,36.0,135.04824427895494,45
VST->BEHR,63.355555555555554,61.0,31.308694374475966,45
GOTN->KXG,9.386363636363637,0.0,18.621337984414808,44
VDH->NVS,10.75,5.0,15.2149329951371,44
PNF->PRLI,12.409090909090908,0.0,32.55143920786255,44
ARQ->PRNA,16.59090909090909,15.5,7.971805496577565,44
MDE->THA,12.068181818181818,8.0,13.113809031513709,44
DHNE->RGM,39.61363636363637,13.5,53.93674844649954,44
JOC->PRR,32.29545454545455,14.0,50.75961567535273,44
WRR->CD,36.68181818181818,33.5,55.34070906970986,44
BG->ZN,48.45454545454545,45.0,34.206251669496844,44
GWD->SBBJ,0.0,0.0,0.0,44
MV->TVR,41.86363636363637,4.5,109.38444915389894,44
NEW->BWR,64.93181818181819,68.0,53.53781438114896,44
KTO->BRH,11.5,5.0,28.717145028791613,44
KXG->UMED,11.272727272727273,0.0,19.75708720218109,44
QLN->KUV,5.454545454545454,3.0,10.504604849512306,44
NRW->JHL,23.568181818181817,16.0,47.489238794367914,44
SVHE->NGR,16.522727272727273,16.0,5.5843995174415735,44
LDH->CDG,1.9090909090909092,0.0,3.3328399916809675,44
LKT->GDG,12.159090909090908,12.0,7.541954536066992,44
PIL->MPL,44.68181818181818,45.0,24.60267779646905,44
SVGA->DKO,0.0,0.0,0.0,44
PAD->BL,15.954545454545455,15.5,13.297935747228617,44
RJPB->BKP,22.65909090909091,13.5,33.56558535292609,44
MAS->BZA,32.29545454545455,3.5,146.8051357611003,44
ETM->KRPP,8.045454545454545,3.0,11.08729535970043,44
ASN->MDP,50.34090909090909,7.5,187.32088414366308,44
PKR->RJG,2.8863636363636362,0.0,7.788530353924016,44
KDN->BAY,0.13636363636363635,0.0,0.6678987909301859,44
PRLI->PBN,26.022727272727273,2.0,38.20293951697753,44
VR->PLG,14.909090909090908,14.0,8.969763632306613,44
KUV->KKZ,8.863636363636363,7.0,12.252367420199949,44
KWAE->AZ,12.25,2.0,49.929310495055184,44
ANVT->MTC,20.34090909090909,11.5,45.4542669124658,44
FTP->SRO,26.636363636363637,24.5,32.13567959057991,44
SNM->PVP,7.5227272727272725,2.5,10.433596531160905,44
VR->SAH,14.409090909090908,10.0,13.821651672947326,44
ALU->TPJ,92.25,0.0,275.56437858363705,44
PDPL->MCI,58.56818181818182,45.0,57.510928274858685,44
MXT->FM,21.25,19.0,15.592372911884059,44
BG->YADD,0.0,0.0,0.0,44
KJN->FBD,118.38636363636364,38.0,193.5655908193914,44
TEN->VPT,1.3636363636363635,0.0,5.176381555124036,44
DWX->LMNR,41.0,0.0,145.82324439077317,44
MAKR->SGO,31.136363636363637,8.0,68.82116727823724,44
ANSB->RPAR,11.545454545454545,11.0,5.389285431576446,44
UMED->PPR,10.954545454545455,0.0,19.173570163426508,44
JGM->GTS,83.04545454545455,26.5,115.17367160085304,44
RJG->MRR,3.409090909090909,0.0,7.6014630838279516,44
ADRA->ASN,18.795454545454547,0.0,36.68633833893505,44
YADD->ALER,33.45454545454545,31.5,34.85281647252706,44
NGR->LKT,15.613636363636363,15.5,5.3968807058397665,44
KRPP->VARD,9.818181818181818,6.0,12.173690134920353,44
PSL->AWR,4.75,2.0,7.603931051887598,44
GAJ->PHA,11.886363636363637,0.0,15.732082328042956,44
KNNK->DZB,11.522727272727273,1.0,14.62633597374658,44
BDLN->DMC,4.0227272727272725,0.0,11.652903892729586,44
FBG->ARQ,0.0,0.0,0.0,44
TML->SCT,3.0454545454545454,0.0,9.673638466674902,44
BNLW->SWM,4.7272727272727275,2.0,9.70102760407643,44
GNT->VJA,26.295454545454547,0.0,46.52810080913321,44
BKN->SDGH,21.318181818181817,10.0,37.95148232376206,44
KZJ->JMKT,26.977272727272727,26.5,18.898121767585653,44
CHM->BIY,9.613636363636363,7.0,13.541007329316399,44
CND->AMI,8.181818181818182,0.0,30.727816900994725,44
SWM->BTE,12.909090909090908,0.0,31.028732507384174,44
DLJ->SOJN,24.931818181818183,25.0,31.80127080046194,44
DGI->BIM,10.522727272727273,5.5,14.741948746828644,44
TEL->CIV,0.0,0.0,0.0,44
VARD->PVRD,8.75,5.0,11.763413916748156,44
BPL->NDPM,39.18604651162791,16.0,61.15758560354495,43
BXL->BQA,28.372093023255815,17.0,29.41575805083776,43
PTRU->KLRE,35.72093023255814,25.0,31.564239546703533,43
MPL->KCI,20.046511627906977,12.0,35.21765891490078,43
PRR->CNI,9.325581395348838,0.0,19.015934333671396,43
JVN->SRGT,0.0,0.0,0.0,43
PVPT->VBL,34.883720930232556,9.0,56.75352277814823,43
SNQ->KBQ,0.0,0.0,0.0,43
KMJ->FBD,10.767441860465116,8.0,9.92552555715943,43
SMR->LUNI,21.511627906976745,11.0,29.761250048169668,43
BJP->LMT,16.348837209302324,0.0,25.60123110965586,43
VSU->MDN,28.13953488372093,0.0,66.37899172656707,43
VSU->RSG,0.0,0.0,0.0,43
CHUA->CWA,19.13953488372093,2.0,55.29039415208398,43
RNPR->CRJ,16.13953488372093,14.0,15.431232082631633,43
KRAR->KBJ,32.76744186046512,14.0,82.53623654674419,43
DLI->NUR,64.62790697674419,10.0,118.99360192000199,43
MNQ->SKB,94.4186046511628,87.0,105.5656493007662,43
CNI->NIM,36.46511627906977,26.0,39.26306202866901,43
KRY->MCU,15.837209302325581,7.0,34.189897026654606,43
BINR->BEDM,7.372093023255814,7.0,8.346722355893883,43
BGVN->DD,76.0,114.0,76.47626460294101,43
KRND->AMH,24.674418604651162,0.0,47.12684046184123,43
GYN->BSB,18.488372093023255,0.0,57.66007618258979,43
KTD->TAO,28.58139534883721,16.0,39.06784852641408,43
SRO->PRYJ,11.55813953488372,2.0,24.02806129902266,43
BGO->PBA,20.72093023255814,16.0,19.93838793382701,43
PFR->SFY,75.74418604651163,36.0,108.17580334658416,43
BTSR->MTJ,1.0232558139534884,0.0,4.079497938840158,43
BJRI->UKR,23.41860465116279,12.0,26.792174193346913,43
MWJ->SGAM,52.906976744186046,39.0,69.99109261473355,43
YNRK->RWL,33.23255813953488,10.0,80.03536040231644,43
MRJ->SGLA,12.093023255813954,8.0,16.735781390109686,43
ABSA->DMR,8.209302325581396,0.0,13.474063514652853,43
UKR->NPRD,0.0,0.0,0.0,43
NDPM->BPL,56.41860465116279,21.0,96.82759163982418,43
UMB->DLI,78.95348837209302,5.0,138.6935562564654,43
EKN->KUV,11.651162790697674,5.0,14.897880515490135,43
BRMD->BBM,34.116279069767444,24.0,40.261176680889356,43
UJN->BPL,1.4186046511627908,0.0,2.9377068975934835,43
MDN->GSL,10.930232558139535,5.0,14.454189290301516,43
TVR->NMJ,24.348837209302324,24.0,17.255618437579813,43
ZN->BG,39.41860465116279,8.0,90.1169167983722,43
GMDN->GKL,6.767441860465116,0.0,14.636609692825406,43
RUR->LM,16.209302325581394,18.0,8.779191142736826,43
TKBN->VP,91.90697674418605,105.0,65.04277491938466,43
GHQ->NUQ,51.2093023255814,41.0,41.42897429826646,43
GKL->MDN,6.395348837209302,2.0,13.434390011997676,43
BBM->URMA,31.6046511627907,21.0,39.05377217003178,43
AN->NDB,14.674418604651162,0.0,43.90071098796885,43
NBJU->HTZU,15.790697674418604,4.0,30.639655396805534,43
MIK->CNI,34.7906976744186,25.0,37.96587323444625,43
THV->RGDA,13.55813953488372,0.0,27.415065657913086,43
LKR->MKB,11.372093023255815,0.0,22.705173792409553,43
GHJ->FBD,11.720930232558139,0.0,34.95188909765846,43
NPRD->BRH,18.093023255813954,7.0,23.055640724424293,43
BTD->RUR,15.046511627906977,16.0,8.179397720207628,43
BEDM->DEEG,7.186046511627907,7.0,8.572535919611143,43
GOL->SWR,104.18604651162791,89.0,57.21981666968246,43
SEY->CHUA,21.25581395348837,6.0,58.415626180499004,43
TAO->PRR,26.348837209302324,7.0,38.14064431306484,43
KZU->MIK,29.488372093023255,20.0,38.808057639657925,43
KBQ->JSME,34.41860465116279,17.0,103.36510246466383,43
DOB->JJN,10.232558139534884,8.0,8.105956684827598,43
TBN->ET,48.83720930232558,20.0,92.53954887674942,43
PBA->VSU,24.627906976744185,19.0,22.234703951270962,43
SGAM->BRGW,52.116279069767444,30.0,70.75921925540553,43
PBN->PRLI,9.0,0.0,19.175877703883224,43
SWM->BNLW,16.627906976744185,0.0,87.93856710005107,43
VP->HGI,93.55813953488372,104.0,66.33691148242949,43
PBE->BPR,29.11627906976744,8.0,99.45714782001191,43
RSG->ODM,29.186046511627907,20.0,27.79453167694398,43
GSL->SLB,13.813953488372093,10.0,15.11740689207783,43
RBL->GNG,41.23255813953488,21.0,72.58585629291908,43
SBDR->CAR,52.46511627906977,7.0,102.25932227551709,43
MBDP->PRG,33.81395348837209,0.0,73.9843148801386,43
NIM->BRMD,38.02325581395349,29.0,40.687244035969364,43
BNL->TKBN,0.0,0.0,0.0,43
NDB->AN,8.116279069767442,0.0,13.981636429745953,43
MCU->MPL,19.86046511627907,13.0,33.879043526267196,43
KDNL->SNKL,7.348837209302325,7.0,6.879520058461417,43
RMM->MMM,4.953488372093023,0.0,22.803459938364085,43
TPJ->ALU,38.372093023255815,20.0,64.07028256079188,43
MAU->ARJ,88.69767441860465,21.0,122.22666977377199,43
NKE->BUG,161.0,73.0,177.51981780715556,43
KAL->SVGA,20.53488372093023,4.0,24.759172265964004,43
KNE->HCR,71.95348837209302,23.0,100.18862056103218,43
KND->KZU,30.023255813953487,21.0,38.50200265174405,43
URMA->KTD,29.162790697674417,17.0,39.33127329102434,43
BEHR->MWJ,59.69767441860465,43.0,65.17870484975498,43
GBA->BGO,0.0,0.0,0.0,43
SBP->ATS,32.95348837209303,24.0,40.52098426880766,43
NMH->COR,31.162790697674417,0.0,140.3261388664615,43
GAR->NU,54.04651162790697,11.0,100.35412381219297,43
BSL->HD,117.76744186046511,110.0,173.54577236338798,43
PCX->DEB,8.0,7.0,8.177900022651768,42
BQG->SBNM,0.0,0.0,0.0,42
PDKN->GNT,10.738095238095237,0.0,23.2463577255213,42
SGV->BFT,0.0,0.0,0.0,42
ARJ->DHE,17.11904761904762,4.0,42.90500134639624,42
COR->NMH,21.523809523809526,2.0,88.84276000128408,42
RSH->JJN,5.690476190476191,2.5,8.819291756415883,42
RNL->TISI,6.095238095238095,2.0,10.815096774167621,42
BE->BC,11.5,0.0,25.131119567812878,42
KKDI->DKO,0.0,0.0,0.0,42
PDP->BEW,0.0,0.0,0.0,42
SNK->SNSL,0.0,0.0,0.0,42
HOL->SNK,4.357142857142857,0.0,13.166515972615645,42
SNSL->VKH,5.095238095238095,0.0,12.354143224844723,42
KQR->DHN,20.357142857142858,0.0,37.39428770030578,42
KPV->MB,3.880952380952381,0.0,6.451327641589794,42
ITA->MYG,9.714285714285714,7.0,12.40433778235724,42
PRTL->BQG,0.5476190476190477,0.0,1.64097503663153,42
BHNE->TKHE,5.309523809523809,0.0,15.658689001034746,42
BDZ->THP,0.0,0.0,0.0,42
KNJ->BDZ,4.5,0.0,8.955853788063465,42
SLN->MBDP,48.95238095238095,39.5,46.97583830477857,42
PKU->BZN,69.0952380952381,55.5,77.57602393114973,42
DMR->ABSA,47.95238095238095,0.0,148.70201868181366,42
DNA->NGO,30.333333333333332,0.0,98.22862000770388,42
BQA->MDN,43.785714285714285,0.0,71.4892233783068,42
MURI->SLF,23.571428571428573,0.0,47.435266728634794,42
SRO->FTP,16.904761904761905,14.0,14.561575772089993,42
BTY->MGM,8.880952380952381,6.0,11.951532978420069,42
GWD->WPR,30.69047619047619,22.0,34.42665451697458,42
SMT->SCI,19.071428571428573,13.5,26.36552891528213,42
CNA->KIN,14.952380952380953,8.0,20.986583845635103,42
HDB->JPG,3.3333333333333335,3.0,1.89565184961779,42
KRP->PRTL,0.0,0.0,0.0,42
SIOB->MALB,22.071428571428573,17.0,20.689802905075513,42
HD->BSL,305.8809523809524,267.0,349.313068218667,42
PLY->PCX,0.0,0.0,0.0,42
DLI->UMB,102.71428571428571,1.0,196.29088490874412,42
MNE->KFA,4.9523809523809526,3.0,5.041062513594708,42
SRID->JBP,16.023809523809526,0.0,36.340857940688096,42
BPR->PBE,23.976190476190474,7.0,37.65212273045406,42
KKZ->KUV,5.5476190476190474,0.0,6.153334931414421,42
PLD->CHLK,10.30952380952381,2.0,31.83837850942123,42
TKHE->AN,6.714285714285714,0.0,15.509691249282932,42
JSE->KCV,0.0,0.0,0.0,42
SDLP->RMB,10.30952380952381,9.5,9.444286168426208,42
SD->STP,23.523809523809526,0.0,67.32420218441294,42
THP->BIJ,5.190476190476191,2.0,9.21885156393983,42
REJ->PLY,9.071428571428571,9.0,4.375055997650589,42
TDL->GOY,53.19047619047619,17.5,76.86136969237033,42
GMO->TET,34.857142857142854,0.0,62.1585586315338,42
JL->PLD,10.19047619047619,0.0,32.85684997092105,42
BZN->SRC,40.714285714285715,22.0,55.95698945609519,42
RU->AJJ,19.404761904761905,0.0,47.687529445087364,42
VKH->DDE,5.619047619047619,0.0,12.509415733665467,42
KCV->BTQ,19.523809523809526,16.0,29.03004171059579,42
TET->GMO,8.380952380952381,8.0,5.050729872164968,42
TET->DHN,21.976190476190474,0.0,50.521904496109926,42
CRWA->RSH,3.5238095238095237,0.0,7.945663321672427,42
CRP->DHN,33.333333333333336,1.0,90.39416845713505,42
LGL->KRP,0.7857142857142857,0.0,1.538699391959109,42
ANV->GLP,28.69047619047619,24.0,23.828132681449993,42
KYJ->CNGR,57.5,32.0,95.23174557810886,42
RBL->AME,49.857142857142854,10.0,103.94571083692549,42
SFMU->LHA,47.095238095238095,5.0,144.3141575672053,42
KYI->KPA,8.976190476190476,6.0,11.407075457777038,42
SVH->BTY,9.547619047619047,7.0,11.693655525910312,42
CHLK->DXG,7.809523809523809,4.5,16.273932613063792,42
KZJ->PDPL,79.38095238095238,73.5,68.98990819835312,42
JIND->JHL,18.785714285714285,4.0,44.52323904806353,42
SWR->GOL,126.76190476190476,100.0,97.79191684981659,42
ORGA->BANO,46.785714285714285,40.0,45.135857636687305,42
DEB->SVH,0.0,0.0,0.0,42
MKU->AK,12.476190476190476,0.0,29.824067949158188,42
CD->WRR,23.11904761904762,13.5,52.99848243614399,42
SVGA->KAL,35.595238095238095,28.0,64.48522595924666,42
MBP->SD,27.857142857142858,0.0,72.32331588710464,42
MGM->DHU,8.5,6.0,11.7893089228355,42
DDJ->SDAH,4.523809523809524,0.0,10.01763833528105,42
NJP->JPG,10.976190476190476,0.0,20.137924536698435,42
BEW->NDN,5.333333333333333,0.0,13.765752248219115,42
BRTK->PDP,8.404761904761905,2.5,15.130424080929036,42
JPG->HDB,5.523809523809524,0.0,13.818047751768374,42
NKD->MABD,59.92857142857143,46.5,68.21965701165213,42
SBNM->JJG,1.0952380952380953,0.0,2.4969202865806004,42
AN->BRTK,6.619047619047619,1.0,14.678592975955654,42
MALB->HVD,25.976190476190474,21.0,26.436752037727654,42
NBR->PDKN,0.0,0.0,0.0,42
BSB->MZP,87.5,72.0,79.38521395777649,42
BFT->BEB,4.309523809523809,3.0,7.5948894731375365,42
CYI->DHD,10.119047619047619,6.0,15.286216301850024,42
JPG->NJP,3.761904761904762,0.0,7.459842160788606,42
AII->DOZ,2.0,0.0,6.970320355167222,42
DXG->BHNE,0.0,0.0,0.0,42
SAG->SFMU,46.023809523809526,2.5,143.31518873350072,42
NDN->HOL,5.214285714285714,0.0,13.57820296721239,42
NH->BNXR,0.0,0.0,0.0,42
MDP->ASN,44.333333333333336,0.0,187.0661376021817,42
SASN->MRND,12.761904761904763,2.0,23.14093566821499,42
DDCC->KDG,18.928571428571427,14.5,18.78426022114656,42
BPO->JSE,0.0,0.0,0.0,42
DDE->RNL,8.785714285714286,3.0,14.180948597886125,42
DHN->TET,2.9047619047619047,2.5,2.42758058628413,42
ROU->PPO,34.785714285714285,4.0,66.80789193715896,42
BPL->SMT,16.761904761904763,11.5,25.994192150395524,42
ROU->NXN,41.976190476190474,31.5,51.064038272014486,42
KAH->MABA,30.047619047619047,24.0,31.45570046515853,42
USD->KKRD,2.902439024390244,0.0,6.040715512457033,41
SHNR->MBNR,27.365853658536587,17.0,39.74339951335377,41
KFF->NWU,6.073170731707317,2.0,9.23414924046184,41
PRNA->ARQ,0.0,0.0,0.0,41
SGLA->MRJ,4.439024390243903,2.0,4.955041778268902,41
SAC->MLAR,29.51219512195122,21.0,63.40903798009377,41
ADI->SUNR,33.1219512195122,0.0,102.79669136746358,41
BJP->SUR,29.195121951219512,11.0,52.52724031975939,41
CPD->KFF,4.853658536585366,0.0,9.076235385912366,41
KBJ->KRAR,22.5609756097561,3.0,35.97919452995565,41
KBH->KHTG,4.048780487804878,0.0,8.771975887769512,41
MLAR->GOA,31.634146341463413,23.0,64.6327146643095,41
PLG->KLV,5.829268292682927,2.0,8.766134949407265,41
BAM->VSKP,69.5609756097561,0.0,113.22876153621213,41
BGS->SKJ,15.390243902439025,2.0,36.84079128410551,41
SKB->MNQ,22.048780487804876,11.0,34.586811951603885,41
BIY->GGAR,2.341463414634146,0.0,3.588939649099445,41
BUG->NKE,135.4878048780488,107.0,127.46433264863144,41
ARQ->FBG,32.951219512195124,20.0,35.632114180547994,41
PDKN->NBR,10.536585365853659,6.0,28.772467361155886,41
PEM->TVR,13.975609756097562,5.0,18.302305599128825,41
DBB->GUP,0.8780487804878049,0.0,3.099960660647321,41
ET->TBN,90.5609756097561,65.0,97.3719797427596,41
KEB->BLD,11.634146341463415,7.0,12.701881942375657,41
HTZU->NBJU,12.170731707317072,2.0,23.732785802581617,41
WTJ->ALB,11.78048780487805,0.0,15.85640595330788,41
GWL->SAC,28.146341463414632,18.0,61.49087776882429,41
KPP->PRB,6.341463414634147,5.0,6.097580487773659,41
GDG->MLP,18.29268292682927,0.0,31.95562853586127,41
TLMR->ABSA,19.658536585365855,16.0,17.40346194884449,41
BBAI->LKKD,3.8048780487804876,0.0,7.494062690540832,41
SCL->KTX,8.292682926829269,6.0,9.64428302788503,41
ACL->AML,3.926829268292683,2.0,6.165996447868093,41
WPR->GWD,40.707317073170735,19.0,68.43363350810733,41
KKRD->VYA,3.8048780487804876,2.0,6.063083011946653,41
KTX->BPB,8.317073170731707,5.0,11.299201353171481,41
MV->PEM,18.0,17.0,17.019106909588412,41
PRYJ->SRO,17.26829268292683,12.0,15.634935865304824,41
BHET->SCH,2.682926829268293,0.0,5.488346856705778,41
PRB->SEH,5.390243902439025,5.0,5.961870716396356,41
MMY->TIW,14.951219512195122,3.0,27.83428750616063,41
VR->BSR,1.3902439024390243,0.0,4.742773707338817,41
VGN->BOR,7.097560975609756,4.0,8.230446154519148,41
NHT->MGAE,10.682926829268293,8.0,12.083954287380939,41
KIN->CNA,2.5121951219512195,0.0,8.718147599173554,41
NWU->BBAI,5.536585365853658,0.0,9.35974775561716,41
BZN->ULB,55.073170731707314,6.0,79.02733395601247,41
LKO->AY,19.26829268292683,2.0,45.192933291745895,41
TBV->BIY,1.2682926829268293,0.0,3.193934800867908,41
BTD->DCK,18.097560975609756,17.0,12.774593688350288,41
MYA->SBC,3.2195121951219514,2.0,4.4917268122736,41
GNT->PDKN,0.0,0.0,0.0,41
NDB->DWD,6.365853658536586,5.0,6.4836567520226405,41
MCA->BZN,11.048780487804878,8.0,13.588508416143759,41
ALB->HAPA,10.097560975609756,0.0,14.279014108209259,41
GOA->SONI,30.414634146341463,19.0,65.38118062935087,41
SBDR->CPU,54.951219512195124,0.0,85.90109173331624,41
SNKL->KDNL,2.682926829268293,0.0,4.262857166210498,41
VAPI->KEB,0.0,0.0,0.0,41
MID->TBV,0.975609756097561,0.0,3.126402124471905,41
PND->VKR,17.5609756097561,6.0,20.744937672222356,41
KLV->SAH,4.780487804878049,0.0,6.350244857963948,41
ATS->SBP,38.4390243902439,0.0,64.86680537088588,41
KHTG->CPD,4.634146341463414,0.0,9.013201699620883,41
JSG->BSP,86.60975609756098,82.0,89.59711994500171,41
LKKD->USD,3.341463414634146,0.0,6.448293402511865,41
KCG->KZJ,25.658536585365855,20.0,35.03399046361801,41
VKR->JTI,14.75609756097561,5.0,19.64278555577706,41
DRD->VGN,6.487804878048781,4.0,7.619455201061006,41
DDU->DNR,27.21951219512195,8.0,95.45169254526657,41
HCR->KNE,31.634146341463413,32.0,25.89474473475359,41
MGAE->SDI,11.439024390243903,9.0,12.976996533265709,41
ABSA->TLMR,34.65853658536585,2.0,99.3470205280706,41
VDH->ACL,0.0,0.0,0.0,41
TIW->OSN,16.975609756097562,6.0,27.894881075994974,41
SDI->AZ,1.6341463414634145,0.0,6.315679288726493,41
RJT->PDH,9.731707317073171,8.0,12.118218495810146,41
SAC->GWL,9.35,0.0,32.09565031637106,40
UMR->KMZ,13.6,0.0,26.51540432779909,40
DWP->KYM,56.475,61.0,46.285062939160525,40
TVR->PEM,16.525,15.5,12.788190666111468,40
BAND->YPR,2.1,0.0,7.909098947025898,40
DIG->CLVR,0.0,0.0,0.0,40
HYB->KQD,0.0,0.0,0.0,40
JBP->NIR,34.075,10.5,80.22672599640697,40
BMR->SRID,117.525,65.5,126.1293571837649,40
SSA->KNL,17.575,14.0,17.60228350570984,40
MESR->BRKA,26.15,28.0,28.775479233684454,40
KFA->MNE,8.9,2.5,13.49035743002177,40
HSRA->SMVB,7.625,0.0,18.687288288827347,40
BJU->BRYA,20.025,0.0,56.05468369460811,40
PEM->MV,11.875,13.0,9.899980574961518,40
NWD->TIA,29.425,0.0,78.94233127205369,40
FTD->INDB,0.7,0.0,1.4535544409551755,40
JPE->NCB,126.075,56.0,204.06891589827552,40
TEL->KLX,0.0,0.0,0.0,40
BRY->BEM,22.625,24.5,13.480636635655012,40
MBNR->SHNR,23.525,0.0,43.23518717730283,40
GOA->MLAR,16.3,12.5,29.1514172589452,40
APDJ->NCB,28.575,23.5,27.378531267381277,40
GMD->BGTA,138.775,85.0,160.74274518063055,40
BAY->HPT,57.5,27.0,98.5635289078533,40
BL->BVI,2.8,0.0,6.437868734771925,40
BELD->GPC,116.0,63.0,124.44667275172269,40
KZE->PAY,52.9,18.0,101.43099207760002,40
GPC->NU,128.15,63.0,138.40808298613717,40
BRKA->HZBN,29.725,28.5,34.70682154185919,40
BGTA->SQL,121.1,62.0,152.17142829632505,40
SMVB->HSRA,36.625,37.0,19.27225653095329,40
CLVR->PVD,14.125,0.0,27.634229517495886,40
PRDT->JMDG,8.1,0.0,15.66442973664726,40
KYM->RJY,36.925,28.0,36.79352472295175,40
GPZ->VNE,3.55,0.0,5.948281372131894,40
BDM->GDG,44.25,16.5,89.69828343553769,40
GRO->ET,80.85,0.0,142.7370812332043,40
CPJ->BUG,128.575,93.0,131.12372069234885,40
VPT->APK,20.35,8.5,68.90109968978389,40
BGNP->NDL,5.725,0.0,9.063840528617277,40
BURN->JOC,20.125,11.0,24.810241371721418,40
MLAR->SAC,15.05,8.0,28.153380267968192,40
BHTN->BMR,113.45,62.5,124.84183840117308,40
KLX->DIG,18.775,0.0,33.321655005531944,40
TDPR->CUPJ,9.65,6.0,10.929963520712343,40
SONI->GOA,14.55,8.0,28.428903673947115,40
VDA->RNO,14.825,9.5,17.511735991497172,40
NCB->APDJ,17.075,9.0,26.128270866276978,40
JMDG->KLKA,9.75,4.5,14.092642197351216,40
NQR->BBS,10.2,0.0,25.020196969853306,40
CRWA->JJN,3.475,1.0,5.2671575558311075,40
KLKA->BGNP,9.4,4.5,14.38624699371252,40
SIOB->HVD,22.625,22.0,23.542310519899804,40
KPD->PAK,22.45,17.5,25.959485198957076,40
KPD->TPTY,174.5,41.5,232.70648399283527,40
VGLJ->SGO,87.525,25.5,150.28007826414293,40
THA->MDE,22.6,16.5,25.675289926707993,40
NU->GAR,96.4,29.0,194.23086976387344,40
PPR->GOTN,45.65,47.5,23.10572134719795,40
BBS->DNKL,35.75,17.0,90.88080387419839,40
HG->SUR,12.775,5.0,35.20524982704448,40
SQL->GRO,103.9,20.0,153.77419342692895,40
KHH->BHI,4.2,3.0,5.23890769589939,40
AN->BSL,21.3,9.0,58.35532186307938,40
CNB->JJK,25.3,23.5,25.776355693164092,40
KQD->BMT,0.0,0.0,0.0,40
MNV->ASKN,22.375,5.0,47.26069950761116,40
WRS->NWD,23.9,0.0,74.76486217057192,40
MRND->SASN,12.45,8.5,13.935658007520281,40
MS->SPE,24.8,4.5,60.944783752727076,40
YA->PRDT,10.5,3.5,14.477214635065115,40
PRR->JOC,37.3,14.5,67.72349514660178,40
ROU->BANO,63.975,0.0,101.8516990027343,40
DHE->ARJ,55.9,0.0,105.05402761412205,40
NGTN->NIDI,0.0,0.0,0.0,39
BANO->NXN,39.56410256410256,32.0,38.37268413844937,39
PKF->BANO,15.794871794871796,10.0,23.496001325174557,39
KUDA->BTJL,62.48717948717949,36.0,88.68865464583386,39
SGO->MAKR,42.41025641025641,15.0,68.245963038008,39
MED->GDPL,19.435897435897434,0.0,32.32629276268278,39
VSKP->BAM,23.256410256410255,4.0,48.03163318870835,39
SPE->MS,78.71794871794872,24.0,173.44329404249993,39
JNU->KS,32.51282051282051,21.0,36.51378383920804,39
VDN->TGN,22.94871794871795,21.0,12.731950522310559,39
STP->SD,11.692307692307692,6.0,13.288605816052073,39
NKE->CAI,31.53846153846154,21.0,35.46521361162538,39
KGI->MYA,4.538461538461538,3.0,4.827804087542524,39
NIDI->ROHA,15.923076923076923,7.0,21.593596291718445,39
MBDP->SLN,21.615384615384617,17.0,26.20326956760146,39
BMO->CVB,23.512820512820515,0.0,35.62071528794489,39
PEN->KASU,21.17948717948718,16.0,22.1512406624999,39
ALJN->DLI,15.58974358974359,3.0,32.265932782945804,39
KOAA->DAKE,0.0,0.0,0.0,39
SGUJ->NJP,12.307692307692308,0.0,25.40011795056932,39
JGN->MOGA,11.564102564102564,6.0,14.743053443276567,39
MVL->KMST,22.94871794871795,22.0,11.966947282430004,39
JHL->NRW,8.692307692307692,8.0,6.985525810574492,39
CVB->MJF,14.564102564102564,0.0,32.011342456759614,39
NAT->BGP,9.35897435897436,0.0,16.614019412100166,39
LNL->MVL,18.94871794871795,15.0,12.22798498257759,39
SD->MBP,6.282051282051282,2.0,10.533027549841593,39
BBS->NQR,16.23076923076923,10.0,22.59187271012758,39
TPTY->KPD,176.15384615384616,85.0,228.14475304087307,39
JOC->BURN,21.487179487179485,9.0,32.62213632914716,39
BNY->TLR,29.974358974358974,16.0,36.6192983199664,39
SIPT->DDDA,0.0,0.0,0.0,39
MKA->LKR,16.923076923076923,0.0,32.805956307213016,39
MKA->PNC,63.282051282051285,52.0,74.16054729186455,39
BME->BUT,7.461538461538462,6.0,4.951587485189147,39
DNR->DDU,29.333333333333332,0.0,68.26971792797237,39
RPUR->BUP,16.025641025641026,5.0,23.66152459772614,39
LKDM->KDKL,0.0,0.0,0.0,39
DHN->KQR,18.641025641025642,18.0,10.340231035511069,39
SRU->BLTR,25.897435897435898,21.0,16.43455101110378,39
KNHE->VDN,0.0,0.0,0.0,39
PRR->BKSC,20.076923076923077,9.0,26.36822710782272,39
MOZ->RK,19.71794871794872,2.0,47.6516685066849,39
NCB->KOJ,109.53846153846153,21.0,229.27986187349458,39
DMC->BDLN,6.6923076923076925,5.0,7.504924159488629,39
NIR->JBP,137.05128205128204,82.0,226.2268247761814,39
CAI->BTH,37.46153846153846,30.0,37.53724196598567,39
NCRM->MOB,21.256410256410255,0.0,43.2408907040534,39
APMR->NCRM,0.0,0.0,0.0,39
JJR->PUNE,13.717948717948717,3.0,36.71293241090702,39
MYR->JKE,27.53846153846154,20.0,38.68689847170905,39
KMST->KNHE,0.0,0.0,0.0,39
BAY->OBM,0.8461538461538461,0.0,2.1464592820253343,39
KMZ->UMR,112.97435897435898,32.0,161.67649426840123,39
SLM->RDG,0.10256410256410256,0.0,0.4469117300619179,39
GYN->MBS,25.94871794871795,23.0,15.929034592527337,39
BGQ->MNQ,70.43589743589743,70.0,57.991739371721074,39
DDDA->LKDM,0.0,0.0,0.0,39
OBM->SLM,0.8205128205128205,0.0,2.075823170541659,39
KASU->NGTN,19.512820512820515,15.0,22.80451455174218,39
NXN->ROU,43.1025641025641,42.0,29.810625862349703,39
CBSA->DPS,137.53846153846155,84.0,135.00191931459153,39
JKE->MYR,17.666666666666668,17.0,14.211435968286306,39
NCB->JPE,70.7948717948718,26.0,111.06498322750171,39
NCJ->TVC,23.58974358974359,21.0,21.002152707605383,39
KDKL->GJWL,16.743589743589745,8.0,23.905205278478736,39
JRU->CTA,31.487179487179485,26.0,31.45495676349361,39
GJWL->APMR,0.0,0.0,0.0,39
BHP->HWH,0.4473684210526316,0.0,2.7577641592229636,38
YPR->BAND,16.18421052631579,15.0,4.898180926314709,38
BPL->UJN,19.81578947368421,0.0,73.13329380571751,38
ZBD->MAY,16.973684210526315,0.0,28.385842342956877,38
MGB->DMM,3.210526315789474,0.0,6.738986589691771,38
ARJ->DLR,15.0,6.5,19.05752316512272,38
LPJ->BNVD,15.657894736842104,1.5,35.452500629059784,38
VBL->PVPT,0.0,0.0,0.0,38
RWL->YNRK,35.973684210526315,0.0,71.48142334450988,38
BUW->CLJ,80.42105263157895,64.5,69.15733397193145,38
KOJ->NCB,105.39473684210526,41.5,189.59324019676248,38
BG->BN,52.71052631578947,53.5,35.8456962584917,38
JMD->RM,0.0,0.0,0.0,38
NUQ->GHQ,65.63157894736842,23.5,91.19904606323986,38
BSC->HPU,6.315789473684211,0.0,16.54821826476387,38
KSJ->SKA,19.605263157894736,18.0,17.851549215357636,38
PLG->BSR,18.657894736842106,4.5,70.03947779290002,38
SKA->HTC,13.552631578947368,5.5,21.498833869596027,38
PQL->GNP,58.05263157894737,57.0,37.35508747754705,38
CNA->BSSL,0.2631578947368421,0.0,1.2232922023103419,38
BWN->ASN,5.526315789473684,2.5,10.81974381998087,38
KOTA->NDLS,20.92105263157895,0.0,52.96780336635281,38
SML->SOL,12.131578947368421,11.0,9.886302434071252,38
CSN->BFJ,0.0,0.0,0.0,38
JAM->LPJ,15.421052631578947,0.0,34.77000227669649,38
SHRN->SJP,43.5,0.0,109.12694071213207,38
TK->BAW,58.73684210526316,25.5,98.65464858310264,38
NRKR->NGP,176.73684210526315,37.5,307.98961760410094,38
RYP->KMT,45.05263157894737,28.5,107.00112335061267,38
SONI->MLAR,21.57894736842105,19.0,22.251184698429917,38
NMJ->TVR,11.0,5.0,14.174587081072906,38
MVJ->COR,1.5789473684210527,0.0,3.276712087636501,38
MLN->GK,8.736842105263158,6.0,7.453220637166683,38
DNKL->BBS,83.63157894736842,0.0,167.8078729352743,38
MWK->SHF,5.7368421052631575,4.5,4.565938585174426,38
CNI->MURI,49.973684210526315,31.5,53.644216756936146,38
BIY->CHM,8.5,0.0,42.65813188849478,38
NVS->BHET,13.736842105263158,8.0,19.082586105160953,38
NVS->VAPI,8.552631578947368,4.0,10.701597174105071,38
TLR->BNY,59.421052631578945,18.0,113.06172233926688,38
DHD->CYI,66.42105263157895,1.0,105.34387232630031,38
RM->MWK,0.0,0.0,0.0,38
ARJ->MAU,245.31578947368422,259.5,271.6931004369371,38
RKMP->BINA,108.02631578947368,77.0,188.9427894023501,38
CAR->SBDR,65.44736842105263,42.0,81.33736795176038,38
KLRE->PTRU,53.89473684210526,0.0,86.16257087737776,38
NHM->HMT,0.5,0.0,2.768061083531604,38
DNRP->SES,9.421052631578947,10.0,6.68047408476038,38
SVPI->GUNA,107.47368421052632,41.5,157.6905517130727,38
BTJL->KUDA,227.1578947368421,128.5,220.25090438391973,38
THE->TOI,43.1578947368421,9.5,108.056173158271,38
VGLJ->MOTH,37.421052631578945,33.5,21.875114305736716,38
GK->LMP,7.947368421052632,5.0,9.397950807176581,38
MTJ->SWM,45.973684210526315,17.0,92.0943954165552,38
TDU->LPI,60.473684210526315,35.0,99.24954539812977,38
MAY->ZBD,6.526315789473684,0.0,15.143880830232533,38
MYA->RMGM,6.7368421052631575,5.0,9.579494458608114,38
MLAR->GWL,6.552631578947368,0.0,13.84801160167253,38
MHAD->DHI,0.05263157894736842,0.0,0.32444284226152503,38
BRVR->MHAD,0.0,0.0,0.0,38
LDH->JGN,14.868421052631579,12.0,15.064135056720394,38
DPS->CBSA,133.31578947368422,98.0,127.55711074146843,38
KZJ->PQL,56.89473684210526,57.5,38.046763170691854,38
MOZ->TPZ,59.8421052631579,36.0,95.91396097003602,38
ASN->BWN,12.5,0.0,34.17423559318304,38
SHF->BRVR,0.0,0.0,0.0,38
ZW->UDZ,15.421052631578947,17.0,12.716517411549283,38
SRTN->SLGR,33.026315789473685,22.0,37.98184974937461,38
BFJ->JMD,6.078947368421052,5.0,5.508625074678006,38
CLJ->BUW,28.13157894736842,13.5,48.14177881746597,38
MOTH->VGLJ,25.657894736842106,0.0,60.72991885468585,38
MPL->PIL,11.0,0.0,36.558932636984295,37
MPL->KRY,32.0,31.0,20.234733614368253,37
KKLR->BVRT,0.0,0.0,0.0,37
HWH->BHP,1.945945945945946,0.0,3.0817198115657747,37
RMGM->MYA,9.27027027027027,4.0,13.899737504812911,37
HTZ->BKP,79.91891891891892,39.0,96.96974854114107,37
BSL->AN,9.324324324324325,0.0,42.9353868906226,37
PIS->RNC,5.27027027027027,0.0,18.212707176658355,37
CHM->UDN,8.621621621621621,0.0,41.77210083786076,37
ASN->ADRA,37.75675675675676,5.0,77.30940916049445,37
DHNE->ATP,14.08108108108108,0.0,39.454881671191046,37
KMT->RYP,41.24324324324324,15.0,66.44856214705786,37
BKSC->PRR,25.89189189189189,5.0,53.721392275219266,37
GNG->RBL,50.972972972972975,5.0,84.88537581366431,37
GP->KXN,37.83783783783784,20.0,51.68575642686694,37
SWM->MTJ,10.108108108108109,0.0,32.78192573133334,37
JRLE->NFK,4.972972972972973,0.0,8.725717055814847,37
CH->AO,27.56756756756757,22.0,35.45305232161145,37
PPO->ROU,35.13513513513514,4.0,52.920885481255134,37
KDM->WL,60.83783783783784,45.0,79.0940064850799,37
GOGH->NOQ,62.054054054054056,53.0,49.572587600824725,37
LAD->PIS,15.594594594594595,6.0,26.129442162965283,37
TSD->SDLP,26.2972972972973,6.0,100.52110471185885,37
BEM->BRY,25.35135135135135,15.0,33.02962997758915,37
BUP->KPRD,22.83783783783784,15.0,29.399086827762293,37
LIR->ANDN,1.6756756756756757,0.0,3.266446030423535,37
BNVD->LPJ,22.45945945945946,18.0,18.753658301774074,37
LPJ->JAM,16.864864864864863,13.0,18.211965178850843,37
HGT->WR,28.62162162162162,15.0,54.80386814782296,37
BSP->JSG,110.97297297297297,73.0,150.90219173846174,37
KPRD->SGG,25.972972972972972,14.0,31.78354438532137,37
BOR->BVI,109.75675675675676,24.0,173.95440101829456,37
MLGH->PSLI,5.837837837837838,2.0,16.92058823759701,37
KOTA->KPZ,34.13513513513514,27.0,31.56313088448659,37
NTV->LIR,2.7027027027027026,2.0,3.1434664594013695,37
DCK->BTD,7.0,7.0,7.54983443527075,37
KDG->DDCC,30.62162162162162,19.0,45.59687571616147,37
MNQ->BGQ,22.7027027027027,12.0,35.63305648852922,37
AII->BHL,27.243243243243242,2.0,99.38321046596614,37
LPI->TDU,81.27027027027027,74.0,68.48262092946918,37
ADB->PMKT,2.4864864864864864,0.0,8.187462032555297,37
MABD->NKD,61.513513513513516,46.0,82.66082695153924,37
BINA->RKMP,331.35135135135135,271.0,336.0638345625737,37
TNM->VM,70.08108108108108,4.0,139.1700355636902,37
TORI->LAD,11.324324324324325,2.0,26.982560266930907,37
KRY->MPL,9.972972972972974,0.0,38.4617316927463,37
PMKT->WANI,11.702702702702704,0.0,14.340821425537628,37
VM->TNM,49.47222222222222,14.0,111.7981564149328,36
CUPJ->TDPR,21.38888888888889,12.0,38.92063556798467,36
ROK->DBHL,13.055555555555555,9.0,14.150102360951205,36
SES->DNRP,15.305555555555555,5.0,26.70668128758842,36
MKMN->KRKH,0.0,0.0,0.0,36
RE->KSI,1.25,0.0,2.9988092875101517,36
BZA->RU,41.19444444444444,0.0,135.1293178391815,36
BAY->HDD,2.25,2.0,3.706172457632576,36
LAD->TORI,7.916666666666667,0.0,31.685395464066488,36
HDD->BAY,65.13888888888889,58.5,48.431484905572844,36
HDD->HGI,5.25,4.0,4.563050358195554,36
GK->MLN,36.416666666666664,0.0,118.21321535985005,36
KCG->JCL,15.11111111111111,12.0,10.476580079335534,36
SVPI->MOJ,17.25,0.0,27.370865636919227,36
BTQ->KCV,0.0,0.0,0.0,36
KXN->GP,45.97222222222222,14.5,74.6437199008391,36
ARA->DDU,22.11111111111111,2.0,65.42204861088075,36
KPE->TLR,26.75,13.0,30.09639275964575,36
BDL->DDU,9.0,0.0,20.034256376801924,36
INDB->FTD,18.47222222222222,0.0,56.87755575977531,36
VYA->NDB,39.361111111111114,3.0,149.2168417874332,36
DAA->SOR,12.083333333333334,8.0,12.399020698656578,36
LIR->NTV,1.25,0.0,5.871845657761401,36
PURI->BBS,6.527777777777778,4.0,7.5649043469020665,36
HPT->BAY,6.944444444444445,0.0,11.446632553960875,36
TTP->TVR,21.47222222222222,1.0,71.43008014279665,36
RTM->CYI,13.555555555555555,0.0,40.877828041578056,36
NHM->SDGM,0.0,0.0,0.0,36
BTI->GJUT,18.25,8.0,26.386549603917526,36
LDH->RPJ,23.5,9.5,51.98818547104167,36
GIR->PPW,30.11111111111111,16.0,33.528476406761015,36
LMP->GK,36.138888888888886,0.0,109.33987712705157,36
PPW->GIR,34.19444444444444,28.5,28.003897121083952,36
SRBH->MKMN,15.36111111111111,11.0,15.442340270045634,36
PKU->TMZ,28.444444444444443,4.0,64.4752197999663,36
KSI->CKD,1.6944444444444444,0.0,4.695404710653321,36
BABH->MAHM,18.63888888888889,15.0,14.880769522686037,36
KCV->JSE,0.0,0.0,0.0,36
MAHM->MLKN,19.916666666666668,15.0,17.521211634554763,36
PRG->MBDP,13.333333333333334,6.0,32.194054464406044,36
GJS->RSNR,7.972222222222222,2.0,21.76955424586117,36
SNSI->MMR,24.25,7.0,49.22912900770379,36
BVRT->KKLR,70.52777777777777,64.0,58.69314202387637,36
HMT->NHM,6.0,0.0,19.38187665983722,36
JES->SOG,7.166666666666667,0.0,19.841514919121327,36
RSNR->JES,0.0,0.0,0.0,36
GRHI->HNS,5.111111111111111,0.0,11.53820431133713,36
ANDN->LIR,3.7777777777777777,0.0,9.065195959149353,36
MLKN->GRHI,21.38888888888889,14.5,20.32771194738535,36
GIR->TLR,43.02777777777778,37.5,28.683978714966216,36
KRKH->BABH,0.0,0.0,0.0,36
SBC->MYA,3.4722222222222223,0.0,13.799557158756137,36
DBHL->SRBH,0.0,0.0,0.0,36
NGP->BSL,270.05555555555554,172.0,316.17435917041945,36
UDZ->ZW,16.61111111111111,12.5,26.72855912719339,36
HGI->HDD,112.61111111111111,111.5,57.12456453239597,36
BSL->LTT,20.916666666666668,0.0,81.755864796181,36
MMR->SNSI,19.97222222222222,0.0,34.33156491053604,36
KKDI->ATQ,9.722222222222221,4.0,26.43008146694229,36
SGNR->KESR,5.777777777777778,0.0,18.952739886526942,36
BTS->ROP,19.333333333333332,3.5,52.487277369990196,36
TLR->KPE,43.0,35.5,31.974096658746394,36
MOJ->GWL,0.7222222222222222,0.0,3.4526272490141365,36
CNB->GTM,22.52777777777778,11.5,34.94933975351106,36
GGC->BXN,9.222222222222221,0.0,26.666309521417908,36
JSE->BPO,10.666666666666666,0.0,18.631770102243564,36
AGC->NDLS,203.88888888888889,191.5,163.51859270043317,36
TLR->GIR,30.416666666666668,17.0,32.89148826064275,36
BEH->PNPL,0.0,0.0,0.0,36
KESR->SRW,7.527777777777778,2.0,21.744603417348817,36
NGP->NRKR,0.9722222222222222,0.0,5.833333333333335,36
HAR->BSZ,40.55555555555556,32.5,36.8064004095906,36
SRW->GJS,7.861111111111111,2.0,21.784860769124933,36
PSPY->ATP,15.971428571428572,3.0,20.416956209002755,35
BHL->AII,29.4,0.0,159.52875455356556,35
KDT->IMAM,0.0,0.0,0.0,35
KTYM->TRTR,13.085714285714285,12.0,8.971757741646279,35
SKND->JKPR,102.97142857142858,76.0,108.97260468314305,35
MSH->CBCC,16.62857142857143,0.0,54.653499814895724,35
IDR->SUR,2.8857142857142857,0.0,7.339544097764193,35
JGLP->NHLG,40.25714285714286,42.0,24.636585488614593,35
GUNA->SVPI,14.82857142857143,0.0,21.194457813702307,35
DMM->CCA,18.742857142857144,18.0,20.311316546002942,35
PIS->LAD,4.771428571428571,0.0,16.994957235267506,35
GWL->MOJ,19.285714285714285,11.0,36.356544381001484,35
CPA->KAP,80.0,90.0,36.088127426848715,35
KTV->VSKP,33.02857142857143,0.0,57.58598977605052,35
KWP->JP,3.6857142857142855,2.0,3.939031148208227,35
GPU->HNMN,0.0,0.0,0.0,35
VPL->GPU,34.05714285714286,33.0,27.79752724629303,35
RNC->PIS,5.628571428571429,0.0,17.964156656234877,35
CCI->DMM,18.8,11.0,21.01931884495505,35
PAK->DCU,40.17142857142857,37.0,24.517083736814687,35
SZR->FKG,66.4,0.0,131.81386162937133,35
WDR->KMC,40.97142857142857,38.0,23.310545094549845,35
TAC->GDE,20.685714285714287,9.0,22.167505933860287,35
PLCJ->KLYT,3.6,0.0,8.048383103967858,35
JAT->SVDK,17.285714285714285,9.0,34.016061455947394,35
VNE->HMY,55.02857142857143,0.0,171.39230638822627,35
PCM->KKY,3.6857142857142855,0.0,4.644867050408051,35
KKY->ASD,6.4,0.0,7.1874072884046125,35
PER->OGL,4.4,0.0,8.496366005188197,35
MURI->CNI,18.97142857142857,0.0,37.4208857334461,35
MTP->CBE,6.428571428571429,6.0,6.761855446224082,35
BSB->MBDP,78.22857142857143,7.0,108.51920017546524,35
BHS->RKMP,40.48571428571429,3.0,108.90885866539195,35
KLYT->LGH,6.942857142857143,2.0,10.518730792210228,35
MOJ->SVPI,32.371428571428574,26.0,34.65127594143899,35
KHED->ROHA,81.8,72.0,69.14128757160098,35
WSJ->BNVD,19.0,16.0,17.18070052670249,35
PNM->NDL,12.314285714285715,13.0,11.266220799027373,35
PUX->JNO,15.657142857142857,2.0,53.06762769564602,35
HNMN->GTL,11.628571428571428,0.0,35.95919723167104,35
IMAM->VPL,27.885714285714286,28.0,24.596474434801603,35
KLU->KDT,23.142857142857142,23.0,22.03091792317821,35
JNO->NVG,14.514285714285714,0.0,57.37921914696964,35
BSL->NGP,146.0,6.0,269.6364655038553,35
MNO->DES,31.428571428571427,17.0,55.01886613019302,35
GDE->KLU,20.514285714285716,14.0,21.560273146490058,35
DDU->BDL,20.142857142857142,15.0,24.333640303500996,35
MINJ->SPN,11.085714285714285,3.0,16.25598790775703,35
RGS->COM,8.685714285714285,0.0,11.09258212280894,35
NOQ->GOGH,53.885714285714286,0.0,146.90368421852054,35
TIS->MESR,7.742857142857143,0.0,21.237235414884555,35
PNC->MKA,28.82857142857143,15.0,39.01243068432368,35
BXY->AMLA,23.0,6.0,61.86132498913812,35
ATP->TAC,18.114285714285714,5.0,21.796885137117005,35
RU->BZA,6.0285714285714285,2.0,8.39987995112295,35
LKR->MKA,34.457142857142856,14.0,64.02542824679014,35
JKPR->SKND,40.857142857142854,38.0,14.818793427788316,35
NVG->BXY,15.82857142857143,2.0,57.150207510449114,35
BUT->BME,0.0,0.0,0.0,35
ATQ->KKDI,18.457142857142856,0.0,59.96241119486875,35
AO->CH,26.257142857142856,2.0,53.144831444306014,35
ODG->MDDP,17.65714285714286,10.0,26.869995136870838,35
TWB->MOGA,8.085714285714285,6.0,8.462274164408374,35
KMME->CRJ,41.628571428571426,10.0,122.80953347604996,35
NHLG->JGLP,26.2,27.0,23.07379465974333,35
NHLG->MBG,20.771428571428572,0.0,49.05104526936003,35
TVR->TTP,36.05714285714286,21.0,68.40491161293252,35
KON->MDU,4.857142857142857,3.0,6.633882977664328,35
NCU->KRY,49.457142857142856,49.0,30.272626790107086,35
PRG->PLP,2.8,0.0,7.672717135102408,35
BNI->ODG,15.685714285714285,8.0,26.799661354940586,35
NDPM->BNI,19.085714285714285,15.0,23.578868191880705,35
MS->AJJ,13.142857142857142,12.0,9.774344741518505,35
CCA->ZPL,22.542857142857144,22.0,21.54249269691506,35
NDLS->KOTA,29.0,17.0,33.93072527440371,35
MGB->CCI,48.6,43.0,32.935051951664256,35
NDLS->DEE,12.2,8.0,10.81339039176455,35
ZPL->PSPY,25.685714285714287,27.0,22.765778534214625,35
BMH->BEY,14.514285714285714,18.0,11.60215859371063,35
FZR->TWB,7.314285714285714,4.0,9.317192926714217,35
CWA->PUX,12.914285714285715,0.0,52.25749111994624,35
DAKE->KOAA,4.457142857142857,0.0,18.383724990812258,35
CDGR->VSU,27.571428571428573,20.0,23.96846667932647,35
MRHT->SRTN,32.588235294117645,21.0,39.77292946218024,34
MRJ->HTK,13.705882352941176,0.0,16.37353631999219,34
SLGE->TVL,6.235294117647059,0.0,23.023122531989326,34
SSA->BTI,13.441176470588236,0.0,27.926517404279952,34
KTK->MNL,8.911764705882353,0.0,22.853111514241405,34
BJ->BBA,23.676470588235293,18.0,23.24796581291582,34
AS->SOG,28.11764705882353,20.5,38.15976359900915,34
BANO->PKF,46.76470588235294,44.5,48.42492397549102,34
STNL->MHRG,11.147058823529411,11.0,8.571030675765883,34
MTWN->CCO,0.0,0.0,0.0,34
GUR->AKOR,8.0,4.0,18.343523338902163,34
WANI->PMKT,0.5,0.0,1.6560266430297077,34
DGBZ->MKZ,0.0,0.0,0.0,34
MNE->SHC,13.058823529411764,0.0,39.28600736052915,34
MNL->BJP,8.941176470588236,4.0,19.175333233990514,34
SRNK->KSJ,13.205882352941176,14.5,11.264800128059692,34
CPK->LMG,15.705882352941176,0.0,29.12723333798001,34
MKZ->SKLI,0.0,0.0,0.0,34
DES->MNO,39.088235294117645,14.0,76.49375797352785,34
CBE->MTP,0.4411764705882353,0.0,2.5724787771376323,34
PDNR->LHN,14.029411764705882,6.0,24.396330193621765,34
SVDK->JAT,18.294117647058822,12.5,15.942186101118924,34
GTL->DMM,6.970588235294118,0.0,17.521390034309572,34
BOY->MBDP,25.264705882352942,0.0,48.019130546020115,34
BUG->GKP,26.058823529411764,5.0,61.47477490881221,34
BTI->SSA,15.411764705882353,8.0,30.980069494472616,34
CCO->GBRI,33.088235294117645,16.5,41.06415353909481,34
SLNA->KGG,13.676470588235293,0.0,43.23769440509988,34
IDR->LHN,10.529411764705882,6.0,11.152483876392322,34
MSH->GNC,12.529411764705882,13.0,7.089194911411211,34
HTK->MRJ,7.5,0.0,21.806657309874502,34
HG->TKWD,0.7352941176470589,0.0,2.1505295123761297,34
RTGH->SDGH,22.794117647058822,16.0,28.4953791169032,34
LNL->PNVL,23.852941176470587,8.0,47.818553742208,34
LMNR->FTD,29.558823529411764,2.0,154.9252392874413,34
CTA->JRU,19.852941176470587,16.5,18.953103772271586,34
CTA->CHKE,32.61764705882353,32.0,20.724768823336696,34
BUX->WRR,36.14705882352941,27.5,21.739689096130952,34
SJP->SHRN,0.08823529411764706,0.0,0.5144957554275266,34
LGH->KLYT,8.676470588235293,0.0,14.066337612628315,34
GNC->MSH,7.735294117647059,8.0,7.258469759130141,34
CHRG->NBL,13.441176470588236,7.0,22.883355306622466,34
GOTN->PPR,48.23529411764706,0.0,113.33112087596146,34
BLTR->SRU,104.02941176470588,0.0,175.80179702155246,34
SBG->PPT,41.411764705882355,17.5,70.42559695084134,34
BNSA->TPU,7.676470588235294,0.0,20.379313022940384,34
BNSA->KHMA,4.588235294117647,3.0,5.48340552808045,34
KPNA->AKT,36.1764705882353,23.5,44.7623154465391,34
TMS->MTWN,0.0,0.0,0.0,34
GBRI->DGBZ,26.852941176470587,10.0,32.94819841760899,34
TMR->TMS,0.0,0.0,0.0,34
KHT->GDR,14.117647058823529,13.0,9.11463926007797,34
TKWD->SUR,5.970588235294118,0.0,10.252820141581289,34
DDU->ARA,43.529411764705884,4.0,130.34551643301333,34
NBL->KTK,0.0,0.0,0.0,34
ROHA->KHED,61.411764705882355,39.5,82.59214051941821,34
KHMA->BNSA,10.705882352941176,3.5,21.049047213396626,34
WR->HGT,25.294117647058822,18.0,51.12167862028238,34
NLV->BPRD,65.38235294117646,44.0,49.47360159622464,34
GKP->BUG,481.7352941176471,500.5,226.02283456960836,34
PMKT->ADB,0.5,0.0,1.8132508893914234,34
HCR->KDPR,6.9411764705882355,3.0,10.628552672274262,34
HCR->SM,52.73529411764706,23.0,74.81261796974245,34
CRP->PUS,13.382352941176471,11.5,10.534257839795556,34
PLP->PRG,10.029411764705882,0.0,19.03025548661704,34
DEE->NDLS,19.029411764705884,19.5,12.60708144947897,34
JLD->BBK,3.4411764705882355,0.0,8.866659295294003,34
FTD->LMNR,20.970588235294116,4.5,86.12340873988225,34
CH->BJ,22.0,16.0,20.352946328294202,34
KGLE->SALE,54.55882352941177,0.0,89.86427178822805,34
MHRG->STNL,20.0,9.5,41.40707010337069,34
TPU->BNSA,3.0294117647058822,2.5,3.769778500989689,34
CVP->VPT,2.588235294117647,0.0,6.247994330589634,34
GAYA->PNME,45.1764705882353,19.0,63.63983438459837,34
TNM->TRK,17.647058823529413,0.0,57.2992582071299,34
KMC->WDR,32.05882352941177,2.0,51.10710155034234,34
IDR->CHRG,0.0,0.0,0.0,34
SKA->KSJ,24.735294117647058,30.0,19.8117027300126,34
BXN->GGC,85.5,22.5,142.8018864997196,34
NDB->VYA,40.14705882352941,0.0,188.7721301259788,34
TRK->VM,14.735294117647058,0.0,46.88303228863872,34
NIA->KPNA,0.0,0.0,0.0,34
MBDP->BOY,29.441176470588236,0.0,43.91947947507864,34
BER->FA,11.088235294117647,2.5,24.664251700446115,34
TPZ->MOZ,8.941176470588236,4.0,17.520448964204896,34
KLYT->PLCJ,2.2941176470588234,0.0,6.784694949774627,34
PPT->SBG,13.617647058823529,0.0,61.546245094278426,34
PUS->CRP,76.61764705882354,75.0,69.81578127836157,34
SKLI->TRDI,15.0,0.0,29.039158515231243,34
KOAA->BP,3.235294117647059,2.5,2.934216363605315,34
HTC->SKA,11.882352941176471,7.5,13.153556278845224,34
SBC->JTJ,8.176470588235293,8.0,5.992270719676859,34
TVL->PDNR,0.0,0.0,0.0,34
TVC->KZT,21.11764705882353,8.5,44.3572034434792,34
TVC->NCJ,24.470588235294116,0.0,96.94023003708776,34
BN->BG,29.147058823529413,19.0,49.23113842973107,34
TZR->BGHI,1.7058823529411764,0.0,2.1815953540402613,34
HSR->BXC,7.117647058823529,5.5,5.671645081655217,34
BHP->DKAE,62.970588235294116,28.0,81.21594308856301,34
AY->LKO,36.3235294117647,0.0,88.10177330731231,34
ALJN->ETW,202.94117647058823,24.0,368.3295577354664,34
AKOR->GUR,9.911764705882353,5.5,10.908344448614814,34
FA->BER,0.6764705882352942,0.0,3.178722711226367,34
RKMP->BHS,54.73529411764706,20.0,97.96483872118839,34
AJJ->MAS,3.5294117647058822,0.0,9.012567972652167,34
PRR->TATA,39.11764705882353,0.0,74.22437919594324,34
MRPR->VGLJ,30.176470588235293,12.0,66.14697619614253,34
KMC->KCG,36.90909090909091,24.0,47.172796475010124,33
DLJ->DAS,10.606060606060606,2.0,14.694683124219187,33
DBG->KML,37.303030303030305,4.0,87.44301174496624,33
BAZ->SYL,8.787878787878787,7.0,6.840858753464251,33
JRTB->NSGR,4.787878787878788,0.0,10.91088211304881,33
TNM->VLR,42.54545454545455,3.0,108.29101154674926,33
BSZ->HAR,58.303030303030305,59.0,42.07172807278426,33
BGHI->TZR,18.12121212121212,20.0,17.191490583566292,33
SLGR->SRTN,3.696969696969697,0.0,8.956439193692045,33
BHPI->BLGR,2.9393939393939394,0.0,6.712578649163981,33
VGLJ->MRPR,78.63636363636364,28.0,155.694375737737,33
VSU->CDGR,15.787878787878787,0.0,31.025954433100818,33
DAS->DLJ,17.818181818181817,20.0,12.687234099318461,33
GAMI->TSD,18.96969696969697,13.0,16.85319859938472,33
NDB->BSL,6.333333333333333,0.0,11.751772915890891,33
GAMI->NHR,61.57575757575758,0.0,206.59743922406054,33
SHC->MNE,43.39393939393939,2.0,132.57402163365646,33
AO->SPN,26.757575757575758,11.0,38.16250638964105,33
BHPI->JRTB,3.8181818181818183,0.0,13.87546068031289,33
KAP->CPA,7.515151515151516,7.0,8.023875357804092,33
NU->MML,10.090909090909092,0.0,42.1198911118337,33
BLGR->BHPI,9.969696969696969,0.0,22.216948553532347,33
WRR->MJRI,33.96969696969697,36.0,18.090890056332302,33
GTM->CNB,25.060606060606062,13.0,37.02274587495114,33
SLY->SA,9.090909090909092,0.0,14.558853913434508,33
SKM->NLR,13.030303030303031,5.0,24.80862356178398,33
SDLP->TSD,86.6969696969697,0.0,273.50348316434713,33
NSGR->SNPU,9.393939393939394,0.0,18.914180186336708,33
KMDR->BUI,5.606060606060606,5.0,6.097844875135159,33
VAPI->NVS,11.06060606060606,9.0,12.315994158865623,33
LMG->CPK,19.060606060606062,14.0,22.67148455926987,33
BPRD->BJF,75.36363636363636,53.0,51.7378114763626,33
BPRD->NLV,42.72727272727273,0.0,150.84310406993936,33
JCL->KCG,11.515151515151516,0.0,37.99598762708473,33
CBK->RTA,12.93939393939394,0.0,23.028432689204276,33
NLR->SKM,32.78787878787879,18.0,49.88033027642108,33
BP->KOAA,3.5454545454545454,0.0,13.738838445013531,33
WADI->SEM,65.60606060606061,18.0,135.6256196746072,33
NSGR->JRTB,1.2424242424242424,0.0,2.5252512626259467,33
VLR->TNM,95.24242424242425,10.0,147.16870215483792,33
RTA->CBK,64.03030303030303,30.0,95.17302823295215,33
HMY->VNE,51.63636363636363,3.0,168.07807303858417,33
GNT->PGRL,127.39393939393939,76.0,126.09023043884572,33
PGRL->GNT,37.484848484848484,10.0,65.78854441129988,33
JJN->CRWA,33.78787878787879,6.0,101.59163276808209,33
TATA->MURI,58.54545454545455,22.0,82.96162174052638,33
PNME->GAYA,4.242424242424242,2.0,6.442196359891083,33
SNPU->NSGR,1.9393939393939394,0.0,3.1616786872185667,33
SA->KJM,16.060606060606062,10.0,27.11311881951636,33
KZT->TVC,19.272727272727273,3.0,81.09572766462205,33
CT->YG,34.484848484848484,0.0,80.34072800116748,33
SEM->WADI,49.09090909090909,30.0,57.44582428055784,33
JRTB->BHPI,3.242424242424242,0.0,5.367904054600263,33
SA->SLY,20.21212121212121,17.0,12.18030576319201,33
FKG->SZR,44.54545454545455,12.0,84.77878969304871,33
BJF->BNGN,69.63636363636364,46.0,52.68765164973323,33
PHN->GOY,12.121212121212121,0.0,41.92460314045737,33
HIJ->TATA,27.09090909090909,18.0,29.799710187730472,33
SOU->SRGR,113.93939393939394,86.0,127.52081677954078,33
APK->VPT,5.9375,0.0,11.561720767116554,32
MJ->ABR,24.59375,0.0,70.72110574918281,32
MB->HW,91.0625,2.0,281.8115290459668,32
SYL->BAZ,13.78125,11.0,24.27229188242854,32
CHKE->BAHI,1.625,0.0,4.240739436435812,32
BSI->MONJ,0.0,0.0,0.0,32
BSSL->CNA,3.90625,0.0,17.80061502199546,32
MNP->BSQP,7.1875,3.0,20.258709795558186,32
SUJH->RTGH,4.40625,0.0,9.790908801602145,32
MOMU->BOMN,0.71875,0.0,2.067168470123073,32
BVI->BL,5.5,2.5,7.547697790418207,32
GKJ->MTJR,0.0,0.0,0.0,32
BIG->TGQ,18.03125,11.5,22.86211738423024,32
MBG->NHLG,26.53125,0.0,54.39342012804312,32
BDWS->GUNA,25.65625,12.5,51.059490524099886,32
TEN->SMD,6.65625,7.0,6.689468733425986,32
JTI->VKR,10.34375,6.5,12.416454678135523,32
AF->BXN,146.28125,54.5,177.5823724132986,32
VKR->PND,30.34375,14.5,74.41150161487568,32
OKA->NZM,130.71875,82.0,221.36151053598775,32
SNKG->BLL,1.5625,0.0,6.4002898119865925,32
PCM->TSI,9.625,10.5,7.661171476157988,32
TPK->SPX,0.0,0.0,0.0,32
FDB->TKD,118.46875,64.0,221.98575722620203,32
HDP->PUNE,32.71875,0.0,103.64587176473054,32
VKB->MRF,5.78125,0.0,26.629760667828137,32
BOMN->CHKE,1.15625,0.0,2.7487167093731384,32
BAHI->CTA,3.21875,0.0,10.19086996507959,32
KOU->HX,35.75,33.5,29.76358459161019,32
TOI->THE,81.59375,0.0,246.2738915051629,32
NGP->MTY,107.15625,31.0,244.5359145566649,32
TRK->TNM,14.90625,5.5,28.825794200512888,32
MTY->NGP,80.625,6.0,149.09420057521115,32
TATA->HIJ,46.09375,11.0,80.94417007638562,32
VZM->BBS,25.1875,5.5,63.85944116421981,32
VM->TRK,18.15625,11.5,29.22229526102597,32
MDJN->AII,11.59375,7.0,28.941386121697096,32
NHR->TSD,50.15625,28.5,105.03336163548997,32
SPX->FKM,30.59375,28.0,15.429045451627495,32
CLT->TLY,141.59375,49.5,224.3840111857493,32
SAV->BSL,61.3125,1.0,96.09787936970741,32
AII->BJNR,13.96875,13.5,11.403124571800486,32
ABP->AYC,74.1875,38.5,112.21506928302253,32
BSQP->KIUL,5.5625,0.0,20.218065221240202,32
YPR->DMM,19.59375,22.5,11.210189417409214,32
TLB->STL,11.375,4.0,20.921897773663193,32
MTJR->BSI,31.9375,29.0,16.342972249119303,32
BNL->SNKG,0.0,0.0,0.0,32
GID->SDV,15.125,0.0,23.13738770210283,32
RMGM->MAD,7.0,0.0,10.451115081732329,32
GJUT->BTI,4.625,0.0,18.14769157985167,32
TKD->OKA,125.34375,77.0,223.60587582085785,32
SDGH->RTGH,9.0625,7.0,8.416333965531242,32
MONJ->TPK,29.75,26.0,17.091782594512033,32
DCK->DOK,19.6875,19.5,10.867048446357634,32
GYM->VN,17.84375,12.5,19.116129610627844,32
CSMT->TNA,33.34375,12.0,61.82681815804843,32
PAY->KZE,31.483870967741936,31.0,31.991531137413993,31
TMZ->PKU,8.96774193548387,7.0,8.689011723503587,31
DWK->JAM,28.35483870967742,6.0,50.56385295649899,31
YG->KSN,38.29032258064516,11.0,70.56495520600723,31
BHET->CHM,5.419354838709677,2.0,11.715443350689968,31
MBDP->BSB,90.45161290322581,3.0,189.86378252309862,31
SPN->AO,29.903225806451612,8.0,55.245123367714356,31
SKLI->MKZ,0.0,0.0,0.0,31
SLGR->NMT,24.677419354838708,24.0,15.617057120926452,31
RTGH->SUJH,39.0,2.0,123.48360215024505,31
KIR->NJP,48.61290322580645,36.0,51.930516025008416,31
NCH->MXN,22.580645161290324,22.0,21.29596862248563,31
ATP->DHNE,3.3548387096774195,0.0,7.829637654863194,31
BBS->PURI,16.806451612903224,0.0,33.38404744269205,31
HW->MB,84.96774193548387,9.0,251.91155642023355,31
CHKE->CTA,38.87096774193548,3.0,90.27651667164385,31
NMDA->SASN,5.838709677419355,2.0,7.598669945867931,31
NAM->BFD,12.548387096774194,10.0,8.28186255088962,31
SUR->IDR,13.225806451612904,8.0,18.01427152272952,31
NRKR->WOC,5.516129032258065,0.0,10.066018636124001,31
BRRG->SFY,99.80645161290323,19.0,172.1118665974427,31
BNGN->BJF,42.61290322580645,0.0,144.6447780874131,31
GBRI->CCO,0.0,0.0,0.0,31
AB->GYM,17.0,15.0,8.418234177466594,31
MJF->KZJ,83.06451612903226,34.0,124.28969801338349,31
CCO->MTWN,0.0,0.0,0.0,31
DHG->SIOB,15.129032258064516,0.0,65.13562360464198,31
HRI->BE,61.0,26.0,86.77710911678648,31
PPTA->PNBE,10.03225806451613,0.0,24.214986917152142,31
BJ->CH,14.580645161290322,3.0,34.461354387727695,31
JJP->GGH,6.645161290322581,0.0,17.651342511920113,31
AJJ->AVD,22.06451612903226,8.0,40.85660736761433,31
BKI->BTE,33.12903225806452,32.0,26.329630881681407,31
HVR->DVG,68.48387096774194,6.0,115.98760593780179,31
UJN->FTD,26.903225806451612,22.0,15.365230964116522,31
FTD->UJN,1.8064516129032258,0.0,7.2911789391415045,31
SPK->BOJ,14.741935483870968,12.0,9.57067654151814,31
BJF->BPRD,43.45161290322581,0.0,148.96506049175363,31
LXA->SLGR,21.0,18.0,14.172743794575089,31
JBK->CBM,27.774193548387096,27.0,29.939616650205966,31
BWT->SA,21.0,7.0,37.67050127973699,31
MKZ->DGBZ,16.548387096774192,9.0,20.925006905100286,31
NMT->AGI,23.806451612903224,23.0,16.11297480260077,31
MRF->VKB,36.0,25.0,48.6737437776604,31
DGBZ->GBRI,20.838709677419356,15.0,21.025534910664458,31
BBA->BJ,15.774193548387096,10.0,33.165956117098304,31
DKAE->BHP,48.74193548387097,0.0,65.72161883882426,31
JAM->RJT,32.12903225806452,15.0,51.6221799458875,31
TRDI->SKLI,0.0,0.0,0.0,31
TMS->TMR,16.516129032258064,6.0,25.04911304849194,31
WRR->BUX,55.83870967741935,36.0,100.71712756500871,31
GUNA->BDWS,45.193548387096776,46.0,32.16148768826748,31
PKO->BVRT,0.0,0.0,0.0,31
MTWN->TMS,0.0,0.0,0.0,31
MURI->TATA,38.16129032258065,4.0,74.34518445476414,31
BLS->ROP,17.870967741935484,0.0,40.10797255366558,31
BFD->SPK,13.548387096774194,11.0,8.350004829050176,31
KJM->SA,6.483870967741935,2.0,11.032893146532134,31
NDLS->MB,16.8,10.0,22.024124703731523,30
SBC->BYPL,12.3,11.5,9.770292763763795,30
DAJ->BYC,17.133333333333333,13.0,14.021494173253245,30
DWZ->GIZ,4.733333333333333,0.0,19.828459750872078,30
NHK->SLGR,31.133333333333333,14.0,54.877753380508885,30
SBC->GBD,81.4,70.5,50.46104677252851,30
ALJN->DAQ,81.46666666666667,77.5,35.16339528282348,30
NHLG->BHZ,12.133333333333333,0.0,40.812213632798645,30
NHLG->MGE,43.333333333333336,40.5,22.948718442669506,30
FKM->KAMG,69.2,53.5,55.86646640844146,30
MFP->BJU,233.16666666666666,303.5,176.8395109800922,30
BNG->RNJ,0.0,0.0,0.0,30
RMC->PFM,17.766666666666666,3.5,33.65513060577769,30
MCU->TAT,43.7,43.5,13.928759629901947,30
BMU->MRE,2.9,3.0,2.397556227092279,30
BMU->SFG,14.233333333333333,0.0,40.05141810166055,30
NHF->LLJ,27.266666666666666,21.5,24.017139473837158,30
NHGJ->DTC,24.933333333333334,26.0,21.90092634371075,30
KEH->SWPR,0.0,0.0,0.0,30
MCN->AJJ,49.5,32.5,46.17937291430689,30
MCS->CTC,19.366666666666667,16.5,9.803177997495236,30
KEG->DUB,13.033333333333333,5.5,15.006856670416918,30
KEG->AO,18.266666666666666,16.0,13.655700674792936,30
MFL->AME,28.966666666666665,17.0,25.699165870447658,30
FK->TIR,28.833333333333332,22.5,35.06455458872602,30
JPH->BQA,14.366666666666667,12.5,6.531004745711471,30
FKA->LKW,4.533333333333333,2.0,8.28265047255857,30
TVG->LD,11.766666666666667,15.0,9.894907548951574,30
DWZ->KMLR,2.9,0.0,15.146070390562103,30
TVG->LWR,26.633333333333333,23.0,10.870660714409961,30
BRMO->PUS,77.36666666666666,81.5,54.139973971264475,30
AII->HTD,0.0,0.0,0.0,30
BRN->MTI,125.83333333333333,133.5,47.0634812181145,30
BRNA->NAD,26.766666666666666,25.5,15.199100094352984,30
NHGJ->JGLP,47.43333333333333,41.0,23.993797091135335,30
NHK->NTSK,12.533333333333333,0.0,32.51178389375186,30
FK->KN,13.9,11.5,12.633698778567828,30
JOL->JRG,0.0,0.0,0.0,30
JOO->VAR,0.0,0.0,0.0,30
JOP->LBA,20.333333333333332,17.5,10.768194973555492,30
DWR->MGD,0.7,0.0,2.151983848163973,30
JOP->PDRD,0.0,0.0,0.0,30
MGE->NHLG,30.5,31.0,22.13866955476712,30
KGI->MAD,8.466666666666667,7.0,10.311471125964966,30
KGI->NYH,30.133333333333333,32.0,13.371955556398579,30
RK->MOZ,2.066666666666667,0.0,3.750249033876544,30
RKB->OSN,33.0,0.0,42.40852224047296,30
RKK->KNL,20.766666666666666,18.5,8.50834613911473,30
JPD->MNJR,0.0,0.0,0.0,30
MGE->MXR,42.733333333333334,39.5,23.7180759429761,30
TUA->KTU,7.166666666666667,6.5,6.586733444679871,30
DAQ->MXK,83.93333333333334,80.0,36.82290641410057,30
DAR->SOM,70.9,64.0,30.339856567751344,30
DARA->MKX,49.06666666666667,18.0,118.44420578929757,30
BRY->BTG,17.166666666666668,9.0,16.690041080367887,30
MGD->LWR,4.133333333333334,4.0,3.401149231062057,30
MBG->WDA,0.0,0.0,0.0,30
NIM->CNI,32.53333333333333,17.0,38.84161768474398,30
BMKD->PGRL,59.1,52.5,21.51078318201009,30
MBDP->SBTJ,46.733333333333334,31.0,60.647047478142674,30
MBG->KQI,0.0,0.0,0.0,30
MGD->DWR,27.033333333333335,25.0,11.595133739495273,30
MGB->MVA,0.0,0.0,0.0,30
BRU->BUG,34.733333333333334,33.0,16.577785995293432,30
JPE->BLK,29.833333333333332,20.0,59.06342781914309,30
SBC->HSRA,39.6,26.0,49.5661174594097,30
RKK->RMN,50.53333333333333,46.5,46.78323700181311,30
CAP->JNP,45.666666666666664,35.0,37.554864080328585,30
KGD->TMQ,16.0,15.0,7.3249691066784095,30
RKMP->LAR,9.8,7.0,9.506440647955651,30
RKO->SFX,0.0,0.0,0.0,30
MFJ->KCT,17.166666666666668,0.0,27.258764276559887,30
RKSH->HW,5.266666666666667,3.0,6.34052827850919,30
ALJN->JJK,24.966666666666665,19.5,24.600929802071235,30
DWI->KHU,46.766666666666666,42.0,24.83279718622036,30
TUP->UKL,24.1,17.5,20.158595325995346,30
MCDA->MFL,18.633333333333333,0.0,27.140100542762628,30
BRRZ->JPD,23.933333333333334,19.5,20.285774416525513,30
TTB->FKG,4.3,0.0,19.81665965797465,30
DARA->RMA,30.7,23.5,20.746665706349887,30
FL->DNK,13.033333333333333,10.0,11.460526958256306,30
TU->CLPE,73.33333333333333,74.0,23.248779476059315,30
TU->KMQA,88.4,83.0,34.29345971625414,30
FBD->NBUE,76.96666666666667,88.5,43.67788309046545,30
TUA->TIR,41.56666666666667,40.5,21.241928825553607,30
DWI->BNDA,53.03333333333333,46.5,48.62770838717886,30
MBP->LC,0.0,0.0,0.0,30
MBS->BHLP,0.0,0.0,0.0,30
UNL->PSO,23.733333333333334,26.0,16.86034591483271,30
NHT->CTR,29.1,30.0,23.978941911027135,30
BRW->MKS,27.466666666666665,9.5,38.97101781946498,30
TSF->BUW,12.0,5.0,20.65813691235623,30
TSF->MMB,48.9,50.0,28.585443606963608,30
BRST->DEG,12.033333333333333,5.0,29.741974673368013,30
SAT->GDA,29.266666666666666,1.0,101.92862050553279,30
DCA->BXK,44.666666666666664,42.0,21.333692525711744,30
DCA->CNE,28.533333333333335,27.0,23.395745757300194,30
MDT->DLO,16.3,12.0,12.897874724689844,30
BRKA->RRME,81.43333333333334,80.5,52.813062212201686,30
BRKY->AJR,36.6,28.5,25.445818029146043,30
BRMD->NIM,38.166666666666664,25.5,39.32454119541492,30
DBR->PRYJ,24.933333333333334,19.0,22.224455826445094,30
MEQ->KJA,13.7,3.0,22.652015210648436,30
MEM->PFM,41.766666666666666,23.5,59.3392835709418,30
DCU->PAK,35.96666666666667,36.5,14.67694258618466,30
EKI->BNDP,153.5,0.0,790.4415941694259,30
MEJ->TN,0.0,0.0,0.0,30
NEO->DNR,51.9,53.0,25.96728711282717,30
SAW->MOF,0.0,0.0,0.0,30
ERN->VARD,417.6333333333333,294.0,429.30549233282164,30
AK->YAD,12.733333333333333,6.0,14.708508758030415,30
UGNA->PDW,10.5,0.0,21.31172576710797,30
BRMO->BKRO,15.866666666666667,14.0,10.348191024100027,30
ULL->MJS,16.0,8.0,34.9738818805277,30
NGF->PKR,22.9,20.0,21.473881489076366,30
NGI->CKNI,30.5,26.0,14.691658435527517,30
NGLT->BIQ,0.5666666666666667,0.0,1.9241358711314316,30
NGNT->MAG,27.866666666666667,29.0,28.866796739904977,30
MDN->GMDN,0.0,0.0,0.0,30
MDNR->GUH,23.9,7.0,36.47044150333631,30
ULL->MAQ,0.5333333333333333,0.0,2.285385854893463,30
EDN->OKL,0.0,0.0,0.0,30
DBLG->HTL,20.466666666666665,11.5,21.34403467229085,30
DBLG->LGT,32.86666666666667,33.5,20.898330791837356,30
DBV->MED,32.266666666666666,25.0,29.147583247936737,30
DYE->MJF,27.8,15.5,35.849686191095174,30
DYP->RBL,12.7,0.0,21.301044170618038,30
DYW->DNWH,0.0,0.0,0.0,30
MDVK->SRKI,7.433333333333334,6.5,5.360669884370367,30
ME->BMPL,0.0,0.0,0.0,30
BNDI->MLGH,7.366666666666666,2.0,10.05324903162923,30
UKN->JHL,4.366666666666666,5.0,2.8705800607294463,30
UKL->ED,8.766666666666667,2.0,12.439324001295065,30
BNDP->EKI,31.866666666666667,6.5,69.14289717595769,30
UKC->SGR,27.833333333333332,18.5,28.136469564254675,30
NFK->NILE,4.666666666666667,0.0,22.594374236221647,30
NFK->TDLE,3.4,3.0,2.6208711370918985,30
UJN->PLW,5.5,0.0,9.971511143390385,30
BNDA->KID,64.43333333333334,56.5,48.86482645388005,30
SAT->CCL,6.566666666666666,5.0,5.969366242184621,30
BNDA->KHU,48.266666666666666,39.5,44.10092917414539,30
DBY->MJN,16.633333333333333,17.0,10.02233138729615,30
RKY->BKNG,1.4333333333333333,2.0,2.2542424881547896,30
RLL->KDP,71.43333333333334,77.0,30.022615996351284,30
RLL->VRN,90.46666666666667,82.5,25.492031660127044,30
RLO->JKO,105.56666666666666,97.5,29.90869246653005,30
RLO->VML,51.53333333333333,50.0,20.239485705155538,30
BNDA->DWI,41.13333333333333,41.0,21.43109782589283,30
RLR->BHL,17.066666666666666,14.0,17.551762527338724,30
RLR->BJNR,7.766666666666667,6.5,7.28571267587477,30
RMA->DARA,31.4,24.0,31.006784574592256,30
NEW->MGRR,0.0,0.0,0.0,30
JRG->JOL,0.0,0.0,0.0,30
JRG->TKH,0.0,0.0,0.0,30
CGI->TPW,0.0,0.0,0.0,30
EDP->AYVN,20.333333333333332,20.5,4.566242953746951,30
MDAK->SMAP,0.0,0.0,0.0,30
SAP->BMKD,49.96666666666667,44.5,19.44662604072532,30
FA->NANA,13.9,5.0,25.377630660308586,30
UBL->SVHE,0.0,0.0,0.0,30
DBF->GIZ,25.533333333333335,15.5,27.370678160917123,30
DBF->KWGN,6.033333333333333,1.0,20.859932444981585,30
KFV->EKN,0.0,0.0,0.0,30
KGA->KTCE,33.766666666666666,19.0,41.99645578915648,30
KGA->PRYJ,33.13333333333333,34.5,33.991614922763986,30
KGB->BSP,211.26666666666668,191.5,176.1607677434281,30
KEK->UMRI,26.033333333333335,10.0,39.96505657604449,30
SAH->PLG,11.9,11.5,5.2479881202556875,30
KEM->DD,7.466666666666667,2.5,11.428136280714135,30
KEN->CGI,52.86666666666667,45.5,30.210449588971965,30
ERS->TRTR,2.2666666666666666,1.0,3.2582344841989177,30
SBB->ANVR,0.0,0.0,0.0,30
SBB->ANVT,15.733333333333333,6.5,20.13734450413363,30
SAG->LHA,22.0,10.0,30.44610840881605,30
JRL->CKD,12.7,10.0,15.017575909809697,30
SBB->CNJ,0.0,0.0,0.0,30
SBB->NZM,21.866666666666667,3.0,37.541456012523405,30
JP->NRI,32.233333333333334,23.5,25.97835084534194,30
NGZ->PS,12.633333333333333,8.5,12.282545320096723,30
TWG->RPR,56.333333333333336,52.0,29.71512250937436,30
AKT->JRMG,22.833333333333332,18.5,19.019197802680097,30
UAA->KMQ,18.7,10.5,35.36718720840664,30
UAA->MJS,9.933333333333334,0.0,16.315707120764785,30
DBA->SOR,12.066666666666666,7.5,14.241593608362344,30
FDB->PWL,90.93333333333334,96.0,69.45548479289516,30
CBCC->MSH,22.0,15.0,30.1376154011721,30
SAT->PPD,10.6,8.5,10.453839420073834,30
AJR->DKDE,44.0,39.0,24.97585040490665,30
UDGR->HER,59.36666666666667,69.0,35.15236131111431,30
UDL->ASN,15.7,12.5,24.548544447334525,30
UDN->BIY,11.9,12.0,6.814538211389144,30
UDPR->LAR,17.166666666666668,10.5,23.89933390116846,30
UDPR->TKMG,88.76666666666667,74.0,93.6117010566128,30
UDR->GNWA,0.0,0.0,0.0,30
BRU->HIR,14.766666666666667,14.0,11.924137598638502,30
UDR->JKE,23.233333333333334,22.5,9.576131726880886,30
NDPU->NRT,36.266666666666666,37.0,20.62628609713634,30
MDNR->GZN,0.0,0.0,0.0,30
BNA->GDG,89.5,98.5,53.94681288722862,30
NDON->BUE,36.4,33.0,33.29968416542778,30
BNL->BLL,19.833333333333332,19.5,5.855049888378604,30
ULU->VM,0.43333333333333335,0.0,1.3817363722139078,30
NGP->TGP,20.966666666666665,11.0,29.72457862969034,30
AIT->VGLJ,51.86666666666667,28.5,54.70846453661465,30
MDL->GBP,0.0,0.0,0.0,30
MDN->GKL,2.966666666666667,1.0,5.973985750495763,30
DBG->KKHT,8.566666666666666,0.0,18.66341309904882,30
DYD->PTH,35.43333333333333,4.5,54.47092443859752,30
ETW->AGC,112.83333333333333,125.0,87.15625418567598,30
DXK->RBS,0.1,0.0,0.5477225575051663,30
ETW->JGR,10.9,1.0,17.806139971640548,30
AKN->MVV,0.0,0.0,0.0,30
UCR->RCP,0.0,0.0,0.0,30
DXH->GUH,14.233333333333333,12.5,5.137309998723896,30
KDPR->SM,46.13333333333333,22.5,69.80402781251648,30
UD->INJ,37.36666666666667,36.5,34.50685422500503,30
CBCC->SBT,0.0,0.0,0.0,30
NGP->R,106.73333333333333,12.0,227.33977811338622,30
MDJN->KSG,3.5,0.0,9.768880922744357,30
JNP->BAM,48.166666666666664,37.0,39.381496909723666,30
JNKR->BNKI,22.266666666666666,19.0,11.9393101323645,30
KHBJ->VST,50.13333333333333,44.0,33.39701962062228,30
RHMA->BDBA,22.566666666666666,17.0,22.98827787243381,30
RHG->MKH,23.5,23.5,14.63757564249132,30
RHA->SDAH,9.133333333333333,8.0,7.333124343939503,30
RHA->CDH,11.333333333333334,10.0,12.035388432146412,30
RJO->DKGS,3.6666666666666665,0.0,10.800170283885322,30
LUSA->SBDR,17.466666666666665,0.0,29.4837574610664,30
GD->MSW,9.033333333333333,0.0,15.372351654912752,30
TMX->HBLN,0.0,0.0,0.0,30
AMRO->GZB,18.433333333333334,5.5,30.842965255421316,30
AMQ->RKO,0.0,0.0,0.0,30
AMPL->PPT,19.4,15.0,20.954137111056745,30
GDG->BNA,21.433333333333334,22.5,5.858582465558296,30
GDE->ATP,24.733333333333334,24.0,11.032657895080634,30
LWR->MGD,27.666666666666668,24.5,11.265857278959514,30
CTS->JYP,40.766666666666666,35.5,31.15775581017408,30
CTRE->AJJ,10.966666666666667,10.5,7.1316842008203,30
CTR->MRR,39.7,39.5,26.139084225311546,30
CTPE->KUV,7.433333333333334,7.0,2.7251489466833174,30
TML->KTHY,0.0,0.0,0.0,30
TML->AYV,0.0,0.0,0.0,30
TMKA->TGRL,46.733333333333334,44.5,15.097232752448683,30
TMKA->BGPL,70.23333333333333,68.5,21.77420703387434,30
JNP->CAP,25.1,20.5,22.280887124046085,30
TMA->GGH,13.533333333333333,10.0,16.460471634700557,30
LWR->TVG,6.266666666666667,7.0,4.898510212181922,30
CHA->KNN,47.46666666666667,32.5,68.19178499078818,30
CH->SPN,37.733333333333334,24.0,59.32548056002717,30
JNRI->SNAR,5.0,0.0,8.021522772280017,30
SBZ->GH,7.2,0.0,16.22769025568589,30
SCI->SHRN,13.866666666666667,0.0,27.001575092413866,30
SC->SEM,85.23333333333333,53.0,155.26855118956237,30
TMB->GVA,0.0,0.0,0.0,30
CUK->CPU,8.8,0.0,23.807272143119462,30
CUE->TISI,4.0,1.0,6.057198624150755,30
NLV->TIHU,37.4,36.0,29.634090341105928,30
MAJN->TOK,5.9,3.5,6.814538211389143,30
SBTJ->MEM,51.63333333333333,35.5,59.66717074210756,30
SBPY->RGL,22.3,16.5,23.40372796711286,30
SBP->JUJA,9.2,4.0,15.284429760493136,30
NML->GVI,56.1,48.0,45.220036755159,30
BBTR->MGRD,38.8,36.5,18.342338436261198,30
RJG->NGF,23.666666666666668,21.0,21.84164534242711,30
RJA->LLPR,0.0,0.0,0.0,30
RIKA->SHDR,17.133333333333333,16.0,9.9402814548834,30
KHED->VINH,115.2,110.0,51.82623486893154,30
SC->NRDP,32.46666666666667,29.0,10.170048429455548,30
GB->GKP,32.56666666666667,20.5,34.6307450937332,30
GAYA->WZJ,35.53333333333333,5.0,99.2001575823739,30
SBO->GGA,13.466666666666667,3.0,25.536631340681662,30
TNA->LNL,27.633333333333333,21.5,14.683989247812907,30
CTMP->AKN,3.3333333333333335,0.0,11.93468816556157,30
GDA->SAT,7.9,4.0,10.469495920414994,30
GDA->LMK,5.833333333333333,0.0,13.05448352980251,30
GDA->KRSA,0.9333333333333333,0.0,2.504249262317171,30
NMH->MLG,8.333333333333334,5.0,11.32081797134067,30
NMH->BIWK,8.566666666666666,2.0,11.437034017892787,30
NMGY->GLGT,7.666666666666667,4.5,7.831560082980487,30
CUR->FPS,16.133333333333333,2.0,41.35859443130693,30
MAD->RMGM,22.366666666666667,16.5,25.169060554486382,30
MAD->KGI,18.1,14.0,13.84482973332744,30
MABN->GUNA,22.833333333333332,16.5,19.080741931163953,30
CTYL->NRDP,39.43333333333333,38.0,17.266038687377687,30
CTTP->MRDW,35.03333333333333,33.0,20.486300440712235,30
CTTP->BTJL,52.166666666666664,40.0,31.556280683482214,30
GBX->PKF,4.3,2.5,7.3256752071996285,30
GD->JLD,8.666666666666666,0.0,17.998722815480704,30
NMGT->JSP,15.0,5.5,33.15376922452564,30
KHU->BNDA,24.166666666666668,19.5,25.568141994628224,30
GHB->SGA,2.8333333333333335,2.0,3.6491220799012725,30
GHB->BTI,4.933333333333334,0.0,16.992763841956545,30
GHAI->PNHR,38.333333333333336,33.5,26.770201309682367,30
GH->SBZ,10.5,3.0,16.658331248957683,30
GH->CPJ,7.333333333333333,0.0,16.312325218159074,30
GGR->CNA,10.6,3.5,15.082760197404646,30
CTS->MVG,6.9,2.5,15.807789437380286,30
NRDP->SC,24.966666666666665,22.0,14.497284723968695,30
NRDP->CTYL,40.166666666666664,37.0,13.724087390884819,30
NR->MMR,35.7,37.0,14.748816434104008,30
BLPR->KUTI,0.0,0.0,0.0,30
BLPE->SF,21.4,14.0,22.057292171321357,30
LRI->BSDR,0.0,0.0,0.0,30
TKMG->UDPR,29.833333333333332,22.0,29.635816324093422,30
TKJ->NDLS,15.266666666666667,12.0,17.498637056941742,30
GGR->BHL,5.066666666666666,2.0,8.436101948883383,30
GHGL->HRNR,36.233333333333334,10.0,61.6489971578996,30
NRE->OBVP,4.133333333333334,2.5,5.083667786246416,30
NRE->MMPL,47.766666666666666,44.0,24.72843307407185,30
BSP->KGB,0.0,0.0,0.0,30
NRE->HAQ,48.8,47.0,28.716689848624075,30
TKH->JRG,0.0,0.0,0.0,30
JMT->ASN,9.4,0.0,26.654364978625793,30
SDAH->DAKE,0.0,0.0,0.0,30
KHU->DWI,64.2,55.0,49.04916604444129,30
SCV->KNL,50.666666666666664,45.0,45.33502363312599,30
SCV->BGD,22.3,20.0,8.004955361826047,30
KHRK->KLNK,3.4,2.0,5.481001670346838,30
KHRK->BNW,27.6,0.0,45.179030839386165,30
KHOH->CKTD,35.733333333333334,12.5,39.86177265928134,30
KHOH->BIP,35.6,34.5,33.01786350363736,30
KHNR->DLD,14.066666666666666,13.5,9.620141705649745,30
KID->BNDA,34.1,30.5,20.031612946574707,30
SCY->PNBE,9.433333333333334,0.0,17.228051170298887,30
GGA->LMM,0.7666666666666667,0.0,4.199206274206274,30
GG->SBIB,0.0,0.0,0.0,30
GDYA->BBTR,33.5,32.0,17.17205026619791,30
GDX->NCB,27.333333333333332,0.0,55.09385930694393,30
NNW->MLZ,69.03333333333333,29.0,126.7096826535404,30
NNW->LRU,5.0,0.0,10.43535105897918,30
LTHR->DTO,52.0,48.5,31.749015732775085,30
TKJ->ANVR,0.0,0.0,0.0,30
CTC->KDRP,33.166666666666664,29.0,19.629469986579437,30
GDP->KPN,19.8,23.0,17.925901121965467,30
GDX->FLK,24.1,15.5,36.980283656434345,30
TLJ->KPTO,21.4,15.5,20.128209746179785,30
GDO->MTJ,19.233333333333334,9.0,31.05688144449586,30
GDL->RBR,7.166666666666667,5.0,5.552777082985894,30
TLWA->LSI,4.533333333333333,0.0,13.079948679993525,30
LTT->IGP,7.433333333333334,2.0,14.926679038769366,30
LSMP->AKE,3.0,0.0,6.242236557627347,30
GGN->AWR,8.433333333333334,7.5,4.724720997661887,30
CTC->DNM,30.5,27.5,13.30996515449207,30
TKH->ROP,16.766666666666666,17.0,11.961672508282538,30
BLPE->MRM,51.266666666666666,57.0,34.31992819433583,30
LRU->GGC,2.7666666666666666,0.0,7.523220758073808,30
TLB->JSME,20.5,10.0,30.925661702284366,30
KHNP->HBU,77.96666666666667,83.0,30.979952731796857,30
SCT->TML,12.766666666666667,14.0,12.369827956692077,30
TKRP->KULH,0.0,0.0,0.0,30
JND->VAL,6.033333333333333,4.0,4.992983582736004,30
JNA->JIND,14.3,9.5,18.46553172992767,30
KHMA->MJZ,22.666666666666668,2.0,103.82091123273482,30
KHS->BUA,125.56666666666666,122.5,75.5539009848134,30
BBGN->GLGT,1.4,0.0,4.665352852826816,30
BBA->RG,25.633333333333333,22.0,24.046626164288774,30
TLAM->DHA,11.533333333333333,7.0,11.81971857221807,30
TKV->CPR,15.766666666666667,13.0,15.050909775075764,30
BBM->BRMD,40.7,30.5,37.00992411176523,30
BCH->KONY,0.0,0.0,0.0,30
BCA->STJT,5.766666666666667,0.0,12.867181813283432,30
SBDR->CUK,17.366666666666667,0.0,30.621699916025666,30
SBC->SSPN,23.766666666666666,7.0,87.84613638721352,30
SBC->SMVB,0.8333333333333334,0.0,3.0635041164105474,30
BER->HP,15.866666666666667,7.5,25.136500913232126,30
RJT->JAM,12.8,13.0,10.004826421489676,30
CTYL->RMNP,98.8,96.0,25.442836536724492,30
RJP->PMT,51.06666666666667,50.0,30.619954428369134,30
RJP->OBVP,17.9,15.0,14.363147287415806,30
RJP->HAQ,39.56666666666667,35.0,21.023276645650178,30
JRT->MVG,35.43333333333333,40.0,23.152691559228735,30
ALW->CVB,37.1,27.0,37.56497818722775,30
CW->MHRN,0.0,0.0,0.0,30
FTS->SNPR,0.0,0.0,0.0,30
FTS->KLB,28.7,26.0,24.554162509678964,30
RJPB->KOO,15.366666666666667,13.5,6.8555707694336165,30
GADH->PRNR,68.73333333333333,69.0,17.220543732321044,30
GADH->KDJR,55.2,57.0,23.70130216123011,30
NKMG->BXG,23.433333333333334,5.5,37.74568560258505,30
NKI->UJN,4.366666666666666,0.0,8.552004537486834,30
NKDO->TIM,109.76666666666667,97.5,30.61516790329797,30
NKDO->PLU,33.166666666666664,35.0,12.81185693648347,30
MAU->JKN,9.133333333333333,8.5,6.626661578665454,30
BSB->JLL,70.0,28.5,115.5404094111517,30
JNU->MFJ,19.866666666666667,8.5,26.114777601875197,30
NKB->BNV,46.7,0.0,71.44380477955602,30
BMI->THDR,12.933333333333334,14.0,7.7545685459175155,30
BMI->PCN,42.06666666666667,11.0,108.67412004620095,30
MAYR->STD,45.93333333333333,34.0,39.16977488278196,30
FYZ->RUB,26.333333333333332,13.0,40.89037770069808,30
FUT->PNBE,27.066666666666666,31.0,17.764616775922924,30
DABN->MBY,20.833333333333332,12.0,41.199333216343014,30
TRB->TPJ,6.066666666666666,6.0,4.282549460900302,30
BSB->CHH,0.0,0.0,0.0,30
JOK->SHN,48.8,38.0,42.23530146281867,30
JP->DNK,50.733333333333334,9.5,74.70444446609923,30
CH->AFR,21.866666666666667,20.5,12.221330514319213,30
CGR->SRP,62.266666666666666,11.0,104.37859911889498,30
RJT->WTJ,17.333333333333332,15.5,19.064922354098798,30
KGP->BCK,5.0,1.0,7.891505690865687,30
JOB->KKU,6.2,0.0,13.724883015643647,30
TRTR->ERS,0.3333333333333333,0.0,1.8257418583505536,30
FLK->GDX,20.566666666666666,0.0,42.22083431878997,30
FTP->RAMA,20.166666666666668,8.0,34.69282280274969,30
FTP->BRE,48.233333333333334,42.0,29.448591481255686,30
FTH->SGNR,4.333333333333333,0.0,17.76733409714412,30
FTH->HMK,4.733333333333333,4.0,2.347901973712046,30
BMPL->MOB,33.666666666666664,31.5,30.146004862923412,30
BMO->BOZ,0.0,0.0,0.0,30
BRW->KKP,6.133333333333334,3.0,7.6507080282372115,30
JOA->GTU,48.233333333333334,58.5,39.02932878934926,30
TRS->SSNS,0.0,0.0,0.0,30
FZR->MWX,13.933333333333334,11.5,16.014935557770446,30
BRYA->JLPH,0.0,0.0,0.0,30
BRYA->DKGS,9.566666666666666,2.0,29.943260520102235,30
NJT->KZT,17.4,16.5,6.4144234024740605,30
MBA->CRC,65.1,62.0,51.67828197208385,30
MBA->BPRA,0.0,0.0,0.0,30
TRWT->MINA,35.43333333333333,35.5,22.666522988050378,30
JOL->BTQ,20.8,12.0,24.649823388889587,30
DAB->KEK,27.8,7.5,41.47404672471856,30
FUT->HDE,0.0,0.0,0.0,30
MB->DPR,8.2,0.0,15.65005232997751,30
NJP->BLK,17.5,0.0,37.80051997452982,30
NIV->RN,75.83333333333333,78.0,39.51785570524076,30
NIV->ADVI,85.03333333333333,75.0,40.04091298464207,30
FPMP->WAIR,47.266666666666666,42.5,24.612771191946802,30
FLR->ULB,15.533333333333333,10.0,18.797896678624177,30
ALU->LLI,23.1,20.0,12.91977900953311,30
SBE->BNGN,47.3,46.5,42.396445849736686,30
BCK->RDU,0.0,0.0,0.0,30
BCHL->BHNS,1.8333333333333333,0.0,8.812543307140675,30
JOK->DING,19.066666666666666,17.5,6.280420221682586,30
RJLK->BWO,0.0,0.0,0.0,30
RJLK->BGY,41.63333333333333,29.5,54.25004899621708,30
BFR->KZE,26.1,18.0,35.657711841803646,30
TPW->TPTY,21.4,9.0,30.60718869808202,30
CAER->HD,14.033333333333333,3.0,36.02918676365836,30
MAM->LMK,6.266666666666667,4.0,7.487614294025298,30
MAM->DHD,15.6,13.5,11.269733650433984,30
AMG->MLD,15.566666666666666,6.5,21.329408762572854,30
TPJ->TRB,9.4,8.5,8.0840413246056,30
TPH->KXE,20.0,15.0,19.159943848452745,30
CVB->AMQ,0.0,0.0,0.0,30
BSE->GRX,9.866666666666667,0.0,17.397449938649515,30
KGQ->NLE,219.96666666666667,116.5,234.17389402680683,30
MADR->SWV,15.2,9.5,17.757756925762973,30
NLR->NYP,75.83333333333333,60.5,63.61201541962906,30
NLPD->PRCA,37.5,38.5,17.304075661033117,30
BLZ->JHL,5.533333333333333,6.0,6.59536584085467,30
BLX->AKD,13.233333333333333,10.5,11.196315075254349,30
BSDR->KNGR,0.0,0.0,0.0,30
BSDR->GNPR,20.333333333333332,0.0,32.443407845719264,30
BSC->KJY,11.8,4.5,14.269330506490073,30
SBG->KRMA,18.7,14.5,19.98646093458407,30
GBP->MDL,26.433333333333334,22.5,13.677777933399938,30
GBP->BJNR,4.966666666666667,2.5,6.255939706326732,30
GBD->BNCE,0.0,0.0,0.0,30
TOK->SL,6.233333333333333,3.0,7.481855446314117,30
TOK->MAJN,7.533333333333333,0.0,19.290400209168425,30
NLKT->MANU,17.533333333333335,6.5,23.338193254144933,30
MANA->KUM,16.666666666666668,12.5,16.750364552560583,30
SBIB->GNC,16.8,16.0,4.7153454548548925,30
CVJ->NIU,8.166666666666666,5.5,8.107396934742448,30
GAO->AK,10.766666666666667,4.0,13.723082325255763,30
GAM->HMA,26.2,21.0,24.159527284710883,30
MAO->SRVX,0.0,0.0,0.0,30
BSBS->CHH,1.3333333333333333,0.0,3.632547632014008,30
BSBR->RJG,37.166666666666664,37.5,25.470853299724606,30
BSB->SRNT,17.033333333333335,0.0,27.387995524509908,30
BSB->PDRD,0.0,0.0,0.0,30
BSDR->PLSG,0.0,0.0,0.0,30
MAS->ABU,5.633333333333334,6.0,2.539119224609512,30
MAR->PU,9.633333333333333,0.0,15.091635804788288,30
MAQ->ULL,12.933333333333334,5.5,34.93336843027104,30
MAQ->KMQ,12.733333333333333,10.0,7.026714213889601,30
TRB->BAL,12.6,11.5,9.312949827136332,30
TQA->RRS,47.833333333333336,37.5,45.53670996045925,30
TQA->BSWA,0.0,0.0,0.0,30
TQA->BQP,47.03333333333333,38.5,41.30332151069805,30
BSB->BUI,45.9,32.5,50.56736715204437,30
MAO->KUDL,56.96666666666667,57.0,28.621770509988313,30
MAO->BLLI,11.8,7.0,11.369651072800846,30
MANU->SKAP,0.0,0.0,0.0,30
MANU->KUGT,17.3,7.5,28.588821060952693,30
MANK->MRDW,48.2,38.0,28.12705164930656,30
MANK->HNA,37.63333333333333,36.0,20.988475217462153,30
NLBR->KXJ,17.066666666666666,5.0,31.883336187368812,30
NKX->JDB,27.033333333333335,27.0,27.261800144642628,30
AMH->KRND,2.5,0.0,6.69405294478511,30
NKW->STBJ,57.1,54.0,16.578652663528814,30
NKW->HCNR,64.33333333333333,65.0,18.992436486089957,30
NKP->TAP,67.66666666666667,64.5,34.36350643797347,30
NKN->JKHI,44.666666666666664,36.0,38.74170285661028,30
NKN->HSR,12.266666666666667,12.0,4.8061263585878224,30
CYI->BRC,3.1666666666666665,0.0,5.942734383600111,30
TPQ->KMEZ,11.0,5.0,21.105645592164883,30
TPQ->BDXX,32.166666666666664,30.0,28.736716071512287,30
NKX->AGZ,5.7,0.0,20.257225190380666,30
VTP->GG,5.866666666666666,1.0,8.732552391160777,30
VTM->OGL,35.53333333333333,38.5,35.719919424295476,30
JTTN->BLMR,21.766666666666666,19.5,12.082142232217771,30
JTTN->BBGN,1.6333333333333333,0.0,6.76442689844216,30
JTS->RE,4.2,4.5,3.585411052277424,30
JTS->KSI,11.566666666666666,8.5,12.942001479634072,30
JU->OSN,35.266666666666666,39.0,35.88961364818646,30
CD->BUPH,45.53333333333333,44.0,19.786329891486005,30
JRLI->BSPX,48.56666666666667,51.0,24.86887451293745,30
RNT->MXL,9.1,4.0,13.85976563468069,30
RNRD->TKA,89.43333333333334,90.0,47.22775581731816,30
RNRD->MRPR,14.7,14.5,7.3772717132442995,30
BE->NRS,42.93333333333333,26.0,55.009675220056444,30
KBE->SLN,22.4,13.5,25.29085973641261,30
KAWR->HAA,26.233333333333334,23.5,14.8595338798509,30
KAWR->AT,42.63333333333333,41.0,29.07005015633709,30
VSU->PBA,10.466666666666667,8.5,8.728602737387378,30
CCL->KIZ,8.166666666666666,5.5,8.14135180393295,30
DEOS->MW,30.266666666666666,2.0,63.97355775595119,30
BOZ->ALW,0.0,0.0,0.0,30
MMPL->VNM,53.733333333333334,47.5,23.74713533842786,30
BQA->BXL,0.0,0.0,0.0,30
BPRS->TDO,17.2,15.5,18.105819220769114,30
BPRS->JUC,33.666666666666664,17.5,57.601085558097466,30
BORA->NAK,17.6,11.0,15.287136805960033,30
MUPA->KQI,0.0,0.0,0.0,30
VVB->SBB,24.633333333333333,17.0,19.580925506169542,30
MUM->MOO,75.83333333333333,77.5,26.764726314921354,30
MUM->KDP,85.2,76.5,25.580703934667312,30
MULK->NAND,10.833333333333334,7.0,10.754576678801909,30
MUG->PDA,9.7,9.5,7.386614174675516,30
MMVR->DJHR,54.96666666666667,59.5,32.55497560714198,30
MMVR->BSPX,23.566666666666666,21.0,21.886357478533533,30
MMR->YL,15.6,5.5,28.356839471767408,30
VVG->TWG,45.36666666666667,40.0,34.3877317070205,30
MUPA->DKE,25.633333333333333,18.0,23.816081691294997,30
WDA->DJA,31.533333333333335,32.0,21.06596099501939,30
DLK->SM,19.1,14.0,26.481418338929267,30
DLK->AZR,50.766666666666666,27.5,70.28154382409973,30
DLK->AUB,24.633333333333333,0.0,37.83492578551466,30
MNE->BJU,42.4,27.0,47.80968016250871,30
MTI->TDL,104.83333333333333,115.0,47.83814906272113,30
BDNP->BRE,45.96666666666667,28.0,46.010106336080895,30
RPR->SKRI,0.0,0.0,0.0,30
DMM->YPR,0.36666666666666664,0.0,1.2452207485597395,30
JUJA->SBP,14.7,10.5,14.783844864091249,30
JUJA->RAIR,11.966666666666667,7.0,15.419386215552413,30
JUDW->RAA,83.93333333333334,28.0,115.8729784135921,30
JUC->BPRS,18.466666666666665,16.5,18.823560682867875,30
KAT->MUT,11.333333333333334,8.0,18.274408964136317,30
KAT->DRLA,28.666666666666668,7.0,50.18471627025938,30
KATL->BZU,43.43333333333333,35.0,26.458403701598883,30
ROHA->JITE,70.33333333333333,55.5,46.67224925557706,30
JUR->KMQA,63.96666666666667,66.5,22.557945818274987,30
DMK->SZY,26.066666666666666,23.0,28.34994779942081,30
MUD->DXH,0.0,0.0,0.0,30
MND->KLD,27.466666666666665,16.5,43.674132905616695,30
MND->BST,42.96666666666667,39.0,44.55951721812797,30
MNAE->HWH,6.866666666666666,7.0,5.302786081852167,30
MTV->BIDR,67.53333333333333,70.5,26.587180386786795,30
VZM->NML,54.5,48.0,46.38352115226655,30
VZM->GVI,47.6,36.5,44.29182223888942,30
WDA->MBG,29.3,28.0,24.960865922203237,30
WADO->BIS,13.266666666666667,7.0,15.108648661207795,30
DLO->BNQ,24.1,19.5,13.631479794186337,30
DLN->USK,0.0,0.0,0.0,30
DLN->DNR,24.833333333333332,8.0,34.84060585139061,30
BP->DDJ,7.233333333333333,3.0,12.15044580800776,30
MNF->BDL,22.466666666666665,0.0,36.793677617814694,30
DLI->KUN,33.0,18.0,58.542056795035,30
DLI->KRJ,31.0,16.5,50.25315224286759,30
WDLN->JOA,45.233333333333334,60.0,34.86098830709087,30
WAIR->CHL,51.266666666666666,47.5,26.644444763995537,30
VRB->SLI,19.966666666666665,11.0,33.061576128369225,30
MVW->SUP,31.4,33.0,25.429551096421605,30
MVW->KTV,44.733333333333334,33.5,42.287956493165,30
MVV->SGG,2.933333333333333,0.0,12.233175168885781,30
DMW->BRRZ,0.0,0.0,0.0,30
DMRX->DJS,0.0,0.0,0.0,30
BE->CBJ,43.766666666666666,18.5,64.74335717933211,30
BE->BTO,9.066666666666666,4.0,18.783582951762614,30
ADR->JKHI,21.1,21.0,6.227580478860923,30
RNJ->RTM,0.6333333333333333,0.0,1.5421286974634218,30
RNJ->BNG,18.8,19.5,12.696456198483105,30
CBE->CBF,14.1,6.5,15.849181421263939,30
KBKN->BHT,50.6,40.0,38.93460476588741,30
KBKN->ADR,18.466666666666665,17.5,6.240763289597003,30
RSG->VSU,11.1,9.0,9.064329482400629,30
DEG->BRST,73.43333333333334,92.0,60.57579084734767,30
DNK->FL,48.0,3.0,76.25049462813,30
RNPR->STN,10.366666666666667,0.0,46.28285102336042,30
KBR->MTH,42.733333333333334,44.5,17.66143926132888,30
KBR->BPRA,0.0,0.0,0.0,30
BQW->CSA,33.7,27.0,29.99097565418063,30
MWQ->KUR,12.3,4.0,27.38631674445445,30
VPT->KGD,13.933333333333334,13.0,7.046316393169105,30
DNT->JER,31.633333333333333,16.5,62.7960482686683,30
DNT->BLDA,39.666666666666664,23.0,43.090388826226686,30
MWH->KKS,49.5,41.0,35.55253519259477,30
DEG->KUR,14.333333333333334,12.0,11.16439331808583,30
MW->DEOS,24.8,20.5,20.930756119264725,30
ADRA->IBL,11.666666666666666,7.0,9.671619817024316,30
ADRA->GRB,44.266666666666666,40.5,28.09213085709153,30
VRI->ULU,11.566666666666666,11.0,11.613557277754227,30
VRI->PNDM,0.0,0.0,0.0,30
VRE->PLJ,11.133333333333333,10.5,7.877218716821546,30
VRE->BRC,1.7666666666666666,0.0,5.096877565680798,30
DEG->SIL,56.7,55.5,36.652280354330124,30
MWC->TKJ,22.466666666666665,24.0,13.758341252599767,30
DGB->NWP,28.766666666666666,9.5,40.28491917136831,30
DGA->BAGL,19.2,18.0,11.547204468376002,30
VRR->GTT,0.0,0.0,0.0,30
VRN->RLL,26.566666666666666,0.0,39.707276613889725,30
DMR->PASG,9.766666666666667,5.0,17.048982846256663,30
DMR->CBZ,20.366666666666667,9.5,33.06366203442136,30
MMB->BVN,33.766666666666666,34.0,25.71418947254385,30
MLZ->NNW,38.86666666666667,37.0,20.05291849656516,30
MVG->JRT,14.733333333333333,4.5,22.806431841332248,30
BQI->SLY,54.63333333333333,37.5,46.317854852755424,30
MMPL->NRE,45.53333333333333,42.0,26.162269928584028,30
MMKB->MKA,25.3,19.5,24.1020102180653,30
MMH->KLT,10.666666666666666,10.0,7.466399831028446,30
DMK->BDXX,8.066666666666666,0.0,21.614065237524244,30
DMG->JTB,25.133333333333333,15.5,27.647701573527783,30
VST->KHBJ,32.9,27.0,26.81784017634787,30
ADR->KBKN,0.0,0.0,0.0,30
BQP->IDM,0.0,0.0,0.0,30
MVG->CTS,43.1,40.5,26.058753245112385,30
MVF->KRPU,10.8,1.0,18.945293292293854,30
MVF->JRT,29.5,27.5,22.093453547491677,30
BQI->JTJ,11.6,4.5,28.586951448229808,30
DER->KRJ,11.366666666666667,8.0,13.887437472054732,30
DER->BRKY,0.0,0.0,0.0,30
VRN->CLPE,86.86666666666666,84.0,34.9065089605949,30
VRM->MPR,22.233333333333334,23.5,9.676431849257934,30
MMB->TSF,20.966666666666665,14.5,21.91595755157184,30
VRLI->ADVI,56.666666666666664,47.5,35.31858291113299,30
ADT->MV,13.066666666666666,5.0,29.549413126015782,30
ADRA->MYX,0.0,0.0,0.0,30
ADRA->JPH,15.133333333333333,15.0,5.643020304847355,30
BQE->SHRN,1.9,0.0,3.3254504491354506,30
MVA->KCM,25.466666666666665,24.0,12.096546481604125,30
MV->CDM,17.0,15.0,14.93433904659395,30
MV->ADT,26.5,23.5,12.478256951662926,30
MUZ->MDNR,12.766666666666667,11.5,4.959722832448668,30
VRLI->VID,86.76666666666667,79.0,38.37445570395381,30
BDVR->SUP,36.333333333333336,30.5,30.236234637558148,30
BDVR->CMDP,39.2,40.0,27.782902209315964,30
JWNR->ABSA,20.1,16.5,14.094141605156622,30
CCH->KK,79.53333333333333,26.0,134.5543687916507,30
ROK->LHLL,48.3,12.5,64.52807461712385,30
ROK->JNA,12.066666666666666,6.0,17.534071921858867,30
ROK->JHJ,11.5,6.5,19.807260946604824,30
BDXX->TPQ,9.3,3.0,21.373767357077757,30
ROA->HPO,16.933333333333334,14.0,9.723534667844898,30
KARR->NMDA,4.9,2.0,5.932668179170139,30
KARR->MRND,14.133333333333333,10.5,9.04674959092599,30
DJS->LKR,39.93333333333333,36.0,35.017171485580825,30
DJHR->MMVR,14.4,0.0,21.057556592709716,30
MRPR->RNRD,88.96666666666667,89.5,46.918479069135635,30
MRND->KARR,18.566666666666666,17.0,14.158422212246315,30
MRM->RU,49.8,58.5,33.983160129890706,30
MRM->BLPE,7.333333333333333,0.0,20.47763007121023,30
BDXX->DMK,30.0,27.0,28.540352558052447,30
DIVA->KLMG,16.133333333333333,14.5,6.441960150040719,30
XBKJ->PIRO,10.333333333333334,6.5,10.452959763439825,30
XBKJ->GNK,8.766666666666667,6.0,7.766787528041895,30
WZJ->TIA,42.53333333333333,7.0,101.75485528815145,30
WTJ->RJT,16.2,14.0,8.239517896844074,30
WTJ->PDH,29.233333333333334,23.5,22.620837713280526,30
WTJ->HAPA,13.533333333333333,8.0,16.72646742870945,30
WSJ->RWO,12.433333333333334,4.0,20.794036501434455,30
BDW->NSD,6.766666666666667,0.0,12.44486691948444,30
MOU->CKP,63.53333333333333,60.5,50.52737962683225,30
MPY->CTMP,0.0,0.0,0.0,30
MPT->DCU,40.03333333333333,37.5,14.33462971950801,30
MPR->VS,16.066666666666666,18.5,10.065075614541442,30
YAD->BGN,13.533333333333333,7.0,14.466926211983957,30
YA->YGD,70.36666666666666,69.0,24.986180088246762,30
YA->KMH,78.83333333333333,72.5,25.829792119170072,30
BDWD->KLHD,0.0,0.0,0.0,30
DHA->BHCL,0.0,0.0,0.0,30
ZNA->DRV,14.066666666666666,11.0,16.26914433740338,30
ROZA->SPC,9.3,0.0,22.350113785099538,30
YL->KPG,21.7,12.0,28.283234951298354,30
DIB->ALJN,15.566666666666666,9.0,26.539084168556894,30
DHU->BPD,0.0,0.0,0.0,30
YGD->YA,73.73333333333333,65.0,25.980009998847766,30
YGD->KKM,67.0,68.0,26.456209752773706,30
DHN->PEH,18.733333333333334,24.0,10.718766441292976,30
MRL->UDN,7.5,3.0,12.519639743632593,30
MRDW->CTTP,0.0,0.0,0.0,30
MRDL->TLHR,43.13333333333333,39.5,21.41661187881538,30
MRDL->HND,31.9,28.0,27.01895886097454,30
MRG->DBY,3.4,2.5,2.7367234373267957,30
ROZA->HRI,36.13333333333333,25.0,42.13503197507069,30
MRIJ->JNKR,22.666666666666668,20.5,12.186293412126462,30
MRGA->VNUP,45.666666666666664,50.0,18.287612791427847,30
MRE->PRYJ,3.8,0.0,11.43316410182721,30
DHNE->MYL,9.166666666666666,0.0,21.82229693863964,30
MRL->ST,5.5,5.0,3.7393527007611436,30
MQO->QLN,9.7,8.5,8.271888413840848,30
ABSA->MGKM,23.2,22.0,15.528394459272299,30
ABSA->MANU,19.0,8.0,28.001231500011592,30
DIR->KDPA,35.53333333333333,30.5,31.084682260952384,30
DIR->JYP,3.566666666666667,0.0,16.09815438839632,30
DING->MHUL,0.0,0.0,0.0,30
DING->JOK,0.0,0.0,0.0,30
AB->MPI,5.433333333333334,3.5,7.850689990907381,30
KAMG->GOGH,52.3,23.5,83.42874308302741,30
KAL->DKO,0.0,0.0,0.0,30
BDWD->VNA,24.9,18.0,27.687106422827313,30
MQS->NRO,21.5,12.5,37.083084720850735,30
BPO->KUCE,0.0,0.0,0.0,30
ZBD->KSF,5.766666666666667,0.0,11.128352523399743,30
DHD->RET,7.566666666666666,3.0,10.460709191140397,30
ABLE->PUNE,22.366666666666667,17.0,23.914334661429546,30
ABD->CLDY,11.3,8.0,10.392802549244655,30
KAMP->DAR,64.9,60.0,28.891413830123437,30
ABU->TRL,5.033333333333333,4.0,4.072475594925568,30
MTC->PRTP,6.433333333333334,5.5,4.124638611825395,30
BPC->NBPH,0.0,0.0,0.0,30
BPB->SQF,21.866666666666667,16.0,18.271389606729958,30
MO->MA,122.16666666666667,139.0,54.42367850126629,30
MNV->MAKR,6.966666666666667,0.0,20.18104835343492,30
MNV->GVB,11.933333333333334,10.5,6.219731302175711,30
DHD->ANAS,4.4,3.5,3.0354230518081455,30
DJA->PDJ,26.3,27.5,20.695076875830924,30
DKT->UMB,5.8,0.0,15.295705955909824,30
DKNT->MKX,164.1,81.5,190.96169502158605,30
MNS->MHPR,0.0,0.0,0.0,30
MTBH->ARA,29.7,26.0,25.919171442695887,30
MOG->VPDA,17.8,10.0,29.526609857130097,30
MOF->BOY,0.0,0.0,0.0,30
MOBD->BBGN,16.5,15.0,10.467519549408129,30
MOB->DBV,0.0,0.0,0.0,30
WR->BPK,15.2,15.5,7.0485997631224375,30
BPRA->KBR,37.0,39.0,13.713823883849514,30
MNJR->IDS,0.0,0.0,0.0,30
MNJ->SYWN,51.3,33.5,48.63385368380683,30
MNP->BQSP,0.0,0.0,0.0,30
BPRD->SBE,49.46666666666667,46.5,41.5374640480161,30
BPRA->MBA,77.86666666666666,72.0,47.48555739295412,30
MTH->KID,34.1,33.0,17.491574326337613,30
MTH->KBR,71.76666666666667,66.5,47.46736325848155,30
ACG->BDWD,6.9,5.0,8.044488368034868,30
WG->HGT,23.5,22.0,11.072644141119232,30
WDR->SHAN,0.0,0.0,0.0,30
DLI->SNP,43.56666666666667,5.5,72.11709029518369,30
AD->KO,29.833333333333332,30.5,15.418491659610263,30
ACRN->VBW,41.6,34.5,26.53637711415836,30
ACRN->NAN,106.0,99.5,34.75133339044407,30
DLD->DOD,17.366666666666667,13.0,13.805254705048522,30
ACH->BAHP,0.0,0.0,0.0,30
ADH->MMCT,6.433333333333334,3.0,8.500236643088577,30
DKE->MUPA,32.0,32.5,21.00246290976042,30
DKE->LGT,25.6,18.0,22.76809625103846,30
DKDE->FPMP,0.0,0.0,0.0,30
DHD->BIO,11.366666666666667,9.0,10.981122778261993,30
MOO->MUM,85.96666666666667,80.5,30.352507518221262,30
MOO->KMH,81.1,81.5,26.8306952369213,30
MONR->NMKL,2.7,3.0,2.2765672888561093,30
BPD->KNJ,3.3333333333333335,0.0,7.84036123962513,30
MSZ->BTI,1.5666666666666667,0.0,7.370413048516829,30
MS->GPD,6.066666666666666,4.5,6.766720457291435,30
MRTL->MEX,46.5,25.0,58.966238148446536,30
MRR->BSBR,37.6,38.0,25.288132694455985,30
MRPR->TKA,77.93333333333334,76.0,47.937411301600875,30
MRPR->RORA,15.4,15.0,7.463012241993036,30
MPI->VLT,11.1,10.0,7.2079936469029375,30
DJHR->DPS,44.53333333333333,38.5,36.514270553072656,30
DJA->WDA,0.0,0.0,0.0,30
MS->RU,2.933333333333333,2.0,3.647704363902972,30
MSW->SNC,23.433333333333334,7.5,41.87805229911984,30
MSR->SIW,87.7,35.5,134.43192098348646,30
MSMD->KRAR,35.9,11.0,97.25698272954581,30
MOL->THAN,12.966666666666667,17.0,13.301499353737205,30
MOL->SUNR,4.266666666666667,0.0,6.356822744288129,30
WRS->KSC,72.3,33.0,110.43710958013068,30
DKGS->BRYA,39.333333333333336,36.0,34.751664146045435,30
RPJ->KNN,14.633333333333333,11.5,15.352149873784011,30
CBM->SDV,42.96666666666667,52.0,34.462856900540416,30
CBZ->KKGT,23.266666666666666,13.0,33.65743585755972,30
JWB->ABR,21.666666666666668,14.5,30.547118305686528,30
JVN->LM,4.833333333333333,0.0,8.416254115301733,30
JUR->VML,37.43333333333333,0.0,58.13876582757862,30
RPH->BWN,42.333333333333336,2.0,97.75632383930316,30
KANO->JTO,10.866666666666667,8.5,9.874150625482306,30
ROHA->NGTN,39.36666666666667,24.5,40.62399777720428,30
CBN->KMDR,3.7,0.0,7.804287062360286,30
CBN->BUI,25.133333333333333,0.0,48.52779746121578,30
RPH->SDLE,23.733333333333334,21.5,22.639503670283535,30
AGI->NCH,22.466666666666665,24.0,16.17519031137487,30
DUB->AFR,13.733333333333333,7.5,14.89951013620416,30
AGC->FAB,6.4,0.0,8.923429061011051,30
AGC->ETW,61.06666666666667,27.5,94.16966834804936,30
MIK->KZU,33.733333333333334,18.5,43.290465091242574,30
MIH->JNU,70.66666666666667,11.0,85.49826912276355,30
BRE->FTP,40.1,26.5,81.56924285115281,30
BRE->CNB,51.7,42.0,41.71260456157521,30
RNGG->BLPR,0.0,0.0,0.0,30
MIQ->PTLI,4.1,0.0,6.738208090869713,30
VEN->KRMI,12.133333333333333,6.0,11.717164931116592,30
DTC->NHGJ,49.2,44.5,22.23138508412422,30
DTC->BXK,25.633333333333333,23.5,22.83144131770218,30
DSS->UJP,5.833333333333333,2.0,16.696238133666277,30
DSS->STJT,35.233333333333334,30.0,30.91778121732378,30
NAW->SEM,40.46666666666667,44.0,23.06024094938468,30
BNW->SUI,0.0,0.0,0.0,30
MIU->DER,34.06666666666667,27.0,24.967473092879832,30
RMNP->BN,6.133333333333334,0.0,12.829742742961557,30
RMN->RKK,15.366666666666667,17.5,13.489416881989078,30
RMN->BTI,6.6,0.0,11.583579340809454,30
RMN->BNLS,0.0,0.0,0.0,30
RMM->RMD,15.9,12.0,24.332963310050747,30
RMM->PBM,0.0,0.0,0.0,30
KDP->RLL,88.73333333333333,80.5,25.49906466619069,30
NBPH->SGV,1.5333333333333334,0.0,3.298205712132012,30
MIM->GKP,1.0,0.0,3.9653673135076,30
NBL->BJP,4.9,1.5,6.127102031984193,30
BNV->NKB,39.46666666666667,35.0,31.909066199861233,30
BNTH->SHH,4.533333333333333,3.5,4.833313515615337,30
BNT->KNS,43.93333333333333,18.0,65.20150904395692,30
NBH->SMP,23.3,20.0,13.663820841916802,30
NBH->GRF,10.6,5.5,10.807404868885037,30
NBD->KTW,57.6,4.0,116.40434877526313,30
NBD->DPR,14.2,7.0,20.305256666091715,30
NBL->IDR,26.733333333333334,22.0,39.35684082266042,30
VGLJ->AIT,69.7,47.0,89.54064767582875,30
DDP->CPR,18.1,9.0,27.34750823926289,30
DSA->VVB,0.0,0.0,0.0,30
DSA->SBB,11.233333333333333,11.0,4.739295257760365,30
DRV->DLN,11.166666666666666,1.0,19.647028964360914,30
BRE->SFG,1.5333333333333334,0.0,7.677703200618112,30
BRE->MRE,18.933333333333334,14.5,17.196497905965767,30
BRE->MNJ,48.13333333333333,30.0,46.8532068113352,30
BNW->MHU,14.0,14.0,7.263512971672535,30
NAT->MPY,0.0,0.0,0.0,30
MJF->STPD,11.733333333333333,11.5,11.26769362115557,30
MJF->LGDH,0.0,0.0,0.0,30
MJA->PRYJ,56.1,21.5,126.21583866945734,30
NANR->KDJR,61.0,60.0,17.025336089649365,30
NANR->BSTP,63.96666666666667,65.5,19.973229209556255,30
NAND->PDD,11.8,8.0,10.266786086781206,30
NAND->MULK,26.433333333333334,0.0,38.83180649161585,30
BNVD->WSJ,12.133333333333333,4.5,20.332975312468935,30
BNW->KHRK,0.0,0.0,0.0,30
BRG->DBR,41.266666666666666,32.5,35.75484855795503,30
DRL->BRC,136.53333333333333,52.0,191.35897541339514,30
DRL->BKRL,1.9,0.0,3.950992891361133,30
DRI->GJH,14.2,15.5,11.49032576591702,30
AFR->DUB,22.333333333333332,20.5,13.48136218773094,30
AFR->CH,5.066666666666666,0.0,9.347444177082748,30
VGLJ->BHS,17.633333333333333,0.0,35.29919734687084,30
RWO->PBR,4.433333333333334,0.0,15.979908362201824,30
JSB->HAR,30.366666666666667,34.0,16.91455878379849,30
RURA->PHD,8.633333333333333,6.0,9.06103188663271,30
RUB->SNIE,30.633333333333333,17.0,41.35171541564017,30
BEA->KYA,0.0,0.0,0.0,30
RN->BOKE,17.666666666666668,7.5,27.979467019810148,30
RMZ->PUN,37.86666666666667,10.5,48.488699951519685,30
KDJR->GADH,65.23333333333333,65.0,16.992256519049945,30
BDC->CGR,62.06666666666667,8.5,104.63860082020018,30
RXM->SSL,39.2,32.0,36.59790836307075,30
KCP->KMNR,69.83333333333333,81.5,34.31806936669764,30
VAPI->BAGD,0.0,0.0,0.0,30
VAL->CKE,0.0,0.0,0.0,30
VAK->KZK,22.566666666666666,15.0,26.906842269570394,30
DVG->HVR,21.3,18.0,15.746154429267639,30
UVD->BL,12.433333333333334,11.5,9.328056800757643,30
MGKM->TLMR,29.266666666666666,33.0,17.1503158377137,30
BNLS->RMN,8.3,0.0,14.144939389931213,30
BNLS->MKBH,0.0,0.0,0.0,30
RMPB->BLGT,8.3,0.0,21.354398723157395,30
BRGM->NLBR,17.166666666666668,4.0,31.189170681762157,30
DDL->LDH,45.3,28.0,57.73252833183565,30
KDP->MUM,73.43333333333334,76.5,25.585129481296605,30
KDN->TNGL,7.933333333333334,0.0,15.117775181447223,30
KDJR->NANR,62.6,64.0,19.787840222966608,30
CAR->SKGH,18.9,0.0,30.61366609415047,30
KDPA->DIR,4.533333333333333,0.0,17.359749984957443,30
KDPA->CJS,35.233333333333334,29.5,30.96124756166509,30
NDB->CUE,2.8666666666666667,0.0,5.593921167033774,30
JRT->MVF,18.966666666666665,10.5,23.787106523947152,30
SAB->SYM,39.06666666666667,40.0,21.801507909464355,30
BDBA->PRDP,15.066666666666666,9.0,24.909399047739797,30
BDC->SRP,24.5,8.0,36.39225950286871,30
BDC->MUG,17.066666666666666,10.5,36.89494249364261,30
JRPD->ANGL,3.6,0.0,10.077629715843662,30
KDVI->AVRD,28.533333333333335,17.5,28.392244367606533,30
KDRP->RCTC,29.866666666666667,26.5,20.302426104954215,30
AGR->BMI,9.733333333333333,7.0,7.860566502938984,30
AGZ->AGB,5.866666666666666,0.0,19.94601910559898,30
USRA->MAM,12.7,12.5,10.567190603059043,30
USK->BWH,23.1,9.5,29.18118193820025,30
URML->JNRI,7.933333333333334,3.5,10.667169528376608,30
URMA->BBM,43.333333333333336,38.0,36.4373182454409,30
URI->DD,22.2,20.0,14.981367738305634,30
NDKD->VNUP,19.866666666666667,17.0,8.152568173041669,30
BNLW->CKB,33.266666666666666,15.0,43.26257706971053,30
AGZ->NKX,31.5,32.5,28.326605015852813,30
MHPR->MHI,6.066666666666666,3.5,6.612075334559117,30
MHH->SWA,17.933333333333334,0.0,31.074918740242,30
MHH->KLD,48.766666666666666,21.0,110.3457523308952,30
VDH->GNST,0.0,0.0,0.0,30
VBW->KRPN,35.46666666666667,32.5,31.74329506540232,30
VBW->ACRN,104.43333333333334,96.0,34.155509812835646,30
NCB->GDX,17.666666666666668,9.0,33.61581455960493,30
NBUE->FBD,9.533333333333333,8.0,9.298621823479648,30
JRLI->NYG,46.266666666666666,44.0,21.165901877757314,30
NBR->GNT,29.1,27.5,16.51822400071906,30
MHUL->DING,51.8,39.5,40.091619211931096,30
MHUL->BHT,17.466666666666665,17.5,7.137725578696732,30
MHU->CKD,13.5,13.5,6.9666694164873855,30
MHRN->EKMA,15.366666666666667,10.0,12.346948061637807,30
RWL->RKSH,6.2,0.0,20.10558337275048,30
CDH->KYI,9.6,8.0,12.116104984688766,30
KDF->MBDP,37.0,30.5,30.331501776206203,30
NBUE->BGQ,74.7,86.5,45.62451700263947,30
GHGL->VJPJ,2.4,0.0,6.55796436035788,30
JRL->KSI,1.7333333333333334,0.0,3.4434679124928427,30
DUMK->JAMA,0.0,0.0,0.0,30
DURE->VVG,0.0,0.0,0.0,30
MGW->ON,19.133333333333333,15.5,15.906479558784305,30
MGRR->TKA,6.466666666666667,6.0,5.171095617473871,30
MGRR->NEW,83.5,86.5,47.06909814304923,30
MGRD->DOH,41.233333333333334,40.5,19.279582434549113,30
BNP->BNA,89.33333333333333,102.5,52.25424142714577,30
VARD->KTYM,417.56666666666666,291.5,428.1969159750858,30
DUD->KLBG,22.166666666666668,8.5,29.222196727987367,30
DUB->KEG,21.7,20.0,13.149406699609079,30
VARD->ERN,24.7,21.0,23.918179494786546,30
VAR->KCG,48.666666666666664,45.5,36.506337034522666,30
VAPM->PAZ,23.566666666666666,20.0,13.855618388204125,30
VAPM->KPQ,6.966666666666667,1.0,11.372936215459909,30
NCE->TKU,30.1,29.0,13.155174673475651,30
BNQ->NMZ,41.86666666666667,38.0,17.008584715460263,30
NCU->NCE,0.0,0.0,0.0,30
CBJ->MIL,49.63333333333333,30.5,66.18546737731799,30
CBH->PSB,22.033333333333335,17.5,22.217550275174016,30
CBH->HZD,26.933333333333334,22.0,25.019900125676973,30
CBF->PLMD,15.133333333333333,9.0,15.637561617251372,30
RN->NIV,83.96666666666667,77.5,39.03886951915146,30
KCG->STPD,6.466666666666667,4.0,6.54287363490224,30
RTM->BOG,36.8,6.5,108.31130103103037,30
RTI->BILD,23.2,21.0,8.184931487085025,30
NANA->FA,9.7,5.0,13.92133069343093,30
JTJ->GYM,3.4,2.0,5.103075475666103,30
MKP->NYN,22.333333333333332,1.0,63.71668613443439,30
MYA->CPT,4.6,0.0,7.636572619919904,30
MXR->PDJ,44.03333333333333,39.5,23.296415786677294,30
MXR->MGE,26.133333333333333,26.0,20.459772697920542,30
MXN->TTB,20.033333333333335,19.0,21.454817533651944,30
MXN->NTSK,18.0,0.0,34.090144192045926,30
MLAR->SONI,14.4,10.0,17.966635745180564,30
CDB->HZD,6.066666666666666,0.0,7.542675521523414,30
MYD->LMG,7.266666666666667,3.0,10.527249807321338,30
MYD->HTL,30.8,32.0,21.748404618460544,30
DOK->SEJ,16.033333333333335,15.5,10.08407188327842,30
DOH->KQE,50.3,52.5,19.0718243164785,30
DOD->KHNR,0.0,0.0,0.0,30
DEE->PTNR,13.266666666666667,9.0,11.440802158196272,30
DEC->SSB,4.133333333333334,4.0,2.374190727215361,30
MKP->BIP,33.1,12.0,42.20013891135824,30
KBM->DGB,0.0,0.0,0.0,30
BRC->DRL,14.566666666666666,10.5,11.987589367782611,30
MKS->LKW,23.366666666666667,2.0,38.5821857528998,30
MKS->BRW,5.166666666666667,2.0,7.634239267628588,30
MKRD->PBV,28.066666666666666,24.5,24.190242166872864,30
MKRD->BHJA,10.133333333333333,3.0,17.835905926806326,30
MKR->GTL,14.366666666666667,0.0,24.16250063179739,30
MKPR->KSP,5.233333333333333,0.0,13.907783316604023,30
KBN->AUNG,41.43333333333333,36.5,36.48966158104033,30
MKO->BHC,31.066666666666666,30.0,12.005554270142355,30
VNUP->NDKD,47.266666666666666,51.5,18.933519506936374,30
VNUP->MRGA,32.9,32.0,10.911398658726348,30
VNM->MMPL,57.03333333333333,55.0,28.015369345061824,30
VNM->BKPT,56.4,50.0,23.97498696558561,30
DOA->CHA,43.46666666666667,27.5,66.22934724713515,30
BQSP->JMU,33.4,28.0,32.462816925809456,30
BQP->TQA,48.2,36.0,45.12236237395928,30
MLD->SAN,16.633333333333333,10.5,20.511533060835482,30
VNA->BSL,15.266666666666667,7.5,26.191513936747732,30
MLDT->KTJ,4.9,4.5,2.9166584564744866,30
BR->NGLT,0.0,0.0,0.0,30
RRS->TQA,46.5,39.0,41.91925736378252,30
RRS->NHF,0.0,0.0,0.0,30
RRME->CNPR,80.83333333333333,82.0,53.043302631180396,30
RRME->BRKA,12.666666666666666,10.0,10.971226735965036,30
RTGH->PIH,10.066666666666666,2.0,32.941885436203464,30
CDG->DKT,12.6,8.0,15.214784098777535,30
MLG->HKL,15.833333333333334,13.5,11.732899025399899,30
VNA->BDWD,68.73333333333333,42.5,91.57319790589735,30
VNA->ACG,4.833333333333333,0.0,8.530203269330217,30
VN->KPD,6.033333333333333,0.0,12.341361164891774,30
VML->RLO,100.66666666666667,94.0,29.355529742056806,30
VML->JUR,55.233333333333334,53.5,23.335164131787703,30
MKX->DKNT,21.133333333333333,16.5,23.732319492745482,30
MKX->DARA,9.0,4.5,13.022526901356423,30
MKU->WADO,13.866666666666667,8.0,14.265302330294745,30
VPDA->BJU,8.666666666666666,0.0,24.62313648938154,30
MXL->MLZ,7.533333333333333,0.0,13.77837719620564,30
MXK->SNS,94.76666666666667,91.5,38.62345484764168,30
MXH->MWX,47.733333333333334,32.0,57.27003990975008,30
MWX->MXH,18.2,17.0,18.084857449411018,30
MWX->FZR,28.2,7.5,60.116209300733985,30
MWUE->ALJN,77.73333333333333,73.5,33.97050783104148,30
DNRE->KIUL,5.1,0.0,10.946106219990302,30
DNR->DLN,15.733333333333333,17.0,12.085709239266514,30
VPDA->MOG,18.4,7.5,41.6641746381212,30
MXN->CMA,37.833333333333336,35.5,11.945518084154013,30
MJS->ULL,11.033333333333333,0.0,17.501691215488258,30
MJS->UAA,0.0,0.0,0.0,30
VKA->BAT,20.933333333333334,0.0,33.35486660798963,30
VJPJ->GHGL,35.0,8.5,61.63742705364253,30
VINH->KHED,39.9,39.0,20.26947764837395,30
VID->VRLI,60.0,50.5,33.94925218819895,30
VID->SUAL,0.0,0.0,0.0,30
VID->RN,65.7,50.5,54.76416522785176,30
MYG->BH,34.96666666666667,6.0,99.19659453739372,30
MZP->CNB,24.233333333333334,17.5,22.29996649654717,30
MKB->DJS,0.0,0.0,0.0,30
AF->JAB,6.0,0.0,25.497802474615,30
BDH->GKH,14.5,8.5,28.191157821386923,30
BDDR->LAL,2.2666666666666666,0.0,4.322621597047834,30
RU->MRM,14.8,7.0,21.7610851656393,30
RTWS->ORR,12.666666666666666,11.0,8.01005115715436,30
JSME->SNQ,23.7,13.0,31.047405355526006,30
MJS->KGQ,12.733333333333333,11.0,7.114498714176775,30
NAN->ACRN,40.56666666666667,35.0,26.831123632868955,30
NAK->TKG,15.833333333333334,11.5,15.072430491448292,30
MJRI->BUX,39.06666666666667,39.0,16.69386286846949,30
MJP->SLJ,21.433333333333334,15.5,21.15734702965694,30
MJO->VEN,4.7,3.0,4.05267046909004,30
MJN->TSK,15.1,13.5,6.753543131393046,30
MJL->SGL,24.7,25.5,21.990828809395474,30
MJL->BTH,26.266666666666666,22.0,14.24885557009654,30
MJZ->PBE,27.333333333333332,6.5,103.38056021266793,30
VGLJ->ORC,4.066666666666666,3.0,4.954505670274443,30
AGB->KPRR,5.866666666666666,0.0,19.473648566864583,30
AGB->AGZ,31.466666666666665,29.5,28.575047389870296,30
DRLA->MUT,31.2,9.5,50.38842231553073,30
DRL->SMLA,32.56666666666667,8.0,100.59296038073897,30
NAD->BTSD,0.0,0.0,0.0,30
MZR->MANA,12.8,5.0,14.92371406116153,30
BRC->SMLA,9.833333333333334,7.5,8.626676082355536,30
BRC->PLJ,12.466666666666667,12.5,7.646199566849662,30
DDU->KCA,5.3,2.0,7.3632357954441705,30
MYM->BWN,15.933333333333334,15.5,14.60735132197751,30
MYL->LMD,0.0,0.0,0.0,30
AED->FTS,0.9,0.0,3.7356622456792192,30
ADVI->VRLI,86.8,76.5,39.12702567191933,30
ADVI->RAJP,126.1,104.0,79.44390777623305,30
ADVI->NIV,62.03333333333333,52.0,40.12865803141564,30
DPR->NBD,72.36666666666666,72.0,72.45616193464053,30
DPR->MB,6.5,2.0,14.277423702692543,30
RTM->RNJ,0.0,0.0,0.0,30
MYG->KSPR,11.866666666666667,9.5,8.307592428256395,30
MYG->ITA,22.1,17.5,18.54788769458761,30
BOKE->UKC,26.766666666666666,18.0,28.378820822302817,30
BOJ->NTSK,69.6,0.0,146.8195232719174,30
BOJ->LXA,16.033333333333335,14.0,9.771469142119944,30
BOI->MYM,9.466666666666667,9.0,7.468246959205229,30
BOG->RTI,18.133333333333333,16.5,8.927807520687079,30
BOG->BILD,18.166666666666668,17.0,21.912181045275243,30
DPR->KNT,10.033333333333333,0.0,20.753866832610907,30
KCA->SLD,6.133333333333334,3.5,7.281215005342377,30
KCT->ARJ,22.733333333333334,18.0,27.367150373033546,30
VKB->SSPD,50.03333333333333,51.0,29.035630113568295,30
MKA->PHK,17.5,10.0,23.027345063850827,30
MZC->AMPL,0.0,0.0,0.0,30
MYX->IBL,27.333333333333332,10.5,38.500634417821125,30
DPJ->PCV,22.533333333333335,23.5,16.658296748909017,30
DPC->PFU,32.06666666666667,29.5,24.57772096464788,30
MKH->AWR,25.8,24.0,16.095405212840006,30
VLT->GYM,13.466666666666667,12.0,7.2050429338180155,30
VLD->KCI,42.93333333333333,41.5,13.338906881060728,30
DPS->DJHR,10.066666666666666,0.0,14.677999801094137,30
DEB->BTY,11.133333333333333,10.0,5.17775968950847,30
DDX->TPH,19.3,14.5,18.86275293470871,30
MKC->PUO,9.033333333333333,7.0,10.260346614207444,30
MKC->AKD,5.533333333333333,3.0,6.856828126329475,30
MKBH->SGA,47.733333333333334,44.0,46.609110648051406,30
MKBH->BNLS,0.0,0.0,0.0,30
DPC->GPJ,14.966666666666667,8.0,20.037005993795635,30
SJP->CKOD,0.0,0.0,0.0,30
SQF->HLX,23.566666666666666,18.0,18.951268419624153,30
SQF->BPB,17.2,9.5,21.374170683649766,30
HGT->NGI,26.733333333333334,22.0,13.138344338386899,30
ATP->ZPL,30.6,29.0,11.737355632397753,30
ATNR->DGA,71.43333333333334,63.0,39.92551973909396,30
KRJ->KJY,2.8666666666666667,0.0,6.4899568742700495,30
KRJ->KAMP,0.0,0.0,0.0,30
BPK->SNN,18.066666666666666,18.5,7.338764968601175,30
JAM->DWK,12.7,8.5,18.35502374151894,30
J->SELU,338.6333333333333,313.0,251.65198784930303,30
BAL->TRB,12.2,12.0,3.994824237642399,30
CJS->KPRR,32.8,27.0,30.06246370705387,30
KLHD->KMKD,9.333333333333334,5.0,13.358023117557305,30
BAHP->TKRP,0.0,0.0,0.0,30
BAGL->DRI,0.0,0.0,0.0,30
SINI->KND,37.8,27.5,35.141487417737956,30
BVA->FLR,12.666666666666666,8.5,15.750935020594444,30
BUX->WANI,22.066666666666666,22.5,6.679527824182109,30
BUX->TAE,40.06666666666667,40.0,16.573625356911638,30
KRHA->JYG,1.1333333333333333,0.0,3.674078193875662,30
KRH->BWL,27.166666666666668,8.0,86.57509530134392,30
CNDB->MRSH,1.6333333333333333,0.0,5.492837551558948,30
SINI->CKP,85.63333333333334,68.5,68.3941333102801,30
CJM->CLX,26.033333333333335,4.0,39.58446519857849,30
JAB->TDL,10.166666666666666,4.0,27.77381964136846,30
KLMG->DIVA,50.733333333333334,34.5,41.4736587223275,30
BYC->DAJ,79.1,79.0,44.069185418478924,30
BYC->BAY,2.1666666666666665,0.0,4.66153247950406,30
KLQ->CTPE,0.0,0.0,0.0,30
KLP->GMAN,10.666666666666666,2.5,17.59963426997225,30
KLNP->RHA,9.933333333333334,9.0,12.190819986941937,30
KLNK->LHLL,5.033333333333333,3.0,7.8979846112499,30
KLNK->KHRK,0.0,0.0,0.0,30
KLMR->IPL,14.8,13.0,6.16105678351167,30
KLGD->PGTN,18.166666666666668,18.0,6.242696882583369,30
BIP->KHOH,36.53333333333333,15.0,40.53243344433616,30
BIO->DHD,38.766666666666666,9.0,104.85611926409656,30
BIO->ANAS,11.133333333333333,9.0,10.871453709009042,30
KRPN->VBW,101.66666666666667,94.5,34.51769494574944,30
KRPN->RAJP,49.36666666666667,47.0,26.853990050068827,30
CNI->GMH,0.0,0.0,0.0,30
ASV->NHM,9.466666666666667,9.0,5.348111708872086,30
ASR->VKA,24.666666666666668,4.5,33.86925503729908,30
BV->SNC,71.8,44.0,114.22403877679496,30
BINR->DEEG,12.866666666666667,12.5,13.122061794821972,30
PLY->REJ,7.3,5.0,8.162783500911845,30
PLY->DEB,11.333333333333334,9.5,4.9153758289910945,30
PLWR->SRKR,0.0,0.0,0.0,30
KRPU->SUKU,14.0,7.0,17.946279991052222,30
KRPU->MVF,25.233333333333334,14.5,23.66677189550833,30
BUW->TSF,48.266666666666666,51.0,27.923458600787352,30
BUU->GNWA,0.0,0.0,0.0,30
SRGM->GOC,21.533333333333335,18.5,13.276199428464752,30
PNBE->FUT,25.633333333333333,14.0,30.886313600300248,30
PMU->SEE,74.66666666666667,62.0,52.891126518233804,30
PMT->RJP,37.6,32.5,21.63107598516223,30
PMT->OBVP,58.36666666666667,60.5,32.86071266393365,30
BINA->MDVK,3.466666666666667,3.0,3.945607189261752,30
BINA->JLN,14.066666666666666,4.0,29.10733209363571,30
KRNT->ATP,11.633333333333333,11.5,10.16580927230683,30
KRMI->KKW,222.4,176.5,150.47158054504555,30
BIP->MKP,13.2,1.0,25.649359741958744,30
HDK->GYN,20.066666666666666,16.5,15.321684730750265,30
HDE->KOO,54.96666666666667,24.0,77.63552481076995,30
CNBI->CHK,31.1,22.5,35.70410002535688,30
CNB->SSL,8.7,3.5,15.231885793544613,30
CNB->SKB,58.86666666666667,40.5,65.44844421813794,30
HER->CKX,45.333333333333336,61.0,33.0676770331364,30
PMPR->KBN,43.266666666666666,37.5,38.20176321380569,30
PMP->KK,24.1,26.5,15.075328097304526,30
BIQ->DXK,0.0,0.0,0.0,30
KRMA->MZC,19.266666666666666,14.5,20.292572674432545,30
INJ->UD,14.366666666666667,15.0,10.933918543351403,30
INJ->PDD,33.96666666666667,31.5,35.84880446554941,30
AUB->DLK,32.1,11.0,64.70961661730519,30
SOM->KLA,59.03333333333333,66.0,41.75336726733449,30
HMA->RBA,27.833333333333332,22.0,24.766611747900935,30
HMA->GAM,37.13333333333333,28.5,34.87488310036849,30
HLX->SQF,37.46666666666667,35.5,27.515178674165725,30
HLX->BHZ,27.866666666666667,23.0,19.179251240883193,30
BIJ->KLNP,6.066666666666666,4.0,10.957388731631818,30
KPS->CPR,27.866666666666667,5.0,43.76404864752562,30
PNQ->WKI,29.666666666666668,27.0,20.675378215834797,30
PNP->SZM,30.333333333333332,21.0,31.55108974929101,30
PNP->IRA,0.0,0.0,0.0,30
BIDR->KHNP,75.8,81.5,31.69292317395707,30
BHZ->HLX,38.06666666666667,36.0,26.583548624502043,30
BVN->STP,13.866666666666667,4.5,17.588658832902237,30
BVN->MMB,18.633333333333333,11.0,21.4451720044128,30
KPS->DDP,22.333333333333332,13.5,33.706986212656716,30
KPQ->PAY,60.9,52.5,46.14919583115256,30
KPY->MQO,0.0,0.0,0.0,30
KPXR->TAP,19.3,12.5,31.241164268118855,30
KPXR->KUR,83.93333333333334,77.5,31.906040216530325,30
KPU->HX,45.63333333333333,47.5,25.673659295262045,30
KPU->GPY,67.33333333333333,61.5,23.48489365283687,30
KPTO->MJP,21.6,16.0,20.489862926789446,30
KPS->TKV,13.666666666666666,10.0,12.957046633830734,30
KLT->TPJ,4.9,4.0,5.4288501354433665,30
SIW->KRD,91.66666666666667,36.0,135.46047478834944,30
ITA->VS,15.633333333333333,9.0,17.501691215488258,30
ITA->VRM,19.666666666666668,18.0,9.473495998668158,30
SIR->DDL,41.96666666666667,21.5,55.43961196394365,30
PUU->EDN,13.933333333333334,14.5,4.233962302809177,30
BH->MYG,9.5,7.0,8.881402498751399,30
BH->CVJ,9.2,6.5,8.571806231417362,30
BGY->RJLK,0.0,0.0,0.0,30
SJL->VJA,18.8,16.5,10.001379215233095,30
KQU->HWH,3.066666666666667,0.0,7.2774253373174425,30
KQR->GJD,6.966666666666667,0.0,12.54092152290565,30
HIJ->GTS,29.466666666666665,25.5,34.421057441663514,30
HIJ->CKU,123.33333333333333,48.5,132.81834452995625,30
ATRU->CAG,23.666666666666668,14.0,34.51869391916585,30
SPJ->RBZ,26.433333333333334,25.0,15.210439548690495,30
SPJ->NRN,9.6,7.0,9.489013611031698,30
SPJ->MKPR,4.866666666666666,0.0,13.885575083600205,30
HKL->NMH,13.5,10.0,12.472728872113006,30
PNF->LTRR,33.56666666666667,35.0,17.27402541456358,30
PNDM->ALU,19.033333333333335,18.0,10.617108293021557,30
SPRM->HBF,0.0,0.0,0.0,30
HIR->BRU,41.8,39.5,17.007908910775637,30
HIL->DYW,0.0,0.0,0.0,30
HIL->DNWH,0.0,0.0,0.0,30
BIJR->SEN,53.43333333333333,47.0,35.350153229276586,30
BIJR->BYNR,0.0,0.0,0.0,30
HJI->KWM,19.7,18.5,11.231574950204847,30
AUN->HNS,43.86666666666667,33.5,39.28036566068068,30
CNB->CPB,11.366666666666667,8.0,11.663332857006756,30
CNB->CNBI,24.766666666666666,12.0,36.360914344306906,30
KQK->BFR,0.0,0.0,0.0,30
KQI->MUPA,32.333333333333336,26.0,25.900783283766607,30
KQI->MBG,32.666666666666664,34.0,20.733669657618844,30
KQE->TAKU,56.266666666666666,55.5,22.283337416930653,30
KPZ->LBN,6.866666666666666,4.0,9.031490247570112,30
PNHR->GWL,0.8333333333333334,0.0,4.564354645876384,30
BHZ->CNE,32.13333333333333,27.5,18.896694353014876,30
BHZ->BPB,14.033333333333333,0.0,40.471772481769214,30
CNB->KNS,78.26666666666667,6.0,109.87608485466028,30
SPDM->MBA,5.266666666666667,4.0,8.144951189851138,30
SPC->STP,7.033333333333333,0.0,19.878047731334064,30
SPC->ROZA,17.033333333333335,13.5,15.468507123949555,30
SPC->MINJ,5.033333333333333,2.0,14.601566598363231,30
PNME->CDB,3.8333333333333335,0.0,5.801803128358448,30
PNM->BEY,18.766666666666666,0.0,29.340666533732293,30
BVRM->PKO,33.86666666666667,31.0,31.06137787353128,30
SRO->SJT,41.3,25.0,45.35237514215196,30
SRNT->JKN,21.233333333333334,5.5,29.79086105333061,30
SRPM->SAP,37.1,34.0,14.116143851681993,30
GZN->MUD,48.53333333333333,46.0,20.106155059194382,30
GZN->MDNR,17.733333333333334,18.0,23.845672394672015,30
BIWK->JWO,10.133333333333333,5.5,10.852405845879439,30
BIS->KJL,10.3,0.0,16.33517465576915,30
PKU->HWH,15.033333333333333,0.0,29.880778429288448,30
BUS->BTKP,63.96666666666667,61.0,32.71136397849123,30
PKNS->PBN,11.8,0.0,46.22165487420744,30
KTD->URMA,45.166666666666664,40.0,36.50704545448853,30
QLN->MQO,0.0,0.0,0.0,30
SHN->JOK,0.0,0.0,0.0,30
SHN->BJKN,0.0,0.0,0.0,30
SHMI->BYNR,0.0,0.0,0.0,30
SHMI->BTJL,35.06666666666667,35.5,19.982636140570566,30
CI->GJH,51.1,53.0,34.08139344731,30
PKR->TBB,24.333333333333332,19.5,21.760979524944585,30
HAA->KAWR,40.63333333333333,40.0,28.064560218002438,30
HAA->ANKL,31.8,28.5,16.293430027743252,30
HA->STP,9.333333333333334,7.0,8.872014634690416,30
HAQ->RJP,49.6,49.5,28.882162494259806,30
HAQ->NRE,43.03333333333333,37.0,22.5518304683071,30
HAPA->WTJ,4.9,3.0,6.629869713183896,30
KSQ->MWH,47.46666666666667,40.5,35.41549761424181,30
KSPR->ITA,16.5,15.0,10.071297557055825,30
SRP->BDC,11.666666666666666,1.0,35.193390184005835,30
KSM->GDP,0.0,0.0,0.0,30
KSU->PRR,41.0,41.0,29.608945526182012,30
KSU->ANR,28.9,21.0,34.95252938407788,30
BUI->CBN,4.666666666666667,2.0,8.108460176678529,30
GZB->TKJ,19.733333333333334,17.0,17.035325029202543,30
GZB->MUD,27.966666666666665,12.0,37.92322855939109,30
GZB->MIU,29.966666666666665,23.5,23.586207736774867,30
SRP->CGR,5.366666666666666,4.0,5.511638678246264,30
KSP->RBZ,5.3,0.0,13.821896671087037,30
PIRO->XBKJ,9.366666666666667,7.5,8.644245976703065,30
PIRO->GQN,5.9,3.0,7.131039485091289,30
PIO->CYI,3.7666666666666666,2.5,4.492778368811928,30
PIL->PCL,45.3,43.0,13.995442607974336,30
PIH->SUJH,14.333333333333334,5.5,34.052022405211964,30
JDA->KJN,4.9,0.0,8.82140812905232,30
JDA->GHJ,93.43333333333334,93.0,22.648259936713007,30
BANE->JU,8.666666666666666,8.0,7.227024633794413,30
SHK->SRY,42.733333333333334,0.0,97.33338844274932,30
SHG->AYC,30.9,3.5,52.919815726736275,30
SHF->JMD,0.0,0.0,0.0,30
SHF->DHI,0.0,0.0,0.0,30
KKP->BRW,29.7,12.0,38.38655475823399,30
BGQ->NBUE,8.1,1.5,11.523140137162684,30
BGPL->TMKA,43.56666666666667,42.0,14.42861938895279,30
BGPL->SKND,73.86666666666666,71.0,22.36181063135639,30
ASL->NKI,26.566666666666666,25.5,16.431012169660768,30
BANE->BGKT,22.3,19.0,19.392764381202273,30
SHH->JND,5.433333333333334,4.5,4.938821116722947,30
KKS->FTP,46.266666666666666,37.0,35.45364465806343,30
BYNR->SHMI,31.766666666666666,33.0,17.93798384344841,30
BYNR->BIJR,60.3,49.5,34.753466708745215,30
BYN->BEA,56.63333333333333,53.5,29.580379486658252,30
KTCE->KUW,35.766666666666666,21.0,43.18818750804304,30
KT->MRJN,43.9,43.0,25.594113008456752,30
PKK->ABS,10.533333333333333,2.5,22.478700007406754,30
KTE->SBD,36.8,37.0,18.89973544788392,30
PJK->ABS,8.333333333333334,8.0,3.968264915146368,30
CNPR->RRME,15.566666666666666,13.5,12.21554502385731,30
CNPR->GMIA,81.8,83.0,53.983011376185566,30
GY->PLU,96.83333333333333,89.0,34.53642088891221,30
GY->JKO,37.56666666666667,36.0,15.124046469420655,30
SRVX->MJO,3.7,3.0,3.6685992816952866,30
SRTN->MRHT,6.166666666666667,1.0,9.340617026555666,30
GZB->DER,12.533333333333333,11.0,13.252802783154793,30
GZB->AMRO,47.766666666666666,29.5,51.30213636294593,30
PJK->HMK,8.3,0.0,20.611597003494964,30
KLE->KKDE,6.633333333333334,1.0,14.667541771176088,30
KLD->MND,36.06666666666667,16.5,44.88140182620254,30
CJS->KDPA,4.7,0.0,18.053846662424736,30
SHV->RGI,20.733333333333334,16.5,9.76246624201266,30
JAMA->BSKH,0.0,0.0,0.0,30
HD->CAER,131.06666666666666,111.0,125.49596320842036,30
HD->BPF,104.0,25.0,126.48810765961495,30
KRSA->DRL,1.3333333333333333,0.0,3.043742403044639,30
CNI->MIK,30.766666666666666,13.0,43.636178704763125,30
KRR->MONR,0.9666666666666667,0.0,1.5643293888377887,30
KRR->MMH,8.6,8.0,6.946097887452275,30
PLW->TJP,5.666666666666667,0.0,9.742665971379962,30
PLU->NKDO,101.06666666666666,92.0,35.471147413786525,30
PLU->GY,30.733333333333334,29.5,13.083111865758621,30
PLSG->GNPR,28.833333333333332,1.5,50.88125685211181,30
PLP->SYC,0.0,0.0,0.0,30
PLP->PFM,11.233333333333333,0.0,28.63405656560556,30
KRS->MTBH,0.0,0.0,0.0,30
BUS->ATE,50.733333333333334,34.0,44.0884169113286,30
AT->LOL,41.333333333333336,39.5,30.02451105959622,30
AT->KAWR,21.033333333333335,17.5,12.882715855598613,30
CNE->DCA,36.93333333333333,32.5,19.92560877507815,30
CNE->BHZ,34.333333333333336,32.5,24.341440941867774,30
HCNR->NKW,57.06666666666667,54.0,16.523615980089566,30
HCNR->CLDR,66.53333333333333,69.5,22.3371243994562,30
HCM->KBM,35.56666666666667,16.5,42.52275928807143,30
KLE->NRW,7.466666666666667,2.0,18.212790756126225,30
KLBG->YG,15.233333333333333,16.0,7.654988607092283,30
KLB->MIQ,2.6,0.0,5.702993769156204,30
KLB->IDH,31.1,31.0,27.233789863785532,30
KLB->FTS,187.16666666666666,124.0,176.48895312373702,30
KLAR->CRC,27.9,28.0,11.05581451014617,30
KLA->MWUE,74.4,67.5,36.507533469134835,30
BXR->RPR,4.366666666666666,0.0,11.565356512635821,30
BXR->NDON,0.0,0.0,0.0,30
KLG->GP,58.96666666666667,58.0,20.570288807141118,30
HBU->BHLK,74.2,79.0,31.501943016155426,30
PLJ->LKD,6.2,5.0,6.5831550972525905,30
PLH->SPRM,0.0,0.0,0.0,30
KSJ->SRNK,23.966666666666665,17.5,32.91837693796407,30
KSI->JTS,2.2666666666666666,0.0,3.194103763276126,30
KSI->JRL,13.033333333333333,9.5,14.651075830412784,30
SHRN->SCI,23.133333333333333,21.5,7.426575454979621,30
BAMA->BR,0.7333333333333333,0.0,2.362542951017462,30
BAM->JNP,22.666666666666668,19.0,22.605054871579643,30
HBF->KNGR,0.0,0.0,0.0,30
JAO->DLD,14.066666666666666,10.0,15.745679940275975,30
BAM->GTA,47.96666666666667,37.5,39.548733214232975,30
KKW->KRMI,145.4,76.5,132.96061122727676,30
PWXP->BXR,32.53333333333333,30.0,29.713265739725415,30
PWS->SCY,42.43333333333333,57.0,38.19612124497617,30
KSH->BLX,12.066666666666666,10.0,11.12292858153306,30
BIY->UDN,28.9,3.0,57.647172972524324,30
CNJ->ANVR,0.0,0.0,0.0,30
JAT->SMBX,24.566666666666666,23.0,21.739338779611323,30
HAUR->PKU,4.933333333333334,0.0,7.982452018639702,30
HAT->PAO,7.0,4.0,7.838895066402469,30
SRJ->BRG,41.46666666666667,32.5,35.68031750799401,30
ATE->BUS,60.86666666666667,58.5,32.27546664459612,30
ATC->JOO,0.0,0.0,0.0,30
BUI->KMDR,5.9,5.0,5.352086283516634,30
KSD->BDDR,0.0,0.0,0.0,30
KSC->SHK,82.56666666666666,41.0,109.85089685673887,30
PLMD->TUP,25.466666666666665,20.0,21.591398883516703,30
KS->MIH,76.63333333333334,26.5,90.68721665354946,30
BUPH->GNVR,0.0,0.0,0.0,30
HAN->BTE,11.3,9.5,12.575701803957857,30
CNO->LOL,16.5,12.5,11.94166857168051,30
CNO->BLLI,39.8,37.0,30.920810981022765,30
SRKR->LB,0.0,0.0,0.0,30
SRKI->KXB,7.766666666666667,7.0,4.553765651545477,30
SRJN->PLY,7.266666666666667,6.0,8.78059511506553,30
BUJ->TGA,5.6,0.0,13.29142840200094,30
KSB->HAT,0.0,0.0,0.0,30
KNL->RMN,20.466666666666665,17.0,15.889127345958679,30
KNL->RKK,49.06666666666667,44.5,46.2317500495458,30
KNNK->MHRG,8.5,4.0,10.447735276785734,30
IDS->UCR,21.566666666666666,16.5,21.38914215902196,30
IDR->NBL,8.233333333333333,7.5,9.283590763883572,30
KMLR->BHNS,4.6,0.0,21.26937250829351,30
KML->DBG,44.13333333333333,2.5,92.70224240613835,30
KMSD->SZY,9.6,3.5,21.640638654607915,30
KPQ->VAPM,31.9,24.5,36.15421947998458,30
KMQA->TU,69.4,70.0,23.29806858947754,30
SKRI->BYN,58.6,54.0,29.648050467977217,30
SKQ->KRJ,61.333333333333336,56.0,28.228541845314002,30
SKND->BGPL,42.7,40.0,14.800163093229985,30
KNN->RPJ,22.133333333333333,12.5,31.10907765658889,30
PRYJ->KGA,64.5,28.0,135.60789062587767,30
HTK->NMGT,0.0,0.0,0.0,30
HTZU->MKA,13.333333333333334,5.5,22.234383645425254,30
KMSD->KKLU,22.333333333333332,16.0,26.144602308795164,30
PSLI->MLGH,2.3666666666666667,2.0,2.7226170641794116,30
PSLI->BNDI,5.8,2.0,9.491920339116735,30
PSB->CBH,25.033333333333335,20.0,25.97277531322489,30
PSA->PUN,36.56666666666667,17.5,47.214611512008496,30
PS->GAO,13.366666666666667,10.0,11.93512155098479,30
PRYJ->MJA,37.43333333333333,40.0,40.19236789219577,30
KNLS->JAM,22.533333333333335,19.5,20.86199866996801,30
KNLP->HX,59.0,54.0,23.22899496096531,30
KNL->SCV,0.0,0.0,0.0,30
AYVN->AYV,0.0,0.0,0.0,30
AYV->SCT,6.466666666666667,7.0,4.854669514184671,30
AYV->BJM,27.3,26.0,4.284293689021925,30
CKX->LTRR,57.9,64.0,33.1031303864047,30
CKU->HIJ,257.2,231.0,261.7835905397091,30
CKTD->SWC,42.7,19.5,40.008749043178035,30
AYC->MEQ,0.0,0.0,0.0,30
KNLP->BKPT,48.93333333333333,47.5,27.13177718715332,30
SLRD->GTA,17.866666666666667,11.0,22.054373768004627,30
HTNL->GIN,85.96666666666667,80.5,48.0068122560591,30
HTL->MYD,21.2,16.0,20.519797001079645,30
HTL->DBLG,31.533333333333335,32.5,21.5097946147288,30
KNT->DPR,67.86666666666666,67.5,68.75931702802843,30
KNS->PHD,71.7,45.5,67.86810230398982,30
PRP->IPR,0.4666666666666667,0.0,2.063364064911429,30
BHNS->KMLR,4.366666666666666,0.0,19.1841948836362,30
BHNS->BCHL,4.566666666666666,0.0,21.09041837248462,30
HTZ->LKR,21.866666666666667,21.0,9.2390973336268,30
HSR->NKN,0.0,0.0,0.0,30
KMH->YA,67.9,68.5,28.375985475823352,30
KMH->MOO,82.33333333333333,74.5,26.130090110740188,30
KMGE->SSM,7.733333333333333,7.0,7.366903309248473,30
PUN->NWP,40.666666666666664,21.0,47.15442958922372,30
PUL->BTIC,23.633333333333333,24.0,7.392835923277734,30
PUD->BQE,9.866666666666667,8.0,8.811173679436548,30
PU->JTJ,0.9,0.0,2.122945254057235,30
SMBL->GMS,26.0,21.0,14.647584242390655,30
BHLK->KCP,67.36666666666666,79.0,39.00352179795663,30
BHL->RLR,6.3,4.0,8.514288193870104,30
PRYJ->DBR,76.26666666666667,60.0,66.49082557058132,30
PRWD->BGVN,204.66666666666666,239.5,92.48013144802336,30
PRTP->MUZ,9.533333333333333,8.0,4.216006717698415,30
KNS->JJK,50.06666666666667,37.5,42.635531024570646,30
KNS->CNB,21.4,0.0,42.74592136220072,30
KNS->BNT,83.53333333333333,13.5,113.50702039151993,30
SLRD->IPM,45.5,32.0,43.025052846147595,30
PRRB->HDK,19.333333333333332,16.0,15.029472960528734,30
PRR->TAO,42.2,42.0,30.30352204407702,30
PRR->KSU,30.333333333333332,24.0,35.79089976163112,30
HSRA->PCV,35.1,36.5,24.297509450913715,30
SMAP->LSMP,0.0,0.0,0.0,30
SM->HCR,7.766666666666667,7.0,7.618866479784353,30
SM->EKI,20.366666666666667,11.0,37.3607606558219,30
SLY->MAP,25.7,24.5,9.595796493508372,30
SLY->BQI,65.53333333333333,22.0,75.22918240322349,30
BWT->KSM,0.0,0.0,0.0,30
DHH->NCB,26.0,14.0,43.951383799956,30
YL->MMR,20.666666666666668,11.5,30.437424030446394,30
PTLI->IDH,6.366666666666666,0.0,9.539331767724228,30
CKP->SINI,86.06666666666666,0.0,122.86127117209469,30
HX->KNLP,47.13333333333333,49.5,27.876245397672626,30
SL->TOK,9.866666666666667,0.0,21.74259022943351,30
AZR->KIR,58.13333333333333,10.5,110.98888833272154,30
AZR->KDPR,52.86666666666667,31.0,70.64761183133697,30
PSO->ASL,27.966666666666665,26.5,16.350647637354292,30
KN->PGI,11.933333333333334,8.5,11.982554368556077,30
PTKD->BRGM,18.8,6.5,32.502944163726845,30
PTKC->PTK,14.366666666666667,8.5,17.977923882540967,30
PTKC->MRTL,44.266666666666666,24.0,59.494383005418285,30
CLDY->SAU,20.5,11.5,21.750544979299985,30
CLDY->ABD,5.866666666666666,3.0,10.331516340066326,30
CLDR->SGDP,68.46666666666667,69.5,19.34929978833474,30
CLDR->HCNR,56.3,53.0,16.617709705674514,30
HYT->TLWA,3.8666666666666667,0.0,11.64335931301418,30
ABS->PJK,7.833333333333333,0.0,21.41073422911706,30
MQO->PRND,23.833333333333332,25.0,16.0195641882546,30
MQO->KPY,16.366666666666667,14.0,6.7235219287540655,30
MRJN->KT,39.5,32.5,21.508218156692156,30
MRJN->GOK,43.6,39.0,24.573043823641807,30
MRJ->VRB,0.0,0.0,0.0,30
MRB->HTNL,0.0,0.0,0.0,30
MQU->KZK,16.133333333333333,4.5,33.58749082962116,30
DHI->SHF,1.0,0.0,2.803938117276706,30
ZB->MTV,54.86666666666667,59.0,29.84989266235346,30
JYP->DIR,38.4,33.0,31.517482833150414,30
JYP->CTS,3.8333333333333335,0.0,15.583110515341067,30
ROU->KLG,50.6,53.0,16.975844908128362,30
RORA->MRPR,87.56666666666666,89.0,46.870094379320776,30
RORA->HPP,16.1,15.5,8.138245172195209,30
ROP->TKH,0.0,0.0,0.0,30
MRE->BMU,53.8,36.0,52.46897276913543,30
MRDW->MANK,38.06666666666667,37.0,20.911856615959206,30
MRE->SYWN,3.4,3.0,2.8839627909025367,30
HZD->CBH,21.333333333333332,15.0,22.933687513971794,30
KMQA->JUR,96.53333333333333,91.5,28.50013107451206,30
KMQ->UAA,0.0,0.0,0.0,30
BHCL->ZNA,12.666666666666666,9.5,14.096547225408104,30
PTRE->KTRR,26.866666666666667,25.5,19.85244418780431,30
KND->SINI,39.0,19.0,51.103006187300856,30
BHJA->PFU,9.833333333333334,3.0,17.30075408628257,30
BHJA->MKRD,29.266666666666666,24.5,25.311757297178406,30
SLGR->NHK,12.8,0.0,32.274042094281405,30
KNGR->BSDR,0.0,0.0,0.0,30
BXL->ODM,12.033333333333333,10.0,9.484954813603064,30
BXK->DTC,46.43333333333333,42.0,23.579189148898656,30
BXK->DCA,23.6,22.0,21.371266562437487,30
SLN->PPU,27.0,19.5,26.27310149314248,30
SLJ->SBG,14.333333333333334,9.0,18.289498274322252,30
HWH->BVA,16.9,11.5,18.538589761490154,30
HW->RKSH,13.266666666666667,0.0,27.496624662239764,30
KNGR->LRI,0.0,0.0,0.0,30
SLF->MURI,12.866666666666667,7.0,15.316732642785624,30
SLD->TLAM,0.0,0.0,0.0,30
SLB->GSL,6.466666666666667,3.5,10.026631205611052,30
PTK->PTKC,36.5,13.5,58.65312996910236,30
PTK->KTHU,9.0,0.0,14.256275085391165,30
PTH->RDL,31.9,0.0,51.66560251036099,30
BHL->GGR,18.9,15.5,17.862212088362828,30
BXG->BPB,26.833333333333332,11.5,38.10247827339728,30
CKTD->KHOH,65.63333333333334,63.5,35.67427676896206,30
CKOD->KPP,12.1,9.0,10.554783194166617,30
CKNI->WRR,32.5,31.0,16.35121001533273,30
CKI->KUC,11.933333333333334,11.0,4.378106450505061,30
IDM->TQA,17.4,11.0,17.63343219666786,30
IDH->KLB,177.53333333333333,117.5,171.66963729156095,30
IDGJ->NYN,44.6,28.5,51.04872587825384,30
HYT->RBZ,14.0,7.5,18.88988052389153,30
HX->KPU,61.0,57.0,26.206079842083504,30
CKTD->PCOI,11.7,6.5,13.29026088843852,30
BXC->UKN,5.5,5.0,5.781957668710366,30
HNS->MAYR,0.0,0.0,0.0,30
CMR->BRN,117.66666666666667,125.0,48.150148303086205,30
CMNR->NTW,8.4,10.0,3.9444417462620955,30
CMJ->MYS,6.733333333333333,5.5,4.912568913850811,30
PPR->RKB,40.86666666666667,14.5,71.95819348201705,30
KPD->VN,20.966666666666665,19.0,10.571540628705343,30
HNM->SKAR,8.533333333333333,11.5,6.542873634902242,30
HNM->BGHI,22.4,26.0,18.552070244175653,30
KMLR->DWZ,4.766666666666667,0.0,20.28024915397063,30
HNA->MANK,48.2,38.0,27.71953126936138,30
SNIE->KGA,32.43333333333333,18.0,42.351308519729756,30
SNI->SEGM,49.8,22.0,97.75458363007668,30
AWR->GVH,11.033333333333333,13.0,7.699007250527704,30
PPG->UNL,28.2,27.0,16.005171578005008,30
BHT->MHUL,0.0,0.0,0.0,30
BHT->KBKN,0.0,0.0,0.0,30
BHT->HSR,17.4,7.5,32.13935175193306,30
HND->DNKL,26.033333333333335,20.5,28.18226800463471,30
PUO->BCH,12.7,11.0,10.034938963441682,30
BHBR->PLWR,0.0,0.0,0.0,30
KMGE->KTQ,15.9,14.5,8.848728722251575,30
KMEZ->TPQ,30.333333333333332,30.0,28.874679676782243,30
KOU->ANE,30.7,24.5,22.11435795102826,30
HPP->GTI,0.0,0.0,0.0,30
HPO->SLNA,18.533333333333335,16.5,9.507649672703057,30
HPKA->ASKN,15.2,14.5,8.991950423228161,30
HOJ->HSA,10.533333333333333,7.0,12.297275653808331,30
HPP->RORA,85.96666666666667,86.5,46.114911443818954,30
CNA->GGR,7.2,6.0,7.4250275745453385,30
KPA->NH,7.0,4.5,11.453052597150833,30
BWL->KRH,13.833333333333334,4.0,31.64357900039158,30
BWK->JKZ,42.8,32.5,38.806682680817424,30
AWR->GGN,3.9,3.0,4.3339080078711465,30
HP->SEU,15.1,13.0,13.77741780520974,30
HP->BER,0.9,0.0,2.656806483290639,30
HPU->BARL,9.333333333333334,2.5,11.18907513152229,30
KPN->KJM,24.366666666666667,23.5,19.427111048175973,30
HMK->FTH,4.933333333333334,0.0,18.77623834629241,30
HMH->MNSR,18.5,8.5,40.04630939989008,30
SNS->HRS,102.9,101.5,39.92004940913257,30
SNPR->KLB,1.3666666666666667,0.0,4.213961469255244,30
SNP->SMK,16.3,0.0,39.36754308152671,30
SNP->NDLS,6.666666666666667,6.5,6.697057168088359,30
SNP->ANDI,52.86666666666667,47.0,22.28921702084438,30
PPD->LMK,11.5,10.0,10.378193318286385,30
AVN->CTRE,14.166666666666666,13.0,7.8787507032319635,30
HMK->PJK,5.8,5.5,2.7342022728696427,30
PNWN->PUD,13.8,11.0,9.816945237348705,30
BHW->BKLE,14.166666666666666,8.5,17.698788840956933,30
PNVL->DIVA,64.9,56.5,40.55166989205849,30
PNVL->APTA,31.666666666666668,31.0,13.094703676212612,30
KPRR->CJS,5.066666666666666,0.0,18.521065980592784,30
KPRR->AGB,31.8,26.5,29.269732512944326,30
SNT->TPF,12.733333333333333,11.0,10.372155474895385,30
POY->KLGD,14.533333333333333,14.5,5.469245256720612,30
INDB->LMNR,2.7333333333333334,3.0,2.099808420380024,30
IRA->PNP,6.766666666666667,5.0,6.981173369083123,30
IRA->GHNA,23.266666666666666,22.5,22.807943766384877,30
IPM->SLRD,14.033333333333333,10.0,11.430399073895265,30
CKI->AWY,14.866666666666667,5.5,31.7085143937314,30
CKE->JLR,6.9,6.0,5.409761292458228,30
KMAH->CHI,39.56666666666667,28.5,29.560788722310125,30
KPN->MAR,17.833333333333332,11.0,19.357050454520454,30
KMA->SKAR,20.133333333333333,23.5,17.01263897981354,30
SKGH->LUSA,14.6,0.0,25.111612920086912,30
SNN->WG,20.633333333333333,18.5,9.753808569435604,30
SNL->DOA,38.166666666666664,16.5,67.26278026661849,30
KPGM->DOL,17.9,18.5,10.47937218440639,30
KPG->YL,47.666666666666664,42.0,40.528689994171756,30
PORA->JLS,106.73333333333333,112.0,46.73028504331945,30
BVRT->PKO,51.1,0.0,136.72281296918555,30
KPP->JBX,11.1,8.5,10.178916682416958,30
KMA->STA,16.1,21.0,12.129616078297639,30
AY->RDL,114.26666666666667,98.5,46.95774574079841,30
BWR->ORC,88.0,82.0,45.271594199666865,30
BWO->RJLK,0.0,0.0,0.0,30
BWO->KUCE,0.0,0.0,0.0,30
BWN->RPH,57.6,18.5,81.46909716637008,30
KOO->RJPB,66.2,53.0,61.577201334080875,30
KONY->KSH,11.833333333333334,9.5,10.9924216318941,30
HRN->ASH,12.566666666666666,0.0,33.159679850928775,30
PUS->BRMO,15.166666666666666,13.0,10.508070242907833,30
SMLG->KVLS,13.433333333333334,6.0,19.940745556105302,30
SMLG->ARKV,0.0,0.0,0.0,30
SMLA->PIO,2.3666666666666667,0.0,3.662327631187701,30
SMLA->DRL,7.233333333333333,5.0,8.728405207783629,30
SMLA->BRC,29.366666666666667,0.0,101.93760205460829,30
AYC->DYD,7.266666666666667,6.5,5.8423739467217715,30
PRG->LGO,18.566666666666666,11.5,20.447887224699354,30
PRF->KEH,0.0,0.0,0.0,30
HRI->LJN,23.4,8.0,55.124686252919005,30
BAGL->DGA,30.966666666666665,17.0,33.230110289992375,30
BAGL->ATNR,0.0,0.0,0.0,30
BAGD->UVD,3.2333333333333334,0.0,5.642714761979154,30
IGP->BSL,20.5,17.5,15.795568998931314,30
HSR->BHT,41.46666666666667,26.0,38.46246117372404,30
HSI->BWL,25.533333333333335,24.5,17.884173958025553,30
HSRA->SBC,42.666666666666664,37.5,38.157869286763734,30
SMBX->JAT,23.033333333333335,9.0,34.24504326914695,30
CLPE->TU,86.4,80.0,31.649590071976256,30
SMBL->HPU,19.5,22.0,10.180271658186868,30
BHLP->BSBS,9.1,6.0,11.037084822511346,30
PRNR->NYG,27.533333333333335,25.0,18.624665390807433,30
PRNR->GADH,49.03333333333333,50.5,23.562804313715226,30
PRND->QLN,1.4666666666666666,0.0,3.2982057121320114,30
PRNC->PRNA,1.7666666666666666,0.0,4.360349031690115,30
PRLI->WDN,20.766666666666666,15.5,30.728716585443422,30
HRS->PORA,101.26666666666667,102.0,44.45372125405626,30
CLPE->VRN,75.06666666666666,78.0,23.268942351574974,30
SMBX->HRNR,25.966666666666665,23.5,22.23926836636638,30
SNAR->BUDI,3.466666666666667,0.0,6.926875861122553,30
SMVJ->BXN,23.966666666666665,15.5,32.4722516379259,30
HPU->SMBL,22.133333333333333,16.5,13.718181575818512,30
CMDP->BGHU,39.36666666666667,39.0,27.11849265129168,30
CMDP->BDVR,42.63333333333333,37.0,30.193037943040526,30
CMA->JTTN,23.033333333333335,21.0,13.023806672009728,30
PRB->BKTL,13.1,10.5,10.53188917788126,30
PPU->KDF,35.6,26.5,29.135355935997097,30
PRCA->NDPU,35.766666666666666,35.5,17.240056271076526,30
KOU->SF,51.53333333333333,52.5,32.9039703435287,30
KOU->OBVP,19.9,20.0,8.142481194328912,30
SKAR->KMA,11.566666666666666,15.0,8.881143656291016,30
SKAR->HNM,22.2,25.5,18.39865062518407,30
SKAP->JWNR,0.0,0.0,0.0,30
SJT->BDNP,43.266666666666666,27.0,45.471425914662525,30
SJS->DNRP,11.166666666666666,11.0,6.192784084129179,30
CKD->JRL,3.1,2.0,3.5267451048357263,30
BWH->KKRH,0.0,0.0,0.0,30
KMEZ->JDB,12.8,9.0,18.592545781056714,30
AZR->LAV,47.46666666666667,43.0,49.03252497829504,30
SKI->UGNA,0.0,0.0,0.0,30
IMR->BSRX,13.233333333333333,12.0,14.25550911857886,30
IMR->BJP,11.333333333333334,7.0,21.218621186530267,30
KMDR->CBN,26.5,0.0,49.20173111616689,30
KMBL->KNLS,22.1,17.5,18.810030339670114,30
BXN->BAMA,0.0,0.0,0.0,30
SNC->BV,24.666666666666668,6.5,41.86952915025875,30
SMPA->URML,8.6,4.5,11.415657728721126,30
AWY->KLMR,15.333333333333334,14.0,5.996167358280267,30
AWY->CKI,25.133333333333333,21.5,16.96595644698287,30
SMP->NBH,19.233333333333334,12.0,12.869861434115494,30
HRNR->SMBX,24.8,11.5,31.767908335299634,30
HRNR->JAT,8.233333333333333,0.0,20.258133033993744,30
HRNR->GHGL,1.4666666666666666,0.0,3.1154048094006623,30
HRN->ON,102.9,69.0,113.8042329980562,30
SNC->MSW,77.73333333333333,45.5,114.52177426851716,30
KMKD->MKU,9.333333333333334,5.0,13.437809071559178,30
JJP->TMA,0.0,0.0,0.0,30
SEGM->WR,384.1666666666667,286.5,341.37319888875317,30
SEGM->SNI,53.7,46.5,21.184167803273304,30
SEG->NGZ,18.766666666666666,15.5,13.451530699549384,30
BGKT->BANE,9.333333333333334,6.0,9.721406643404892,30
KJA->KBE,13.866666666666667,4.0,22.643768014291645,30
KIZ->GDA,0.6333333333333333,0.0,1.1290317283753195,30
RE->JTS,10.933333333333334,6.0,12.8785663512818,30
SSA->BJKN,0.0,0.0,0.0,30
OCR->KPY,23.266666666666666,24.0,17.919231305352152,30
OBVP->RU,11.233333333333333,4.5,11.702293713666544,30
OBVP->RJP,19.8,20.0,7.567626148089067,30
OBVP->PMT,36.166666666666664,30.5,22.79304693334674,30
OBVP->KOU,19.433333333333334,18.5,15.101229302172111,30
OBVP->ANE,56.86666666666667,61.5,36.32395745313926,30
LGDH->STPD,40.0,30.0,37.099121655184874,30
LEDO->MRG,2.7333333333333334,3.0,1.6801751413906607,30
LDH->SNL,25.933333333333334,2.0,69.22673060231183,30
CRLM->BAND,8.033333333333333,1.5,13.350664024124697,30
TBB->KLP,12.533333333333333,5.5,18.55045929970159,30
APDJ->HOJ,0.0,0.0,0.0,30
AO->NSU,0.0,0.0,0.0,30
AO->KEG,13.133333333333333,5.5,15.549106490203165,30
GNNA->KPRD,2.1,0.0,10.426590674973689,30
GNK->XBKJ,8.8,5.5,8.707507660356804,30
GNK->SSM,7.9,6.5,6.974584402400397,30
JJR->ABLE,34.5,31.0,27.5815405536084,30
OGL->CJM,32.36666666666667,13.0,42.00121782580327,30
BKTL->SEH,14.9,13.0,10.346913582786664,30
BKSL->CLG,20.833333333333332,15.5,23.347573651287597,30
ODM->RSG,0.0,0.0,0.0,30
JJK->KNS,70.33333333333333,44.5,63.71939202111262,30
SELU->J,33.766666666666666,18.0,53.33413433306546,30
SEJ->VTP,0.0,0.0,0.0,30
SEH->PNWN,13.766666666666667,11.5,10.023019482183493,30
GNH->PKNS,28.733333333333334,15.5,51.3674614123963,30
NYO->PMU,78.26666666666667,72.5,53.66815875701174,30
NYN->MKP,21.9,0.0,83.53910915625502,30
ANR->KSU,45.6,42.5,29.373457406304762,30
ANR->GRB,30.5,19.0,35.40967138489437,30
KIR->CRR,17.2,11.0,25.13192776337399,30
JKO->RLO,42.666666666666664,44.0,21.28190640496958,30
JKO->GY,94.8,84.5,29.700110298181354,30
JKN->MAU,25.266666666666666,17.0,26.79286231936349,30
GNC->SBIB,9.833333333333334,4.5,15.27243027277524,30
JKHI->NKN,0.0,0.0,0.0,30
JKHI->ADR,50.06666666666667,39.5,38.67007515694375,30
RG->DIB,22.966666666666665,15.5,27.712170030802202,30
RET->JKT,23.233333333333334,23.0,15.597708349213562,30
RENH->GHAI,49.93333333333333,59.0,35.626349540883304,30
REJ->SRJN,0.0,0.0,0.0,30
GMIA->CNPR,14.966666666666667,12.5,12.05585659175322,30
GMIA->BKRO,79.16666666666667,79.0,52.998427649632525,30
JKN->BSB,4.066666666666666,1.0,8.549786580652913,30
GMS->SMBL,15.7,19.0,9.7773489108315,30
CRLM->SBC,70.66666666666667,76.0,44.16765342640926,30
ANVT->SBB,4.533333333333333,3.0,4.074591863067356,30
ANVR->TKJ,35.93333333333333,23.5,31.596522433411202,30
ANVR->SBB,9.4,8.0,5.916662619393144,30
ANVR->MWC,0.0,0.0,0.0,30
CRJ->ULT,20.8,0.0,38.45498936284538,30
GMR->BQW,0.0,0.0,0.0,30
BSZ->JSB,36.266666666666666,39.0,17.62039048714699,30
NZT->KZB,0.0,0.0,0.0,30
NZM->SBB,25.233333333333334,10.0,37.061629319500945,30
LGT->DKE,33.53333333333333,32.5,21.957220685457553,30
LGT->DBLG,26.8,17.5,23.869472640549287,30
LGO->RMC,41.2,34.5,38.14256378920789,30
LGO->PRG,16.6,14.5,16.052929692867217,30
BL->UVD,12.9,13.0,7.227104156075144,30
LHLL->ROK,5.0,2.0,9.314430776470195,30
LHLL->KLNK,49.46666666666667,15.0,64.87693035242977,30
LEB->PHK,27.366666666666667,22.5,23.811737663906694,30
BTG->BRY,8.866666666666667,3.0,11.100585052408144,30
LAR->UDPR,88.33333333333333,74.5,88.6486024291623,30
LAR->JLN,139.46666666666667,109.0,123.97183588200194,30
LAL->BNTH,0.0,0.0,0.0,30
RE->JHJ,11.733333333333333,6.5,17.202512513630364,30
RDU->HAUR,4.933333333333334,0.0,8.216607796296529,30
RDRA->AQG,2.2,0.0,10.253342600477104,30
RDN->BAPR,0.0,0.0,0.0,30
OGL->VTM,39.13333333333333,42.5,36.44148198407143,30
BGN->KTP,15.0,7.0,15.99784468241765,30
KJL->NN,19.5,22.5,16.91102476553948,30
KJI->MBI,10.933333333333334,10.0,4.059330107239399,30
SEN->KUDA,56.266666666666666,47.0,39.03043315982643,30
SEN->BIJR,31.7,34.5,19.606737054671655,30
SEM->SC,19.1,3.0,76.84482797304511,30
SEM->RC,77.36666666666666,47.5,155.70119113076893,30
BAY->BYC,78.63333333333334,74.0,44.57267087022884,30
BGNR->KIGL,36.4,38.0,23.308426772750874,30
SYWN->MRE,42.46666666666667,28.5,50.590126700179646,30
SYWN->BRE,3.7666666666666666,3.0,3.775450037877041,30
CPR->KPS,15.533333333333333,4.5,31.03694498533946,30
BKLE->DDX,17.333333333333332,12.0,18.308342423574306,30
PAM->KEN,0.0,0.0,0.0,30
KZY->TCN,0.0,0.0,0.0,30
KZU->KND,37.6,29.5,42.69910763825689,30
KZT->NYY,18.0,12.5,16.09026263689123,30
BTG->NSU,0.0,0.0,0.0,30
SZY->DMK,8.066666666666666,2.0,21.63479530330925,30
SZR->BXJ,17.066666666666666,8.5,26.623729800795136,30
GOC->TPJ,12.4,10.5,12.615261693132128,30
GNWA->UDR,36.63333333333333,39.5,18.53511733743932,30
GNWA->BUU,33.46666666666667,28.5,20.980669811689197,30
KZT->NJT,16.6,14.5,10.607739529750647,30
PAK->PAM,49.2,47.5,22.46898245167754,30
BKO->KSQ,46.1,36.5,35.15909653227052,30
SZY->KMSD,25.9,21.5,27.637243737017453,30
BKRO->GMIA,16.1,14.0,10.47937218440639,30
BKRO->BRMO,79.06666666666666,83.5,54.98208694709097,30
BKRL->CPN,1.8666666666666667,0.0,3.857221917331207,30
BKRD->MLDT,3.6,0.0,13.309576536697437,30
BKPT->VNM,50.0,48.5,26.89058289208068,30
BKPT->KNLP,58.3,51.0,24.031803640319982,30
LD->TVG,23.333333333333332,20.0,10.847956531971365,30
LBN->LKE,8.633333333333333,5.0,9.736115961870446,30
OSN->RKB,13.166666666666666,4.5,18.730545462781734,30
GNRL->SKQ,55.46666666666667,52.0,25.830659854245827,30
GNPR->BSDR,0.0,0.0,0.0,30
ANY->KZY,0.0,0.0,0.0,30
LBA->JOP,52.03333333333333,15.5,75.4035045985737,30
ON->KURO,0.0,0.0,0.0,30
ON->HRN,13.2,4.0,31.129761787805528,30
OLR->PUK,5.666666666666667,4.5,3.35624311039769,30
OKL->TML,19.833333333333332,20.0,3.9834427436520317,30
GNST->NVS,4.166666666666667,2.0,5.0588490808669615,30
ORR->HPKA,13.233333333333333,11.0,9.008361377778073,30
ORGA->NXN,26.566666666666666,27.5,15.404171699482138,30
LB->HTW,5.066666666666666,5.0,1.8742048122232855,30
LAV->AZR,18.8,2.0,34.12088045110531,30
BTI->BTIC,6.766666666666667,6.0,5.94621486866795,30
BTI->BHX,8.2,5.5,18.086764068864245,30
BTH->MJL,26.2,28.0,22.402893901735414,30
TATA->JGM,69.8,54.0,77.87186646155912,30
ORC->BWR,6.1,5.0,4.780347700526713,30
TAP->NKP,22.2,15.0,30.59118647021021,30
TAP->KPXR,72.5,69.0,32.015890451138645,30
TAO->KTD,41.3,41.5,30.840132832130415,30
TAKU->KRTH,67.53333333333333,64.5,24.41979600204738,30
TAE->CD,45.0,44.0,18.057379807636586,30
GNT->NLPD,33.86666666666667,33.0,16.93747799761051,30
CRC->MBA,34.53333333333333,38.0,12.593740463046503,30
CRC->KLAR,85.06666666666666,85.5,47.941727079886256,30
ORC->VGLJ,32.43333333333333,17.5,37.76029965300935,30
TAT->KBA,46.13333333333333,45.5,12.845858941854491,30
TIM->GTL,113.8,108.5,31.261301404727885,30
TIHU->PBL,42.5,38.5,33.25528218348851,30
JLS->CMR,108.7,121.0,52.31743297509395,30
SDE->NEO,49.96666666666667,51.0,26.544021124751698,30
BBGN->RNGG,0.0,0.0,0.0,30
BGHU->KVLS,44.833333333333336,45.0,26.21013667205526,30
BGHU->CMDP,20.533333333333335,17.0,20.04947902553586,30
BGHI->HNM,5.166666666666667,6.0,4.186046882889288,30
GMH->TATA,63.8,57.0,63.19722822381068,30
BZM->CNB,13.3,1.0,28.686353838571467,30
BZLE->KWAE,12.833333333333334,0.0,54.415441097955444,30
BZG->PHR,18.3,8.5,34.23967249279398,30
CHK->RXM,31.133333333333333,23.5,37.61761631830577,30
SDLE->NHT,26.366666666666667,25.5,22.393785057363623,30
CSA->PWXP,0.0,0.0,0.0,30
CRY->VAK,9.533333333333333,8.0,7.864075162466311,30
BLM->LJN,13.733333333333333,1.5,35.58470548378637,30
BZN->KGP,13.1,3.5,21.016167832048435,30
ANGL->JRPD,40.2,40.5,18.755045298210582,30
GIZ->DWZ,24.0,13.0,27.23587897330056,30
GIZ->DBF,5.266666666666667,0.0,20.82924557597725,30
LLI->ALU,19.133333333333333,16.0,13.322869457242035,30
LKW->MKS,8.7,6.0,7.83075281535386,30
LKW->FKA,16.4,0.0,31.660483364859605,30
BLMR->MOBD,0.0,0.0,0.0,30
LMD->PDL,11.0,0.0,22.003134572930346,30
TIM->NKDO,32.266666666666666,33.5,12.509123107537963,30
LLPR->KJI,2.8333333333333335,0.0,7.423556789187974,30
BSPX->MMVR,53.1,58.0,32.03807002668049,30
BSPX->JRLI,34.56666666666667,32.5,20.61917977788262,30
LMK->DHD,11.7,0.0,18.169982825035056,30
LMG->MYD,27.433333333333334,30.0,20.088911563748095,30
LMG->LKG,14.1,14.0,9.147639605101832,30
ANE->OBVP,34.3,28.0,22.087834067492977,30
ANE->KOU,48.96666666666667,50.5,32.708201368794484,30
LM->JVN,0.0,0.0,0.0,30
LNL->DR,21.866666666666667,19.0,8.152568173041667,30
TJP->TAN,7.166666666666667,1.0,10.272438294083207,30
TIU->HCM,0.0,0.0,0.0,30
CSN->JMD,0.7333333333333333,0.0,2.790789448727087,30
GHNA->IRA,0.0,0.0,0.0,30
GHJ->JDA,12.833333333333334,8.5,12.409905202153512,30
LNK->MQS,22.833333333333332,14.5,32.84559838598368,30
LMP->HA,8.333333333333334,6.5,5.984654706332103,30
BLLI->MAO,8.966666666666667,0.0,18.1021685371429,30
LOL->AT,17.233333333333334,13.5,11.96743666078434,30
LNL->TNA,19.566666666666666,17.5,13.376983148711801,30
ANAS->BIO,39.36666666666667,13.0,106.76060339273852,30
TKBG->BKP,78.93333333333334,49.0,83.90591337236354,30
TKA->RNRD,9.933333333333334,9.5,6.302344026620973,30
TKA->NEW,79.66666666666667,82.0,48.14799980328851,30
TKA->MGRR,0.0,0.0,0.0,30
GHH->RE,23.4,2.0,62.23847352086084,30
LOL->CNO,44.333333333333336,41.5,31.213760596485532,30
BLLI->CNO,16.0,11.5,11.820496517957038,30
BLL->BNL,124.63333333333334,120.0,41.50154407873929,30
BLL->BAY,3.1333333333333333,0.0,10.264546728435207,30
NRW->KLE,7.733333333333333,2.0,16.34315913692064,30
NRT->SAB,35.53333333333333,37.0,22.123062289327653,30
LMN->DYP,11.333333333333334,2.5,17.38079267533528,30
TIS->SLF,15.433333333333334,9.5,15.784504259324827,30
TIR->TUA,8.266666666666667,8.0,6.741192636390059,30
NRL->KJT,26.066666666666666,17.5,27.25098332086428,30
ANF->SMET,14.066666666666666,14.5,4.258325179379016,30
LMM->SBO,19.6,15.0,24.425255442845955,30
LMK->MAM,13.1,10.5,10.94295553596326,30
NRS->BTO,52.13333333333333,49.5,30.564497472510915,30
NRS->BE,34.1,22.0,32.14230212985524,30
NRO->NRM,22.2,12.5,36.904723555253135,30
NRN->ROA,12.366666666666667,9.5,9.260532990296388,30
NRM->BZG,23.066666666666666,14.5,37.111140936505784,30
NRL->LNL,75.0,24.0,130.42847161144132,30
TIR->PTB,215.83333333333334,89.0,240.2867659382378,30
JLN->LAR,13.266666666666667,0.0,27.000553421318447,30
JLN->BINA,124.03333333333333,91.0,129.78855040446345,30
JLL->KSF,119.06666666666666,111.0,117.35150068338997,30
SDNR->SVV,2.8333333333333335,0.0,4.727639444018937,30
SDN->KON,7.9,7.5,7.420149640651136,30
KIR->MNS,0.0,0.0,0.0,30
TEN->SDNR,3.533333333333333,0.0,5.593921167033774,30
GKP->JTB,22.766666666666666,7.5,38.61899062354697,30
ANK->MMR,12.6,0.0,28.02412753571342,30
BSWA->RRS,15.766666666666667,8.5,17.413200171992656,30
BSTP->STBJ,71.96666666666667,73.0,18.86701798949935,30
TGL->MKR,13.0,0.0,23.488808780588137,30
TGA->BCA,5.866666666666666,0.0,12.958111115365577,30
GKP->DMG,24.5,14.0,26.39455272955205,30
CRR->KIR,9.433333333333334,0.0,25.618801465051934,30
BSTP->NANR,58.5,56.5,17.01875233483591,30
BST->MND,25.066666666666666,14.0,42.445854623421624,30
LKD->MYG,9.5,8.5,8.597313132801915,30
TCR->OLR,3.2666666666666666,2.0,3.4434679124928427,30
NYN->MJA,45.833333333333336,3.5,59.795100325933944,30
NYN->IDGJ,10.666666666666666,3.5,16.53070984005502,30
NYG->PRNR,54.766666666666666,54.0,23.388301427811314,30
NYG->JRLI,45.96666666666667,47.5,26.542722014782562,30
LJN->BLM,20.1,2.0,59.37394645163297,30
TDO->BPRS,51.43333333333333,31.0,59.06669715367263,30
TDLE->PKR,1.3666666666666667,0.0,3.2428524409881785,30
TEN->TME,0.0,0.0,0.0,30
TEL->SJL,14.2,12.5,9.809917571448837,30
TEK->PHM,0.0,0.0,0.0,30
TEK->PDSN,0.0,0.0,0.0,30
TDU->NAW,40.833333333333336,44.0,19.38731069777224,30
NXN->BNDM,15.1,0.0,23.174525252735066,30
BLDA->DNT,29.033333333333335,13.5,60.53752517259843,30
NWP->RMZ,0.0,0.0,0.0,30
NWP->PUN,11.4,10.0,3.9004862649993117,30
LKG->LKA,17.033333333333335,17.0,8.73156514521065,30
TDL->JAB,24.933333333333334,12.5,27.712729968353,30
GKL->GMDN,0.0,0.0,0.0,30
BSRX->IMR,0.0,0.0,0.0,30
LKR->JMU,24.366666666666667,21.5,9.5031150367813,30
NTW->CMJ,0.0,0.0,0.0,30
NTSK->NHK,15.033333333333333,3.5,36.4573282291667,30
NTSK->MXN,17.466666666666665,14.0,20.31770645034274,30
NTSK->BOJ,33.96666666666667,12.0,77.0926372142222,30
NSU->BTG,14.233333333333333,10.0,12.883251178159194,30
BLK->NJP,24.266666666666666,12.5,59.49380340571748,30
NSL->ANK,15.733333333333333,0.0,31.935207393476684,30
LLJ->BYQ,0.0,0.0,0.0,30
THEA->KOTA,2.8,0.0,6.133008487149539,30
THDR->PCN,15.366666666666667,8.5,19.717808043060682,30
THDR->BMI,7.233333333333333,3.5,10.679284921603207,30
THDR->BJG,5.9,5.0,5.101385883368801,30
THAN->MOL,4.166666666666667,0.0,7.803992494266938,30
ANKL->HAA,38.46666666666667,35.5,26.3199587743799,30
NSU->AO,13.666666666666666,6.5,15.508247712957024,30
BLK->JPE,16.866666666666667,0.0,37.408032821042994,30
BLGR->BUDM,58.06666666666667,65.0,51.02800673418832,30
GJH->CPR,2.033333333333333,0.0,3.045441288824686,30
GJD->PRP,7.933333333333334,0.0,13.798883846249987,30
JMD->SHF,0.23333333333333334,0.0,1.2780193008453875,30
JMD->CSN,11.366666666666667,11.0,3.2745974570543974,30
KID->MTH,68.66666666666667,59.0,48.345975358175714,30
BGD->SSA,8.5,5.0,7.347296007422708,30
TGN->KK,28.233333333333334,20.0,25.882604107823052,30
RGL->SBPY,14.2,8.0,24.44190861106645,30
RGI->SHV,15.0,9.5,13.099091834801056,30
KIR->AZR,95.96666666666667,47.0,124.22268195721617,30
JKZ->AUN,0.0,0.0,0.0,30
JKT->USRA,12.466666666666667,13.0,10.63414582706408,30
JKPR->JJKR,15.2,13.0,7.9411629479262835,30
JLPH->HTZU,8.966666666666667,0.0,17.864399839042882,30
TGRL->TMKA,65.96666666666667,68.0,24.532151083457993,30
TGRL->SGDP,50.46666666666667,48.5,15.810806721840676,30
BGD->SCV,0.0,0.0,0.0,30
GUH->GZN,0.0,0.0,0.0,30
GUH->GZB,22.6,3.5,35.665689104661155,30
GTU->PRLI,13.033333333333333,6.5,27.1959471287522,30
JGLP->NHGJ,22.9,23.0,22.273147587358995,30
JBX->PRB,12.8,10.5,10.260066545458727,30
BYQ->DMW,22.4,22.0,18.93291241235202,30
RAJP->SUAL,0.0,0.0,0.0,30
RAJP->KRPN,75.03333333333333,80.0,54.03031290529122,30
GNT->SRPM,33.96666666666667,30.0,13.10562746549618,30
KKM->YGD,74.76666666666667,68.0,25.641673157164504,30
KKM->GPY,63.56666666666667,67.0,31.965157036495473,30
KKLU->KWGN,24.2,17.0,26.528319285961764,30
KKLU->KMSD,10.766666666666667,5.0,21.758364754310218,30
GTT->GDL,10.033333333333333,9.0,6.525722754704216,30
ARKV->SMLG,11.1,5.0,17.591828040118614,30
STPD->MJF,13.833333333333334,11.0,9.483500493446257,30
BTX->GTI,0.0,0.0,0.0,30
RAJP->ADVI,74.93333333333334,65.0,44.901373401415384,30
GUV->TCR,3.933333333333333,3.0,3.9473547085867895,30
BUA->KHS,15.866666666666667,13.0,11.755360723819853,30
PFU->DPC,12.066666666666666,6.5,17.122144027310192,30
PFU->BHJA,31.7,29.0,24.947047368652523,30
BJP->NBL,26.1,22.0,39.6122151136098,30
STPD->KCG,9.1,6.0,15.79032877297432,30
STPD->ATC,0.0,0.0,0.0,30
STP->BVN,15.6,8.5,21.499959903731654,30
SUAL->RAJP,94.46666666666667,86.0,35.70833316568088,30
GUNA->TRWT,0.0,0.0,0.0,30
KUDL->MAO,126.76666666666667,124.0,69.4762094400732,30
KUDA->SEN,28.4,26.5,19.356189422650246,30
BJNR->RLR,22.5,19.0,18.15213486067135,30
PFM->SYC,0.0,0.0,0.0,30
KUH->BRNA,35.766666666666666,37.0,15.586650639599245,30
KUGT->NLKT,0.0,0.0,0.0,30
SUAL->VID,64.66666666666667,57.0,33.15203570317165,30
STN->RNPR,15.3,15.0,7.2547249763694435,30
SUP->MVW,43.56666666666667,39.0,32.161964399317846,30
SUP->BDVR,31.233333333333334,30.5,25.48790562861793,30
SUNR->MOL,10.966666666666667,14.0,11.51755282117281,30
CPB->MGW,16.0,11.0,14.790490887379473,30
PEC->KUGT,8.333333333333334,4.0,16.99357552710442,30
PDW->MBI,3.5,0.0,10.06444749841122,30
BTSD->PPG,27.233333333333334,26.0,15.762643164781402,30
BTS->BLS,30.633333333333333,17.0,68.0539762112466,30
BTVA->SGDM,62.3,65.0,44.55925926456696,30
SUR->MO,105.33333333333333,126.5,39.825769974012914,30
ARKV->ARK,32.666666666666664,33.0,25.696280870482262,30
ARK->GPJ,29.266666666666666,29.0,25.303582046181052,30
ARK->ARKV,0.0,0.0,0.0,30
GTL->TIM,26.866666666666667,26.5,10.842869366175817,30
GTL->SSPN,67.0,32.5,152.9599902611453,30
GTL->PDL,16.066666666666666,14.0,10.468123480137322,30
KUV->KFV,0.0,0.0,0.0,30
KUW->ASCE,36.96666666666667,21.5,43.90780571036146,30
PERN->MADR,23.233333333333334,19.5,18.1823774731115,30
PEN->JITE,64.73333333333333,63.5,40.744733811050146,30
GTM->PTRE,34.833333333333336,34.5,20.453620088205504,30
SUKU->PBV,11.9,5.0,18.050408343838384,30
SUKU->KRPU,24.2,18.0,22.378252990270525,30
SUJH->PIH,21.266666666666666,17.5,17.350212824558415,30
SUI->BWK,38.36666666666667,28.0,39.99524397012581,30
KUR->KPXR,17.466666666666665,10.0,31.622485816194185,30
SUR->HG,0.0,0.0,0.0,30
KUN->DLI,19.433333333333334,1.0,53.54964395601611,30
KUM->BD,16.533333333333335,11.5,20.732671756455307,30
KULH->BQP,20.166666666666668,17.0,15.952695877096335,30
KUTI->NMGY,8.366666666666667,7.0,8.062186463653186,30
KURO->ACH,0.0,0.0,0.0,30
KURJ->SPDM,5.933333333333334,6.0,7.56549942893365,30
KUR->MWQ,73.5,89.5,60.63215830472848,30
PEH->BJE,5.666666666666667,5.5,4.7585373972387295,30
ARJ->KCT,12.066666666666666,0.0,55.77166091232661,30
KUR->DEG,62.96666666666667,60.0,34.5028567866022,30
PHM->TEK,0.0,0.0,0.0,30
PHK->MMKB,0.0,0.0,0.0,30
PHK->MKA,30.133333333333333,24.0,25.4730869923443,30
PHD->KNS,47.46666666666667,32.5,43.05788672468033,30
SSPN->SBC,41.3,0.0,150.82740764380898,30
SSPN->GTL,20.833333333333332,5.0,85.13643546495331,30
SSPD->MRF,55.0,57.0,27.125506510446506,30
SSNS->SKI,11.166666666666666,0.0,22.37160042882776,30
GVA->PHM,0.0,0.0,0.0,30
KTP->MZR,13.966666666666667,6.5,15.757829653930736,30
KTW->NBD,35.03333333333333,2.0,82.29068884913023,30
KTV->MVW,33.833333333333336,36.0,25.50061978061322,30
KTU->TUA,37.86666666666667,38.0,19.13965613018189,30
KTRR->BZM,13.7,5.0,21.7591043172658,30
KTQ->KMGE,13.3,11.5,6.618417354312288,30
PGTN->POY,1.3,0.0,3.514992519735014,30
STBJ->BSTP,58.3,56.0,16.91387922224903,30
ASKN->RIKA,16.033333333333335,15.0,9.151910798536434,30
SSA->BGD,51.166666666666664,45.5,42.357333227682304,30
SRY->LKR,48.233333333333334,23.0,82.10996971401696,30
PIH->RTGH,6.266666666666667,0.0,10.5664835547425,30
BUG->BRU,9.4,7.5,8.931154306212568,30
BUE->DURE,39.36666666666667,36.5,33.59134056448983,30
BUDI->THEA,4.7,0.0,14.927757066434422,30
KTJ->NFK,4.733333333333333,4.0,3.2263284709246283,30
KTHY->EDP,0.0,0.0,0.0,30
BIY->VYA,9.5,6.0,16.65626111955377,30
PIGT->PGA,16.666666666666668,15.5,10.755378232286404,30
SSM->KMGE,13.0,12.0,8.917244046189964,30
SSM->GNK,9.266666666666667,7.0,9.127198207907878,30
SSL->PMPR,38.766666666666666,33.0,37.824169734337254,30
SSL->AUNG,9.133333333333333,4.0,15.269381879712936,30
GWV->GDPL,38.53333333333333,35.0,31.620304839784826,30
GWL->MLAR,12.633333333333333,11.0,14.432920543060536,30
SSB->DLI,7.7,5.0,10.171461089226817,30
PIA->RTWS,12.366666666666667,11.0,7.854203062509042,30
KTHU->PTK,29.733333333333334,4.5,59.175911532879056,30
STKT->MQO,0.0,0.0,0.0,30
STJT->DSS,6.1,0.0,13.136813238718343,30
STJT->BCA,33.43333333333333,28.0,30.76124222115397,30
STBJ->NKW,66.9,69.5,22.376634981682308,30
KKHT->BJIH,0.0,0.0,0.0,30
KKGT->PTKD,0.0,0.0,0.0,30
BGO->GBA,8.4,7.0,8.471453077328546,30
RAIR->JUJA,34.8,35.0,21.94727223644637,30
STA->KMA,18.966666666666665,22.0,16.32320821520027,30
BYC->TNGL,3.933333333333333,0.0,12.607970476656023,30
KKRH->GMR,23.666666666666668,9.0,29.146873415257726,30
SHDR->PIGT,16.866666666666667,16.0,10.569093959580298,30
SHAN->ME,20.1,10.0,25.445479240782703,30
JDB->NKX,6.066666666666666,0.0,20.61290746166073,30
JDB->KMEZ,28.466666666666665,28.5,28.270532158163334,30
JDB->JYP,4.533333333333333,4.0,4.644116287514129,30
GVB->PIA,10.266666666666667,8.0,8.161868165685046,30
RAA->YJUD,12.4,5.0,29.617795210032906,30
ASH->LJN,5.5,0.0,9.088643918421607,30
ASH->HRN,91.5,59.5,109.59352799919502,30
ASD->SMD,8.233333333333333,9.5,7.925007705134222,30
ASCE->SRO,39.733333333333334,23.5,44.44673940434957,30
PGT->WKI,7.033333333333333,0.0,9.62569597424029,30
BJNR->GBP,0.0,0.0,0.0,30
BJNR->BDW,6.0,0.0,11.9856235721715,30
BJM->SCT,10.066666666666666,10.0,4.762883314890716,30
STLR->NYO,74.53333333333333,70.0,46.84069357634068,30
BJKN->SHN,19.266666666666666,17.0,5.037331897312123,30
BJIH->TRS,10.366666666666667,0.0,21.882891023359548,30
BJG->PCN,6.2,5.0,4.880644389337581,30
PGA->MABN,16.066666666666666,14.0,12.500850545775519,30
KUCE->BWO,0.0,0.0,0.0,30
KUCE->BPO,14.633333333333333,12.0,19.624902078970877,30
KUC->AFK,14.066666666666666,13.0,4.975341494662025,30
KUA->KWR,0.0,0.0,0.0,30
KTYM->VARD,24.033333333333335,21.0,16.289373166605262,30
BJKN->SSA,43.03333333333333,34.0,42.3690545281482,30
RBZ->SPJ,4.566666666666666,0.0,13.601935291647322,30
KJY->KRJ,11.566666666666666,7.5,11.43401861154666,30
KJY->BSC,3.066666666666667,0.0,7.138691724695071,30
KJN->JDA,89.8,88.0,22.410588630346606,30
JHJ->ROK,7.8,1.0,14.886698529339817,30
JHJ->RE,3.1,0.0,13.852299697037735,30
GRB->ANR,47.36666666666667,43.0,28.52764337938921,30
GRB->ADRA,26.133333333333333,12.5,33.92357875287186,30
PDSN->TMB,0.0,0.0,0.0,30
GQN->ARA,1.4,0.0,2.581098402912458,30
CPR->DDP,7.466666666666667,0.0,18.552318069371452,30
PBM->MMM,0.0,0.0,0.0,30
PBL->BPRD,44.93333333333333,38.5,39.35070724802211,30
BTJL->SHMI,55.666666666666664,43.5,32.75860859043939,30
SWC->CKTD,70.5,67.0,36.188920003703934,30
SWC->BTKP,47.43333333333333,32.5,40.91343538988505,30
SWA->MHH,44.63333333333333,13.5,110.5975878434137,30
GQN->PIRO,8.2,6.0,7.747747169784037,30
BJU->VPDA,16.166666666666668,9.0,37.258725738787156,30
KYA->KRS,57.2,56.5,29.89914080186344,30
BTQ->JOL,0.0,0.0,0.0,30
BJU->MNE,6.233333333333333,4.5,6.801031023933485,30
BJU->MFP,128.0,103.0,77.81365893749876,30
PCDR->BHBR,0.0,0.0,0.0,30
PBV->SUKU,27.933333333333334,24.0,23.906330619276577,30
PBV->MKRD,10.833333333333334,3.0,17.673442638960967,30
RC->SEM,15.033333333333333,0.0,80.65784838282711,30
SVRP->BKSL,19.766666666666666,14.5,23.027245232300494,30
GRF->SMP,14.966666666666667,11.5,12.650428187746586,30
RDG->BYC,12.8,6.5,15.665468283831293,30
SFG->BMU,0.4666666666666667,0.0,1.1058881072455415,30
CHL->GNRL,0.0,0.0,0.0,30
JITE->ROHA,2.466666666666667,0.0,5.5506031566217064,30
RCTC->GRKN,27.433333333333334,24.0,22.004205449669485,30
RCP->LMN,14.4,3.5,19.41844128834664,30
KYJ->OCR,25.7,27.5,17.28892410046745,30
CPR->GJH,14.233333333333333,4.0,19.38837784349941,30
SYM->VKN,41.96666666666667,43.5,22.920376920131996,30
BAW->TK,32.13333333333333,5.5,73.21848896581231,30
JJKR->JKPR,37.43333333333333,20.5,45.32996522308877,30
SF->KOU,26.833333333333332,20.0,22.061174091576596,30
SF->BLPE,46.96666666666667,51.5,34.546803168967784,30
SEU->HP,17.833333333333332,13.0,13.088777328460553,30
SES->ZW,10.566666666666666,11.0,8.058764059142044,30
SVX->KMAH,36.13333333333333,21.0,30.7736265648692,30
RDL->AY,89.36666666666666,75.5,40.12608003344676,30
KJM->KPN,15.766666666666667,12.0,15.078377607168745,30
SYC->PLP,0.0,0.0,0.0,30
SYC->PFM,0.0,0.0,0.0,30
GOK->MRJN,37.9,32.5,21.17472468574837,30
PASG->PEC,10.733333333333333,6.0,16.683531697007602,30
KZK->MQU,6.2,5.0,5.358847019584562,30
GNVR->BPQ,12.966666666666667,8.0,14.537664123266829,30
KJI->KRHA,0.0,0.0,0.0,30
SVV->NZT,2.933333333333333,0.0,4.791755371492778,30
CPN->SMLA,2.2,0.0,3.7819899888632795,30
GPY->KPU,69.3,72.0,31.705704914698412,30
GPY->KKM,69.16666666666667,65.0,28.569435480564906,30
GPJ->DPC,28.8,28.5,23.9142145004266,30
GPJ->ARK,12.166666666666666,4.5,19.86173471142756,30
BTJL->CTTP,0.0,0.0,0.0,30
BTIC->PUL,8.833333333333334,10.0,5.369667897862338,30
KZJ->MJF,56.03333333333333,0.0,114.98410184960754,30
PBA->BGO,0.0,0.0,0.0,30
PAZ->VAPM,17.266666666666666,16.5,7.366903309248472,30
AQG->JSM,1.0666666666666667,0.0,5.8423739467217715,30
GPD->SPE,14.433333333333334,14.0,7.147139931147445,30
GOY->CNB,14.533333333333333,2.0,52.034957303808696,30
SWM->RNT,8.633333333333333,2.5,14.201707846140422,30
KZE->CHV,11.9,10.0,8.057337628222639,30
KZB->ANY,3.8666666666666667,0.0,6.1796849229654445,30
BTI->GHB,0.0,0.0,0.0,30
BTIC->BTI,22.866666666666667,23.0,7.166653301243886,30
GTI->HPP,91.6,91.5,47.49344782395669,30
GTI->BTX,17.366666666666667,16.0,8.833647793144875,30
GTA->SLRD,47.9,36.5,39.745179712071085,30
GTA->BAM,20.7,14.0,21.684493108655097,30
GSPR->JBP,13.2,7.5,19.373640108004555,30
GSP->PTK,22.3,2.5,32.52283017756328,30
KVLS->BGHU,16.1,10.5,19.515422725063658,30
PDL->TGL,12.433333333333334,0.0,22.82570138414504,30
PCK->DDA,10.266666666666667,7.0,8.573951462316597,30
KWM->CPK,12.3,11.0,10.392802549244655,30
KWGN->KKLU,9.033333333333333,3.0,21.859241450279313,30
KWGN->DBF,23.9,15.5,26.40709152403234,30
PDJ->MXR,26.466666666666665,25.5,20.453030014685087,30
PDJ->DJA,36.96666666666667,36.0,23.914334661429546,30
PDD->NAND,28.933333333333334,0.0,40.28170914886834,30
PDD->INJ,12.566666666666666,10.0,10.814050035066398,30
PDA->BOI,10.2,10.0,7.355035807128198,30
PDL->DHNE,5.333333333333333,2.0,7.875467510297222,30
PDRD->JOP,11.033333333333333,7.5,16.54353365357977,30
PDRD->BSB,36.766666666666666,35.0,20.45463160320881,30
BJU->DKGS,7.366666666666666,0.0,25.906307757169785,30
BJU->BUJ,0.0,0.0,0.0,30
KVLS->SMLG,38.63333333333333,38.5,26.341894432611536,30
CPJ->GH,16.533333333333335,8.5,18.09121206616595,30
SGDP->CLDR,55.53333333333333,53.0,16.19649458313771,30
BARL->BSC,8.766666666666667,3.5,11.013106089887922,30
SV->PCK,7.3,5.0,7.88779065260421,30
SGNR->FTH,3.933333333333333,3.0,2.1161665623339365,30
SGL->MJL,23.133333333333333,18.5,14.107306332323795,30
SGG->GNNA,2.6666666666666665,0.0,11.633285577743433,30
JGR->SKB,14.0,6.0,19.590638158270288,30
RBA->HMA,31.433333333333334,24.5,33.290449426051694,30
RAMA->FYZ,22.0,10.0,36.5749113181568,30
JER->DNT,30.566666666666666,17.0,32.8273260155824,30
SGR->KDVI,25.8,14.5,28.51061508304921,30
BAPR->DRO,13.2,12.0,8.070380070526953,30
BARH->LEB,0.0,0.0,0.0,30
KWO->TKBG,68.7,41.5,78.41276725741488,30
BTO->NRS,11.666666666666666,5.0,19.96606316129746,30
BTO->BE,42.9,41.0,32.30922789075207,30
BTKP->SWC,66.83333333333333,65.5,33.91071779849544,30
BTKP->BUS,57.43333333333333,42.0,41.3026536121143,30
KXJ->NKMG,21.7,2.5,37.492206086617244,30
CPP->BTVA,0.0,0.0,0.0,30
SVJR->CCH,18.933333333333334,11.0,35.01914090729608,30
PCV->HSRA,21.766666666666666,21.5,17.85899432109545,30
GRMP->RMPB,20.4,14.5,29.138906329321376,30
GRKN->RHMA,26.433333333333334,20.5,22.818146640162393,30
PCV->DPJ,33.6,35.5,23.85241981507291,30
PCOI->MNF,21.4,0.0,37.125695163583266,30
PCN->THDR,41.1,11.5,108.40579892874416,30
PCN->BMI,16.133333333333333,11.5,21.715612266108316,30
PCN->AGR,6.866666666666666,6.0,5.090446314240129,30
PCL->MPT,0.0,0.0,0.0,30
SVHE->UBL,18.666666666666668,2.0,24.120864245586702,30
ARA->KUA,36.36666666666667,28.0,27.86356332057227,30
ARA->GQN,5.0,4.0,4.085297439895141,30
SGA->MKBH,0.0,0.0,0.0,30
SGA->GHB,0.0,0.0,0.0,30
JHL->MSZ,21.4,19.0,14.492804397712154,30
SFX->DYE,0.0,0.0,0.0,30
RBS->AED,0.0,0.0,0.0,30
RBR->RKY,0.0,0.0,0.0,30
KWR->BTA,51.0,50.0,23.0322113271976,30
KKDE->KLE,25.666666666666668,21.5,23.699750229053894,30
KK->PMP,4.066666666666666,4.0,1.5959719411009734,30
KK->LNL,10.6,9.5,11.183732027769867,30
KK->KYN,19.433333333333334,16.0,32.425706419160846,30
SGDP->TGRL,67.6,69.0,23.348336719908055,30
GSL->MDN,5.866666666666666,2.0,10.180215204463773,30
GRX->MBDD,11.9,0.0,20.51803243911106,30
KXE->TLJ,19.933333333333334,14.5,19.837153114249055,30
KXB->MNV,8.933333333333334,6.5,5.8718107019504835,30
BYPL->KJM,13.766666666666667,14.0,11.009974578984506,30
BUDM->SFC,18.103448275862068,16.0,16.22904104989,29
KTES->JBP,51.0,19.0,77.57024466342011,29
ABI->KQN,10.172413793103448,12.0,10.333955699251312,29
PIZ->PBN,25.344827586206897,20.0,25.362058081862823,29
KSTA->GAYA,4.793103448275862,0.0,11.866457259088468,29
BUDI->MLGH,79.24137931034483,10.0,215.21827046253924,29
BUDI->SMPA,8.310344827586206,7.0,6.18814216451722,29
MRF->SSPD,44.0,29.0,51.0552921560817,29
KSK->AKP,15.620689655172415,0.0,30.29900256857058,29
DHU->MGM,7.310344827586207,4.0,11.762845404905413,29
YLG->KALS,0.0,0.0,0.0,29
YLM->NASP,36.37931034482759,0.0,58.46269493880169,29
DHNE->PDL,7.0344827586206895,0.0,20.38991830471388,29
ABR->JWB,2.896551724137931,0.0,12.134204393208382,29
YNK->SMVB,9.0,0.0,30.4584025469867,29
BUDM->BLGR,34.13793103448276,30.0,20.737688495537082,29
OBVP->NRE,16.275862068965516,15.0,11.090203372230757,29
ODB->DDM,8.068965517241379,4.0,9.67666941847673,29
SJL->TEL,39.310344827586206,34.0,43.78201151180362,29
DLD->JAO,20.103448275862068,7.0,36.81453985625226,29
MOU->BNDM,46.206896551724135,0.0,117.62633916357608,29
ACPR->SPTR,13.517241379310345,8.0,15.769819026172323,29
WOC->NRKR,0.3103448275862069,0.0,1.6712580435934667,29
DKJR->MJBT,23.551724137931036,23.0,20.075902767277544,29
DHR->RTA,2.896551724137931,0.0,5.273551443532736,29
DKI->DRA,26.379310344827587,13.0,31.65936308481206,29
WZJ->GAYA,24.413793103448278,0.0,85.77233871517059,29
DLK->TETA,25.655172413793103,26.0,19.415155828941188,29
DGDG->ANV,42.06896551724138,24.0,48.90583593168958,29
WDN->PRLI,22.06896551724138,11.0,34.41441873326888,29
DGN->BRGJ,46.827586206896555,24.0,44.088441120027014,29
BPD->DHU,6.620689655172414,4.0,11.794108072324708,29
BPE->HIJ,42.724137931034484,41.0,35.56773874466673,29
BPF->DKI,95.13793103448276,107.0,65.44666538374753,29
DLI->SSB,8.137931034482758,7.0,8.279596858418351,29
WGA->BAU,56.93103448275862,46.0,42.11118873587836,29
KTPR->HMY,7.241379310344827,0.0,15.776689794969649,29
KRP->LGL,6.482758620689655,0.0,22.428649869650414,29
BJE->SBW,46.41379310344828,40.0,30.33446559535317,29
PHR->BZG,22.620689655172413,0.0,56.98271278774156,29
KRTH->POX,10.793103448275861,4.0,13.82900500073468,29
SJQ->BRH,11.793103448275861,7.0,18.802316176366656,29
MALB->SIOB,13.10344827586207,11.0,13.02564730386667,29
KED->KPLD,0.0,0.0,0.0,29
BMGA->PCR,13.03448275862069,10.0,12.61088746911258,29
NLDA->BN,15.89655172413793,9.0,17.857261083352476,29
NLDA->CHZ,45.310344827586206,34.0,54.019906019035425,29
NLDA->RMNP,67.0,67.0,29.488496546474334,29
MANU->ABSA,20.03448275862069,4.0,31.675230023542607,29
MANU->NLKT,0.0,0.0,0.0,29
IKK->JWP,19.17241379310345,19.0,11.57604967630903,29
IMGE->GRRU,22.103448275862068,21.0,18.482317471391422,29
RMB->HR,6.0,0.0,12.372203868811273,29
NKP->BALU,10.275862068965518,6.0,16.433625266777476,29
NSX->SNM,39.06896551724138,40.0,29.699604415935482,29
JRA->GOL,18.06896551724138,0.0,42.99412836529687,29
RU->OBVP,17.06896551724138,18.0,9.87034170230175,29
RV->WGA,56.58620689655172,43.0,40.660192221964394,29
DMO->GAJ,49.03448275862069,0.0,89.68814333114045,29
DG->ABI,8.241379310344827,8.0,9.120836319790735,29
VVM->SGKM,0.0,0.0,0.0,29
VYA->BIY,2.8620689655172415,0.0,4.4298027844769345,29
DLPT->MZZ,7.068965517241379,6.0,5.229934679206661,29
DMC->JFD,0.0,0.0,0.0,29
DKO->KAL,17.24137931034483,20.0,17.438985824897763,29
DMG->GKP,7.482758620689655,0.0,10.15107555756381,29
DNM->KIS,73.24137931034483,65.0,50.828602164820126,29
MSH->VNG,11.03448275862069,12.0,7.830721361684056,29
VS->ITA,10.655172413793103,9.0,11.097862928345918,29
BTY->SVH,0.0,0.0,0.0,29
JRK->KYE,43.758620689655174,0.0,77.69153988342698,29
SAP->SRPM,112.41379310344827,123.0,58.76558592126817,29
NSD->BDW,26.0,22.0,29.605742686174924,29
LKU->PBW,5.896551724137931,6.0,4.2790588717130555,29
JSM->AQG,14.413793103448276,10.0,12.877214764789867,29
JTB->DMG,11.206896551724139,4.0,14.062054590647302,29
KRIH->BTV,7.448275862068965,7.0,5.032652005344354,29
BIJ->THP,0.0,0.0,0.0,29
DNWH->DYW,0.0,0.0,0.0,29
VNG->MSH,3.793103448275862,3.0,3.374053415878588,29
VNG->VDG,0.27586206896551724,0.0,1.4855627054164149,29
MTA->TLV,52.37931034482759,39.0,47.96681426711556,29
MTBG->LIJ,20.413793103448278,2.0,52.315333208056224,29
BPB->BXG,19.137931034482758,13.0,20.406098769609883,29
NLBR->BRGM,23.0,16.0,27.25671607931835,29
IDP->TGU,0.0,0.0,0.0,29
BAGJ->POU,22.79310344827586,5.0,52.10249466905511,29
RKL->BAGJ,21.655172413793103,3.0,51.93215069551875,29
KEK->DAB,0.27586206896551724,0.0,1.1617890060511336,29
RLA->MHV,0.0,0.0,0.0,29
RLA->SVKD,26.0,26.0,10.569497893196523,29
KDZ->SGS,15.241379310344827,8.0,37.97805303481565,29
LDH->NMDA,2.5172413793103448,0.0,4.339360466829617,29
NLKT->KUGT,14.310344827586206,4.0,25.939632457297936,29
IPR->PRP,6.482758620689655,0.0,24.38620905590343,29
SKAP->MANU,29.655172413793103,20.0,35.343493907314176,29
SINI->CBSA,101.34482758620689,46.0,127.13498896338179,29
VNE->NCA,18.413793103448278,17.0,15.886915643697199,29
DNT->LXD,18.724137931034484,16.0,17.476303449700396,29
PNDM->VRI,22.655172413793103,21.0,16.914228714455948,29
PGL->BPF,86.72413793103448,79.0,63.941321622542645,29
KTY->HPHI,7.275862068965517,0.0,13.853562078613926,29
KQD->HYB,5.241379310344827,0.0,22.18212789679017,29
BHZ->NHLG,43.310344827586206,36.0,37.47103972048268,29
BIDR->MTV,49.96551724137931,38.0,52.566612678323736,29
SAV->NB,34.89655172413793,19.0,30.550128392980383,29
JPH->ADRA,55.13793103448276,26.0,68.07911581279693,29
SBD->KMZ,63.3448275862069,10.0,104.0601734787786,29
SBD->KTE,31.79310344827586,32.0,8.735720226848692,29
JTJ->BQI,22.17241379310345,7.0,40.17912479093487,29
CDB->PNME,22.79310344827586,17.0,29.499853886254165,29
VJA->SJL,56.93103448275862,53.0,49.585374452613664,29
DPUR->GRCP,0.0,0.0,0.0,29
DQL->BVU,21.93103448275862,18.0,15.611193407485262,29
DEB->PCX,0.0,0.0,0.0,29
AGV->DNT,38.689655172413794,41.0,25.45177996620818,29
ADTP->GMH,23.20689655172414,10.0,40.06902910723017,29
VM->ULU,15.758620689655173,14.0,9.27229041057969,29
MTD->KJW,14.379310344827585,7.0,17.36254958463237,29
BPRD->PBL,25.93103448275862,6.0,46.717946256904895,29
DOS->SEB,13.827586206896552,11.0,10.333955699251312,29
DOK->DCK,6.379310344827586,7.0,3.68795135836617,29
DUJ->CPLE,13.620689655172415,12.0,13.023094302878825,29
MTPC->DHR,3.0,0.0,7.416198487095663,29
BP->RHA,1.9310344827586208,0.0,3.442704859375615,29
VDG->VNG,4.551724137931035,4.0,2.810518595975683,29
BVRT->UNDI,20.20689655172414,15.0,22.1913421185973,29
PNPN->KHF,13.793103448275861,14.0,9.251946939292706,29
DSR->DPU,9.275862068965518,9.0,7.004572749916086,29
DRA->ET,26.17241379310345,13.0,30.735122958127754,29
DRHI->KKN,73.17241379310344,68.0,54.376379434402295,29
NLP->SOB,9.275862068965518,3.0,17.23554581116789,29
MAG->NGNT,0.0,0.0,0.0,29
SIPR->SWA,12.241379310344827,5.0,15.833182092441614,29
CKKD->CAER,57.89655172413793,43.0,50.41566141841399,29
HZD->CDB,18.586206896551722,12.0,28.653742265414614,29
NKMG->KXJ,21.17241379310345,15.0,19.621542398811933,29
MAS->AVD,5.103448275862069,3.0,6.847026610070591,29
MAS->OGL,30.103448275862068,6.0,50.79113029118527,29
HX->KOU,27.137931034482758,20.0,38.469583660277294,29
SL->BNTL,7.103448275862069,5.0,8.402146101639776,29
BTV->BHC,46.41379310344828,0.0,79.44473247007242,29
BTV->DLPT,0.0,0.0,0.0,29
PFT->PPN,16.20689655172414,12.0,13.944736104517379,29
BHWR->AMO,3.4482758620689653,2.0,3.987356866186562,29
POU->KKT,23.689655172413794,6.0,52.291151565247674,29
DVD->PAP,19.06896551724138,18.0,17.254256275073445,29
BPB->BHZ,48.6551724137931,38.0,42.80543678925858,29
MTV->ZB,55.89655172413793,51.0,53.15633602039648,29
DDM->NMZ,7.724137931034483,4.0,9.823065246522514,29
DUE->GSRM,0.0,0.0,0.0,29
SKHV->DSR,6.0344827586206895,7.0,3.821768089516848,29
AZR->KWE,45.51724137931034,47.0,28.209193903577873,29
RKB->BNO,9.517241379310345,9.0,6.495166827590081,29
BEM->UJH,23.344827586206897,28.0,14.758232235576584,29
SLF->TIS,3.310344827586207,0.0,16.509961166943736,29
NKB->BNQ,31.896551724137932,27.0,15.114668437330781,29
NKBR->THE,17.413793103448278,0.0,49.32727240539118,29
HUP->YPR,11.482758620689655,0.0,44.97905916698122,29
HVD->MALB,21.20689655172414,20.0,14.898176567104798,29
HVR->KJG,12.344827586206897,5.0,19.9414784200258,29
CKX->HER,53.06896551724138,46.0,42.43644915339605,29
AYV->TML,1.2413793103448276,0.0,3.1128210954717255,29
HTZ->KIUL,65.44827586206897,0.0,153.0237110961418,29
SBE->BPRD,23.655172413793103,4.0,46.075462839368946,29
NRP->REG,60.96551724137931,64.0,53.865230475578514,29
SBGN->SRPN,13.96551724137931,9.0,22.83400152438822,29
BBSN->MCS,84.75862068965517,86.0,60.752222282936046,29
JRA->ROU,67.44827586206897,63.0,28.732244463688914,29
MUD->GZN,0.0,0.0,0.0,29
DDJ->BP,8.862068965517242,9.0,5.623446693030851,29
DVD->MIPM,0.0,0.0,0.0,29
DWO->HRW,14.413793103448276,14.0,12.442775417828699,29
DWT->DHH,32.44827586206897,26.0,27.752202238093453,29
UMRI->KEK,9.89655172413793,2.0,12.352977742767147,29
UNDI->AKVD,19.17241379310345,14.0,19.268903455933568,29
POX->GDYA,10.068965517241379,0.0,14.745292310435797,29
KUGT->MANU,21.724137931034484,4.0,32.238947775859266,29
KUGT->PEC,12.413793103448276,0.0,24.271554840682057,29
PES->BHKH,15.655172413793103,14.0,15.577630165604608,29
JNU->MIH,22.482758620689655,18.0,27.535199147967433,29
JOA->WDLN,0.0,0.0,0.0,29
SM->DLK,39.51724137931034,42.0,26.040655973819053,29
HTD->AII,1.3793103448275863,0.0,4.655363980732704,29
SMCP->DIPA,0.0,0.0,0.0,29
SMET->ANF,10.344827586206897,4.0,30.547709596242317,29
CAG->BLO,3.6551724137931036,0.0,8.182192607245868,29
LBI->NLP,3.0344827586206895,0.0,15.199818510713236,29
CAER->BRUD,64.13793103448276,53.0,50.860259632174674,29
BFT->SGV,6.448275862068965,4.0,11.58072970466934,29
KGP->NYA,12.586206896551724,9.0,13.08902823354439,29
HSD->DRU,14.137931034482758,0.0,26.47738136859329,29
BWL->HSI,22.689655172413794,9.0,35.22489323544183,29
PFM->PLP,11.137931034482758,0.0,36.11758983606883,29
KPLD->RDBR,7.862068965517241,7.0,6.717376921787224,29
DYW->HIL,17.448275862068964,7.0,32.16207416785063,29
BQA->JPH,63.55172413793103,41.0,61.630573469722776,29
MMR->ANK,2.0344827586206895,0.0,3.289406792164048,29
MURI->KSX,4.793103448275862,0.0,11.693646963644182,29
MMI->HBI,9.10344827586207,0.0,17.286131574981898,29
ULG->HRSN,28.06896551724138,28.0,17.4129078446396,29
DXD->ATH,11.275862068965518,8.0,9.949503044747432,29
DD->URI,4.275862068965517,0.0,6.739523890157957,29
DWX->RCJ,5.379310344827586,5.0,0.9029235493443458,29
BSSL->COR,0.5517241379310345,0.0,1.2979711337465902,29
JU->BANE,26.75862068965517,11.0,51.55278513497028,29
RRS->BQP,29.448275862068964,9.0,55.50713352282914,29
LKG->LMG,11.96551724137931,5.0,24.26414573960737,29
NWN->STNL,16.344827586206897,0.0,23.054711111473456,29
LKA->LKG,29.655172413793103,26.0,28.183424538533494,29
DYD->AYC,0.8620689655172413,0.0,3.3564877256168764,29
ULU->VRI,20.724137931034484,19.0,10.538692490478455,29
MMM->PBM,0.0,0.0,0.0,29
DBW->GPZ,9.551724137931034,5.0,15.34504621530198,29
BWIP->DPUR,0.0,0.0,0.0,29
HRSN->TNL,31.724137931034484,31.0,20.882146427244184,29
HRW->DDN,9.620689655172415,8.0,9.336616828011282,29
HR->SDLP,3.0689655172413794,0.0,7.382077884418832,29
HPT->MMI,0.0,0.0,0.0,29
SNH->KNO,9.758620689655173,2.0,19.417692912124156,29
HPHI->DVG,10.724137931034482,0.0,19.517202214098464,29
BRUD->DRHI,57.827586206896555,46.0,50.683238258758564,29
BMO->MZL,52.06896551724138,30.0,98.02766775416109,29
BMO->SC,22.17241379310345,0.0,57.94582997785656,29
DBR->BRG,35.724137931034484,14.0,51.33217909691189,29
ET->GMD,20.275862068965516,0.0,65.0329018660797,29
UDR->KMZ,19.275862068965516,13.0,34.51696948264736,29
MLY->KZJ,22.75862068965517,12.0,39.70665217065001,29
BQG->PRTL,0.0,0.0,0.0,29
UJH->SRNK,23.06896551724138,29.0,14.469008837814998,29
ENB->TLI,11.068965517241379,0.0,16.76290768010209,29
LMO->SVKD,6.9655172413793105,0.0,15.107904172085101,29
LMY->TQM,8.137931034482758,3.0,16.969982191107405,29
NRM->NRO,23.482758620689655,0.0,57.49262107290389,29
NRO->MQS,23.06896551724138,0.0,57.62125787941385,29
LKDU->VVM,12.068965517241379,9.0,19.958762906271733,29
ET->KRTH,4.448275862068965,0.0,8.235750494453834,29
MLT->PURI,10.206896551724139,0.0,23.5119715864445,29
UDN->MRL,1.2413793103448276,0.0,3.3980579791340597,29
KOX->SURI,16.24137931034483,12.0,17.3259820839228,29
BWC->SGNR,1.9655172413793103,0.0,5.213189033737203,29
PEC->PASG,10.724137931034482,0.0,23.173101019014226,29
KOTA->DXD,6.931034482758621,4.0,8.141301381065553,29
PRG->KHNM,32.241379310344826,16.0,41.371708045486656,29
KPA->KYI,12.0,9.0,14.053469322555195,29
BHS->VGLJ,53.0,7.0,120.8532167548717,29
KHT->TPTY,10.517241379310345,0.0,22.523988307160074,29
KHNM->UCR,35.275862068965516,19.0,39.00723060419526,29
RHA->BP,1.4827586206896552,0.0,4.014444363395516,29
RHA->KLNP,13.068965517241379,9.0,13.92308215693524,29
KHF->BNBR,37.62068965517241,34.0,20.34420555114869,29
JAIS->KCJ,0.0,0.0,0.0,29
BALU->KUU,34.96551724137931,16.0,60.285323230819074,29
BALU->NKP,19.586206896551722,5.0,33.162497365655284,29
RMNP->CTYL,68.79310344827586,67.0,39.5658396223893,29
RMNP->NLDA,20.620689655172413,18.0,11.778957609420793,29
RMNP->SC,24.03448275862069,20.0,20.871174172289617,29
NRI->JP,6.724137931034483,5.0,6.232957058618427,29
SC->BMO,39.03448275862069,18.0,93.87205683368822,29
BBS->BRAG,54.44827586206897,14.0,69.89307456337275,29
CHAF->DUE,23.586206896551722,5.0,52.40196100568546,29
BBU->PSE,9.89655172413793,9.0,3.903705452023454,29
PRI->IKK,16.17241379310345,15.0,10.57986283166969,29
BQU->RAL,8.241379310344827,0.0,26.962480773440117,29
BRAG->BBS,58.41379310344828,30.0,76.18844927517337,29
PRLI->GTU,47.241379310344826,38.0,43.76859210863897,29
PRP->GJD,12.482758620689655,4.0,26.325735221933872,29
UDL->KJME,11.275862068965518,7.0,11.526046750494347,29
KNW->MTA,44.758620689655174,34.0,49.709624802743754,29
DAKE->SDAH,9.137931034482758,0.0,26.340794187412904,29
TUNI->GLU,49.41379310344828,37.0,51.62122849687998,29
TUNI->PAP,23.448275862068964,18.0,28.835229205778028,29
MKU->KNW,20.482758620689655,0.0,64.453538465236,29
SCT->AYV,0.0,0.0,0.0,29
SBW->TLE,49.172413793103445,46.0,29.626326330185798,29
RMV->MDUN,0.0,0.0,0.0,29
LC->MBP,23.448275862068964,0.0,64.91895288241912,29
HML->NBX,14.96551724137931,14.0,15.853081626117207,29
HMY->GMTO,5.275862068965517,0.0,14.599159838165194,29
AVD->KPD,11.96551724137931,9.0,11.008057953221257,29
AVD->MAS,3.586206896551724,0.0,10.35276788862114,29
SOB->KTPR,10.206896551724139,3.0,17.257253775782907,29
NHR->KNNA,11.206896551724139,0.0,16.763862728979234,29
CNB->BRE,49.58620689655172,44.0,26.504066051105802,29
RGI->HLK,27.482758620689655,26.0,21.26637300269266,29
KIS->GHNH,92.6896551724138,89.0,56.88214849787225,29
KIP->RE,21.482758620689655,11.0,35.270000090784535,29
FUT->BKG,13.689655172413794,0.0,20.383998360541575,29
ALU->PNDM,0.0,0.0,0.0,29
TSD->NHR,42.275862068965516,0.0,199.19640282031128,29
PRTL->KRP,8.655172413793103,0.0,23.904984330931256,29
PRY->KSTA,29.379310344827587,25.0,18.441827057579594,29
KNW->MKU,34.241379310344826,0.0,61.446059487984954,29
OTR->GDV,12.206896551724139,7.0,20.2773260253643,29
RGDA->LDX,24.896551724137932,13.0,25.33961442313794,29
HKG->ATS,4.379310344827586,4.0,4.693565451791026,29
SPE->GPD,16.448275862068964,10.0,20.973769684496993,29
LDX->JMPT,26.103448275862068,16.0,27.061233246612883,29
KCP->BHLK,50.241379310344826,49.0,44.83832478425268,29
BEB->BFT,0.0,0.0,0.0,29
NMDA->CDG,7.310344827586207,6.0,4.841070190684391,29
NMDA->KARR,3.9655172413793105,0.0,6.23631506706994,29
SHK->KSC,30.586206896551722,0.0,86.05210931314457,29
JBP->GSPR,8.172413793103448,8.0,4.045005434547305,29
SC->RMNP,12.96551724137931,10.0,7.575726078453704,29
JNN->CRP,40.89655172413793,33.0,32.13736679984199,29
SCI->BPL,10.206896551724139,0.0,38.64895055897826,29
BHLK->HBU,50.93103448275862,48.0,44.55168029096959,29
GAH->BHWR,0.0,0.0,0.0,29
TPV->JGP,22.24137931034483,2.0,52.924916608621665,29
MKN->NAC,8.827586206896552,2.0,14.88784011370459,29
MKO->SZZ,0.0,0.0,0.0,29
TRJ->TPV,0.0,0.0,0.0,29
ATS->HKG,9.620689655172415,3.0,13.44675689287051,29
ATU->CHSM,4.586206896551724,4.0,4.586605042164399,29
BRQ->ODB,0.0,0.0,0.0,29
BMT->KQD,0.0,0.0,0.0,29
SPN->STP,131.89655172413794,93.0,139.19599358653207,29
SPTR->SBGN,0.0,0.0,0.0,29
REI->SYA,75.93103448275862,0.0,113.01893995334295,29
RENH->GWL,23.862068965517242,8.0,74.28647451297243,29
RFJ->IMGE,22.93103448275862,19.0,16.32248894379154,29
KVS->SVNR,11.241379310344827,4.0,20.687565575923333,29
KWE->LAV,40.89655172413793,43.0,28.75182581480225,29
KWM->HJI,23.82758620689655,16.0,27.943909335766126,29
PDL->GTL,12.137931034482758,4.0,19.90284282984116,29
KNPR->DNM,51.724137931034484,10.0,69.06254750572336,29
BWS->NOK,9.655172413793103,3.0,13.446390546135857,29
NYA->BPE,36.6551724137931,35.0,35.4363371434998,29
LIJ->RKL,21.655172413793103,3.0,52.027654639534155,29
LJN->ASH,0.0,0.0,0.0,29
JWL->KSW,15.241379310344827,15.0,7.283323281961104,29
JWNR->SKAP,0.0,0.0,0.0,29
BDW->BJNR,23.896551724137932,20.0,29.459833220828234,29
CBZ->DMR,19.689655172413794,9.0,27.122873120401877,29
BBS->VZM,43.41379310344828,0.0,70.15621204618982,29
TOI->TRJ,21.517241379310345,2.0,52.60202378619991,29
PSE->KTQ,11.620689655172415,11.0,4.483412229728031,29
KXJ->NLBR,28.79310344827586,23.0,27.746787858294553,29
MYK->KAG,14.482758620689655,9.0,18.48671470785589,29
MYO->DMC,14.689655172413794,9.0,23.100871115726758,29
GAM->KIT,18.03448275862069,0.0,26.91585135542237,29
KNNA->ENB,11.241379310344827,0.0,16.87063207473227,29
KNNK->GRKA,0.0,0.0,0.0,29
KNO->UBL,6.310344827586207,2.0,16.434074897419393,29
OSN->JU,14.03448275862069,10.0,17.432487648518887,29
BZG->NRM,23.24137931034483,0.0,57.29476114944903,29
KIT->GAM,25.0,27.0,14.397420403867988,29
REG->YLM,45.310344827586206,0.0,54.000729788901836,29
SPYA->SSU,22.06896551724138,0.0,52.759515752734636,29
HER->UDGR,49.724137931034484,48.0,42.71575198893607,29
HIJ->KGP,19.06896551724138,7.0,24.208810430565443,29
BHI->KHH,6.482758620689655,0.0,25.323084738823884,29
MKA->PNBE,95.51724137931035,21.0,233.97017830265327,29
BOF->SML,22.93103448275862,13.0,36.13657726942008,29
MZL->BMO,41.93103448275862,27.0,64.24058076285401,29
KNJ->BPD,0.0,0.0,0.0,29
TNL->KBY,23.896551724137932,20.0,17.548595441528743,29
BRAG->CTC,48.96551724137931,10.0,67.35486129375873,29
HD->CRK,70.72413793103448,66.0,59.53564151697232,29
HBU->KHNP,55.93103448275862,49.0,41.869636999418255,29
HBI->KTY,13.758620689655173,0.0,21.258032385117385,29
RDL->PTH,16.413793103448278,6.0,20.86952193541596,29
KJG->KVS,0.0,0.0,0.0,29
BGND->SWJ,0.0,0.0,0.0,29
BZA->KZJ,20.24137931034483,10.0,23.1758112393285,29
KJME->UKA,10.827586206896552,7.0,11.7475497916959,29
KAG->DVG,29.137931034482758,25.0,24.001077562016484,29
ROZA->AJI,46.310344827586206,47.0,26.786328400185074,29
GCT->BSB,145.41379310344828,0.0,516.1891622569455,29
MJY->BZU,8.379310344827585,0.0,18.01866848002658,29
MZS->JYK,0.0,0.0,0.0,29
MZZ->BTV,47.86206896551724,37.0,41.49330766859625,29
AMO->NKE,5.724137931034483,4.0,7.294305762149277,29
GDV->IDP,16.310344827586206,10.0,19.89634468990986,29
PCX->PLY,6.413793103448276,4.0,11.356298571338257,29
CNPA->KIGL,27.93103448275862,33.0,24.123093610069937,29
HA->LMP,16.75862068965517,0.0,60.12525923461418,29
BN->RMNP,63.206896551724135,60.0,38.0210273686481,29
BNBR->PNPN,0.0,0.0,0.0,29
SRPM->GNT,57.51724137931034,68.0,43.659903711737925,29
SRPN->MYO,0.0,0.0,0.0,29
COB->DWT,34.206896551724135,28.0,27.469956719432368,29
SRY->SHK,29.03448275862069,0.0,85.57055683495541,29
NGO->BWS,18.413793103448278,15.0,19.094721113025884,29
RBA->GAM,22.275862068965516,19.0,12.168156779433234,29
KK->TGN,8.413793103448276,7.0,4.9245539419417055,29
KJN->CPA,2.7586206896551726,0.0,7.642247109764215,29
CTC->MCS,39.793103448275865,44.0,34.69085852244984,29
TLV->SGBJ,60.3448275862069,50.0,48.30799686983879,29
GDI->SNH,9.517241379310345,4.0,19.395545677248336,29
LRJ->PRI,13.827586206896552,12.0,9.81277944285352,29
NPNR->SXA,11.724137931034482,0.0,28.449072984801834,29
BLO->MTPC,3.8275862068965516,0.0,7.910521770389293,29
JMPT->KNRT,32.48275862068966,19.0,28.258526765834226,29
JMU->LKR,10.0,10.0,10.28869004573191,29
JYK->LMY,5.482758620689655,2.0,16.474267140984217,29
PCU->OTR,22.93103448275862,19.0,22.14873591117683,29
BXG->NKMG,25.551724137931036,19.0,21.289813471129047,29
BHKH->JHN,20.96551724137931,17.0,14.664054103781146,29
PTH->DYD,8.827586206896552,0.0,12.606882942938189,29
PTKD->KKGT,16.551724137931036,6.0,26.590258966794252,29
TLE->MHQ,43.48275862068966,40.0,30.262684105364542,29
TLHR->MRDL,19.75862068965517,20.0,15.967948191866357,29
MJBT->RWTB,25.482758620689655,24.0,20.939744659473305,29
TLI->TIBI,0.0,0.0,0.0,29
GDV->TGU,0.0,0.0,0.0,29
KJW->MDW,16.96551724137931,13.0,18.534683238691205,29
RCJ->MKC,4.793103448275862,5.0,4.287684276296702,29
RDBR->BHC,5.827586206896552,4.0,5.78834398670072,29
PAL->HD,69.37931034482759,63.0,58.536565979311135,29
PAP->DVD,82.6896551724138,5.0,128.32801259948658,29
JER->ROP,43.310344827586206,33.0,57.45190749554663,29
SGV->BPC,4.068965517241379,0.0,14.961691640612317,29
CIV->BQU,0.0,0.0,0.0,29
NMM->DKJR,29.413793103448278,23.0,21.016179551851593,29
JBP->KTES,74.41379310344827,78.0,48.17121046062036,29
BAND->CRLM,22.724137931034484,22.0,7.487592363962328,29
CBJ->BE,14.137931034482758,16.0,12.426136446823442,29
KBY->GVR,27.344827586206897,23.0,18.974185211320606,29
TIA->WZJ,41.793103448275865,0.0,92.67623339591009,29
TIHU->NLV,33.44827586206897,21.0,49.33528598629741,29
TLMR->MGKM,41.44827586206897,31.0,36.163898935359505,29
GGJ->BLG,47.06896551724138,50.0,43.39266810557051,29
TKPL->HIP,20.103448275862068,19.0,13.883044199892097,29
GGA->SBO,27.379310344827587,24.0,16.950376719588288,29
NASP->KSK,0.0,0.0,0.0,29
BNV->NMZ,72.3103448275862,61.0,45.49262377280508,29
BRG->SRJ,34.41379310344828,12.0,50.99405934684893,29
GDYA->MJY,6.9655172413793105,0.0,14.069934405930686,29
PCR->DUJ,13.551724137931034,11.0,12.774377834714276,29
SDS->BWC,7.931034482758621,0.0,13.609164544743788,29
JKE->UDR,33.689655172413794,36.0,12.086307034573883,29
SDAH->DDJ,6.0344827586206895,4.0,5.26092576468038,29
SDAH->DGR,1.206896551724138,0.0,2.381165836080355,29
NB->RV,45.06896551724138,36.0,31.974243020731052,29
MINA->BDWS,15.89655172413793,0.0,23.423652313094323,29
TKA->MRPR,37.96551724137931,32.0,30.00771657736043,29
TKB->BKSC,13.241379310344827,0.0,23.07852305935077,29
CTC->BRAG,62.793103448275865,32.0,76.88506231955448,29
RN->VID,134.13793103448276,130.0,93.33913745734309,29
LGTR->KUR,96.0,92.0,54.606383718912774,29
LHA->SAG,8.96551724137931,5.0,14.271557024427215,29
NEW->TKA,32.827586206896555,26.0,29.129107883839744,29
MDUN->BZA,11.275862068965518,3.0,20.318704527960964,29
MDVL->PCU,0.0,0.0,0.0,29
STP->HA,17.586206896551722,0.0,60.31199669893883,29
CPA->KJN,57.58620689655172,54.0,43.550887510539496,29
SSPD->VKB,36.0,12.0,48.644482876125984,29
SSU->NKBR,0.0,0.0,0.0,29
GVR->RNY,1.5517241379310345,0.0,5.985614939744834,29
GYM->AB,30.344827586206897,24.0,30.266997423017134,29
PASG->DMR,2.793103448275862,0.0,10.96546302307134,29
BJWS->MHRG,16.448275862068964,0.0,23.19572960527826,29
MIH->KS,26.551724137931036,24.0,30.006649509372508,29
MIL->CBJ,18.93103448275862,15.0,15.631769469537621,29
GHNH->BRAG,90.17241379310344,86.0,55.91196458050129,29
KMZ->REI,69.79310344827586,0.0,111.8839894426189,29
BBGN->JTTN,4.896551724137931,0.0,19.587431880793588,29
CHKE->THKU,30.275862068965516,31.0,20.283519967353048,29
LTRR->CKX,46.793103448275865,41.0,38.821366825080844,29
GKP->MIM,32.689655172413794,9.0,73.84351381143577,29
PTRD->KIP,37.62068965517241,33.0,40.19453924629158,29
BHC->KED,39.96551724137931,32.0,38.89958020212401,29
BHC->RNTL,7.275862068965517,6.0,7.2204894557291315,29
KMNR->KCP,57.0,51.0,44.83939594342712,29
ANK->NSL,6.517241379310345,5.0,5.949914102952437,29
MHRG->NDRT,0.0,0.0,0.0,29
THKU->MOMU,17.79310344827586,17.0,16.723335514750524,29
CT->TDU,17.310344827586206,0.0,23.924141197119376,29
MHV->RLA,11.758620689655173,12.0,2.0642392651634074,29
KKN->BRI,76.89655172413794,67.0,57.172261523266066,29
GUR->SUR,15.0,13.0,14.973786619098249,29
SUD->BOE,31.482758620689655,32.0,19.897273125544423,29
BAW->KIAT,0.0,0.0,0.0,29
JJKR->KRIH,7.206896551724138,6.0,4.9380397379124,29
THP->BDZ,11.89655172413793,9.0,13.649554748327368,29
NBX->VNE,15.96551724137931,14.0,15.841813475331417,29
NCA->DQL,18.275862068965516,15.0,15.845000454681816,29
GKK->PCH,16.03448275862069,16.0,5.321672391676791,29
TGN->KJT,66.03448275862068,0.0,153.2440823277457,29
TGU->BZA,8.827586206896552,9.0,6.985029734660309,29
TGU->RMV,20.96551724137931,17.0,22.912072236862215,29
THA->JHD,11.586206896551724,7.0,13.865469033793756,29
GJD->KQR,16.551724137931036,8.0,27.338599356556752,29
GTLM->VZM,64.34482758620689,62.0,34.23060020139558,29
GTNR->AYC,9.0,0.0,17.185957723011622,29
KKGT->CBZ,18.689655172413794,9.0,26.916674927683054,29
KZJ->MLY,41.55172413793103,33.0,53.787668665713795,29
PAP->TUNI,119.75862068965517,75.0,141.30252630751758,29
GPZ->HML,11.413793103448276,6.0,15.911624774222934,29
GPZ->TBH,3.7586206896551726,0.0,10.61553838354013,29
SUR->JEUR,48.724137931034484,28.0,55.421048445851675,29
GSRM->TOI,27.82758620689655,8.0,53.09833799222859,29
NDRT->NWN,0.0,0.0,0.0,29
NDU->TEA,13.96551724137931,9.0,14.28656401413752,29
NDW->PFT,16.275862068965516,12.0,14.126713680430669,29
BHET->NVS,1.4137931034482758,0.0,5.532483563846931,29
PTRL->BTI,0.0,0.0,0.0,29
KYI->CDH,13.689655172413794,11.0,14.155017909550816,29
PBW->KHH,4.379310344827586,4.0,3.7551278569011304,29
PCH->BGM,2.8620689655172415,0.0,4.077150071969341,29
BDZ->KNJ,5.931034482758621,2.0,11.643302901799565,29
ROK->DEE,2.3448275862068964,0.0,5.016229816939679,29
KALS->GDI,10.03448275862069,2.0,20.116593645582192,29
NYY->KZT,37.793103448275865,30.0,20.73709462764876,29
KAMG->FKM,28.24137931034483,13.0,49.60893869082019,29
ROP->JER,28.724137931034484,0.0,44.68052991734298,29
ROU->JRA,13.448275862068966,0.0,31.400166294937897,29
SEB->AUBR,19.655172413793103,18.0,12.658356534233947,29
GMDN->MDN,38.86206896551724,14.0,52.647564139779696,29
BNQ->BNV,35.724137931034484,31.0,15.268774278909737,29
BRGM->PTKD,0.0,0.0,0.0,29
GLP->DGDG,0.0,0.0,0.0,29
GLU->NRP,66.82758620689656,62.0,53.720220298929505,29
TEA->NDW,15.448275862068966,10.0,14.388949646210534,29
GLGT->BBGN,4.758620689655173,0.0,20.709996158538985,29
CRP->TKB,35.89655172413793,29.0,30.129891218316505,29
NCB->COB,0.0,0.0,0.0,29
BNO->JWL,8.931034482758621,7.0,6.627491631092192,29
MHH->SIPR,0.0,0.0,0.0,29
MHQ->JNN,41.793103448275865,37.0,30.448292598559405,29
TETA->SUD,29.17241379310345,30.0,18.913466414770724,29
GNH->WDN,38.724137931034484,31.0,34.261490827087215,29
TBH->DBW,8.689655172413794,3.0,15.538209697102591,29
TBN->PGL,81.86206896551724,70.0,62.22179460717871,29
BHC->BTV,46.44827586206897,15.0,75.40490046925548,29
PBL->TIHU,28.20689655172414,10.0,46.746565427957854,29
PBM->RMM,0.0,0.0,0.0,29
PBN->PKNS,34.206896551724135,28.0,26.878535395825246,29
BJU->KIR,34.689655172413794,12.0,52.29456639916663,29
SUZ->BGND,8.03448275862069,0.0,19.95080155679517,29
CPJ->MTBG,0.0,0.0,0.0,29
CPK->KWM,21.75862068965517,14.0,27.982973359340438,29
GRRU->PRY,28.448275862068964,24.0,18.208291296032755,29
GTU->JOA,39.3448275862069,43.0,25.783820871221003,29
GTS->HIJ,30.275862068965516,0.0,54.23355349894706,29
PAW->BMGA,10.827586206896552,7.0,11.886573955269395,29
KZJ->BZA,74.41379310344827,12.0,116.2818365749414,29
R->NGP,298.41379310344826,178.0,307.3839522302197,29
SVH->DEB,5.931034482758621,3.0,11.519954843918066,29
GRKA->BJWS,0.0,0.0,0.0,29
SVKD->LMO,33.41379310344828,36.0,15.015509223512181,29
SVKD->RLA,5.551724137931035,0.0,11.599218590973372,29
CHZ->NLDA,29.724137931034484,26.0,26.98266182956876,29
JGP->SPYA,0.0,0.0,0.0,29
PBR->RWO,11.620689655172415,5.0,19.01768686757418,29
PURI->MLT,9.344827586206897,6.0,11.142825565194617,29
TATA->ADTP,21.20689655172414,6.0,38.420027617994855,29
BRGJ->KNW,37.6551724137931,12.0,42.91709271712892,29
MGKM->ABSA,36.89655172413793,28.0,37.0032284572057,29
GNPR->KNGR,0.0,0.0,0.0,29
BRI->PAL,75.10344827586206,71.0,61.09731396222763,29
GRBL->GTLM,59.206896551724135,59.0,35.829336852785104,29
GRCP->LJR,52.793103448275865,42.0,45.21249772727576,29
SVNR->YLG,5.344827586206897,0.0,19.76699244062645,29
SVQ->BRQ,6.482758620689655,2.0,9.48163898450644,29
RNTL->MKO,9.137931034482758,8.0,7.818129744981188,29
CBSA->SINI,182.20689655172413,144.0,145.40494669084504,29
SGKM->BVRM,11.448275862068966,8.0,19.230901856306602,29
SGO->JRK,42.172413793103445,0.0,78.59892264143376,29
JFD->BDLN,16.275862068965516,11.0,22.55611502726373,29
LXD->AGV,0.0,0.0,0.0,29
MGM->BTY,5.862068965517241,3.0,11.303362767434157,29
SZZ->SORO,11.448275862068966,11.0,8.441336247032693,29
KLNP->BIJ,13.0,11.0,13.838352503098047,29
PVP->NSX,0.0,0.0,0.0,29
SFC->BUDM,17.82758620689655,17.0,12.598381317560605,29
JHT->SCKR,23.96551724137931,0.0,27.620492856134256,29
SGBJ->CKKD,58.89655172413793,49.0,52.01740424922784,29
JHD->NDU,14.827586206896552,10.0,13.913171984842384,29
JHL->BLZ,27.103448275862068,22.0,18.358230593983507,29
BKH->JHT,0.0,0.0,0.0,29
PAU->MQL,18.137931034482758,11.0,25.28653529044804,29
KLBG->DUD,17.24137931034483,12.0,25.85212781020686,29
KKT->CHAF,0.0,0.0,0.0,29
SXA->DGN,59.827586206896555,44.0,43.874878075139705,29
GOL->JRA,52.58620689655172,48.0,31.528351460436493,29
GOM->SUZ,0.0,0.0,0.0,29
SYA->BNU,76.55172413793103,0.0,120.5065458230668,29
CRK->TBN,75.62068965517241,68.0,61.20539996782697,29
GMTO->NHLN,2.689655172413793,0.0,10.184383873207416,29
GOGH->KAMG,29.517241379310345,0.0,45.51657523023514,29
BLS->TKPL,0.0,0.0,0.0,29
CHSM->VRI,3.6551724137931036,2.0,4.261755691772427,29
CPLE->KOX,0.0,0.0,0.0,29
SWA->JTB,12.862068965517242,5.0,15.644999515890586,29
SWJ->LBI,7.068965517241379,0.0,19.568434922604233,29
GPB->KUD,1.7586206896551724,0.0,5.322829352446961,29
GPD->MS,8.793103448275861,0.0,16.43250113634742,29
BNGN->SBE,21.482758620689655,2.0,45.66228569591507,29
GPI->GRBL,57.89655172413793,59.0,33.495569885739265,29
AQG->RDRA,21.0,16.0,21.07639166732023,29
GP->JSG,110.06896551724138,81.0,120.72132343142401,29
KKU->JOB,13.620689655172415,7.0,30.933585299919393,29
QSR->DWO,15.137931034482758,10.0,12.707489742923363,29
BKG->PNC,13.793103448275861,0.0,20.650803011617505,29
PLG->SAH,5.068965517241379,3.0,6.776698703660732,29
DIPA->ACPR,11.275862068965518,6.0,15.576760509820248,29
MQS->LNK,13.310344827586206,0.0,49.6545951321123,29
MQL->PIZ,23.517241379310345,16.0,25.320263891729052,29
ABSA->JWNR,0.0,0.0,0.0,29
YJUD->RAA,13.379310344827585,2.0,46.23187968823449,29
PKNS->GNH,23.344827586206897,15.0,29.933588231842464,29
KSW->PPR,15.379310344827585,15.0,7.523362627288072,29
PKO->BVRM,2.8620689655172415,0.0,5.8902106312752665,29
PKO->LKDU,0.0,0.0,0.0,29
PLH->NWP,28.93103448275862,9.0,60.31105740509113,29
KSG->MDJN,15.793103448275861,12.0,31.007348564890716,29
KSC->WRS,31.862068965517242,0.0,86.63664852125267,29
BLG->AY,49.275862068965516,50.0,44.96260076975414,29
CDH->RHA,9.862068965517242,8.0,13.629600502297079,29
RWL->QSR,20.517241379310345,20.0,16.043736404980987,29
RWO->WSJ,18.06896551724138,12.0,18.67376126027939,29
RWTB->ULG,27.103448275862068,28.0,20.34583991803836,29
JRU->MYK,31.79310344827586,27.0,23.937984326088507,29
NU->BELD,62.96551724137931,45.0,75.4555132694664,29
LKR->HTZ,25.96551724137931,22.0,16.4652941464782,29
LKR->SRY,27.896551724137932,5.0,84.76747389501395,29
AAS->PPR,22.785714285714285,15.5,24.068355039048978,28
DGR->SDAH,6.0,0.0,13.797476956689234,28
WANI->BUX,20.357142857142858,7.5,23.998787447323227,28
PM->BWSN,7.678571428571429,7.5,6.469607415123432,28
BMGA->PAW,11.035714285714286,5.0,20.561528518727762,28
IKI->GWD,5.392857142857143,3.5,6.232170335440704,28
BEHJ->GDO,14.892857142857142,11.0,10.740505835781926,28
LKS->NTZ,43.57142857142857,35.5,30.61641846077165,28
DGA->HJP,25.142857142857142,11.5,44.561829111433624,28
VTP->SEJ,0.5714285714285714,0.0,2.2513958045583786,28
MOJ->PARH,6.785714285714286,2.0,13.253531025960013,28
DLO->MDT,26.678571428571427,0.0,39.68211983904886,28
DPLN->NHR,14.392857142857142,14.0,13.939922114969962,28
DNK->KKU,32.035714285714285,23.5,25.68971857011361,28
DEEG->BEHJ,14.857142857142858,12.0,10.47294321967515,28
PNBE->JHD,4.214285714285714,4.0,3.7943148784497835,28
PGTN->KLGD,12.071428571428571,2.0,14.360255262944708,28
KLRS->LWS,0.0,0.0,0.0,28
TAT->MCU,54.714285714285715,54.5,30.690639353316577,28
TATA->GMH,11.535714285714286,6.5,14.773555310348844,28
CPU->CUK,52.107142857142854,43.0,42.81860039378377,28
SVPI->KCR,0.0,0.0,0.0,28
KBA->TAT,52.82142857142857,51.0,29.780746416818655,28
KBE->KJA,30.214285714285715,25.0,41.43031377470969,28
BE->HRI,120.32142857142857,99.5,90.5829080318866,28
LWS->BDWS,13.25,0.0,20.148752373837496,28
APK->MNM,20.321428571428573,1.0,81.23129007206818,28
BNO->AAS,20.428571428571427,14.5,23.349880753805387,28
GNST->VDH,2.3214285714285716,0.0,4.6987277350408725,28
KLGD->POY,1.3214285714285714,0.0,3.672254040157044,28
PVD->DIG,57.357142857142854,25.5,66.09320819352143,28
SFY->BRRG,14.535714285714286,3.5,23.08195084966726,28
BSL->CSMT,5.642857142857143,0.0,9.21839660563788,28
TEL->DIG,65.92857142857143,53.5,66.48136947124725,28
TBM->TLM,0.0,0.0,0.0,28
GMH->CNI,20.892857142857142,13.0,23.364010446132408,28
MHC->RPV,8.785714285714286,7.0,6.148514682769555,28
MHD->ADI,3.25,0.0,12.568700100735247,28
GMAN->PKR,6.178571428571429,1.0,11.155644880436661,28
PBE->MJZ,20.428571428571427,0.0,35.688392730149324,28
PTT->CTO,62.57142857142857,54.0,45.64308277593665,28
BXN->SMVJ,29.678571428571427,0.0,87.52906546734805,28
SURI->KOX,0.0,0.0,0.0,28
BYC->RDG,14.607142857142858,13.0,11.331173930599716,28
MEW->MHC,9.214285714285714,8.5,3.9474055507396986,28
SGF->GSW,14.071428571428571,8.5,22.520654834615577,28
KAW->SVPI,9.392857142857142,0.0,15.956745434697043,28
BDWS->RSJ,0.0,0.0,0.0,28
PURI->DEG,13.464285714285714,13.0,4.409435529988129,28
SUJH->TLC,3.5714285714285716,0.0,5.2523615248097295,28
MED->MZL,138.21428571428572,121.5,108.69371072570274,28
SEJ->DOK,2.4642857142857144,2.0,2.7417504932425496,28
BLS->CTC,65.92857142857143,27.5,98.4708750215678,28
BAWD->KBH,4.25,2.0,8.470537173048708,28
NBQ->NJP,46.357142857142854,15.5,72.52903085978963,28
TGQ->BIG,36.32142857142857,19.0,81.65421835803326,28
SUR->GUR,21.678571428571427,18.0,33.02081674677867,28
RAH->JBS,6.642857142857143,5.0,6.325810067957542,28
PARH->KAW,0.0,0.0,0.0,28
GSW->BTI,3.0714285714285716,0.0,13.922879043019835,28
PTRL->BWB,14.142857142857142,8.0,22.742869107438825,28
BTC->G,67.57142857142857,16.5,146.5902398275493,28
JYG->RJA,2.642857142857143,2.0,1.6378460497066512,28
BNQ->DLO,27.285714285714285,0.0,39.403757240345556,28
NCE->NCU,58.17857142857143,59.0,29.659866350974543,28
KMQ->MAQ,1.2857142857142858,0.0,4.044723520809347,28
BNTL->SL,8.785714285714286,3.5,12.041155176702024,28
MHRG->KNNK,15.892857142857142,20.5,15.5761909614554,28
MHT->GTST,23.178571428571427,0.0,58.53081086150969,28
CSN->KJ,46.892857142857146,34.5,73.03238210532939,28
KKJ->AMG,33.464285714285715,29.5,28.31500340790052,28
RAKD->MROA,22.714285714285715,28.5,13.872053288315408,28
RAM->BUM,65.25,54.0,44.82362554956267,28
GUR->HG,3.0714285714285716,0.0,6.525894696308054,28
GVH->JREA,10.107142857142858,9.0,8.14379693824868,28
MEJ->TME,0.0,0.0,0.0,28
MEM->SBTJ,19.571428571428573,7.0,29.69652501360383,28
MEQ->AYC,14.642857142857142,1.0,32.5965395638002,28
GTST->CPR,19.25,0.0,52.97422503933888,28
SUBR->GD,53.67857142857143,44.0,39.474373845270684,28
SUBR->ITE,25.857142857142858,13.5,26.19119768125994,28
NAWN->MNSR,13.607142857142858,6.0,24.92260506821555,28
MINA->TRWT,0.0,0.0,0.0,28
GGN->JP,10.678571428571429,7.0,13.140419891336613,28
TKG->NAK,18.142857142857142,0.0,23.28680167552282,28
STP->SPN,274.25,257.5,245.0696990805012,28
NG->TRT,29.642857142857142,28.5,6.0136528968690195,28
MIM->JEA,14.642857142857142,1.0,32.866975754366194,28
TIW->MMY,31.214285714285715,23.0,28.23624823317918,28
PTKP->JMKT,24.857142857142858,22.5,26.84070193611338,28
PCL->PIL,43.82142857142857,42.5,22.474765390657126,28
CHP->SID,11.821428571428571,3.0,20.20827401398592,28
SDDN->CIH,42.357142857142854,35.0,28.220316146107276,28
JMKT->PTKP,50.42857142857143,52.0,14.962740319994793,28
JMKT->WL,105.17857142857143,68.0,143.01568253074714,28
SDMK->SDLP,9.035714285714286,6.5,11.701478674706166,28
GKP->JEA,19.285714285714285,9.5,23.664095545560535,28
NAK->BORA,18.642857142857142,0.0,23.67404311604415,28
MJA->NYN,18.678571428571427,0.0,41.17717236296737,28
NAC->GA,33.142857142857146,27.0,24.85321990572931,28
NAC->MKN,7.964285714285714,0.0,26.881746722977415,28
MJNL->AIA,12.535714285714286,11.0,9.886324796880688,28
JDL->BMNL,0.0,0.0,0.0,28
LUSA->SKGH,51.07142857142857,48.5,49.0894335552213,28
JBS->GVH,8.75,6.5,8.090346327797327,28
TLM->MS,5.214285714285714,5.0,4.669500273501738,28
GGAR->CHM,2.142857142857143,0.0,5.48205345221205,28
NAVI->BD,6.964285714285714,7.5,5.181749617699518,28
TKU->NCE,0.0,0.0,0.0,28
TLC->RTGH,1.5357142857142858,0.0,2.63146407435161,28
JKNI->GAW,31.928571428571427,24.0,28.82890598177149,28
GG->VTP,0.0,0.0,0.0,28
GGA->CLG,4.321428571428571,2.0,6.164735862465499,28
GD->GADM,57.5,48.5,41.299717513158214,28
GCH->BSRL,26.25,20.0,25.76622106844828,28
MJZ->KHMA,16.428571428571427,0.0,33.83339197742982,28
BNY->PRZ,38.714285714285715,27.5,40.550706385460025,28
GZKA->OTD,3.1785714285714284,2.0,6.043383718785923,28
ASN->JMT,24.75,8.5,57.08967929040661,28
GWL->RENH,0.0,0.0,0.0,28
RBD->DIL,68.42857142857143,73.0,45.50736901778255,28
GDO->RAKD,16.25,14.0,11.381027096786028,28
KNAR->HSI,12.857142857142858,11.5,9.845902647385813,28
PCOI->CKTD,11.0,3.5,21.07833713309227,28
PCR->BMGA,11.5,6.5,20.525503557679073,28
BLO->CAG,21.321428571428573,0.0,93.25316142845837,28
BLP->ITE,55.392857142857146,47.5,30.70690510559508,28
JMS->JDL,41.785714285714285,33.5,30.58728511296827,28
BHKD->PTRU,7.321428571428571,5.0,6.874825635114502,28
CTO->SIE,65.57142857142857,55.0,47.238895282523565,28
TNGL->BYC,20.535714285714285,18.5,13.008493358990483,28
CUK->SBDR,51.642857142857146,42.0,42.7067643923972,28
PRZ->BNY,39.67857142857143,32.5,29.375037993896402,28
CVP->KDU,5.821428571428571,0.0,7.698261330536104,28
ATH->DXD,19.785714285714285,0.0,86.80431681655826,28
HAS->SBGA,2.6785714285714284,0.0,3.73227734498579,28
KJ->PC,47.857142857142854,38.0,74.40515428467965,28
KJA->MEQ,0.0,0.0,0.0,28
LAR->RKMP,10.678571428571429,0.0,32.04632476926069,28
PAK->PTT,52.92857142857143,44.0,43.16456757781657,28
KJM->KPD,7.071428571428571,6.0,6.638432274926292,28
KJME->UDL,9.071428571428571,2.5,20.504612979501793,28
KAD->KJT,21.214285714285715,22.5,13.146911038006982,28
KAH->BET,8.428571428571429,0.0,15.912791433841242,28
CUR->BUB,8.035714285714286,5.0,6.914730078860062,28
GAL->PSL,14.5,12.0,10.768610075723002,28
GAMI->DPLN,14.0,13.5,13.083775647158781,28
AMH->SAA,20.928571428571427,0.0,53.709733286765164,28
KZK->VAK,9.607142857142858,10.0,6.522549409061674,28
HGL->UMD,11.571428571428571,9.5,5.391547372395338,28
SQW->GOPG,14.535714285714286,14.0,7.603518400286282,28
ATP->KRNT,11.678571428571429,13.5,8.91961455498632,28
MCU->TKU,58.25,59.0,29.419853462887573,28
HDP->URI,18.642857142857142,12.5,20.79568025961924,28
HEM->HDGR,78.85714285714286,66.5,62.19486359982678,28
HDGR->BOKR,73.39285714285714,59.5,61.772785141411454,28
ATRU->POR,19.5,0.0,91.94342060524284,28
PDH->WTJ,7.964285714285714,0.0,11.213358907544963,28
AMPR->PGK,18.642857142857142,11.5,25.336570386336803,28
GD->SUBR,22.464285714285715,11.0,23.4370427644994,28
MZL->MED,27.857142857142858,25.0,32.37822117333203,28
GA->SBR,31.142857142857142,25.5,25.594724985628332,28
GAD->KRBA,1.6071428571428572,0.0,5.115982840401287,28
TPF->SNT,4.428571428571429,3.0,3.833850896737209,28
CIH->SDDN,38.57142857142857,24.0,42.682660692716,28
CIH->SOT,44.142857142857146,35.5,27.809822785955387,28
JEA->GKP,13.428571428571429,0.0,31.35274643463805,28
JEA->MIM,23.071428571428573,13.0,24.04460141368239,28
SPP->BCA,4.107142857142857,3.0,3.909525742899199,28
REN->JAC,22.178571428571427,12.5,26.06125771023251,28
RENH->MOJ,5.25,0.0,13.18704470865812,28
JWB->NANA,18.821428571428573,11.5,25.448646287840102,28
CBU->VM,2.4285714285714284,3.0,2.0625150312102583,28
TOI->DUE,8.428571428571429,7.0,8.58693482771645,28
GAW->JKNI,0.0,0.0,0.0,28
GAW->KPE,32.42857142857143,24.5,29.365422563417034,28
PRZ->SOT,43.32142857142857,35.0,40.80400631331354,28
TRWT->GUNA,20.571428571428573,0.0,98.20817970437372,28
TSD->AUS,20.5,17.0,17.86886387816238,28
TSR->NDO,74.96428571428571,74.0,74.41001632240466,28
PRWD->DD,17.178571428571427,15.5,10.842486975298785,28
PDPL->KOLR,34.642857142857146,39.5,29.876553777309486,28
PDR->BEU,24.571428571428573,11.5,26.421692226385122,28
KNSR->JMS,34.67857142857143,23.0,31.18766799426714,28
SOT->CIH,40.285714285714285,27.5,42.23992945320387,28
SOT->PRZ,45.714285714285715,37.0,29.054045607067636,28
HJP->MNO,3.4642857142857144,2.0,3.23730732710979,28
KCR->KLRS,9.178571428571429,0.0,16.076330822000795,28
CI->MEW,6.357142857142857,6.0,3.5403942625633573,28
KNLS->KMBL,13.107142857142858,0.0,18.457838414662724,28
GADM->BGAN,54.0,46.5,43.06842101689925,28
GADM->GD,17.892857142857142,6.0,23.244815090067473,28
G->BTC,206.28571428571428,1.0,377.47188829769357,28
BMK->MBY,16.892857142857142,10.5,23.785054887025925,28
BMNL->DHRR,43.07142857142857,38.0,29.226989773442817,28
HMO->ENB,11.107142857142858,7.5,8.220747400978079,28
HMO->TIBI,0.0,0.0,0.0,28
AUS->SDMK,21.464285714285715,22.0,17.998934418782692,28
CNB->MZP,30.321428571428573,26.5,38.18478810112794,28
HMH->NAWN,0.0,0.0,0.0,28
SOG->AS,15.75,0.0,34.068150652609376,28
SOG->RMH,17.285714285714285,10.0,25.27018026413762,28
KIR->BJU,51.142857142857146,27.0,67.83242657636607,28
BGAN->BEU,57.392857142857146,52.5,43.06527284097623,28
OSN->TIW,26.321428571428573,17.5,26.86461747275907,28
OTD->RAH,4.392857142857143,3.0,6.349915634985127,28
AMG->LNWT,7.214285714285714,0.0,21.417122161791994,28
MLC->MHJ,42.42857142857143,43.0,28.649127155508367,28
MLD->KKJ,71.85714285714286,80.0,48.30743695962834,28
TTP->MTT,0.0,0.0,0.0,28
FL->MKN,37.25,0.0,133.5083920236505,28
MLDT->BKRD,2.0357142857142856,0.0,3.4585604247490327,28
MLDT->HCR,4.571428571428571,0.0,8.706866474772875,28
BQP->RRS,10.571428571428571,11.0,9.386470055660974,28
DABN->BMK,15.357142857142858,7.0,24.92836297118767,28
TRL->AVD,23.678571428571427,25.5,9.04742063274501,28
SBT->CBCC,0.0,0.0,0.0,28
SBTJ->MBDP,19.178571428571427,10.5,35.48923005272796,28
KCI->VLD,47.142857142857146,46.0,25.60195925042295,28
KCM->MVA,0.0,0.0,0.0,28
BGAN->GADM,28.071428571428573,16.0,27.197397167714644,28
LBT->GHD,2.0714285714285716,0.0,4.027025107561563,28
KIGL->BGNR,17.964285714285715,18.5,11.298908970132642,28
KIGL->CNPA,17.928571428571427,19.5,10.831806974279145,28
AWR->GZKA,2.25,0.0,5.641283016661553,28
UDL->UKA,8.428571428571429,6.5,8.58693482771645,28
MLGH->BUDI,8.321428571428571,0.0,24.118616709041834,28
PPU->SLN,29.464285714285715,24.0,36.997980067843294,28
PDY->VI,0.0,0.0,0.0,28
KOU->TPTY,15.607142857142858,15.0,10.44682934608599,28
KOX->CPLE,11.5,7.0,20.538130752695455,28
JAM->KNLS,13.5,0.0,18.371677074195446,28
CKB->BNLW,25.571428571428573,7.5,49.270552073092325,28
SIE->PYX,0.0,0.0,0.0,28
JAC->DNA,25.678571428571427,18.5,25.94303384901244,28
KDF->PPU,31.964285714285715,27.0,40.516555503167716,28
LNL->KAD,11.964285714285714,10.5,8.724092408943658,28
LNWT->LKO,39.535714285714285,28.5,38.48470801919577,28
AKT->KTSH,0.0,0.0,0.0,28
KOLR->PDPL,36.607142857142854,40.5,19.147264161433743,28
PDR->CLW,61.142857142857146,57.0,41.932674686325534,28
RSJ->MINA,12.75,0.0,19.889742377714498,28
DXD->KOTA,14.392857142857142,0.0,76.15984131135929,28
EKM->NG,29.785714285714285,30.0,7.997023255710898,28
MVA->MGB,54.75,54.0,29.75781876713711,28
KPE->GAW,53.82142857142857,43.5,31.431352089591922,28
MBDP->KDF,27.75,22.5,39.62848302252644,28
NJP->NBQ,68.42857142857143,20.5,96.05069208358391,28
MB->NDLS,46.892857142857146,0.0,115.89565526823218,28
AYC->ABP,17.285714285714285,2.0,36.06666373265252,28
CLW->BRK,41.607142857142854,34.5,37.351522638123384,28
CLW->PDR,22.75,7.5,26.52270166675529,28
HOJ->APDJ,11.357142857142858,0.0,25.16348660661034,28
ENB->TIBI,0.0,0.0,0.0,28
DCU->MPT,0.0,0.0,0.0,28
JUCT->BNO,15.714285714285714,10.0,15.988090805942013,28
RPV->DWDI,10.607142857142858,9.5,6.214316122287701,28
AIA->KNAR,0.0,0.0,0.0,28
UMD->HGL,2.0,0.0,9.30551409609338,28
POU->RKL,9.428571428571429,4.5,11.631466171167128,28
JTJ->SBC,2.8214285714285716,0.0,7.458793326242381,28
RTA->DHR,19.25,0.0,93.93126919899109,28
SBDR->LUSA,50.75,37.5,43.24060591619872,28
CLJ->BBK,34.714285714285715,27.0,24.48258208189703,28
BET->BAQ,9.071428571428571,0.0,16.706460430199453,28
CAG->ATRU,21.178571428571427,4.0,47.184471371674164,28
BEU->BGAN,24.607142857142858,12.0,26.421567068385748,28
BEU->PDR,60.214285714285715,57.5,41.67631634292243,28
HSA->HOJ,0.0,0.0,0.0,28
BWL->MJNL,0.0,0.0,0.0,28
PFM->MEM,13.071428571428571,0.0,29.047762164622707,28
UKA->KJME,11.285714285714286,4.5,20.395818639844244,28
BOW->MKN,30.821428571428573,24.0,26.284840823996962,28
BHW->GMAN,2.392857142857143,0.0,6.822290729194322,28
POR->BAZ,17.857142857142858,0.0,90.4223482232189,28
MTT->TTP,25.214285714285715,0.0,88.797462902886,28
MMY->RKB,28.785714285714285,21.5,27.928953704470473,28
DDL->UMB,135.42857142857142,28.5,213.02154795743058,28
RKB->JUCT,0.0,0.0,0.0,28
SLN->KBE,29.107142857142858,24.0,40.08078812498048,28
BMJ->SDDN,19.357142857142858,18.5,9.161975711700993,28
JOB->BOBS,25.0,21.0,25.495097567963924,28
LMK->GDA,2.7857142857142856,0.0,12.755121390763858,28
SBIB->GG,1.2857142857142858,0.0,3.847626905539674,28
DUJ->PCR,12.392857142857142,8.0,20.75846866134449,28
UOI->BOR,6.928571428571429,6.0,7.807539430426974,28
DWD->BAWD,4.464285714285714,3.0,6.2211237692543095,28
DWDI->SQW,13.285714285714286,13.5,6.69359640284898,28
URI->HDP,20.714285714285715,19.0,19.834233673041805,28
VM->MTL,5.0,4.0,3.299831645537222,28
DOB->NUA,3.142857142857143,0.0,4.640516300412222,28
DUE->POU,9.25,7.0,10.243787638622013,28
MTL->TMV,4.857142857142857,4.5,3.535159755563318,28
MTPC->BLO,21.321428571428573,0.0,93.64276230022762,28
DTO->LBT,0.0,0.0,0.0,28
PNU->CHP,11.357142857142858,2.5,20.197569134472566,28
BWB->SGF,14.214285714285714,8.0,22.756939752047213,28
PNVL->LNL,13.357142857142858,0.0,30.723635835327155,28
MAKR->MNV,22.321428571428573,0.0,51.01419814814708,28
ITE->BLP,31.5,24.0,27.560707403704146,28
IAA->RTP,22.964285714285715,0.0,55.854627543198404,28
MAU->BTT,20.0,13.5,36.340977789083595,28
MAP->TPT,7.821428571428571,3.5,13.485392842102158,28
HWH->KQU,4.714285714285714,3.5,6.163555628808585,28
DD->PRWD,28.785714285714285,24.5,22.191685367968326,28
SAN->RBD,67.07142857142857,72.0,45.17449999430486,28
JREA->BINR,11.821428571428571,10.0,8.22846716938653,28
NVS->GNST,0.0,0.0,0.0,28
RTP->RSR,24.107142857142858,0.0,56.85481137704686,28
KTSH->JRMG,19.25,18.0,11.597014302860057,28
KRH->GAL,0.0,0.0,0.0,28
DNWH->HIL,40.75,18.0,57.41313890146156,28
DNRP->SJS,12.464285714285714,0.0,27.486673057450872,28
RKL->CPJ,1.7142857142857142,0.0,4.689287578024831,28
SKGH->CAR,43.32142857142857,44.5,43.544828813558524,28
SIP->MHT,16.214285714285715,0.0,55.86117524247856,28
SBBJ->IKI,4.785714285714286,3.5,5.626374023834947,28
JP->GGN,1.0714285714285714,0.0,3.207959677272345,28
VI->CBU,4.607142857142857,4.0,1.3968028497458764,28
VLD->MPL,48.464285714285715,46.5,25.85641569909164,28
DUJ->UDL,4.428571428571429,0.0,10.584504997010772,28
NUA->JJN,5.821428571428571,4.0,6.738796306565117,28
ZW->SES,14.25,0.0,28.370074217582,28
SAA->MMA,21.25,0.0,53.980534900537506,28
BUI->BSB,22.178571428571427,0.0,64.93988876983971,28
DIG->PVD,66.07142857142857,54.5,66.65273663989574,28
LGH->KNSR,20.357142857142858,12.0,26.743243225178542,28
KDU->MEJ,7.892857142857143,2.0,9.413698787815807,28
RMH->AMPR,0.0,0.0,0.0,28
ITE->SUBR,54.75,48.0,32.840382773968095,28
KRY->KCM,54.964285714285715,54.5,29.409600527287058,28
DLC->LKS,43.464285714285715,35.5,30.646711071025216,28
MPL->KBA,48.035714285714285,46.5,28.08780167928069,28
MRSH->CNDB,9.5,10.0,9.032861816312291,28
DHRR->DLC,44.75,39.0,30.579132318189366,28
MROA->BTSR,22.571428571428573,26.0,18.611881054909965,28
MPT->PCL,39.92857142857143,39.5,21.20609376331277,28
PAW->DUJ,9.178571428571429,7.0,9.035131315238198,28
PYX->RAM,65.32142857142857,52.5,47.733871483177296,28
BRK->CLW,22.642857142857142,8.0,25.81158839045159,28
BRKA->BHKD,5.607142857142857,4.0,6.045134472751685,28
GOPG->THE,7.071428571428571,5.0,6.34168204949848,28
NMZ->BNQ,26.321428571428573,0.0,33.89532205397755,28
CPLE->DUJ,11.357142857142858,7.0,20.514158228664606,28
BD->BSL,10.0,6.5,10.832051206181283,28
PLG->UOI,0.0,0.0,0.0,28
DIG->TEL,68.14285714285714,73.0,63.510695678826146,28
DIL->MLD,69.78571428571429,73.5,45.019631226468256,28
DHR->MTPC,20.107142857142858,0.0,93.6183502452671,28
BUB->FPS,10.321428571428571,7.5,8.073980024693736,28
BUM->KPD,18.392857142857142,0.0,29.972010752891244,28
BSRL->BOW,27.821428571428573,21.5,25.851504106149502,28
NTZ->MLC,43.107142857142854,35.0,30.917260294647452,28
RYP->MDR,49.51851851851852,24.0,103.1300039794323,27
KSI->RE,1.6666666666666667,0.0,3.0,27
PLG->BL,8.555555555555555,8.0,9.927945535915402,27
DIB->RG,4.62962962962963,3.0,7.67186742961255,27
DHH->DWT,11.296296296296296,5.0,13.137775291164772,27
LGH->NAL,14.592592592592593,6.0,18.994451131558755,27
ODB->BRQ,87.29629629629629,95.0,52.83487689513638,27
BTE->BKI,142.1851851851852,4.0,267.81926124750004,27
KDPR->AZR,13.185185185185185,7.0,20.941377952305587,27
CKD->RE,5.0,0.0,16.72170399855782,27
KRNN->ATL,115.18518518518519,108.0,104.47967672711687,27
BINR->JREA,18.0,16.0,12.01601495441044,27
JSB->BSZ,25.333333333333332,19.0,24.381581951578497,27
BDH->PCQ,10.666666666666666,10.0,7.514089330154285,27
JREA->GVH,18.51851851851852,17.0,12.441773217581199,27
SAGM->JTW,41.03703703703704,0.0,61.33293849742847,27
JRK->SGO,15.407407407407407,6.0,22.84943907619761,27
KTRR->PTRE,13.962962962962964,6.0,24.43906312172801,27
BJNR->AII,5.296296296296297,0.0,15.602797616046088,27
BJM->AYV,0.0,0.0,0.0,27
PNBE->PPTA,5.0,2.0,8.611262750250173,27
PNBE->MKA,85.81481481481481,0.0,237.1281764779801,27
MSW->GD,39.629629629629626,22.0,56.3171979117106,27
MOMU->THKU,10.407407407407407,0.0,15.254909069288178,27
VLT->MPI,12.88888888888889,15.0,12.619683445174458,27
DNRE->UREN,17.0,6.0,20.43752205362254,27
RMPR->DNRE,12.88888888888889,4.0,17.31902762711342,27
NLR->VDD,8.444444444444445,0.0,18.831915081611474,27
KIAT->DBL,35.48148148148148,36.0,31.28082525270119,27
HRT->KRNN,121.0,118.0,104.12086172402648,27
NJP->KIR,51.7037037037037,3.0,87.96538428216427,27
MBA->SPDM,14.74074074074074,0.0,35.288473376959125,27
OKL->EDN,13.666666666666666,13.0,6.933752452815364,27
HSR->SWNI,6.37037037037037,4.0,6.7774975421960075,27
HSI->KNAR,0.0,0.0,0.0,27
SM->KDPR,9.148148148148149,3.0,18.938572165543942,27
AYC->GTNR,0.37037037037037035,0.0,0.7916947813271392,27
AYV->AYVN,11.666666666666666,11.0,6.214127824190988,27
AYC->SHG,60.0,28.0,100.3857942754237,27
BELD->NU,12.74074074074074,0.0,35.24157574468913,27
KGI->GNB,0.0,0.0,0.0,27
SKZR->WL,65.51851851851852,50.0,92.00600748378015,27
BRQ->SVQ,86.70370370370371,110.0,56.01978689906384,27
MAAR->PLCJ,10.851851851851851,7.0,13.827797265218246,27
NMDA->MRND,7.666666666666667,2.0,13.020693588993698,27
KCG->KMC,36.111111111111114,2.0,58.20410594380733,27
SPDM->KURJ,9.62962962962963,0.0,26.156552566522258,27
HJP->DGA,21.925925925925927,11.0,34.654254845796046,27
AUNG->SSL,16.814814814814813,9.0,21.94580218671064,27
CNB->BZM,8.703703703703704,0.0,24.141911871927398,27
RGD->SILO,117.55555555555556,125.0,73.4298898129959,27
RG->BBA,8.148148148148149,6.0,10.143977765171062,27
OTD->GZKA,18.037037037037038,19.0,13.757463656786678,27
NHT->PKR,9.814814814814815,3.0,20.662185894186653,27
SNT->BSLE,8.25925925925926,8.0,6.180568760189485,27
NHY->PANP,3.185185185185185,3.0,3.174865679012591,27
BZM->KTRR,12.777777777777779,4.0,24.15388698347031,27
LBT->DTO,17.296296296296298,0.0,29.945867590620676,27
RNO->BJW,16.74074074074074,11.0,17.73434866317685,27
JBS->RAH,21.444444444444443,18.0,12.947626255071839,27
PANP->Y,12.37037037037037,13.0,3.596452826671432,27
SSL->CNB,11.703703703703704,0.0,25.53702412458431,27
SSD->FBD,3.4444444444444446,3.0,3.640935354604673,27
HCR->MLDT,49.51851851851852,0.0,99.94974520703676,27
GZKA->AWR,6.703703703703703,7.0,7.161944379387995,27
ASN->JSME,19.40740740740741,13.0,33.07946057980257,27
HAR->JSB,21.925925925925927,15.0,24.46178483633027,27
BKO->AUNG,19.59259259259259,16.0,22.719458382051922,27
KIUL->RMPR,0.0,0.0,0.0,27
BGM->SXB,5.7407407407407405,3.0,5.019903405388415,27
HBF->SPRM,0.0,0.0,0.0,27
ATL->KRNN,61.44444444444444,50.0,55.047066108735415,27
REI->KMZ,6.444444444444445,0.0,13.613718571108091,27
SPRM->PLH,24.0,0.0,60.4775864394278,27
SEU->MJ,24.59259259259259,6.0,41.903055937080495,27
BAPR->RDN,8.11111111111111,8.0,4.388212649406391,27
NMZ->DDM,93.22222222222223,99.0,51.455233219187974,27
CPP->GVI,40.407407407407405,0.0,71.0737749207222,27
NDZ->KHT,13.777777777777779,7.0,20.763009514580588,27
RAH->OTD,21.85185185185185,21.0,14.114105611337093,27
SUL->PCH,13.296296296296296,12.0,5.524872534657838,27
GVH->JBS,20.62962962962963,17.0,12.710226494829175,27
GVA->TMB,0.0,0.0,0.0,27
STA->SAGM,39.111111111111114,0.0,58.387520619585864,27
RAKD->GDO,12.88888888888889,9.0,12.2673216101633,27
GYM->VLT,9.518518518518519,0.0,13.07778612871804,27
COB->NCB,10.814814814814815,7.0,11.675210546732822,27
GVI->VZM,36.074074074074076,0.0,65.58724426050091,27
ST->MRL,6.185185185185185,4.0,7.000203497245562,27
MDR->RYP,45.148148148148145,8.0,77.65094665018268,27
KLMR->AWY,8.666666666666666,0.0,12.009611535381534,27
KLYT->DTRD,16.59259259259259,9.0,17.74013107934242,27
KAN->TIT,5.0,3.0,5.463163355250678,27
BDWS->MINA,24.333333333333332,17.0,41.163837751861024,27
BARH->KIUL,21.962962962962962,8.0,34.898183203186825,27
BLTR->DEOS,66.25925925925925,34.0,90.71111906765962,27
PVD->TEL,28.85185185185185,29.0,26.56444081228731,27
GNT->MRGA,10.74074074074074,9.0,10.094143742375472,27
NDKD->SAP,126.33333333333333,106.0,146.64425819492033,27
SYA->REI,22.296296296296298,0.0,32.409417927052786,27
SXB->SBH,7.37037037037037,5.0,4.716160010237698,27
MGB->KRY,5.518518518518518,5.0,4.291049453584217,27
SWNI->SDLP,3.888888888888889,0.0,5.78681082178945,27
BGWD->CKR,13.88888888888889,12.0,6.014938667973863,27
KYT->CAR,13.185185185185185,4.0,23.853780601884665,27
GPB->BGWD,0.0,0.0,0.0,27
GIMB->SIOB,24.37037037037037,17.0,26.470808520022647,27
GID->MRK,27.962962962962962,21.0,34.150663335692414,27
SED->VJR,18.925925925925927,19.0,8.530154322374992,27
PTRU->BHKD,26.37037037037037,0.0,38.20506223822676,27
GKH->NRX,13.74074074074074,12.0,8.658444488974967,27
NCB->DHH,22.074074074074073,0.0,40.505389884392045,27
GLY->BABR,19.25925925925926,4.0,31.272490482349834,27
BRH->BJRI,7.925925925925926,0.0,33.89681846419074,27
BNQ->NKB,76.48148148148148,81.0,48.10754808069293,27
PCH->PRKH,0.0,0.0,0.0,27
KMJ->SSD,10.0,11.0,4.945860740208772,27
GMD->ET,8.25925925925926,0.0,33.25148069877443,27
TCR->GUV,0.07407407407407407,0.0,0.3849001794597505,27
GNB->NYH,23.88888888888889,28.0,15.80490024628032,27
GNPR->PLSG,0.0,0.0,0.0,27
TATA->PRR,86.77777777777777,25.0,173.73572621686813,27
MINA->GUNA,27.925925925925927,0.0,76.33374388722498,27
GHD->LBT,0.0,0.0,0.0,27
SCT->BJM,9.11111111111111,9.0,5.549312731759834,27
BSLE->AMP,8.555555555555555,8.0,6.547655677553217,27
CHE->DUSI,39.7037037037037,2.0,70.5166727774442,27
BJW->BRC,0.8888888888888888,0.0,3.3892741829452935,27
KYE->JRK,24.74074074074074,22.0,31.286016282275618,27
KMZ->SBD,13.962962962962964,0.0,21.865817160901173,27
TIU->ULM,41.370370370370374,8.0,67.41612917495688,27
TIT->BWN,5.37037037037037,5.0,5.930028850287506,27
THKU->CHKE,10.185185185185185,2.0,14.657728434140225,27
BNV->BNQ,72.03703703703704,67.0,40.82371245459553,27
BNU->SYA,25.296296296296298,0.0,34.49617014953624,27
KMS->DDU,17.333333333333332,13.0,19.736728744613725,27
PTRE->GTM,13.11111111111111,5.0,24.59570527447257,27
GJN->KLYT,15.555555555555555,7.0,17.884960018736273,27
TMB->PDSN,0.0,0.0,0.0,27
SDDN->BMJ,49.55555555555556,55.0,39.22943688034176,27
JMP->RPUR,23.77777777777778,17.0,23.9411672058713,27
BSPN->FGSB,0.0,0.0,0.0,27
PCQ->GKH,11.925925925925926,11.0,7.868759681003031,27
GDO->BEHJ,13.518518518518519,11.0,11.593666607812448,27
MJNL->BWL,14.555555555555555,12.0,10.093155843035165,27
MJG->TKYR,43.03703703703704,0.0,69.62066530159733,27
NAC->JP,11.88888888888889,12.0,6.4767829937954495,27
MJA->PCOI,17.0,9.0,19.800932378979606,27
NAL->GJN,15.666666666666666,7.0,18.34498464263357,27
BHKD->BRKA,7.555555555555555,0.0,18.54378049028285,27
TKYR->MKD,48.0,0.0,80.90782980081053,27
BNVD->PBR,9.407407407407407,0.0,30.385040928896444,27
CTHR->MJG,40.592592592592595,0.0,67.5501291117933,27
CSMT->KJT,15.37037037037037,13.0,14.156129817009004,27
JNR->DBG,212.96296296296296,194.0,120.563893523942,27
LRI->KNGR,0.0,0.0,0.0,27
RPR->BXR,14.666666666666666,9.0,23.83275057562597,27
GAL->KRH,14.518518518518519,11.0,12.73206240580893,27
PSL->GAL,0.0,0.0,0.0,27
TPF->MLV,7.222222222222222,7.0,3.8263593193825436,27
MYS->NHY,1.6296296296296295,2.0,1.7353374344478398,27
MKD->MKP,24.22222222222222,0.0,63.39578567243757,27
MKA->MOR,40.51851851851852,24.0,48.95081548025872,27
AMP->KPLE,9.851851851851851,9.0,6.825876690403409,27
KNAR->AIA,21.74074074074074,23.0,14.415783531075057,27
KNGR->HBF,0.0,0.0,0.0,27
CTRE->AVN,0.0,0.0,0.0,27
CTPE->KLQ,5.407407407407407,5.0,4.700730379086435,27
TMQ->KGD,6.62962962962963,5.0,6.645693505213896,27
TML->OKL,0.0,0.0,0.0,27
MWM->YPR,1.1851851851851851,0.0,1.8194892993753247,27
TWB->FZR,6.777777777777778,4.0,8.509421626071681,27
FGSB->SIR,9.0,2.0,12.863185393266262,27
PRKH->GKK,14.518518518518519,13.0,5.32317408471509,27
BBU->DGO,21.22222222222222,17.0,19.45079261452688,27
CHD->KTE,40.81481481481482,5.0,116.7163020177351,27
BSP->PND,87.03703703703704,32.0,118.24078480322765,27
SBZ->GKP,30.555555555555557,6.0,61.61189528837465,27
BBK->CLJ,32.48148148148148,31.0,18.82381954695121,27
ALJN->DIB,2.3333333333333335,0.0,7.264243303278791,27
BWT->BNCE,0.0,0.0,0.0,27
BTT->MAU,23.333333333333332,18.0,21.17509422374823,27
BTT->BLTR,111.37037037037037,29.0,146.76227458773332,27
BTSR->MROA,7.518518518518518,5.0,10.24458720259469,27
AMG->HRI,20.666666666666668,2.0,50.17124521231107,27
GAJ->DMO,25.333333333333332,5.0,32.37995581314988,27
EDN->PUU,0.07407407407407407,0.0,0.3849001794597505,27
MMCT->ADH,12.518518518518519,12.0,1.847459177656008,27
AJJ->CTRE,9.148148148148149,9.0,5.789271933125056,27
EKN->KFV,0.0,0.0,0.0,27
JTW->CTHR,47.48148148148148,0.0,70.62543144612687,27
NWR->KTE,35.407407407407405,0.0,48.07066853902881,27
AKD->MKC,17.037037037037038,7.0,29.909455002983567,27
UHR->LGCE,34.25925925925926,0.0,51.910864871796264,27
UGR->SED,17.25925925925926,17.0,8.136303226861092,27
DBL->BAW,20.85185185185185,0.0,31.736540095101372,27
UDR->BUU,25.962962962962962,0.0,41.030459118788514,27
AKN->NAT,20.62962962962963,10.0,27.69358180038243,27
KUV->CTPE,0.0,0.0,0.0,27
PDSN->TEK,0.0,0.0,0.0,27
BWN->NH,3.3333333333333335,0.0,10.026886931568617,27
UBR->VAPI,8.62962962962963,5.0,13.23209428202199,27
MUE->NZB,22.555555555555557,8.0,48.94921491735736,27
MUE->DAB,29.48148148148148,21.0,25.512244979120197,27
UREN->KJH,14.296296296296296,5.0,17.704442760146208,27
AHA->MSDN,17.14814814814815,6.0,21.06528990416317,27
DUJ->PAW,1.3333333333333333,0.0,2.935197542821371,27
SBH->SUL,10.592592592592593,9.0,5.146016078626404,27
BDL->MNF,14.333333333333334,7.0,20.157075489953705,27
JTL->KAN,3.6666666666666665,2.0,4.6492348419266385,27
DWT->COB,0.0,0.0,0.0,27
BPS->JTL,14.37037037037037,13.0,8.779995392272088,27
AIA->MJNL,0.0,0.0,0.0,27
ULM->CHE,41.592592592592595,4.0,71.41226960902623,27
UKA->UDL,0.1111111111111111,0.0,0.5773502691896258,27
KPLE->PNE,10.592592592592593,10.0,6.962864459508133,27
BJO->MZM,0.0,0.0,0.0,27
EDP->KTHY,0.0,0.0,0.0,27
PND->BSP,68.77777777777777,18.0,130.47644447984686,27
SBD->NWR,35.55555555555556,7.0,47.050164173124294,27
CGR->HWH,3.1481481481481484,0.0,5.020754645267702,27
NRX->BPS,14.11111111111111,13.0,9.048303425051289,27
SBC->MWM,0.0,0.0,0.0,27
VJR->MRJ,2.1481481481481484,0.0,4.80947545279671,27
DDU->KYT,11.703703703703704,2.0,24.36708816734133,27
DRO->BAPR,0.0,0.0,0.0,27
PNP->GNU,24.88888888888889,23.0,26.04040253342033,27
DTRD->NKRA,17.25925925925926,9.0,17.217148411691163,27
MNF->MJA,20.962962962962962,13.0,20.177065200716385,27
VDD->NDZ,10.74074074074074,4.0,19.65587129468639,27
DUSI->PDU,39.666666666666664,2.0,70.41088202609244,27
DDM->ODB,0.0,0.0,0.0,27
DVL->KSRA,9.148148148148149,0.0,18.987250183101015,27
MMR->NR,13.518518518518519,0.0,20.58074225014617,27
IPL->KLMR,9.0,0.0,12.437536238833946,27
KSB->BH,8.11111111111111,3.0,14.415091806675106,27
Y->MYA,13.037037037037036,14.0,6.32140126555133,27
MROA->RAKD,8.814814814814815,7.0,10.2207821356483,27
MRND->NMDA,9.481481481481481,8.0,5.430472216117903,27
MRND->BSPN,16.85185185185185,15.0,16.61950592550745,27
MPI->AB,12.666666666666666,10.0,13.17631908445544,27
MOR->PHK,38.22222222222222,18.0,49.28982835725013,27
PLSG->BSDR,0.0,0.0,0.0,27
KTHY->TML,9.222222222222221,9.0,6.116392434291346,27
PHM->GVA,0.0,0.0,0.0,27
DGO->KMS,7.555555555555555,0.0,14.830668155842403,27
MOGA->TWB,13.88888888888889,10.0,14.815099712360341,27
MSDN->DRH,15.666666666666666,6.0,18.896479118526898,27
DMM->MGB,2.2962962962962963,2.0,2.4149345398807047,27
KRNN->HRT,68.22222222222223,58.0,55.929442730127064,27
AZR->DLK,45.0,49.0,30.9229812474601,27
AYVN->EDP,0.0,0.0,0.0,27
SIRD->BAF,14.407407407407407,9.0,16.251057383963236,27
SILO->RGD,78.44444444444444,60.0,62.5756977485505,27
SILO->NLD,134.8148148148148,147.0,58.94458743145453,27
SKB->CNB,29.25925925925926,27.0,17.03072470699894,27
CKD->KSI,5.2592592592592595,0.0,7.993230754315672,27
KFV->KUV,0.6296296296296297,0.0,1.3344012817090594,27
KGD->VPT,8.037037037037036,7.0,6.111033410539443,27
IDGJ->PCOI,24.0,0.0,57.90775157358204,27
BAF->MAAR,12.407407407407407,6.0,16.60226874964165,27
NKRA->SIRD,15.703703703703704,10.0,16.624390827045975,27
LGCE->STA,34.96296296296296,0.0,54.67208645220188,27
BEHJ->DEEG,15.407407407407407,13.0,11.613186335631443,27
NLD->SILO,49.888888888888886,0.0,62.62362133187403,27
BSDR->LRI,0.0,0.0,0.0,27
AAM->CQA,0.0,0.0,0.0,26
AAM->PKQ,0.0,0.0,0.0,26
AAS->BNO,4.153846153846154,0.0,7.8009861309570745,26
ABR->MJ,1.5,0.0,7.061161377563892,26
MRHA->TELY,0.0,0.0,0.0,26
MRDL->NBT,0.0,0.0,0.0,26
MRDL->BDPK,48.84615384615385,46.5,22.605649396011266,26
BUI->CHR,9.307692307692308,10.0,8.47947748753061,26
PKQ->MLTR,0.0,0.0,0.0,26
PKQ->AAM,5.3076923076923075,5.5,3.3677200687614253,26
KSX->PRR,3.730769230769231,2.0,4.952233373399863,26
YPR->HUP,14.115384615384615,8.5,16.214381081193135,26
DHE->JNU,15.73076923076923,3.5,33.4431549855066,26
WTJ->JALD,42.53846153846154,32.0,45.597570785497574,26
ABRV->ARPR,0.5384615384615384,0.0,2.7456258919345764,26
KRYP->KYND,0.0,0.0,0.0,26
PLRD->MTSI,4.0,0.0,6.144916598294887,26
KTGG->SIDG,53.92307692307692,92.0,46.754613100247624,26
KTHU->LDH,38.26923076923077,8.0,84.88936691591364,26
PLW->UJN,9.23076923076923,6.0,10.955574625943424,26
DL->THAN,22.615384615384617,0.0,50.56012414785148,26
WLGN->NAVI,5.5,3.0,5.27825728815866,26
WOC->MRSH,5.961538461538462,5.0,6.526749691727234,26
WPR->AJK,0.0,0.0,0.0,26
WPR->KONN,0.0,0.0,0.0,26
DLN->KKRH,0.0,0.0,0.0,26
WDLN->PNF,24.53846153846154,3.5,48.380352019579824,26
DLI->PNP,8.653846153846153,6.0,8.039613461814232,26
WKR->DL,28.692307692307693,5.0,55.77796642457969,26
SBBJ->MOA,64.84615384615384,60.5,26.34189409695864,26
LM->BTD,10.0,3.5,16.536021286875513,26
BLMR->JTTN,0.6923076923076923,0.0,2.4620191838282777,26
RTI->BOG,13.461538461538462,12.0,15.520904018080312,26
RTM->MRN,8.692307692307692,5.0,11.46392334506553,26
JSME->JMT,9.26923076923077,0.0,26.544389527442803,26
BSRL->GCH,4.076923076923077,0.0,8.456585963250545,26
NVG->BQM,0.0,0.0,0.0,26
RTN->KUR,39.34615384615385,0.0,51.03562858058461,26
RTN->LGTR,0.0,0.0,0.0,26
RTP->IAA,3.576923076923077,1.0,6.041013669397394,26
RU->MAS,1.6538461538461537,0.0,3.199278764875705,26
BDE->JBU,0.0,0.0,0.0,26
SAK->CCP,7.384615384615385,5.5,5.720677743602924,26
LLD->AMLA,8.615384615384615,2.5,10.541639049320263,26
BCRD->JMV,7.0,5.5,7.817928114276825,26
BDPG->CBT,38.19230769230769,32.5,35.05084219332738,26
BDPG->GJTA,27.115384615384617,27.0,19.14643971724649,26
BDPK->MRDL,36.69230769230769,26.5,34.73070022993401,26
BDPK->TLHR,61.88461538461539,67.5,29.68680100391677,26
CCP->JJW,0.0,0.0,0.0,26
JTTN->CMA,0.9615384615384616,0.0,4.512035188078826,26
NWP->PLH,16.96153846153846,2.0,25.642902751803692,26
RSR->RTP,7.730769230769231,7.5,7.40031184374114,26
CDG->ANSB,6.923076923076923,7.0,3.825421042688786,26
BCH->PUO,9.115384615384615,5.5,12.548551862512019,26
BCHL->DWZ,3.8461538461538463,0.0,10.86901028683774,26
SBGA->HAS,2.230769230769231,0.0,6.574542979144283,26
SBGA->HISE,5.576923076923077,5.0,2.8024714367583043,26
BSPR->SJQ,9.153846153846153,6.0,16.03918279138263,26
SAU->SBT,13.692307692307692,12.0,12.638889922043726,26
JP->NAC,17.653846153846153,0.0,38.170084943780054,26
BBSN->PTAB,0.0,0.0,0.0,26
CHAR->JUJA,44.5,42.5,31.583856635946155,26
CHAR->RAIR,24.846153846153847,23.0,15.348465220190084,26
SBP->SBPY,14.846153846153847,13.0,12.581549372608471,26
SBP->SLRA,62.19230769230769,47.5,55.83262073789423,26
SBPY->JSGR,32.23076923076923,15.0,48.4820030050803,26
SBPY->MANE,18.884615384615383,18.0,12.691184099450846,26
SBPY->SBP,28.115384615384617,18.5,33.152166653872776,26
SBR->GA,1.5769230769230769,0.0,3.276254897569198,26
JUCT->RKB,3.3461538461538463,0.0,6.486554140326327,26
JUJA->CHAR,22.53846153846154,21.5,12.637185665268257,26
JUJA->HATB,44.34615384615385,42.0,31.592331104484593,26
RPRD->KDLR,33.0,31.0,28.539095991288864,26
LKBL->JAM,20.96153846153846,12.0,34.31557170642012,26
BLDI->DEOR,10.653846153846153,1.0,19.03668523181976,26
BLDI->DISA,14.692307692307692,4.5,27.111280649603003,26
JMPT->GMDA,6.346153846153846,5.0,7.724984441109549,26
SDD->WKR,30.73076923076923,0.0,58.43872530595286,26
CBT->SQQ,38.23076923076923,33.0,31.692658698579006,26
JNO->HRG,5.153846153846154,3.5,5.296733391004744,26
BLPR->RNGG,0.0,0.0,0.0,26
LOT->BSBS,155.19230769230768,152.5,153.31406177667313,26
LPG->BXQ,49.61538461538461,43.5,44.173364755768304,26
LPG->RGL,11.576923076923077,8.5,13.606389901581029,26
JMV->LLD,0.0,0.0,0.0,26
SCPR->DNKL,40.19230769230769,37.5,19.82325751387845,26
SCPR->JRZ,34.07692307692308,20.5,36.46469314492919,26
SBT->SAU,11.846153846153847,10.5,4.904628896806018,26
BSP->TATA,234.84615384615384,204.5,219.61050836564124,26
NRG->MACR,0.0,0.0,0.0,26
NRG->SQQ,48.80769230769231,50.0,20.28599365230943,26
BBS->BNBH,0.0,0.0,0.0,26
JHD->THA,26.923076923076923,23.5,25.524769267396838,26
NYA->KGP,17.73076923076923,0.0,34.9199744470785,26
NYY->DAVM,0.0,0.0,0.0,26
BTA->PNBE,1.8076923076923077,0.0,3.9801430202366426,26
SEB->DOS,33.34615384615385,29.5,34.84932401948974,26
BAY->HGI,0.0,0.0,0.0,26
JJW->BDE,10.346153846153847,9.5,5.9325698154665325,26
JKDP->MLT,33.96153846153846,0.0,52.6623058889227,26
JKDP->SIL,13.461538461538462,10.0,13.369310436161678,26
SEH->BKTL,10.923076923076923,9.0,9.230051254128883,26
BAW->KIGL,7.615384615384615,0.0,14.524673966948583,26
CHR->RSR,9.384615384615385,11.0,8.635169589889584,26
CHH->LOT,161.76923076923077,169.5,157.71703971158163,26
BBGN->MOBD,0.0,0.0,0.0,26
CHKE->BOMN,2.8461538461538463,0.0,10.086396017180002,26
LTRR->AMBR,0.0,0.0,0.0,26
JBU->SSKL,0.0,0.0,0.0,26
JBX->KPP,12.5,10.0,10.31212878119741,26
MACR->KNPR,44.42307692307692,39.0,35.18201026311382,26
RNGG->BBGN,3.423076923076923,0.0,6.923427341558959,26
KBJ->TRKR,48.15384615384615,51.0,32.81303680879575,26
CBE->IGU,9.5,9.0,2.437211521390788,26
LGTR->RTN,48.38461538461539,43.0,49.01108194935258,26
CBT->BDPG,0.0,0.0,0.0,26
LXA->BOJ,14.076923076923077,13.5,13.815710121229605,26
NMT->SLGR,9.692307692307692,6.0,11.75676564627953,26
NMZ->CLD,16.153846153846153,15.5,14.15822674685586,26
BLSN->ANMD,22.923076923076923,21.0,20.26015414931106,26
CHV->KZE,3.1538461538461537,0.0,5.93088396576637,26
BAQ->BET,30.576923076923077,21.5,38.24674948481042,26
JHN->BHKH,29.923076923076923,26.0,29.107968774097696,26
BLTR->BTT,241.19230769230768,211.0,312.95827443680344,26
BAKA->MRHA,21.96153846153846,4.5,41.936600500499104,26
NLR->TPTY,11.153846153846153,0.0,56.87367919007336,26
BSL->BD,22.23076923076923,11.5,51.52266118306211,26
BAKT->RBN,0.0,0.0,0.0,26
SIDG->SRNM,0.0,0.0,0.0,26
KCVL->TVP,0.0,0.0,0.0,26
KCVL->VAK,12.153846153846153,9.5,12.581549372608471,26
KDHL->BILP,0.0,0.0,0.0,26
MACR->NRG,42.34615384615385,38.5,20.670640643564596,26
NMGY->KUTI,0.0,0.0,0.0,26
LXD->DNT,13.23076923076923,0.0,26.061938058874585,26
JBGD->BDGU,8.26923076923077,0.0,28.455660515697318,26
JBP->KMZ,25.96153846153846,16.0,31.591746731361056,26
CI->CPR,0.0,0.0,0.0,26
SHNR->BABR,87.0,69.5,45.11673747069927,26
SHC->PGC,11.538461538461538,5.0,15.295046960976014,26
IKR->PCLI,2.423076923076923,1.0,3.6350854396899877,26
BEH->DIH,28.03846153846154,25.5,25.63354172833831,26
KDU->CVP,13.923076923076923,13.5,4.288804746528589,26
KDLR->KSNG,38.38461538461539,41.0,30.49206706417513,26
NLP->GOM,6.384615384615385,0.0,13.853741510731092,26
CKBK->JBGD,55.46153846153846,89.0,47.38373625558099,26
SKEN->BAKT,3.5384615384615383,2.0,5.398005329606626,26
JAC->REN,6.230769230769231,0.0,12.030985636456201,26
SIL->JKDP,0.0,0.0,0.0,26
BAHI->CHKE,3.8461538461538463,0.0,11.888455939077398,26
BLX->KSH,9.923076923076923,7.5,12.489749643361398,26
BMB->DIH,15.807692307692308,14.0,11.551689853070782,26
IRP->MYY,0.0,0.0,0.0,26
BAMR->SRGP,28.884615384615383,26.0,17.978491422979676,26
SHRN->BQE,11.153846153846153,8.5,8.610190742102326,26
JALD->HM,43.57692307692308,32.5,45.752528303404674,26
SKHK->AUI,0.0,0.0,0.0,26
CKOD->SJP,11.26923076923077,7.5,12.18706754656818,26
MAS->RU,6.0,5.5,5.122499389946278,26
MAS->SA,6.3076923076923075,3.0,8.269313058624547,26
BMB->TGM,28.5,29.0,27.60470974308551,26
IGU->TUP,12.5,12.0,3.023243291566195,26
KEP->KDHL,0.0,0.0,0.0,26
BTE->HAN,42.0,15.5,86.17099279920127,26
LDH->NDLS,5.923076923076923,0.0,10.818218252274548,26
KED->BHC,40.46153846153846,39.5,33.79376364861513,26
KEF->BMH,49.07692307692308,43.5,21.432541756726994,26
KEF->NDL,53.03846153846154,44.5,52.65850796916356,26
MANE->HATB,19.923076923076923,18.0,12.438402073974219,26
MANE->SBPY,52.0,47.5,40.419797129624484,26
IKI->MOA,99.11538461538461,92.5,55.258901127747315,26
IKI->PDNA,0.0,0.0,0.0,26
HSRA->BNC,0.6538461538461539,0.0,2.1343347008809594,26
AY->GTNR,0.3076923076923077,0.0,1.2253727847224538,26
BET->KAH,31.923076923076923,22.5,38.20986582224342,26
BFD->NAM,15.576923076923077,15.5,14.843646659559306,26
RJT->SDD,34.30769230769231,1.0,61.616730994605184,26
BKTL->PRB,11.076923076923077,9.5,9.452716337320513,26
LDH->KTHU,71.84615384615384,21.0,116.01989219360352,26
RKD->VV,0.0,0.0,0.0,26
SLGR->LXA,18.307692307692307,20.0,16.679974174486556,26
CLD->MDT,23.76923076923077,19.5,29.62743011779144,26
BSB->AY,3.8461538461538463,0.0,8.235009691274481,26
BMI->AGR,12.884615384615385,2.0,17.650670067908298,26
NK->SNSI,6.730769230769231,0.0,22.6901876454254,26
NKI->ASL,12.038461538461538,8.5,15.308770738973836,26
HWH->MNAE,2.0,0.0,3.698648401781386,26
IMGE->RFJ,28.307692307692307,20.5,28.016808141926848,26
HPGM->KUR,26.846153846153847,25.5,11.397165639551995,26
HPGM->MWQ,25.46153846153846,0.0,49.68881626219789,26
AWR->GADJ,37.38461538461539,4.5,66.11025755392392,26
KHNM->PRG,38.88461538461539,23.5,63.6994988508242,26
RJA->JYG,0.15384615384615385,0.0,0.7844645405527362,26
ONR->MTP,3.0,0.0,5.1146847410177685,26
RJGR->JRZ,39.0,38.5,21.023796041628636,26
RJGR->MZY,23.0,12.0,34.398837189649306,26
HSA->RVK,35.15384615384615,36.0,30.088791677556355,26
NJP->BOE,12.153846153846153,11.5,6.552509795138395,26
HRG->MKDN,0.0,0.0,0.0,26
SMVB->BAW,38.76923076923077,13.0,78.63958682104463,26
SLRA->SBP,8.346153846153847,9.0,7.914251993422034,26
SLRA->SSN,60.65384615384615,47.0,58.42255886740484,26
HTK->RKD,28.0,21.5,28.910897599348242,26
BMH->KEF,69.88461538461539,57.0,62.99798531577144,26
SOGR->SXN,17.192307692307693,0.0,24.901436473857053,26
HM->PDH,42.53846153846154,29.5,49.23188460274968,26
KIS->DNM,40.19230769230769,42.0,29.179471182006342,26
RGL->LPG,60.34615384615385,49.5,60.5745440314278,26
RGL->SSN,14.615384615384615,14.0,13.389777961047518,26
KI->MDR,43.03846153846154,27.5,70.07052491267967,26
HND->MHDB,0.0,0.0,0.0,26
HND->NBT,0.0,0.0,0.0,26
HNPA->BONA,31.692307692307693,31.0,18.9984614761706,26
HNPA->SRGP,40.34615384615385,39.0,29.926499705367892,26
MBNR->MHBT,0.0,0.0,0.0,26
NIL->VNB,5.615384615384615,6.0,1.498717400364007,26
SNNR->KTGG,52.96153846153846,93.0,47.45227562023197,26
CMA->MXN,10.307692307692308,11.0,6.792756322844097,26
SMVB->SBC,23.23076923076923,21.0,9.725462219587067,26
HPLE->BGP,23.96153846153846,0.0,53.98553937434043,26
HISE->BGNR,7.461538461538462,7.0,3.7654297946531337,26
ATX->SRSI,3.8461538461538463,3.0,4.82238370677662,26
MCU->KBA,16.384615384615383,5.5,19.88582796481338,26
SPP->HJP,97.76923076923077,43.5,126.69121759374096,26
LAE->MNDH,8.23076923076923,3.5,12.264771313995846,26
RGDA->JMPT,3.9615384615384617,4.0,3.255527843293855,26
AUBR->SEB,34.19230769230769,30.0,35.157951283622005,26
AUI->SKEN,0.0,0.0,0.0,26
MCS->BBSN,15.538461538461538,14.0,10.346905892026927,26
MCS->BNBH,0.0,0.0,0.0,26
MCS->PTAB,0.0,0.0,0.0,26
BRNA->KUH,15.384615384615385,8.0,21.252909303108453,26
AVK->ONR,4.423076923076923,0.0,9.952579874276124,26
AVN->AJJ,12.5,8.5,13.93197760549449,26
BRST->JPRD,0.0,0.0,0.0,26
SOGR->GPH,16.346153846153847,15.0,10.910333845276442,26
SRGT->LM,3.576923076923077,0.0,5.67219941062073,26
HATB->JUJA,18.5,17.5,12.956079653969406,26
HATB->MANE,46.11538461538461,45.0,30.27120998318624,26
SRNK->UJH,23.076923076923077,25.0,22.356964153342606,26
SRNM->GGVT,59.76923076923077,94.0,46.32002391390376,26
SRNR->AJK,0.0,0.0,0.0,26
SRNR->ARPL,0.0,0.0,0.0,26
BGN->AK,31.307692307692307,32.5,13.071401549242468,26
KIUL->BARH,50.07692307692308,33.0,49.393054634774785,26
SQQ->CBT,25.0,23.5,16.65893153836704,26
SQQ->NRG,42.92307692307692,36.5,32.5796538679257,26
SRC->BZN,38.26923076923077,13.0,65.37373031565978,26
ATP->PSPY,22.26923076923077,19.0,17.58535229628953,26
BMRN->DWK,12.5,5.0,22.14904061127705,26
SRGP->BAMR,39.03846153846154,37.5,29.4747088456945,26
SPK->BFD,15.576923076923077,16.5,14.792357694223263,26
SRSI->BNKI,3.6538461538461537,2.0,4.595147942709202,26
ASL->PSO,11.807692307692308,7.5,16.24812415208409,26
SSB->DEC,6.3076923076923075,4.0,8.507734038011442,26
MDPR->KNLS,31.5,23.0,32.02405345986045,26
SSIA->TRAN,19.76923076923077,12.5,21.77394349640449,26
SSKL->PAVI,10.26923076923077,11.0,7.017450775361048,26
SSN->RGL,57.15384615384615,46.0,63.662668689078565,26
RBN->MIKD,0.0,0.0,0.0,26
BKI->JP,117.26923076923077,41.0,173.81773389209926,26
CNI->TUL,12.73076923076923,3.5,20.168406367004195,26
BNBH->BBS,48.80769230769231,42.5,47.350623422100135,26
BNBH->MCS,24.615384615384617,23.5,17.79455405021867,26
BNBR->KHF,39.38461538461539,46.5,38.13772612317302,26
SRR->VPZ,0.0,0.0,0.0,26
SRGP->HNPA,29.423076923076923,28.0,18.725753553698343,26
CNDB->WLGN,4.423076923076923,3.5,4.674809745203129,26
GTST->MHT,4.538461538461538,3.5,4.545158032286835,26
MEJ->KDU,16.23076923076923,15.0,3.942666024990626,26
SUP->KTV,39.30769230769231,35.5,51.33947349225096,26
RAIR->CHAR,41.07692307692308,40.0,28.233204673820612,26
BTI->MSZ,8.76923076923077,8.0,3.241082440268279,26
KZK->KCVL,17.73076923076923,15.0,15.601429914742283,26
STP->BE,121.65384615384616,67.0,144.4022000684733,26
ARPL->GWD,100.15384615384616,87.0,52.611551817213915,26
SSN->SLRA,17.76923076923077,18.5,13.411361429199324,26
NFK->JRLE,3.3076923076923075,0.0,12.600854671868033,26
MDR->KI,42.65384615384615,40.5,41.211592842492564,26
GWD->ARPL,0.0,0.0,0.0,26
GWD->PDO,103.0,90.5,52.52961069720582,26
SSPR->DNDL,0.0,0.0,0.0,26
SSPR->MHDB,0.0,0.0,0.0,26
SSV->JJR,19.307692307692307,13.0,22.780288375293633,26
GOY->NDLS,128.42307692307693,138.0,74.35868373064336,26
GP->SXN,15.653846153846153,14.0,11.128134821944988,26
KKU->DNK,10.153846153846153,1.0,22.151645189813433,26
QLN->IRP,0.0,0.0,0.0,26
PAVI->TJH,0.0,0.0,0.0,26
BGS->PNC,8.461538461538462,4.5,11.535096945343005,26
R->SZB,10.307692307692308,4.0,14.573315973433726,26
KKRH->BXR,7.230769230769231,6.0,8.310512341884548,26
RA->MOL,23.153846153846153,0.0,55.45498520976617,26
BNKI->SKHK,0.0,0.0,0.0,26
SVQ->NMZ,9.76923076923077,4.0,13.874603251430846,26
ARK->SUP,22.884615384615383,0.0,27.270976400674655,26
NDU->JHD,21.692307692307693,15.5,23.729760606915917,26
NDW->TEA,24.26923076923077,15.0,24.333610816823207,26
GRRU->IMGE,25.0,21.5,21.55736533067063,26
ARPL->SRNR,85.46153846153847,87.0,28.62199261998475,26
CQA->AAM,3.1153846153846154,2.0,4.348120725802567,26
CQA->VPZ,0.0,0.0,0.0,26
BXY->BCRD,0.0,0.0,0.0,26
KYND->ALAT,0.0,0.0,0.0,26
KLG->KXN,9.307692307692308,7.0,7.341766712552126,26
KLG->PPO,39.42307692307692,17.5,53.11359379814027,26
PVU->EVA,0.0,0.0,0.0,26
SWPR->CHH,149.53846153846155,150.5,158.30002672627208,26
MGB->KCM,14.923076923076923,10.0,13.939650144599977,26
NDL->KEF,39.92307692307692,35.0,20.536646419360835,26
NDLS->GOY,289.7307692307692,305.5,90.24391733177708,26
SXN->GP,30.346153846153847,21.5,33.60945379823041,26
SXN->SOGR,16.23076923076923,16.0,11.197527199547915,26
GPH->SOGR,28.884615384615383,25.0,29.338475656484846,26
GPH->TGM,16.26923076923077,14.0,11.119560035568647,26
MFP->MAI,49.96153846153846,15.5,62.838510974866864,26
ANSB->CDG,7.461538461538462,7.0,5.846234817253028,26
ANSB->UHL,7.576923076923077,8.0,4.834650572052354,26
GLY->RRGA,0.0,0.0,0.0,26
KMBL->MDPR,27.03846153846154,19.0,31.891667587921166,26
PUNE->SSV,8.461538461538462,0.0,15.538933732353117,26
PUO->MKC,9.346153846153847,6.5,11.214070831566232,26
PUX->IKR,2.6153846153846154,0.0,3.8995068721767683,26
GNT->OGL,0.6538461538461539,0.0,3.333974297349129,26
TAN->TJP,15.423076923076923,12.5,12.519338886452676,26
TATA->HWH,298.4230769230769,254.0,325.2328609568133,26
CPT->MYA,26.46153846153846,23.0,17.95601463405679,26
CPR->GTST,6.384615384615385,7.0,4.596319597912425,26
BNO->JUCT,0.0,0.0,0.0,26
GNW->PUX,1.9230769230769231,0.0,2.5756253908218394,26
SZB->KMI,11.846153846153847,8.0,14.630631723045477,26
TAC->ATP,17.192307692307693,16.0,14.491429828058322,26
MHDB->HND,40.84615384615385,38.0,18.40585191224206,26
MHDB->SSPR,38.30769230769231,29.0,33.85943795253457,26
TGM->BMB,16.96153846153846,15.0,10.978090067878908,26
TGM->GPH,24.76923076923077,19.0,25.097103725024038,26
BXQ->JSGR,57.42307692307692,55.0,42.03348482048385,26
BXQ->LPG,9.423076923076923,3.5,11.37777861244655,26
KML->JNR,50.88461538461539,13.0,98.35012025333855,26
PUD->PNWN,11.923076923076923,9.0,9.199665545760137,26
KMI->DBEC,0.0,0.0,0.0,26
GLGT->NMGY,5.846153846153846,0.0,15.048434623421286,26
NCH->AGI,8.461538461538462,6.5,10.020901233844267,26
TEA->NDU,26.423076923076923,18.0,24.972261534627695,26
ANMD->LAE,6.038461538461538,0.0,10.626309874009017,26
MHBT->MBNR,82.76923076923077,92.5,50.779765806712966,26
MHBT->MQN,94.88461538461539,82.0,49.052075938192,26
NCU->TKU,14.653846153846153,11.5,14.119326634630445,26
CSMT->BSL,33.38461538461539,30.5,52.146008033656365,26
MIKD->BHGJ,0.0,0.0,0.0,26
GHNH->KIS,34.73076923076923,34.0,23.97258049073181,26
KXN->KLG,37.23076923076923,19.0,50.55002092368129,26
KXP->KZK,16.0,13.5,13.784048752090222,26
PCLI->JNO,4.8076923076923075,5.0,4.418318510648419,26
GJTA->BDPG,0.0,0.0,0.0,26
GJTA->MZY,23.846153846153847,19.0,25.16456605259436,26
ANGL->KPJG,37.76923076923077,36.0,31.08351034527174,26
THAN->VD,22.46153846153846,0.0,55.087008101170845,26
MHT->SIP,11.653846153846153,12.0,8.68995883853224,26
NBQ->GHY,52.53846153846154,14.5,69.31044987257305,26
NBT->HND,32.73076923076923,26.0,31.26730905250107,26
NBT->MRDL,39.03846153846154,39.0,18.915561359326915,26
GKJ->GUP,139.5,7.0,244.6897218928494,26
TELY->BHLE,17.884615384615383,0.0,41.30019556668169,26
CTC->KTJI,0.0,0.0,0.0,26
PCN->BJG,14.23076923076923,2.5,18.313509095326744,26
KXI->KONN,0.0,0.0,0.0,26
KXI->KQQ,93.6923076923077,89.5,26.90987808336445,26
BHKH->PES,30.26923076923077,26.0,33.525581507031546,26
TLH->BE,146.3846153846154,119.5,148.91771605099962,26
TLHD->TLHR,26.26923076923077,20.0,20.63115642383178,26
TLHR->TLHD,0.0,0.0,0.0,26
TLHR->TTPT,0.0,0.0,0.0,26
CTD->PLRD,4.230769230769231,0.0,6.262955802543667,26
CTA->AMC,0.0,0.0,0.0,26
TJH->PQT,0.0,0.0,0.0,26
TJP->PLW,15.807692307692308,13.0,13.579452804201592,26
ANAS->DHD,0.46153846153846156,0.0,2.3533936216582085,26
GGVT->CKBK,4.653846153846154,0.0,23.325423567759376,26
CTA->BAHI,5.269230769230769,0.0,11.42823763248802,26
GAYA->KSTA,24.73076923076923,13.0,34.80293975204703,26
PSE->BBU,11.846153846153847,0.0,27.186308771427292,26
PSO->UNL,13.0,8.5,16.094719630984567,26
BXJ->SZR,11.0,5.0,16.17405329532458,26
KNGR->GNPR,3.3076923076923075,0.0,8.84881565304298,26
PSPY->ZPL,26.423076923076923,24.0,18.60144742093599,26
PTAB->BBSN,26.384615384615383,29.5,16.33665063120816,26
PTAB->MCS,45.73076923076923,43.5,48.66091465832322,26
BOE->NJP,16.23076923076923,10.5,21.315361019335686,26
BOBS->JOB,12.115384615384615,0.0,23.5513514229259,26
MZR->BGN,0.0,0.0,0.0,26
MZY->GJTA,35.96153846153846,25.5,36.10371811238368,26
MZY->RJGR,39.38461538461539,36.0,20.36286212314354,26
GDE->TAC,16.692307692307693,14.0,14.340904380879834,26
NAD->BRNA,12.884615384615385,5.5,18.618972953580275,26
MJN->DBY,24.53846153846154,28.0,23.380728421896134,26
TPJ->TBM,16.846153846153847,10.5,24.105920115510724,26
BOJ->SPK,14.692307692307692,15.0,14.35205694183027,26
MKDN->NVG,4.8076923076923075,4.0,4.630500886679373,26
MKN->BOW,1.0,0.0,4.13763217311544,26
MKN->FL,2.4615384615384617,0.0,3.4782842808576677,26
GADJ->AWR,19.923076923076923,5.0,41.27946034232819,26
PDNA->IKI,103.46153846153847,93.0,51.791297160222406,26
PDNA->PDO,73.5,71.0,25.190871362459852,26
PDO->GWD,81.65384615384616,80.5,25.585843441547603,26
PDO->PDNA,0.0,0.0,0.0,26
KNPR->CTC,55.0,58.5,45.83710287529088,26
GBK->BRAG,53.11538461538461,60.0,46.50189408880195,26
GBK->KTJI,0.0,0.0,0.0,26
AMLP->SAK,0.0,0.0,0.0,26
BRAG->GBK,0.0,0.0,0.0,26
BRAG->GHNH,15.576923076923077,12.5,19.760917138479332,26
TRKR->HSK,48.57692307692308,51.0,33.03957999360534,26
MXN->NCH,8.23076923076923,6.0,10.128406359571844,26
ALPR->SBBJ,0.0,0.0,0.0,26
FPS->CUR,14.884615384615385,0.0,42.8236634799751,26
TSK->MJN,13.192307692307692,10.0,13.649964778765494,26
KNPR->MACR,0.0,0.0,0.0,26
KNRT->RGDA,9.346153846153847,6.5,8.499140228010397,26
PRTN->KEP,0.0,0.0,0.0,26
PRY->GRRU,22.615384615384617,17.5,20.517459731802905,26
BHLE->PNSA,0.0,0.0,0.0,26
KNLS->PPLI,34.84615384615385,28.0,33.111559682615145,26
TRAN->MURI,19.923076923076923,14.5,21.78609295293321,26
GA->NAC,5.576923076923077,0.0,8.386527657728564,26
CWA->GNW,0.0,0.0,0.0,26
AMBR->KTKR,0.0,0.0,0.0,26
AMC->JRU,22.153846153846153,0.0,32.833753739336366,26
TWV->DB,4.461538461538462,3.5,4.44729822908938,26
MWQ->HPGM,0.0,0.0,0.0,26
EVA->VAK,9.923076923076923,8.5,9.469627561517198,26
FA->PMY,4.769230769230769,0.0,9.13151769338566,26
KOLA->DUU,64.46153846153847,62.5,54.217510654201575,26
KONN->KXI,0.0,0.0,0.0,26
KONN->WPR,103.92307692307692,90.5,50.08945843342536,26
KONY->BCH,9.846153846153847,7.0,12.842717181943415,26
PRNC->KTNR,5.576923076923077,4.0,5.154982653108171,26
TTB->MXN,6.423076923076923,2.0,10.774685431781577,26
TTPT->BDPK,30.346153846153847,23.5,29.552586766903918,26
TTR->GBB,15.26923076923077,0.0,24.132231877400304,26
FKG->TTB,4.230769230769231,0.0,9.981213121891315,26
MLDT->PKR,44.76923076923077,0.0,84.26591609532656,26
DAJ->KDN,0.0,0.0,0.0,26
TUL->SSIA,17.076923076923077,9.0,21.196080914967425,26
MLTR->PKQ,0.0,0.0,0.0,26
MLTR->TUV,0.0,0.0,0.0,26
BONA->HNPA,38.03846153846154,35.0,29.228042382931868,26
DBEC->BIA,13.538461538461538,9.5,18.31115675042026,26
PQT->CTD,3.230769230769231,0.0,5.580736097022989,26
PRB->JBX,11.192307692307692,8.5,10.067846763908282,26
KUV->KLQ,2.8846153846153846,2.0,3.5476969777806344,26
BTSD->NAD,11.423076923076923,7.5,17.184116100452947,26
KUR->LGTR,0.0,0.0,0.0,26
KUR->RTN,26.96153846153846,25.0,14.492703734585259,26
KOTA->GGC,5.346153846153846,0.0,16.45586170990096,26
ALAT->RDG,0.0,0.0,0.0,26
TUV->MLTR,0.0,0.0,0.0,26
TUV->VNB,5.6923076923076925,3.5,9.349948580689546,26
DB->VAN,0.0,0.0,0.0,26
DAVM->PASA,19.192307692307693,16.0,20.266266021680917,26
DBY->MRG,23.26923076923077,22.5,22.434897267084054,26
PPLI->LKBL,36.26923076923077,28.0,35.78665415185689,26
PPN->PFT,27.692307692307693,14.5,29.235279004338896,26
PPO->KLG,7.846153846153846,4.5,6.631393866705899,26
PPR->AAS,3.269230769230769,0.0,6.200372197264885,26
KUTI->BLPR,0.0,0.0,0.0,26
KUU->BALU,25.03846153846154,21.5,23.0173513145727,26
KUN->NDLS,17.0,2.5,42.694261909535335,26
KUR->HPGM,0.0,0.0,0.0,26
BQE->PUD,11.076923076923077,8.5,8.96626154837378,26
BOMN->MOMU,3.730769230769231,0.0,15.449421199016335,26
AKD->BLX,9.0,7.0,12.46113959475617,26
UHL->ANSB,2.1153846153846154,0.0,5.171668381301517,26
UJH->BEM,23.46153846153846,25.0,22.348567326306654,26
UCR->KHNM,44.88461538461539,35.0,64.57635909406905,26
MLT->JKDP,0.0,0.0,0.0,26
DWLE->HPLE,0.0,0.0,0.0,26
BOW->BSRL,1.5,0.0,5.178802950489621,26
BTV->MZZ,48.76923076923077,47.0,34.055610630035915,26
KPJG->ANGL,6.769230769230769,0.0,11.258091107493106,26
KPJG->JRPD,37.38461538461539,36.0,30.5484230991741,26
BHTA->BPKA,23.0,14.5,31.097266760922896,26
BHTL->KMBL,25.76923076923077,19.0,31.080936526826466,26
PPG->BTSD,0.0,0.0,0.0,26
UKD->VDI,66.53846153846153,66.0,55.52601607839753,26
DXR->SUNR,14.0,1.5,36.45709807431194,26
AJJ->AVN,0.0,0.0,0.0,26
AJK->SRNR,94.26923076923077,80.5,51.007887776152955,26
AJK->WPR,91.38461538461539,89.5,26.058514037568482,26
BQM->BXY,4.230769230769231,3.0,4.658821244114802,26
MMA->SAA,5.1923076923076925,2.5,10.392378864414946,26
UJN->NKI,13.26923076923077,10.5,13.557456080866183,26
VDI->BVO,68.53846153846153,68.0,56.17061920202111,26
PNU->DISA,10.307692307692308,0.0,20.456332478270355,26
KPP->SHRN,0.2692307692307692,0.0,1.3728129459672882,26
PFT->NDW,24.576923076923077,14.0,23.8044921423215,26
PNWN->SEH,12.384615384615385,9.0,9.152385145204164,26
KPP->CKOD,0.0,0.0,0.0,26
MTSI->ABRV,3.1153846153846154,0.0,5.968764850968234,26
VAK->KCVL,1.3461538461538463,0.0,5.3735821027862425,26
VAN->AMLP,0.0,0.0,0.0,26
AGI->NMT,9.0,6.5,10.522357150372724,26
AGR->PCN,13.76923076923077,1.5,17.936125985970754,26
UNL->PPG,15.0,9.5,17.99777764058663,26
MNDH->R,8.576923076923077,3.5,12.083618917933741,26
DUU->UKD,61.46153846153846,59.5,54.67667200496443,26
UMB->DEC,41.73076923076923,4.5,70.2666678830341,26
DWZ->JDB,5.269230769230769,3.0,6.142036745625622,26
MTHP->BMRN,7.230769230769231,2.0,15.474644273281871,26
VNB->NIL,0.0,0.0,0.0,26
VNB->TUV,0.0,0.0,0.0,26
PNF->KRPR,0.0,0.0,0.0,26
KQQ->DKC,98.96153846153847,96.5,27.078376272192934,26
PGC->GEB,8.846153846153847,2.0,15.093554406281664,26
BJG->THDR,15.307692307692308,7.5,18.594126450617097,26
KQQ->KXI,0.0,0.0,0.0,26
BVO->DHNE,41.15384615384615,28.5,45.196187722145154,26
PNPL->DTV,11.5,9.5,11.067971810589327,26
PNSA->DWLE,18.384615384615383,0.0,44.33154806507612,26
DTV->JSG,4.3076923076923075,2.0,6.323095639126334,26
DTV->PNPL,0.0,0.0,0.0,26
DSJ->MTJ,52.34615384615385,37.5,49.88622439727609,26
VLD->PIL,15.384615384615385,8.0,18.723411917867796,26
VD->RA,22.923076923076923,0.0,55.28466194301857,26
MSZ->JHL,8.23076923076923,8.0,4.301699127625663,26
MOA->IKI,69.1923076923077,66.5,25.047186238408866,26
MOA->SBBJ,0.0,0.0,0.0,26
DNKL->DNDL,0.0,0.0,0.0,26
DNA->JAC,6.269230769230769,0.0,12.134439228271548,26
KTQ->PSE,32.42307692307692,30.0,38.66075330556618,26
BILD->RTI,13.615384615384615,11.0,14.873000835277118,26
BILP->TWV,0.0,0.0,0.0,26
MOBD->BLMR,1.0,0.0,2.842534080710379,26
DNR->HJP,22.96153846153846,15.5,30.29254795388564,26
VPZ->CQA,0.0,0.0,0.0,26
VPZ->SRR,3.576923076923077,3.0,3.7860066235872005,26
DEG->JPRD,0.0,0.0,0.0,26
DEOR->BLDI,17.0,6.5,27.022953206487255,26
DNKL->SCPR,0.0,0.0,0.0,26
DEC->UMB,29.115384615384617,0.0,54.137844008107244,26
WL->JMKT,73.42307692307692,63.0,94.6717161889117,26
KRNT->KOLA,0.0,0.0,0.0,26
KTKA->DKC,98.57692307692308,87.5,49.44020475436814,26
KTKA->MQN,105.6923076923077,101.5,27.859316905867207,26
KTKR->UDGR,54.84615384615385,56.0,29.865956951274548,26
KTNR->ATX,0.0,0.0,0.0,26
KRPR->WDLN,0.0,0.0,0.0,26
KRPU->ARK,7.384615384615385,5.0,9.703924662019684,26
KRNT->ALPR,59.19230769230769,54.5,24.151222297464336,26
PMY->FA,13.692307692307692,12.0,7.877914601056453,26
VV->KOP,2.1923076923076925,0.0,3.7737962930633207,26
MOL->DXR,23.46153846153846,0.0,55.24145600487429,26
DNDL->DNKL,38.96153846153846,31.0,34.514322556562824,26
DNDL->SSPR,37.80769230769231,36.0,19.316354171052527,26
DNK->BOBS,10.923076923076923,1.5,22.274511131646552,26
MSMD->BLSN,34.5,34.0,26.319954407255345,26
MRGA->GNT,17.653846153846153,6.0,58.294385532531216,26
KSTA->PRY,21.73076923076923,15.5,20.18822962482385,26
KSH->KONY,0.0,0.0,0.0,26
KTJI->CTC,38.96153846153846,39.0,17.826902746648436,26
KTJI->GBK,0.0,0.0,0.0,26
DIH->BEH,14.346153846153847,12.0,11.317039569400851,26
DIH->BMB,23.884615384615383,19.0,22.436268714876675,26
DISA->BLDI,10.73076923076923,0.0,19.609299206871608,26
MQU->KXP,0.0,0.0,0.0,26
MRK->GID,21.346153846153847,3.5,28.69974537544514,26
DISA->PNU,5.461538461538462,0.0,19.494062212336903,26
DKC->KQQ,99.65384615384616,91.5,52.970136724529844,26
MQN->KTKA,0.0,0.0,0.0,26
MQN->MHBT,0.0,0.0,0.0,26
MRN->BILD,8.846153846153847,5.5,11.925409201171448,26
DKC->KTKA,0.0,0.0,0.0,26
JPRD->BRST,29.53846153846154,0.0,45.715844753635054,26
JPRD->DEG,23.153846153846153,25.0,13.460140586761515,26
BDGU->GIN,52.76923076923077,82.5,40.7306348512347,26
JSGR->BXQ,8.76923076923077,3.0,11.789173651474279,26
JSGR->JSG,24.192307692307693,12.0,28.519494007810493,26
RVK->APDJ,8.692307692307692,0.0,22.64114702177296,26
JSG->DTV,32.92307692307692,29.0,28.659271556580887,26
JSG->JSGR,6.038461538461538,0.0,11.21955710081559,26
LKR->JSME,10.038461538461538,0.0,27.590550221741893,26
JRZ->RJGR,39.38461538461539,27.0,37.328891677173516,26
JRZ->SCPR,0.0,0.0,0.0,26
JRPD->KPJG,12.923076923076923,10.0,14.726637299595795,26
SA->MAS,5.230769230769231,3.5,5.694261618912094,26
SAA->AMH,2.6923076923076925,0.0,8.90289494836025,26
BPKA->BHTL,24.076923076923077,17.5,30.978603037481307,26
MRG->LEDO,8.884615384615385,2.0,10.973885084424468,26
PJK->BKWA,0.0,0.0,0.0,25
BSL->NDB,96.16,0.0,152.64028520238904,25
YPR->LOGH,2.88,0.0,4.8846698967279245,25
DHND->BOBS,4.96,2.0,6.742155936098384,25
KSX->MURI,11.44,4.0,15.932357013323546,25
PKF->GBX,28.52,0.0,39.59915824021179,25
JFD->DMC,15.44,9.0,30.624173458233937,25
SLGR->NTSK,34.16,0.0,72.48832089838105,25
HUFP->GTHT,0.0,0.0,0.0,25
HVL->SSNH,0.0,0.0,0.0,25
BSB->GCT,33.32,0.0,79.88310209299587,25
LMY->JYK,0.0,0.0,0.0,25
LMT->JRKT,37.76,29.0,29.57374962135621,25
LOT->BSB,86.6,22.0,270.6726189821694,25
LOGH->HEB,13.44,10.0,14.352932336866452,25
BCA->SPJ,6.28,4.0,8.374166625203172,25
JNU->DHE,59.56,0.0,112.45854050863959,25
HRSN->ULG,28.08,29.0,16.439079455168205,25
HSI->AIA,6.84,5.0,8.806626293119669,25
MB->MTC,3.68,0.0,18.4,25
SBGN->SPTR,18.28,13.0,31.59182383676722,25
DIPA->SMCP,10.84,3.0,30.544612181747098,25
ABS->KLWL,0.0,0.0,0.0,25
BIRD->PNVL,13.36,7.0,21.579079374863667,25
SMR->BGKT,4.4,0.0,6.934214687571574,25
LM->SRGT,0.0,0.0,0.0,25
LM->CDA,15.16,8.0,15.839507568103246,25
LLJP->VSHI,52.68,0.0,62.379697551901174,25
CMX->NFK,7.68,6.0,8.055639846302299,25
NRA->DEOS,13.88,12.0,8.908422980528034,25
NRA->BTT,17.52,19.0,15.610146273070818,25
LR->GEK,0.56,0.0,2.1228911104120876,25
HWH->TATA,181.32,25.0,284.65472067049933,25
AZ->NFK,6.16,0.0,16.61996791011744,25
JRC->BEAS,28.2,9.0,58.72393038617221,25
SASR->CWA,178.6,165.0,37.53664875824692,25
PKT->PVI,42.92,18.0,81.84330557025825,25
KTES->CHD,14.8,5.0,24.57132475061123,25
DGW->MKH,10.32,6.0,13.424852575230265,25
BCP->IDH,170.16,192.0,90.77613489605442,25
HP->BAR,6.8,4.0,8.436033823229176,25
NTR->GBB,10.8,7.0,7.98957654280459,25
NILE->SPLE,3.0,0.0,5.560275772537427,25
SAP->NDKD,159.0,76.0,165.21400263496636,25
SANR->CC,12.88,10.0,11.783887304281215,25
SALI->SK,1.72,0.0,3.518048701576865,25
HMH->DBI,16.32,11.0,27.12735396851918,25
HMY->KTPR,26.64,24.0,24.081251351760493,25
SOA->SGD,17.36,13.0,17.167993476233615,25
HML->GPZ,33.32,34.0,23.928226010300055,25
HMK->ORKI,0.0,0.0,0.0,25
SAGM->STA,91.88,86.0,77.14775866262525,25
JRKT->MGL,44.52,39.0,33.131203821573806,25
KSG->GLTA,0.88,0.0,2.5709920264364885,25
BDBP->NILE,5.52,3.0,7.725067421496505,25
JRLE->GALE,0.76,0.0,3.406855832973662,25
SOD->BQN,7.16,4.0,7.765736711134795,25
SOB->NLP,10.52,0.0,17.633112790051186,25
SOAE->BGAE,0.0,0.0,0.0,25
NTSK->SLGR,15.8,11.0,19.910215133610855,25
SOJN->KDMR,13.56,9.0,15.38960688256851,25
HK->BTE,163.6,158.0,41.408533742052086,25
RWTB->MJBT,28.4,30.0,16.603212540549695,25
HJP->SPP,58.8,0.0,122.51156408002197,25
HJP->GWH,78.8,61.0,69.86057543421754,25
HJP->DNR,10.2,5.0,21.83269719175042,25
HLE->AEK,25.0,22.0,14.041604846550365,25
KRW->MLI,2.72,0.0,5.295595654252063,25
MRSH->WOC,2.84,0.0,6.427026269330682,25
MOPR->SGNR,3.56,0.0,7.455870170543475,25
KTJ->CMX,7.28,7.0,6.877014856268186,25
DKJR->NMM,30.12,32.0,16.961525088662675,25
CDM->VM,7.04,5.0,10.458170649465103,25
SPLE->AHN,0.0,0.0,0.0,25
SPGR->NTR,9.44,6.0,7.348922823561741,25
AZ->LCAE,1.44,0.0,3.6523964735499344,25
IDP->DPD,0.0,0.0,0.0,25
IGU->CBE,0.68,0.0,1.973153144926499,25
SPTR->ACPR,21.0,16.0,32.42812565248465,25
NHB->IK,166.88,174.0,41.506344896493424,25
HG->LHN,20.24,16.0,16.2974435623096,25
CDA->RUR,17.04,10.0,16.412596788239615,25
JTJ->KJM,102.84,20.0,121.23347997424916,25
MDF->ADRA,3.68,3.0,3.4365680554879168,25
ACPR->DIPA,0.0,0.0,0.0,25
ACLE->AZ,1.96,0.0,3.599537007264499,25
ABU->PER,17.44,9.0,20.447249203743763,25
ADHL->HVL,1.4,0.0,2.9860788111948193,25
KTPR->SOB,25.84,22.0,24.589428622885894,25
KTPK->HMK,8.76,6.0,9.756536270623913,25
BUU->UDR,111.28,95.0,92.77909247238843,25
HDA->DHND,0.0,0.0,0.0,25
HEI->TK,0.0,0.0,0.0,25
HEB->BAND,14.4,9.0,14.19506956657839,25
MDKD->MDF,1.96,2.0,2.3537204591879637,25
MDJN->LR,0.16,0.0,0.8,25
SRGT->BTD,20.2,0.0,43.23867867238005,25
BDLN->JFD,0.0,0.0,0.0,25
ASN->KOAA,58.16,0.0,102.49011334432865,25
DGLE->BDBP,0.0,0.0,0.0,25
BURN->MDKD,2.16,2.0,2.4610295948376293,25
JTW->SAGM,82.52,83.0,72.98979380707962,25
CNL->GRI,7.04,6.0,8.329065573840401,25
HBS->KUG,38.6,28.0,46.64493541639863,25
NGP->SASR,0.0,0.0,0.0,25
IK->CIK,169.56,176.0,42.519681717215775,25
SK->DTRA,0.0,0.0,0.0,25
SRRG->RHG,11.0,7.0,13.720422734012244,25
NWR->SBD,146.32,110.0,117.15257857455238,25
NWR->KTES,1.8,0.0,6.150880695748644,25
SRPN->SBGN,0.0,0.0,0.0,25
GZM->JMQ,4.6,4.0,4.010403138505322,25
BNC->HSRA,11.72,10.0,5.79885046079537,25
RPUR->MGR,0.56,0.0,2.2561028345356955,25
CHP->PNU,2.04,0.0,3.142186075542525,25
BAW->SMVB,22.64,0.0,55.38943942666327,25
GYM->JTJ,9.16,4.0,14.853955702101713,25
ASK->ADHL,0.0,0.0,0.0,25
SSIA->TUL,8.2,4.0,13.257073583562851,25
JW->DO,10.4,10.0,8.616843969807045,25
MDU->CVP,18.8,17.0,8.514693182963201,25
NGA->ALMR,22.56,20.0,19.289634522198703,25
NXN->ORGA,29.96,23.0,31.695793622077574,25
JYK->MZS,7.12,0.0,29.022003147037708,25
GVR->KBY,20.24,20.0,10.231813133555558,25
SSNH->TTR,1.04,0.0,2.936551265231604,25
GWH->HUFP,77.72,64.0,69.08239042380241,25
MDUN->RMV,19.32,15.0,25.633181620704054,25
NFK->BHP,7.72,5.0,9.190212184710427,25
STA->LGCE,94.68,83.0,79.62292383478515,25
MONR->KRR,5.88,0.0,10.236047414244753,25
DLJ->SOA,16.16,9.0,17.225659155264083,25
WADI->RC,38.84,6.0,61.53906618292698,25
ARNA->BKI,8.48,7.0,9.22460477924845,25
ARL->KJN,9.04,0.0,14.50999655410021,25
RNY->GVR,16.28,15.0,9.993831430771017,25
GTK->USL,32.8,22.0,36.40169409977142,25
GTJT->KWP,8.88,5.0,9.01073433929407,25
SUZ->GOM,12.84,7.0,19.546269891379957,25
GTHT->LLJP,69.88,20.0,71.0242446868204,25
ARGP->BSN,0.96,0.0,2.4406283343980637,25
GRI->HP,7.8,4.0,8.698658900466594,25
SVHE->HBS,37.44,26.0,45.62535844608055,25
GPZ->DBW,33.76,33.0,24.281817614558154,25
KBY->TNL,24.64,23.0,15.353826884526216,25
NDM->UPL,34.64,30.0,25.49163261412131,25
BLU->ARL,10.92,4.0,16.051791177311024,25
DMLE->KJU,0.6,0.0,1.4433756729740645,25
DMC->MYO,0.0,0.0,0.0,25
DLR->ARJ,33.24,30.0,26.96027942486255,25
VZM->BZA,31.16,3.0,57.206264225752996,25
PND->KGS,40.24,30.0,41.366532366153194,25
JMQ->KTJ,6.48,7.0,5.156872437178695,25
NLP->LBI,11.72,3.0,18.137254478007414,25
KDMR->VTJ,13.48,9.0,15.207235120165665,25
SWJ->BGND,11.0,4.0,17.151287609583914,25
BNK->RDI,0.6,0.0,2.0816659994661326,25
BNGM->KRW,2.8,0.0,5.408326913195984,25
BEAS->JRC,17.56,3.0,49.55306919522409,25
RMV->NDM,30.0,26.0,25.268557536986556,25
RMPR->KIUL,13.92,5.0,31.858960016506085,25
KDPR->LAV,6.96,5.0,8.899812732112215,25
GPAE->SOAE,0.0,0.0,0.0,25
DEOS->BLTR,43.24,19.0,72.21165649210197,25
KQR->HZBN,15.24,12.0,16.02414844331309,25
KQR->DDU,9.04,4.0,15.89675019199417,25
VTJ->BVP,15.32,14.0,15.32079197256678,25
GP->KLG,29.76,20.0,28.26552670657315,25
MESR->RNC,27.16,28.0,28.03521594946851,25
LGCE->UHR,99.08,82.0,85.61927353113902,25
GOS->DTF,0.0,0.0,0.0,25
KGB->GTK,44.72,31.0,50.4327274693725,25
BAK->KVGM,0.0,0.0,0.0,25
BAI->JHIR,10.72,10.0,8.604843597261564,25
MAG->KCC,8.84,3.0,21.559375377470158,25
BER->BNGM,3.48,0.0,6.171979693204873,25
MGR->SKJ,5.04,3.0,5.473268371518674,25
TATA->BSP,348.44,211.0,295.9346887406071,25
CRLM->HLE,20.12,15.0,14.210676737345528,25
APA->BER,0.92,0.0,3.8505410875183066,25
OGL->GNT,13.52,0.0,60.35390073005499,25
KUD->GPB,24.92,3.0,72.6761767477257,25
BUB->CUR,1.2,0.0,3.013856886670854,25
BU->SRRG,0.0,0.0,0.0,25
BVR->ASK,2.64,0.0,5.476312628037227,25
DEOS->NRA,16.84,19.0,14.67049192540364,25
BKWA->KTPK,0.0,0.0,0.0,25
MGLE->ACLE,0.0,0.0,0.0,25
NDAE->GPAE,0.0,0.0,0.0,25
CRJ->DHN,53.0,0.0,123.82682800319701,25
TBM->TPJ,12.52,6.0,25.650081221443855,25
TBL->NBI,146.08,147.0,34.79813213377982,25
BZU->PAR,17.08,13.0,18.31647709941334,25
BGAE->JIT,0.96,0.0,1.6703293088490063,25
GLNA->BU,11.16,8.0,14.091013684851303,25
VRG->UJN,5.16,5.0,5.01398045468867,25
SDH->DOZ,6.56,0.0,8.902621336812357,25
KGS->BIG,41.28,34.0,42.56027098911221,25
GLTA->SALI,0.0,0.0,0.0,25
BTD->SRGT,0.0,0.0,0.0,25
BTD->LTD,22.0,20.0,17.832554500127006,25
BTD->LM,15.68,13.0,16.814477888613332,25
GKP->SBZ,58.24,55.0,56.554752231797465,25
GKC->KHM,10.64,9.0,10.668801869625911,25
RHG->DGW,9.84,5.0,13.50826907243609,25
KHM->SANR,12.36,9.0,11.39034679015525,25
TGU->IDP,38.0,35.0,26.748831750190515,25
NCA->VNE,30.32,31.0,22.597418731645732,25
NBX->HML,31.72,33.0,23.508012818327853,25
BZLE->TYAE,4.92,0.0,7.777746031681244,25
LCAE->KGLE,4.92,2.0,6.55693017603004,25
LBI->SWJ,0.0,0.0,0.0,25
GHY->NBQ,2.08,0.0,4.777726097911711,25
KUG->UBL,17.72,4.0,46.54435160861806,25
MTC->MB,0.48,0.0,1.8734993995195195,25
VNR->BVR,3.6,0.0,6.9161646404154755,25
PNVL->BIRD,68.2,52.0,65.42489332560403,25
BW->BJRA,0.0,0.0,0.0,25
BVU->DQL,32.92,37.0,20.387741414879677,25
KIR->SPJ,33.52,0.0,55.57286508120068,25
NBI->PPEA,149.6,153.0,32.28002478313795,25
ORKI->FTH,9.44,6.0,9.861879469283057,25
BNW->HNS,6.04,0.0,10.204084149659554,25
MJ->DRS,7.64,5.0,6.885249934945476,25
BTE->NHB,0.0,0.0,0.0,25
BZA->VZM,4.88,2.0,6.747345156924068,25
ANDN->PJ,1.88,2.0,1.6411378166788229,25
DO->BAK,10.72,10.0,9.10366226672907,25
VNE->NBX,32.96,33.0,23.01897767784949,25
DNRE->RMPR,0.0,0.0,0.0,25
BJP->MVD,25.64,18.0,23.970259350564678,25
TKYR->MJG,70.08,59.0,65.71461024764584,25
NAT->SGG,2.04,0.0,6.680069859914141,25
NAT->AKN,8.52,2.0,28.232841396737474,25
GGC->KOTA,69.12,0.0,154.31929021782508,25
RDI->ARGP,0.0,0.0,0.0,25
RE->CKD,3.48,0.0,8.746999485537884,25
RDN->DRO,5.72,0.0,10.41841318691735,25
BGND->SUZ,0.0,0.0,0.0,25
GEK->KSG,1.28,0.0,2.44131112314674,25
AMSA->SPGR,2.44,0.0,3.9799497484264794,25
NANA->JWB,2.6,0.0,5.446711546122731,25
KJM->BNC,4.68,0.0,12.28725627089574,25
AEK->HSRA,8.92,5.0,12.192620719107111,25
BVRM->SGKM,0.0,0.0,0.0,25
KPO->BUDA,0.0,0.0,0.0,25
BZA->MDUN,0.0,0.0,0.0,25
CTHR->JTW,81.0,80.0,72.2374556584048,25
MJBT->DKJR,30.48,32.0,17.073663930158634,25
BSN->AMSA,1.28,0.0,2.525206262202489,25
BSKO->JW,8.8,7.0,8.391463916782737,25
BKI->SHGN,103.64,94.0,37.99986842082483,25
GDV->PCU,0.0,0.0,0.0,25
MJG->CTHR,73.24,60.0,67.6426147730359,25
KJU->BDC,1.36,0.0,3.7625346067068497,25
AMM->PKT,43.72,22.0,80.47438515867435,25
RBL->KCJ,0.0,0.0,0.0,25
CVP->MDU,3.68,2.0,5.35194668633137,25
BZA->BPQ,95.36,7.0,258.6495183319183,25
GBB->MLSA,11.92,5.0,10.30744067813797,25
TNL->HRSN,22.6,21.0,16.375795146088837,25
SGS->KANO,3.76,0.0,10.1991829738138,25
RAI->BCP,186.16,196.0,76.99008594184924,25
MKD->TKYR,65.72,60.0,62.436314219637715,25
GALE->MGLE,0.76,0.0,3.406855832973662,25
MKH->MWW,8.08,5.0,8.26095232605378,25
MYO->SRPN,17.88,10.0,30.894066312697223,25
BKI->GLNA,0.0,0.0,0.0,25
TRAN->SSIA,18.44,18.0,16.225186182804396,25
TQM->LMY,11.88,0.0,31.997812425226822,25
TPTY->NLR,23.92,14.0,61.50062330307446,25
CWA->SEY,175.76,163.0,36.78573092926115,25
KL->TBL,0.0,0.0,0.0,25
MKP->MKD,60.52,41.0,61.519048540540126,25
POY->PGTN,0.0,0.0,0.0,25
KPG->SNSI,1.8,0.0,5.484827557301444,25
DPD->GDV,22.08,16.0,24.46582650691913,25
LTD->NGA,22.84,20.0,18.381784461798045,25
BLRR->CRLM,18.96,13.0,14.50999655410021,25
NMKL->MONR,5.48,0.0,11.514917860468364,25
TRL->ABU,17.08,16.0,19.08952592391964,25
DAB->MUE,20.48,0.0,58.920228558054085,25
ALMR->UJ,21.44,14.0,20.459472133953014,25
FPS->BUB,1.0,0.0,2.432419919887737,25
PVI->ATQ,40.2,15.0,80.59518182455658,25
KLG->ROU,29.44,31.0,28.587701318340837,25
BH->KSB,13.2,13.0,8.906926143924926,25
FTH->MOPR,0.0,0.0,0.0,25
SID->CHP,10.04,11.0,7.924014134263013,25
KLZ->NIR,151.28,138.0,36.00291654852423,25
KLWL->PJK,12.28,11.0,10.54166337285851,25
PPI->SCKR,19.92,19.0,15.294116515837063,25
DQL->NCA,32.88,36.0,20.031891240386333,25
MTJ->DSJ,67.44,5.0,131.45122035695724,25
PPEA->HK,150.24,153.0,32.331975916523675,25
BHTN->MML,23.48,20.0,21.223257682708997,25
MWW->AWR,8.04,3.0,12.811062927537797,25
MLDT->GZM,1.72,0.0,2.76164202362773,25
TTR->BNK,0.0,0.0,0.0,25
TUP->IGU,21.76,25.0,11.833145538415952,25
AKVD->UNDI,33.28,29.0,31.451709015568614,25
TUL->CNI,12.48,8.0,15.016990377569005,25
FL->AII,102.4,3.0,190.39060726131774,25
KMAE->DMLE,0.0,0.0,0.0,25
MLI->SDH,2.0,0.0,4.73462423711393,25
TYAE->SALE,4.32,0.0,7.872526066432975,25
VKA->ASR,14.76,0.0,34.284690460903974,25
DDU->KQR,30.04,22.0,30.545703462189245,25
VKN->DKD,9.44,11.0,7.8,25
UBR->PLG,7.96,6.0,7.892401408950256,25
DBG->JNR,228.44,217.0,138.5231869880755,25
JAT->HRNR,17.56,3.0,41.53119309627404,25
CIK->AH,175.84,180.0,42.74115892984965,25
MLSA->HEI,0.0,0.0,0.0,25
PTK->GSP,19.48,3.0,43.334089736988055,25
MVD->BSRX,26.44,19.0,25.41338230145685,25
DBI->PGK,18.68,12.0,27.84139603779475,25
BQN->CNL,6.68,4.0,7.690470293378249,25
PCU->MDVL,30.0,26.0,26.43860813280457,25
PCOI->IDGJ,20.12,10.0,18.802304823256822,25
BHI->BPR,4.88,0.0,7.001904502823976,25
ENB->HMO,5.64,0.0,9.945183088644807,25
UJ->DLJ,17.68,13.0,18.741042304702976,25
BOY->LOT,24.36,0.0,45.463245228059414,25
DBW->TBH,34.6,33.0,24.576411454889016,25
KWP->KUT,9.12,6.0,8.823831367382311,25
DRU->VNR,2.92,0.0,5.1146847410177685,25
DRS->SOD,9.08,6.0,7.788452991448302,25
MURI->TRAN,15.36,13.0,15.636176003102548,25
PSL->KRH,6.76,5.0,7.445804187594514,25
PSAE->NDAE,0.24,0.0,0.6633249580710799,25
MURD->GOS,120.6,123.0,43.47508865239188,25
KWAE->PSAE,0.0,0.0,0.0,25
AIA->BWL,6.48,0.0,9.318977054019037,25
DWX->VRG,10.48,8.0,5.74543296888929,25
AHN->JRLE,1.68,0.0,4.4320800233449456,25
ULG->RWTB,27.64,29.0,16.31686244349691,25
BJRA->KPO,109.2,111.0,41.063974478854334,25
UPL->TGU,0.0,0.0,0.0,25
UNDI->BVRT,0.0,0.0,0.0,25
KUT->BAI,9.72,8.0,8.79640077910657,25
DTF->KL,138.28,145.0,39.27204264274184,25
AH->RAI,172.56,183.0,65.66016042218195,25
SHGN->BW,104.92,95.0,37.96590575766631,25
NMDA->LDH,8.96,0.0,21.888886068809747,25
BAND->BLRR,0.0,0.0,0.0,25
BHP->NFK,3.44,0.0,9.060353193998564,25
KOAA->ASN,6.4,0.0,12.006942436218583,25
BJRI->BRH,11.84,0.0,18.483506160899235,25
KVGM->ARNA,10.0,8.0,9.819198881103624,25
BTT->NRA,12.92,12.0,8.415858046965067,25
VAPI->UBR,7.2,7.0,7.708220719898118,25
PRL->TNM,5.52,0.0,14.059753435486222,25
DTRA->NRI,2.68,0.0,5.490294466905517,25
BUDA->MURD,115.24,116.0,42.89646450077986,25
KTE->NWR,135.2,105.0,112.84354951288384,25
PJ->ANDN,12.36,8.0,17.007057358637912,25
JIT->KMAE,1.52,0.0,2.615976554431123,25
SEY->KLZ,119.44,128.0,63.77570070175631,25
SEU->APA,6.72,5.0,8.157409719594408,25
SGKM->VVM,21.36,18.0,18.878735833383196,25
BAT->VKA,18.44,5.0,38.48818000373621,25
BAR->SEU,6.92,3.0,8.655056325639944,25
JHIR->BSKO,0.0,0.0,0.0,25
ABI->DG,5.75,5.0,4.542073841606793,24
YG->KLBG,0.375,0.0,1.8371173070873834,24
SEY->CWA,32.375,22.0,32.124503041326165,24
PKT->AMM,28.375,1.0,95.98406230927769,24
BLSN->MSMD,6.166666666666667,5.0,7.23317638245537,24
GDG->KGX,20.125,19.5,16.387462068407,24
KZY->ANY,22.625,7.0,43.65657727227863,24
PANP->NHY,6.75,0.0,11.030589877403576,24
CK->KSN,100.54166666666667,99.5,48.15462338782423,24
MAI->MFP,36.833333333333336,0.0,65.86921605111455,24
VSKP->KTV,22.25,10.5,31.89282323522086,24
BKSC->PNME,2.7916666666666665,2.5,4.0214551407762045,24
NKE->RXL,195.20833333333334,217.5,126.08002261044084,24
MNDH->LAE,0.125,0.0,0.6123724356957946,24
MNDK->MKTL,81.625,89.0,54.995503768786484,24
URML->SMPA,5.833333333333333,0.0,10.980879297439142,24
VAL->JND,9.041666666666666,7.5,10.77629914156088,24
USL->GTK,4.916666666666667,3.0,4.074487608934689,24
KOI->SBRA,21.75,12.0,22.034064536530703,24
KDGI->BSRX,4.875,0.0,10.530752068605299,24
NDLS->KUN,25.833333333333332,13.5,44.20374434923758,24
NDLS->LDH,15.0,5.5,27.66884922419623,24
NIR->KLZ,27.291666666666668,19.5,31.912215415944146,24
SBC->KNDV,0.0,0.0,0.0,24
CGS->KYQ,29.208333333333332,22.5,29.270818182986435,24
HOH->MVD,7.541666666666667,2.0,12.981522543069895,24
SNX->NBD,3.25,2.0,4.674165817229478,24
SNPR->FTS,26.791666666666668,20.5,19.84500630794354,24
RBR->GDL,5.583333333333333,3.0,8.303570037177916,24
ANGR->WDL,3.5416666666666665,0.0,8.129277023667987,24
JND->SHH,8.958333333333334,6.5,10.52731092740776,24
JSGR->SBPY,21.083333333333332,0.0,83.48856556265741,24
BSRX->ANGR,0.0,0.0,0.0,24
KOTA->THEA,4.083333333333333,0.0,5.911791214371398,24
MTP->ONR,1.1666666666666667,0.0,2.5137304111042114,24
DVD->PDT,38.25,0.0,108.65992021380082,24
SPJ->KIR,31.041666666666668,7.5,45.22742450699832,24
ATQ->PVI,27.958333333333332,0.0,93.91831750153342,24
IDH->PTLI,20.875,15.0,19.69178266048623,24
HG->SLGE,0.0,0.0,0.0,24
Y->PANP,7.75,0.0,9.869804632223522,24
BUDI->SNAR,6.541666666666667,2.5,11.439744473684211,24
KTES->NWR,30.375,23.5,18.691575642518742,24
PKU->SRC,80.58333333333333,80.0,71.33138626626196,24
MQN->MBNR,32.583333333333336,0.0,62.5375829031017,24
RBS->DXK,0.0,0.0,0.0,24
GDL->GTT,0.0,0.0,0.0,24
KJN->ARL,6.541666666666667,5.0,6.846002747822148,24
RC->CK,92.41666666666667,93.5,52.075126889713,24
SVV->SDNR,24.208333333333332,8.0,43.756221089783004,24
NZT->SVV,22.625,6.5,43.83547550835371,24
KDLR->RPRD,20.125,7.5,25.117657914909877,24
TNM->PRL,17.541666666666668,8.5,31.365973209232948,24
MNSR->HMH,16.958333333333332,8.5,31.68798862642446,24
JRKT->KLM,0.0,0.0,0.0,24
CDG->NMDA,7.416666666666667,0.0,17.902918554068865,24
KTW->SNX,2.0,0.0,3.336230624913196,24
KTO->BSPR,9.208333333333334,0.0,17.252546545911432,24
PRYJ->RBL,9.416666666666666,0.0,23.175918286139105,24
DWO->QSR,9.333333333333334,8.0,6.411041200566592,24
SRC->PKU,8.166666666666666,8.0,5.410671152347053,24
DXK->BIQ,26.958333333333332,22.0,22.45087229188805,24
HSK->TRKR,18.791666666666668,20.0,20.37470547488738,24
SNSI->KPG,37.291666666666664,10.5,121.91033025625188,24
SNSI->NK,10.583333333333334,12.0,5.5318576694779775,24
GOM->NLP,2.1666666666666665,0.0,10.614455552060438,24
RKSH->RWL,10.25,6.5,10.30934569677689,24
RKY->RBR,3.2083333333333335,1.0,4.978031448419071,24
RLP->SOQ,21.041666666666668,20.0,16.53580874993699,24
SZB->SRWN,0.0,0.0,0.0,24
SII->JRKT,3.5,0.0,7.083354646174245,24
LTHR->CPDR,41.833333333333336,28.0,25.01593694925847,24
GDV->MDVL,35.375,38.5,33.28900131718661,24
BRWD->CPDR,14.75,7.0,25.805712208902424,24
KPD->KJM,10.416666666666666,10.5,7.643790697807211,24
KGS->BHTK,24.375,16.0,22.170902395786204,24
KGS->PND,19.0,17.5,10.64445150423858,24
KGX->RLP,20.916666666666668,18.5,15.168378626106602,24
JLR->CKE,0.0,0.0,0.0,24
SIOB->GIMB,15.291666666666666,0.0,65.88691178775596,24
KHNR->DOD,5.208333333333333,0.0,11.021635508188533,24
BPQ->BZA,97.20833333333333,18.5,141.475448528117,24
ONR->AVK,3.9583333333333335,2.0,6.188904283625985,24
SMP->GRF,2.625,0.0,4.411570754475001,24
SHC->GEB,147.625,122.5,121.48745238483075,24
PAR->BZU,40.291666666666664,0.0,122.3421713231295,24
TPJ->TPTN,0.0,0.0,0.0,24
DMM->GTL,6.083333333333333,0.0,10.07759748226197,24
CHDX->SDL,8.458333333333334,0.0,13.903328242974197,24
JML->HOH,0.0,0.0,0.0,24
CKE->VAL,7.958333333333333,5.0,10.200081699019213,24
BVRM->TNKU,34.666666666666664,46.0,29.228733133334913,24
KNDV->NYH,7.375,6.0,9.622494027244072,24
BXN->AF,25.458333333333332,3.5,37.947308052163564,24
BIQ->NGLT,0.0,0.0,0.0,24
SOU->SHC,0.8333333333333334,0.0,4.08248290463863,24
MBY->DABN,17.333333333333332,9.0,32.77812985973192,24
RXL->NKE,258.1666666666667,261.5,157.93109853368958,24
HKL->MLG,7.125,0.0,13.494966855638534,24
AED->RBS,25.625,21.0,20.675153119668526,24
SDAH->RHA,8.458333333333334,8.0,8.826733930738932,24
KRAR->MSMD,13.916666666666666,0.0,30.544218362274698,24
SNAR->JNRI,4.458333333333333,0.0,10.47140689300347,24
CNA->BUDI,2.9166666666666665,0.0,4.4224394868095995,24
SUR->MA,12.041666666666666,11.0,9.364498949741527,24
IMR->JML,10.0,5.0,13.768268496485108,24
DLD->KHNR,0.0,0.0,0.0,24
WDL->BENL,0.0,0.0,0.0,24
BABR->BRGL,0.0,0.0,0.0,24
SCKR->PPI,55.791666666666664,60.5,34.14671563131361,24
CHD->KTES,21.291666666666668,17.5,17.80200078317204,24
DRO->RDN,8.0,8.0,6.136136725419625,24
MML->BHTN,45.666666666666664,44.0,19.288804291984835,24
DCAB->KMI,9.291666666666666,7.5,7.731804259126667,24
UJN->VRG,0.5,0.0,1.9110661718118183,24
QSR->RWL,9.125,7.5,6.278413673920313,24
R->MNDH,10.125,8.5,8.593791995944818,24
KKPM->ALU,13.416666666666666,13.5,7.734264061933114,24
MKTL->JKAR,74.54166666666667,84.5,50.48631253739164,24
GRF->NBH,3.6666666666666665,1.0,5.490439648719571,24
TPTN->SRGM,4.416666666666667,4.5,2.7173623186859888,24
TRKR->KBJ,16.958333333333332,15.0,18.788246017278915,24
MML->NU,26.375,13.0,32.5720772655246,24
TCN->KZY,0.0,0.0,0.0,24
BIA->DBEC,0.0,0.0,0.0,24
SASR->NGP,115.54166666666667,129.0,77.01551462370178,24
VRG->DWX,0.4583333333333333,0.0,2.2453655975512463,24
KPTN->LKE,11.0,11.5,8.19331647030729,24
DEB->PLY,7.208333333333333,5.0,7.824038580563424,24
VLR->ARV,6.166666666666667,3.0,13.176615210508237,24
LLI->KKPM,8.083333333333334,9.0,4.529292743202099,24
SNI->TGP,16.125,11.0,14.477306078975735,24
HNK->MYA,18.5,19.0,20.058609774532147,24
BGKT->SMR,29.833333333333332,26.0,20.284212465913456,24
BENL->LMT,5.416666666666667,2.0,9.207353708793889,24
UDN->BL,23.5,8.5,43.042951248420614,24
PTLI->MIQ,24.541666666666668,19.0,19.257927033385197,24
MLGH->BNDI,6.625,2.0,9.981776874145075,24
SHH->BNTH,0.0,0.0,0.0,24
LKE->LBN,10.208333333333334,0.0,17.80566389289281,24
LMT->KSAR,0.0,0.0,0.0,24
SBRA->PND,17.291666666666668,7.5,20.88161072969867,24
LRU->NNW,15.833333333333334,8.5,18.972902110450935,24
NGP->RKMP,79.25,12.5,218.07283386420514,24
KSN->MNDK,89.70833333333333,92.0,47.495060765320105,24
KSNG->KDLR,16.375,7.0,20.27594955692045,24
KLM->MGL,8.375,2.5,9.472213367896467,24
BHTK->KOI,23.625,15.0,21.6750959077162,24
KZB->NZT,22.0,6.0,43.79100562801731,24
FTS->AED,0.0,0.0,0.0,24
CWA->SASR,0.0,0.0,0.0,24
DABN->SGRA,16.291666666666668,5.5,32.072579601878616,24
KLB->SNPR,0.0,0.0,0.0,24
GTK->KGB,9.375,9.0,5.716585329205448,24
CPDR->BRWD,35.458333333333336,26.0,27.10042381614156,24
CPDR->LTHR,17.041666666666668,4.5,32.55694565134954,24
SGRA->MNSR,17.833333333333332,10.5,32.38715078903799,24
FAB->AGC,56.791666666666664,45.0,49.83100062399315,24
BAM->SPT,33.125,22.0,54.426106667265124,24
BAMA->BXN,8.833333333333334,1.0,14.701868164836464,24
DBEC->DCAB,5.958333333333333,5.5,7.049385829964916,24
SOQ->BNA,20.208333333333332,18.5,15.359402067921069,24
BDDR->KSD,12.291666666666666,10.5,13.274621640941218,24
SA->BWT,33.083333333333336,10.0,72.70842105804267,24
NGLT->BR,26.083333333333332,21.5,22.186789384415352,24
JWO->BIWK,3.4166666666666665,0.0,5.224662807232192,24
MLZ->MXL,13.708333333333334,4.0,17.99391000037094,24
MVD->KGIH,0.0,0.0,0.0,24
AY->BST,7.583333333333333,0.0,15.631397241134424,24
FBD->KMJ,46.416666666666664,39.5,44.63174602929162,24
DRD->BSR,8.5,0.0,20.920137999378575,24
LAL->BDDR,0.0,0.0,0.0,24
BKNG->RKY,0.0,0.0,0.0,24
LAE->ANMD,0.5,0.0,1.2510864843424485,24
TK->DVG,12.875,14.5,6.848119386403452,24
BNTH->LAL,10.166666666666666,8.0,11.634531311599092,24
RGDA->KNRT,7.458333333333333,1.5,15.22292083801856,24
BIWK->NMH,8.333333333333334,0.0,12.426012920540895,24
BUH->CHDX,5.458333333333333,0.0,14.252319923030278,24
ARL->BLU,4.958333333333333,0.0,7.8876853201775825,24
GTT->VRR,7.375,6.0,8.771557295674718,24
RNR->DVG,23.166666666666668,0.0,56.86572029727168,24
RNT->SWM,14.916666666666666,3.5,18.863160938180805,24
RNY->CGS,40.916666666666664,37.5,27.132391466044176,24
PVI->PKT,27.458333333333332,0.0,94.05594041598982,24
TKMG->MCSC,17.875,15.5,15.14656655024067,24
GVH->AWR,56.333333333333336,29.5,74.70211373918042,24
MRKL->DKC,86.75,97.0,60.736959595205,24
BSPR->KTO,13.541666666666666,5.0,37.67478590189496,24
SRWN->R,4.125,3.0,3.8143037429494604,24
BNDI->PSLI,1.7916666666666667,0.0,6.157209748259188,24
MXL->RNT,10.625,0.0,14.890360173177697,24
MYA->Y,22.916666666666668,25.5,21.63113027794547,24
KLZ->SEY,28.416666666666668,17.0,32.4732889118676,24
KGB->SLKR,22.416666666666668,15.0,24.703311988241694,24
RKMP->NGP,125.91666666666667,82.5,133.86914982684516,24
BRGL->SHNR,46.541666666666664,0.0,69.6494197152185,24
KGIH->KDGI,5.333333333333333,0.0,11.350796435058863,24
GLY->RJAP,0.0,0.0,0.0,24
ANY->KZB,0.0,0.0,0.0,24
STA->TZR,47.291666666666664,0.0,154.28812097942705,24
NHY->MYS,2.25,0.0,7.420594140047301,24
KSAR->SII,0.0,0.0,0.0,24
DKC->MQN,93.08333333333333,115.0,62.49168060572172,24
WL->SKZR,82.58333333333333,0.0,216.74688035800548,24
MTJ->GDO,90.91666666666667,69.5,78.61127071901313,24
GGC->LRU,10.541666666666666,3.5,13.86575125880363,24
KQN->ABI,7.125,7.5,4.4848779732321145,24
DEEG->BINR,96.0,75.0,79.9233328286226,24
GLP->ANV,47.25,62.0,46.12294534129972,24
MNM->MDU,25.208333333333332,13.5,39.38878583144399,24
BR->BAMA,0.0,0.0,0.0,24
KMI->SZB,15.791666666666666,14.5,11.454936914280452,24
KMJ->KSJ,47.583333333333336,36.0,49.86932198619025,24
SDNR->TEN,25.416666666666668,10.0,43.9722409141778,24
STP->BUW,221.79166666666666,167.5,268.37368159157205,24
BIG->KGS,12.791666666666666,11.0,6.587070119075946,24
BTY->DEB,8.333333333333334,4.0,11.289343442482332,24
SLKR->BIG,23.791666666666668,15.5,23.929205671270637,24
BP->SDAH,6.125,5.0,6.031169040907408,24
JNRI->URML,5.583333333333333,0.0,11.07255387322014,24
KOP->MRJ,6.458333333333333,2.5,9.431580469090402,24
MAD->HNK,16.583333333333332,19.0,17.355406792338123,24
NMH->HKL,6.708333333333333,0.0,12.667929952259852,24
JKAR->MRKL,86.16666666666667,88.5,50.32647040264602,24
LBN->KPZ,7.0,0.0,10.49637618625963,24
MIQ->KLB,25.5,20.0,19.300822239750172,24
ANMD->BLSN,5.041666666666667,5.0,5.254225352796644,24
RJAP->RRGA,0.0,0.0,0.0,24
THE->HTW,12.166666666666666,2.0,22.67668150453172,24
THEA->BUDI,5.083333333333333,4.0,6.513642316851921,24
TGQ->KGS,24.291666666666668,16.0,22.754797232703464,24
CRP->JNN,5.391304347826087,2.0,11.064846589064201,23
THE->SV,102.34782608695652,5.0,279.15743500359537,23
KHRI->KNF,8.391304347826088,0.0,13.733632011283245,23
GHR->DPX,96.78260869565217,83.0,102.93817938308194,23
VAA->KRKN,0.0,0.0,0.0,23
JKAR->MKTL,73.69565217391305,78.0,69.52398852365387,23
MQN->DKC,87.26086956521739,104.0,57.23890713595584,23
MRKL->JKAR,83.65217391304348,103.0,66.7026023041845,23
CLD->NMZ,11.826086956521738,5.0,17.569736827110216,23
YKA->HPG,0.0,0.0,0.0,23
KOTA->BAZ,22.782608695652176,25.0,15.945807433415135,23
KOTT->HBLN,0.0,0.0,0.0,23
DTO->LTHR,26.347826086956523,0.0,56.31535290071453,23
DVG->TK,1.391304347826087,0.0,3.25770597527522,23
MNAE->KAN,80.04347826086956,0.0,125.56688846292589,23
BLDI->RNV,1.0,0.0,3.3978602892783196,23
LKU->KHH,4.434782608695652,2.0,5.194630855346716,23
JHD->PNBE,13.73913043478261,0.0,42.61691660629225,23
STN->BCQ,88.3913043478261,0.0,133.98905624593334,23
KAN->BWN,60.21739130434783,0.0,111.32587566637586,23
MWT->STSN,10.0,6.0,9.341987329938275,23
TU->KDP,9.478260869565217,7.0,7.482522455194513,23
SDMD->BCB,11.608695652173912,0.0,18.34205086786987,23
SDLP->SWNI,7.043478260869565,4.0,12.111145358603917,23
DQR->YKA,0.0,0.0,0.0,23
GEB->SHC,170.7391304347826,149.0,126.05922756289974,23
MHQ->KHRI,0.0,0.0,0.0,23
TDLE->NFK,4.869565217391305,0.0,6.559547849066255,23
DMRX->LKR,38.608695652173914,29.0,24.014652970889525,23
DPX->JAJ,109.6086956521739,97.0,109.46262921050219,23
DKC->MRKL,87.8695652173913,111.0,63.070886777444954,23
BPL->SEH,7.086956521739131,0.0,30.358334251042557,23
BKSC->TKB,8.521739130434783,6.0,9.638321077946149,23
KGG->SLNA,12.130434782608695,7.0,18.98158042042119,23
BRGL->BABR,56.26086956521739,56.0,47.22501012204939,23
STSN->PLCJ,15.608695652173912,12.0,10.430458590261603,23
JAJ->RJLA,0.0,0.0,0.0,23
MXT->DQR,0.0,0.0,0.0,23
FM->NSVP,0.0,0.0,0.0,23
NFK->KTJ,5.043478260869565,0.0,9.26124996899135,23
GYJ->TU,5.391304347826087,3.0,5.549276205340842,23
VZM->GTLM,13.043478260869565,0.0,24.099185691390954,23
DMC->SPTR,6.0,0.0,9.922426389474776,23
LJR->GRCP,0.0,0.0,0.0,23
MDP->JRW,94.1304347826087,0.0,131.1159460338361,23
MDT->CLD,19.130434782608695,15.0,19.834094492762357,23
NG->EKM,0.0,0.0,0.0,23
ANCR->CJN,41.52173913043478,42.0,30.674048203678314,23
MHQ->TLE,7.043478260869565,0.0,10.856411012809499,23
KARO->GMO,1.826086956521739,0.0,5.48263518187645,23
KANO->KEJ,0.5217391304347826,0.0,1.0387739809021062,23
KSN->CK,67.43478260869566,73.0,60.247086754884606,23
KLBG->TJSP,30.47826086956522,15.0,45.14609573899285,23
LHB->JSME,93.08695652173913,0.0,130.06428936333344,23
NZB->NVT,23.17391304347826,0.0,40.59517680028799,23
BL->UDN,28.47826086956522,0.0,59.126881723058,23
GTLM->GRBL,15.695652173913043,5.0,24.669515200691606,23
KISN->BXL,0.0,0.0,0.0,23
TKB->CRP,9.217391304347826,7.0,9.71389127973267,23
OSN->BKC,6.913043478260869,2.0,9.064982793336029,23
TJSP->KUKT,0.0,0.0,0.0,23
GGC->MTJ,31.434782608695652,12.0,46.75159315414388,23
TISI->CUE,7.304347826086956,4.0,9.309988685710806,23
MNP->BFM,136.6086956521739,135.0,111.05311551867044,23
BXC->HSR,6.782608695652174,0.0,14.090475576654061,23
AK->BGN,0.0,0.0,0.0,23
SOR->DBA,9.782608695652174,5.0,10.509547701275041,23
JJG->SBNM,0.0,0.0,0.0,23
MED->MOB,13.521739130434783,0.0,23.198490478354582,23
BXR->KKRH,0.0,0.0,0.0,23
KPK->RNG,52.04347826086956,0.0,106.4738458115289,23
TSAH->MLQ,12.304347826086957,0.0,20.22922005104294,23
SRJN->REJ,6.391304347826087,4.0,12.302029139480064,23
MDN->BQA,72.8695652173913,16.0,122.27179275837837,23
NPZ->MDP,77.73913043478261,0.0,118.49672699404148,23
BJU->MOG,38.130434782608695,13.0,55.241868466051656,23
KMZ->JBP,69.73913043478261,0.0,177.1733145798472,23
KNAG->KHNP,0.34782608695652173,0.0,1.6681153124565982,23
UDN->BHET,12.347826086956522,0.0,25.601151777449697,23
RKB->MMC,0.0,0.0,0.0,23
TLE->SBW,7.6521739130434785,4.0,10.386217684343096,23
BGN->MZR,23.17391304347826,14.0,25.68984973577386,23
KIUL->NWD,23.956521739130434,9.0,65.85002123342625,23
SNKR->ADRA,2.0869565217391304,0.0,6.006913013567716,23
HPG->FM,50.391304347826086,35.0,46.24022169893651,23
NSX->PVP,17.652173913043477,8.0,26.131848725005305,23
NSVP->BDVL,50.30434782608695,37.0,45.91438156811663,23
DPUR->BWIP,15.391304347826088,0.0,33.654310990144246,23
KPV->BPZ,24.91304347826087,6.0,77.04007991327292,23
AWB->RGO,39.21739130434783,0.0,50.69781824401872,23
JNN->MHQ,8.478260869565217,4.0,11.1390776720247,23
KGP->JER,32.95652173913044,14.0,47.62684332950901,23
MMC->MDB,4.304347826086956,2.0,7.431106503981611,23
SHNR->BRGL,0.0,0.0,0.0,23
JBO->VAA,14.434782608695652,0.0,21.109726510774216,23
GZB->ETW,8.608695652173912,4.0,14.93543416429162,23
ASN->KPK,82.43478260869566,0.0,125.68099085562062,23
BNC->KJM,6.869565217391305,4.0,11.604483255214484,23
TRT->NG,13.478260869565217,14.0,11.38527583894452,23
BKC->HRLI,8.0,4.0,9.184967956592793,23
TQM->MZS,0.0,0.0,0.0,23
GRBL->GPI,17.869565217391305,6.0,26.516383182385542,23
RNPR->SLS,85.91304347826087,0.0,129.20417705162993,23
GPZ->HMY,13.521739130434783,0.0,20.435863229353775,23
MKTL->MNDK,77.78260869565217,101.0,68.06477965327598,23
MKHR->RDRA,15.217391304347826,14.0,11.98088068450248,23
GRCP->DPUR,0.0,0.0,0.0,23
NRGO->STL,84.08695652173913,0.0,114.48339023769432,23
SBNM->BQG,4.565217391304348,0.0,17.02625268908021,23
SBLT->JCH,7.695652173913044,3.0,9.032440436402233,23
KMPU->HIKD,0.0,0.0,0.0,23
MLQ->MHQ,12.26086956521739,0.0,18.733095146156195,23
KRKN->LYD,13.91304347826087,0.0,20.91957118341635,23
BAH->RDHP,12.391304347826088,9.0,18.951467034686218,23
RN->RAJP,132.17391304347825,122.0,107.6613597324808,23
HRLI->MWT,8.478260869565217,4.0,9.169462982279782,23
SNGN->BNLW,4.6521739130434785,0.0,8.631910647297323,23
BOKR->HDGR,19.26086956521739,11.0,19.920791768000377,23
PNC->BGS,1.2173913043478262,0.0,3.617589877492905,23
JMT->JSME,20.434782608695652,17.0,18.401645398161648,23
JMPT->LDX,21.08695652173913,12.0,28.77327207271969,23
MBNR->MQN,78.26086956521739,93.0,57.40384639575704,23
POK->AQG,0.0,0.0,0.0,23
RYP->KZJ,58.130434782608695,0.0,91.66654210076577,23
MBT->MKHR,11.695652173913043,11.0,9.565253323683857,23
HLKH->KNAG,0.0,0.0,0.0,23
HDGR->HEM,12.869565217391305,2.0,18.432442613811727,23
CNB->VGLJ,102.26086956521739,96.0,107.75275461203864,23
NWD->GAYA,15.434782608695652,0.0,59.16911516765584,23
KNF->KARO,0.0,0.0,0.0,23
MUW->NPZ,63.47826086956522,0.0,116.78724617682025,23
ULG->MJBT,28.82608695652174,31.0,30.75955457461077,23
TLB->LHB,83.1304347826087,0.0,113.3567595722084,23
BLY->HWH,48.30434782608695,0.0,102.9366242724172,23
KKRH->DLN,33.95652173913044,32.0,37.09383465173102,23
SHE->SRP,58.130434782608695,0.0,113.25566586181182,23
JCH->THM,12.73913043478261,13.0,11.16495080518555,23
BCB->JBO,12.347826086956522,0.0,18.99906384213365,23
CGR->SHE,58.91304347826087,0.0,114.44645951213023,23
RJG->PKR,12.0,10.0,12.350929298860656,23
MOB->WDR,24.0,0.0,35.81772034774255,23
BVU->VNE,20.391304347826086,0.0,30.467179256664167,23
THM->JSM,0.17391304347826086,0.0,0.8340576562282989,23
JRW->MNC,85.1304347826087,0.0,129.86822144278202,23
HMBD->HLKH,0.0,0.0,0.0,23
ODM->KISN,0.0,0.0,0.0,23
LDH->MET,17.52173913043478,9.0,27.432345813618358,23
MJBT->NMM,26.08695652173913,0.0,31.989931716483806,23
CK->RC,67.21739130434783,59.0,86.40389118012679,23
KEJ->SGS,0.9565217391304348,0.0,1.4917427535227872,23
OCH->SBLT,5.043478260869565,0.0,8.385475868046894,23
AII->FL,6.6521739130434785,6.0,5.313864333062863,23
SPTR->SMCP,7.739130434782608,0.0,12.348048764901897,23
NVT->BSX,23.130434782608695,0.0,39.54089292667447,23
SRP->BLY,47.78260869565217,0.0,106.54617288538213,23
WKI->PNQ,19.652173913043477,19.0,21.287231972694066,23
WFD->SMVB,139.0,0.0,273.68179930848027,23
BQA->ANCR,0.0,0.0,0.0,23
PLY->SRJN,0.0,0.0,0.0,23
KUKT->KMPU,0.0,0.0,0.0,23
CUE->NDB,1.826086956521739,0.0,4.499011749191991,23
MZM->BJO,9.608695652173912,10.0,10.012442851657507,23
TMX->KOTT,0.0,0.0,0.0,23
LDX->RGDA,14.608695652173912,2.0,26.940572867019032,23
RAJP->RN,119.08695652173913,121.0,90.23349158684135,23
GKH->BDH,9.652173913043478,11.0,8.901525383337264,23
KTJ->MLDT,4.217391304347826,0.0,8.759184902609533,23
PLCJ->MBT,12.173913043478262,10.0,10.36450311887578,23
BCQ->ASN,86.21739130434783,0.0,131.24611042608572,23
BFM->JMU,138.6086956521739,137.0,111.92803659268785,23
RJLA->NRGO,104.43478260869566,84.0,118.47125700007518,23
JSME->LKR,4.869565217391305,2.0,15.823757592551338,23
ATP->GYJ,1.2173913043478262,0.0,3.502681073628787,23
SBW->BJE,9.304347826086957,8.0,10.5547696353514,23
SLS->STN,87.8695652173913,0.0,132.71510989807047,23
HIKD->HMBD,0.34782608695652173,0.0,1.6681153124565982,23
NH->BWN,2.869565217391304,0.0,4.535760413606992,23
MDB->MMY,4.826086956521739,2.0,7.487275107644262,23
RUI->SNKR,10.304347826086957,5.0,11.379546174880835,23
LYD->TSAH,14.565217391304348,0.0,20.871524940925706,23
SPT->BAM,40.04347826086956,0.0,134.06222376902912,23
SNM->NSX,0.0,0.0,0.0,23
SNTD->RUI,10.217391304347826,7.0,11.139432504474323,23
HPO->ROA,9.391304347826088,7.0,9.796748674176563,23
SBC->BWT,45.26086956521739,15.0,103.85970318012677,23
AQG->OCH,6.304347826086956,4.0,7.060999044744406,23
SWNI->HSR,6.391304347826087,0.0,11.915380169553142,23
NH->KPA,9.652173913043478,6.0,14.297516299414236,23
MCSC->TKMG,7.826086956521739,0.0,12.925141722145618,23
RVK->HSA,8.521739130434783,3.0,17.422215612198826,23
MRR->RJG,11.73913043478261,10.0,10.230157695862438,23
BJE->SDMD,15.565217391304348,0.0,21.042869850414938,23
DDN->DWO,9.130434782608695,7.0,6.559547849066254,23
MNC->VDS,84.82608695652173,0.0,129.47539330064123,23
KNRT->JMPT,18.695652173913043,9.0,28.04774303447718,23
MNDK->KSN,62.82608695652174,71.0,51.36823582890416,23
KDP->YA,7.739130434782608,5.0,7.199857266920756,23
APDJ->RVK,8.043478260869565,2.0,18.94124470535509,23
DGA->PPTA,32.91304347826087,9.0,50.57839373728152,23
SMVB->YNK,12.956521739130435,7.0,18.031483226617233,23
SMVB->WFD,189.69565217391303,97.0,205.19579004688285,23
PKR->TDLE,5.130434782608695,0.0,6.348259230443964,23
PKR->MLDT,30.043478260869566,0.0,86.28782609850781,23
MRJ->KOP,14.08695652173913,0.0,65.83582407189338,23
NMZ->SVQ,13.304347826086957,5.0,23.332448693939863,23
NN->AK,11.0,0.0,18.291293791621975,22
HIP->TKPL,0.0,0.0,0.0,22
BLGH->SKKE,0.0,0.0,0.0,22
BPA->RVKH,0.0,0.0,0.0,22
VDN->KNHE,0.0,0.0,0.0,22
JIBI->BENA,35.54545454545455,25.5,39.14895519219756,22
BUDI->CNA,7.045454545454546,0.0,33.04611103511962,22
BBS->HWH,5.909090909090909,0.0,10.169558172305885,22
KSWD->PMP,0.9090909090909091,0.0,2.447721796148817,22
ABSA->KUGT,32.72727272727273,20.0,32.93309497433766,22
BYP->KKNH,0.0,0.0,0.0,22
BYPL->BNCE,0.0,0.0,0.0,22
TLY->CLT,233.5,115.5,266.82734742401,22
RDBR->KPLD,0.0,0.0,0.0,22
SWPR->BOY,8.636363636363637,3.5,9.317395173215141,22
BYS->AMLA,24.818181818181817,17.5,19.281464979998063,22
NDLS->PNKD,53.86363636363637,39.0,79.73784155984771,22
SBC->NYH,12.636363636363637,7.5,17.393336037923792,22
CMJ->NTW,5.454545454545454,0.0,10.927149555240717,22
RMD->RMM,0.0,0.0,0.0,22
KDP->TU,1.8181818181818181,0.0,6.3293448366008676,22
BRC->MMCT,10.0,0.0,24.315388033878776,22
MZZ->DLPT,0.0,0.0,0.0,22
KJN->CNB,29.681818181818183,4.5,45.28574501207529,22
KJZ->BSPR,30.545454545454547,0.0,35.75409037236129,22
MALK->BYS,12.318181818181818,8.0,14.334063205015108,22
KK->DAPD,1.6818181818181819,0.0,3.414065634378483,22
JRJE->UDPU,33.04545454545455,28.5,31.487680542936566,22
BRK->PDR,2.772727272727273,2.0,4.859275060392663,22
JAIS->AME,14.409090909090908,0.0,31.895154268334647,22
SMPA->BUDI,1.5,0.0,3.188521078284832,22
JP->BKI,6.545454545454546,0.0,13.168242001216312,22
MYS->CMJ,0.0,0.0,0.0,22
RAH->AWR,3.1818181818181817,0.0,7.168956646119392,22
KZJ->RYP,74.4090909090909,1.5,97.6693445549875,22
DLPT->BTV,29.0,24.5,29.444055103745153,22
OEA->JMKT,31.363636363636363,7.5,39.353762395971934,22
NLR->MS,27.772727272727273,0.0,109.39092493838079,22
SIR->FGSB,0.0,0.0,0.0,22
SJQ->KJZ,25.59090909090909,5.0,29.825938042022756,22
TLC->SUJH,10.0,7.0,11.343133018115703,22
VMA->BWM,19.90909090909091,7.5,24.653617702091225,22
BTV->KRIH,25.681818181818183,24.0,27.186107032534384,22
GRWD->TGN,5.954545454545454,4.5,5.428998616137784,22
KRIH->JJKR,17.772727272727273,8.5,20.96693955045786,22
BIG->PND,10.090909090909092,2.0,14.064169573809389,22
VYA->USD,9.772727272727273,3.0,14.043916894214439,22
TMZ->DZKT,0.0,0.0,0.0,22
CUPJ->SY,22.5,25.0,18.186206180457077,22
KCG->BPQ,8.272727272727273,0.0,23.43619873732537,22
KKNH->SHC,35.18181818181818,2.0,60.210453422131785,22
TPT->BWT,27.772727272727273,6.0,57.27871026263292,22
BRBS->GMH,0.0,0.0,0.0,22
GTL->KRNT,11.545454545454545,4.0,15.177449665703998,22
KBH->NDB,4.045454545454546,0.0,7.127928121646522,22
MET->LDH,25.818181818181817,5.0,53.29758000727645,22
KKY->PCM,8.954545454545455,8.5,5.4552488723925565,22
BGWI->GRWD,0.0,0.0,0.0,22
BRH->SJQ,13.181818181818182,8.0,17.05072645746429,22
KJM->BYPL,24.636363636363637,26.0,26.70570735245193,22
SZM->BHD,10.090909090909092,7.5,13.493946053196598,22
SZZ->MKO,57.77272727272727,78.0,55.877358749132206,22
KPLD->KED,27.318181818181817,22.0,27.98704864352245,22
G->BPQ,157.0909090909091,58.0,228.5446521112625,22
CPD->KBH,4.590909090909091,0.0,9.277002240097314,22
MEE->BYP,39.54545454545455,18.5,59.2032232654747,22
NZB->MUE,35.77272727272727,13.5,44.4006990701957,22
SV->THE,50.95454545454545,0.0,137.17367416205224,22
SMVB->RU,7.409090909090909,4.5,11.039578541425138,22
KSK->NASP,42.59090909090909,3.0,65.36903234414893,22
FM->UR,27.136363636363637,27.0,9.19780229726466,22
NDB->DXG,5.2272727272727275,0.0,8.331991233917492,22
NDB->TISI,3.5,0.0,7.089563086813231,22
BENA->STRB,30.272727272727273,19.0,30.17122851829256,22
ANV->DGDG,0.0,0.0,0.0,22
GEB->PGC,1.8181818181818181,0.0,3.947710169758614,22
FGSB->BSPN,11.409090909090908,7.0,14.22157680263503,22
JL->BDI,4.454545454545454,0.0,7.0083438212521445,22
TU->GYJ,0.22727272727272727,0.0,0.7516216235148274,22
ADTP->TATA,16.818181818181817,0.0,29.620836237249268,22
DGDG->GLP,77.31818181818181,62.0,74.7448908039787,22
STRB->JRJE,31.818181818181817,19.0,31.19315609253073,22
MPU->BVL,53.31818181818182,18.0,69.0357991077206,22
BUI->MAU,12.454545454545455,5.5,26.083615132013012,22
MNM->APK,10.954545454545455,0.0,26.344742445988242,22
NASP->YLM,33.90909090909091,2.5,58.35026346772777,22
PGC->SHC,0.09090909090909091,0.0,0.42640143271122083,22
DMH->MEE,0.0,0.0,0.0,22
GMH->ADTP,15.909090909090908,0.0,31.607577588909926,22
KGP->HIJ,43.13636363636363,40.5,32.29373439825877,22
TKPL->BLS,67.13636363636364,79.0,47.206028120453965,22
NWU->CPD,5.2272727272727275,0.0,9.426062239909589,22
LJN->HRI,43.77272727272727,56.5,29.939513337301573,22
GVH->RAH,5.818181818181818,3.0,7.985918342613565,22
DAPD->KSWD,0.0,0.0,0.0,22
GWD->IKI,20.0,0.0,25.50630174234259,22
ASD->KKY,10.636363636363637,11.5,6.644334891257826,22
COR->BSSL,0.0,0.0,0.0,22
GYJ->ATP,7.181818181818182,0.0,11.607207792026157,22
JYP->JDB,8.045454545454545,0.0,28.98518056939947,22
RPAN->HMY,78.45454545454545,20.5,111.31710486487616,22
BHC->RDBR,26.954545454545453,21.0,27.806263893020787,22
BHD->NUR,13.090909090909092,9.5,13.592396652292294,22
AKP->KSK,0.0,0.0,0.0,22
AKRD->DEHR,5.954545454545454,5.0,5.834848288126653,22
CCH->AKRD,0.0,0.0,0.0,22
REG->NRP,52.86363636363637,28.0,65.81235623928255,22
DNT->AGV,0.0,0.0,0.0,22
DEHR->BGWI,0.0,0.0,0.0,22
MIPM->DVD,53.45454545454545,18.5,64.87036690326718,22
JGM->TATA,11.409090909090908,2.0,16.11760082261179,22
DMC->NLP,69.0,0.0,199.49507691741596,22
ETW->GOY,44.95454545454545,0.0,82.94431710647656,22
LKR->DMRX,0.0,0.0,0.0,22
KMST->MVL,5.909090909090909,4.5,6.101593007521661,22
MVL->LNL,9.454545454545455,9.5,10.196765466265564,22
KMZ->UDR,16.136363636363637,12.0,17.188854236298297,22
NRP->GLU,56.13636363636363,36.0,67.18013840169576,22
UDPU->BHRM,35.0,30.5,31.892677171144744,22
BZU->MALK,10.772727272727273,6.0,14.415374788850627,22
BVL->APT,39.0,0.0,70.43335248912366,22
PNP->GHNA,28.772727272727273,11.0,69.82763255616123,22
PNPN->BNBR,64.04545454545455,79.5,52.745098867529435,22
HWH->ULB,10.409090909090908,9.0,6.973822419175809,22
BSPN->MRND,18.681818181818183,13.0,29.986324444313844,22
BPE->NYA,37.81818181818182,46.5,35.21314197803667,22
BPQ->KCG,97.68181818181819,47.5,125.09934580303096,22
CNI->PRR,17.09090909090909,12.0,20.80958819964876,22
IKI->SBBJ,0.0,0.0,0.0,22
CKP->MOU,45.95454545454545,50.0,34.154379587713855,22
BHRM->BLGH,32.45454545454545,24.0,31.86388801303694,22
PPTA->DGA,39.77272727272727,10.0,55.267257006022085,22
BOY->SWPR,29.636363636363637,5.0,47.86344211304794,22
KNHE->KMST,5.590909090909091,4.0,5.4655552666032365,22
KRMI->KUDL,46.68181818181818,27.5,55.764288251136534,22
KRNT->GTL,68.68181818181819,10.0,121.47090043989816,22
SORO->SZZ,0.0,0.0,0.0,22
NTW->CMNR,5.2727272727272725,0.0,20.63557219528549,22
SINI->BRBS,0.0,0.0,0.0,22
THTW->JIBI,32.90909090909091,24.5,36.394543142657675,22
NCB->NBQ,101.0,62.0,138.12864948852504,22
NCB->TFGN,170.13636363636363,56.0,252.1955581827316,22
KTO->SJQ,25.681818181818183,5.0,29.895669958224428,22
DZKT->HLZ,15.727272727272727,7.5,18.946495638236033,22
AGV->LXD,56.81818181818182,69.5,43.92486698208589,22
PDPL->OEA,0.0,0.0,0.0,22
PDR->BGAN,1.7272727272727273,0.0,4.9969687781391,22
RTGH->TLC,8.363636363636363,5.0,11.000196771164097,22
JSME->ASN,6.954545454545454,0.0,16.743093167965373,22
MAU->AMH,5.636363636363637,0.0,10.12091401173335,22
SLO->MPU,3.272727272727273,0.0,15.35045157760395,22
SBRM->MUBR,24.818181818181817,19.0,32.04555739752001,22
RSR->IAA,2.909090909090909,0.0,7.380212223746175,22
GLU->TUNI,75.81818181818181,62.5,67.56699417096118,22
YA->KDP,3.227272727272727,0.0,8.141205118360597,22
KSNG->RGDA,47.22727272727273,24.5,59.08342110398355,22
KHH->LKU,48.04545454545455,0.0,138.3933239763108,22
USD->NWU,5.7727272727272725,0.0,10.897495641449519,22
LKO->GKP,64.22727272727273,56.5,56.58868456484228,22
NVS->UDN,20.363636363636363,13.5,21.89051861411248,22
HIJ->BPE,40.86363636363637,43.5,33.721966070663726,22
BTSR->GDO,5.2272727272727275,3.0,7.457382524220822,22
BDI->BSL,0.0,0.0,0.0,22
SKKE->AGTL,19.363636363636363,5.0,28.524918854766188,22
JNR->KML,72.9090909090909,20.5,116.5826537333713,22
MUBR->THTW,0.0,0.0,0.0,22
PRR->KSX,15.590909090909092,8.5,21.462390340644706,22
BWT->TPT,11.727272727272727,11.0,9.861815819381908,22
SPN->CH,58.59090909090909,57.5,44.61118703484596,22
BGAN->GD,0.7272727272727273,0.0,1.4858641283079042,22
NBQ->APDJ,29.863636363636363,22.0,26.943141992590625,22
KHF->PNPN,0.0,0.0,0.0,22
GKP->LKO,63.13636363636363,2.0,106.20971861842177,22
TGN->VDN,0.0,0.0,0.0,22
YLM->REG,46.90909090909091,26.0,59.271698129328115,22
AAG->MKPT,16.571428571428573,8.0,18.521801825339317,21
DHN->CRJ,57.095238095238095,7.0,97.61245041586896,21
DISA->LW,8.571428571428571,6.0,9.195495791807142,21
MRHT->SLGR,20.428571428571427,17.0,10.181215195503082,21
DUE->TOI,5.0476190476190474,0.0,8.686058890407033,21
WSB->JEUR,30.523809523809526,35.0,25.991573726150264,21
CDS->DISA,9.666666666666666,8.0,9.11774826003292,21
RVKH->BPA,6.9523809523809526,0.0,12.65494445059397,21
BMSB->CHIB,8.047619047619047,5.0,6.815249008482304,21
BMSB->GIMB,3.142857142857143,0.0,7.226933750116395,21
KOJ->APDJ,60.19047619047619,35.0,46.58070313726387,21
SNLR->CASA,6.0476190476190474,2.0,7.632012778266232,21
PLE->RDHP,8.619047619047619,5.0,8.493975456028764,21
NBQ->NCB,72.71428571428571,46.0,82.04946243403602,21
TH->GAUR,7.809523809523809,9.0,3.558357031258213,21
BGAN->PDR,40.61904761904762,39.0,44.389724250637315,21
MITA->BAH,7.428571428571429,8.0,4.884377427793931,21
KOKA->BRD,45.857142857142854,40.0,32.550400480310095,21
CNB->KJN,219.9047619047619,132.0,250.50287518547657,21
IAA->RSR,34.38095238095238,18.0,42.01246980418574,21
MAU->BUI,36.23809523809524,0.0,63.92957434701467,21
MA->WKA,11.380952380952381,3.0,15.727288992309482,21
MTY->BZU,32.857142857142854,26.0,28.43287835286065,21
GIMB->BMSB,5.761904761904762,4.0,5.347006283003246,21
VRI->CHSM,15.333333333333334,0.0,45.9623033945573,21
VONB->BCOB,10.952380952380953,4.0,12.990289413543453,21
SIOB->VONB,9.19047619047619,4.0,10.557552025062664,21
JMKT->OEA,0.0,0.0,0.0,21
BAH->DVGM,7.714285714285714,8.0,5.19752688442164,21
BAH->MITA,7.523809523809524,5.0,9.12479614906025,21
BTD->NGA,8.904761904761905,4.0,15.485169556400606,21
LBG->WNG,0.0,0.0,0.0,21
CRU->LBG,21.333333333333332,21.0,5.570756980279549,21
PRWD->WSB,24.61904761904762,29.0,19.50250289187567,21
DVGM->RDHP,7.095238095238095,7.0,5.656012393062465,21
URI->YT,10.523809523809524,8.0,9.852000038667518,21
CDS->PNU,0.0,0.0,0.0,21
JSI->BLDI,11.047619047619047,6.0,12.126319270397719,21
JSI->DKW,8.666666666666666,7.0,8.962886439832502,21
BST->TH,7.0476190476190474,8.0,2.9744947550162273,21
BWM->VMA,55.666666666666664,12.0,146.92152100129286,21
SNLR->GM,16.0,19.0,9.767292357659825,21
PNU->CDS,5.0,4.0,5.128352561983235,21
KHAT->RRL,51.476190476190474,45.0,40.904301787977076,21
SIOB->LKZ,11.333333333333334,10.0,7.844318538492258,21
KOTI->GMM,3.7142857142857144,0.0,7.191264542087553,21
VGE->ETP,6.809523809523809,7.0,3.4730253039539978,21
SEH->BPL,5.666666666666667,0.0,13.316656236958787,21
RU->SMVB,19.571428571428573,0.0,46.78522355249725,21
CDM->MV,9.428571428571429,0.0,22.53790457999907,21
DD->MLM,11.666666666666666,12.0,10.841279137322005,21
AYC->SLN,41.04761904761905,26.0,42.69833274318353,21
DVG->RNR,31.095238095238095,33.0,22.422989903009732,21
SQR->KXH,10.476190476190476,5.0,14.267512213483636,21
SQW->DWDI,5.238095238095238,0.0,8.842537881766534,21
WDS->MA,7.0476190476190474,4.0,9.211276732767235,21
KIR->KGG,81.33333333333333,19.0,108.79491409681489,21
BZU->MTY,92.47619047619048,39.0,102.40342721199278,21
GMM->TSL,3.7142857142857144,2.0,5.81500522048654,21
MHC->MEW,2.238095238095238,0.0,5.787095661078723,21
DMP->SWO,5.666666666666667,2.0,10.389096848780135,21
VRX->PLE,7.904761904761905,5.0,7.949243749595063,21
VRX->VU,7.428571428571429,8.0,5.705886684569092,21
DEOR->DKW,7.9523809523809526,3.0,9.478798396823251,21
DEOR->MITA,8.619047619047619,7.0,9.10206674594397,21
MOG->BJU,29.238095238095237,0.0,75.73434145874958,21
KNHN->KP,62.76190476190476,49.0,58.372000789680634,21
PSDA->NDD,40.285714285714285,41.0,24.120826804118586,21
BPZ->KPV,1.4761904761904763,0.0,3.2034207906400245,21
DWDI->RPV,3.2857142857142856,0.0,6.90031055201762,21
PDR->BRK,18.904761904761905,0.0,33.8938117683815,21
WKA->AAG,12.761904761904763,4.0,17.455385306273712,21
PAA->DD,7.285714285714286,6.0,8.684139894905293,21
GGC->BTE,38.61904761904762,10.0,49.2021099044301,21
MO->MVE,26.523809523809526,27.0,25.06315831578105,21
GM->SNLR,6.333333333333333,3.0,7.74166218155593,21
CTC->BLS,25.523809523809526,0.0,60.292303860127156,21
BKP->HTZ,96.95238095238095,35.0,180.39359084803323,21
VONB->SIOB,7.380952380952381,8.0,6.6518883820776065,21
MITA->DEOR,9.19047619047619,6.0,9.589676989445723,21
NBD->HW,9.666666666666666,5.0,13.305387380055242,21
HDP->MJBK,0.0,0.0,0.0,21
RRL->TAR,53.333333333333336,54.0,41.26782443179351,21
VGLJ->CNB,27.714285714285715,0.0,62.211850042530365,21
KP->KAV,76.38095238095238,64.0,63.65255390828886,21
APDJ->KOJ,96.80952380952381,0.0,162.65688397593843,21
GMTO->HMY,2.761904761904762,2.0,3.2389004601062057,21
TBH->GPZ,3.5238095238095237,2.0,5.095282598826562,21
RJY->GVN,20.047619047619047,17.0,18.75493585826459,21
TDD->CEL,46.80952380952381,51.0,32.66285206104795,21
GM->PFL,16.80952380952381,18.0,10.003094759218508,21
DSR->SKHV,1.9523809523809523,0.0,4.924187145876875,21
KWV->WDS,5.619047619047619,0.0,8.969259671099898,21
PDF->BUBR,9.523809523809524,8.0,7.826998451635515,21
PDF->KYG,18.523809523809526,21.0,12.952293417071155,21
DD->BGVN,25.61904761904762,22.0,22.26763613515406,21
KXH->SQR,20.285714285714285,19.0,18.12496305414954,21
ETP->ATU,5.857142857142857,6.0,3.320929301953209,21
CHCR->SAL,62.095238095238095,60.0,45.204982869043064,21
LONI->URI,12.380952380952381,11.0,10.151237316092017,21
HSK->KRAR,17.428571428571427,9.0,23.13562497226178,21
RPV->MHC,3.619047619047619,0.0,7.074434185687153,21
COE->KYG,8.857142857142858,7.0,7.773581634521596,21
AJJ->RU,11.571428571428571,10.0,10.205740681456827,21
MVE->PK,25.714285714285715,31.0,25.51498159345379,21
RDHP->PLE,6.809523809523809,7.0,5.45544725589981,21
BGM->PCH,16.761904761904763,21.0,16.071417989414506,21
KJA->SLN,32.523809523809526,23.0,39.34923004026769,21
BZA->DVD,71.52380952380952,0.0,163.0081651475223,21
BGND->GOM,5.761904761904762,0.0,17.589499031822257,21
NAM->BOJ,9.571428571428571,2.0,16.975191982924464,21
KGG->KIR,122.71428571428571,0.0,233.7854022083378,21
RKL->POU,4.0476190476190474,0.0,7.794075894396913,21
TAR->CHCR,60.95238095238095,59.0,44.924910896379295,21
UDN->NVS,5.0476190476190474,4.0,3.2783561502098957,21
COE->SIA,15.619047619047619,18.0,14.616689743153854,21
LW->DISA,9.095238095238095,7.0,10.458990208929167,21
CHSM->ATU,17.047619047619047,0.0,45.90149909368559,21
POU->DUE,5.238095238095238,0.0,8.819890939828916,21
KUGT->ABSA,59.23809523809524,0.0,138.60083144119474,21
APN->VGE,0.0,0.0,0.0,21
LKZ->SIA,11.380952380952381,10.0,7.473126457354984,21
LKZ->SIOB,9.619047619047619,5.0,11.101694422367203,21
CEL->PUA,47.57142857142857,54.0,35.95910375492057,21
SSB->DSJ,29.238095238095237,20.0,37.47119528638599,21
KYG->PDF,9.285714285714286,8.0,7.655996715927046,21
PCH->GKK,17.571428571428573,21.0,15.68620868333527,21
GWM->BZA,1.8571428571428572,0.0,6.035608621222174,21
NU->KKB,38.42857142857143,40.0,24.003273586266168,21
SA->SXT,4.857142857142857,4.0,2.080521912542963,21
NHLN->GMTO,3.5714285714285716,4.0,1.2873006086935783,21
NHR->GAMI,5.619047619047619,3.0,7.933953557188183,21
NGA->BTD,18.428571428571427,20.0,16.098358390132294,21
NGA->DLJ,6.571428571428571,2.0,9.851758363720807,21
MNO->HJP,4.476190476190476,0.0,7.749961597447096,21
NAD->BWM,64.52380952380952,0.0,139.33973555580585,21
RDHP->BAH,11.380952380952381,9.0,13.313437536850468,21
RC->WADI,22.904761904761905,0.0,40.48197717738693,21
OEA->PDPL,16.19047619047619,6.0,20.439224661466607,21
SJQ->BSPR,1.4285714285714286,0.0,6.546536707079771,21
SDDN->BNY,33.285714285714285,17.0,38.30162249454043,21
MJBK->LONI,9.428571428571429,10.0,7.025463889106744,21
BWIP->LJR,10.80952380952381,11.0,2.1358615970855324,21
DAS->DME,12.428571428571429,10.0,13.009886350662054,21
MLM->BGVN,16.714285714285715,19.0,13.849703452214627,21
BLDI->JSI,8.19047619047619,6.0,9.064320424714959,21
BLDI->LW,8.952380952380953,5.0,10.447373787111239,21
LMNR->DWX,32.523809523809526,6.0,112.3270310511317,21
LMO->DME,23.714285714285715,23.0,11.764960081287386,21
AYC->KJA,25.523809523809526,19.0,36.347790919970706,21
GVN->KVR,37.0,34.0,19.193748982416125,21
DME->DAS,21.571428571428573,21.0,11.843020850152332,21
DME->LMO,5.9523809523809526,0.0,10.116700007790044,21
VU->VRX,7.761904761904762,6.0,7.860691839175239,21
SY->CUPJ,23.238095238095237,30.0,16.370414661531218,21
CASA->SNLR,10.285714285714286,12.0,7.450790945549722,21
CASA->VU,7.190476190476191,4.0,7.717635956813767,21
GOPG->SQW,3.380952380952381,0.0,6.689366117026264,21
SXT->APN,0.0,0.0,0.0,21
BTE->GGC,86.14285714285714,37.0,148.1398952727744,21
RDHP->DVGM,8.19047619047619,6.0,9.157614578147781,21
DLJ->NGA,19.714285714285715,22.0,13.649699107097039,21
PLE->VRX,8.428571428571429,8.0,6.087457832062811,21
KYG->COE,15.0,17.0,13.30037593453659,21
PUA->BMD,57.476190476190474,60.0,35.70660869869757,21
GDR->OGL,19.666666666666668,10.0,28.568047418984264,21
LAA->AAR,18.476190476190474,20.0,10.911549145831895,21
LAA->PFL,5.9523809523809526,3.0,7.310787854097467,21
NIR->BTC,57.142857142857146,9.0,116.09060500931405,21
VU->CASA,7.333333333333333,8.0,6.142746399887703,21
PNME->BKSC,2.9523809523809526,0.0,9.441801684404256,21
SIA->COE,11.380952380952381,10.0,7.794075894396913,21
SIA->LKZ,17.523809523809526,20.0,16.13883219944692,21
CHIB->BCOB,7.9523809523809526,7.0,6.822581553020751,21
CHIB->BMSB,11.142857142857142,0.0,14.84346898230233,21
MLDT->GZO,11.857142857142858,7.0,25.91579771931729,21
ARV->VLR,12.047619047619047,9.0,13.455393678656119,21
TSL->KLK,1.4285714285714286,0.0,5.509731650193397,21
CPH->KHS,20.571428571428573,0.0,34.14172143956926,21
KAV->NITR,55.476190476190474,34.0,58.488989602846665,21
NZD->GWM,59.76190476190476,53.0,27.213792021518724,21
BCA->SPP,11.714285714285714,0.0,15.333436852652627,21
DISA->CDS,8.047619047619047,4.0,10.007378230466712,21
SWO->KOTI,4.714285714285714,2.0,7.721028798954562,21
KDG->PAA,10.19047619047619,8.0,11.070768029450566,21
JP->SWM,4.0476190476190474,3.0,4.57685689612632,21
MKPT->MO,21.095238095238095,17.0,21.02832556792091,21
FTS->AGC,5.476190476190476,0.0,14.267512213483638,21
AME->JAIS,13.285714285714286,0.0,44.676775686191654,21
CPJ->RKL,3.3333333333333335,0.0,6.872651113895811,21
MEW->CI,0.5714285714285714,0.0,1.9123657749350298,21
BGVN->JNTR,22.047619047619047,22.0,17.735490380804787,21
LW->BLDI,8.238095238095237,6.0,9.224449912622227,21
DPU->DSR,7.0476190476190474,0.0,11.408225937788005,21
RN->KHED,63.666666666666664,36.0,62.86122281131138,21
PAU->CRU,16.095238095238095,15.0,5.638304371925676,21
GAM->RBA,20.19047619047619,13.0,30.05265220844751,21
AMH->MAU,40.904761904761905,5.0,68.96296452582702,21
BOJ->NAM,50.142857142857146,29.0,66.79392615671406,21
KRAR->HSK,60.19047619047619,15.0,86.3693342845822,21
GD->BGAN,40.523809523809526,34.0,42.391766945503754,21
BLNI->KEM,34.57142857142857,34.0,34.34759297035446,21
TMR->KOKA,37.857142857142854,36.0,27.767401236496212,21
BRD->KHAT,50.857142857142854,41.0,38.847504056613104,21
KKB->NU,15.142857142857142,12.0,10.115758569112423,21
PFL->GM,6.095238095238095,3.0,7.588838922422599,21
PFL->LAA,17.0,18.0,10.290772565750348,21
WNG->NED,1.1428571428571428,0.0,3.8116363190329983,21
SAL->KNHN,59.142857142857146,49.0,49.964272950064746,21
BCOB->CHIB,11.666666666666666,2.0,14.492526809819376,21
BCOB->VONB,8.571428571428571,9.0,6.697547525560595,21
BNY->SDDN,17.0,15.0,17.561321134812154,21
JEUR->BLNI,36.714285714285715,34.0,34.240535710094925,21
SGZ->CMU,12.714285714285714,9.0,12.96974501346444,21
NLP->BGND,6.666666666666667,2.0,18.036999011291577,21
NLP->DMC,85.76190476190476,0.0,215.14179156126426,21
AAR->BUBR,17.761904761904763,23.0,11.982924358873179,21
AAR->LAA,8.0,5.0,7.280109889280518,21
YT->KDG,9.285714285714286,6.0,10.835787267858562,21
PK->SUR,0.0,0.0,0.0,21
DKW->DEOR,9.333333333333334,7.0,9.029581016488713,21
DKW->JSI,8.80952380952381,4.0,9.988088143478949,21
KVR->PSDA,0.0,0.0,0.0,21
DVGM->BAH,8.666666666666666,6.0,9.371943946339698,21
KHED->RN,35.904761904761905,21.0,38.678036095314816,21
KHS->CPH,7.523809523809524,4.0,10.156864908125183,21
THE->GOPG,5.714285714285714,0.0,9.808888097755306,21
BUBR->AAR,9.80952380952381,8.0,7.807810497310033,21
BUBR->PDF,17.238095238095237,18.0,11.920170979917872,21
HWH->BBS,53.666666666666664,34.0,56.09931669221412,21
JNRD->BWIP,9.0,9.0,1.3784048752090219,21
JNTR->PRWD,21.38095238095238,19.0,17.522774296543886,21
SLGR->MRHT,33.61904761904762,14.0,59.573044399691526,21
BPP->APL,54.25,60.5,31.05830679629254,20
DUD->GDGN,22.5,0.0,29.22778058448395,20
VDE->VKT,2.15,0.0,3.602265369107846,20
KTE->CHD,16.3,9.0,27.988907577260335,20
YLG->SVNR,1.7,0.0,2.617753154701063,20
BJE->PEH,21.75,8.5,57.752534690331075,20
RIG->HGR,50.1,10.0,63.23964446119972,20
KHED->KFD,93.3,58.0,90.31238185204438,20
KOPR->DIVA,27.55,22.5,22.825366775170394,20
KHBV->BIRD,33.85,27.5,33.40386835461773,20
SPE->TADA,19.7,19.5,11.684898035723851,20
SPF->BPP,37.55,32.5,25.848699448093992,20
SPF->IPPM,0.0,0.0,0.0,20
SKP->GGD,7.1,0.0,18.04351465354329,20
HZBN->KQR,26.85,31.5,20.29071605179908,20
MHSA->NWDH,6.75,0.0,19.089470782000273,20
RGPM->PDPL,67.05,68.0,28.10970051704384,20
TIS->RNC,10.05,5.0,10.713862147016041,20
GIN->BDGU,0.0,0.0,0.0,20
KZE->KQK,13.5,8.0,15.104896382856856,20
MYK->JRU,1.7,0.0,2.7164217950128906,20
SVNR->KVS,0.0,0.0,0.0,20
BPH->IB,53.45,6.0,63.58208536173824,20
PND->BIG,0.0,0.0,0.0,20
SNH->GDI,1.45,0.0,2.211810403980842,20
TMV->MTL,13.7,13.5,14.183385387580483,20
KJZ->SJQ,5.95,3.0,10.777535115131602,20
DEE->ROK,12.9,3.0,30.628332256949697,20
JCNR->KARD,33.45,25.0,31.352788845987092,20
CPH->SGRD,0.0,0.0,0.0,20
RNC->MESR,0.0,0.0,0.0,20
RNC->TIS,3.45,0.0,15.428869044748549,20
BGSF->JMKT,67.45,65.0,24.092966870677817,20
VKT->GDR,6.35,6.0,3.4377930497095925,20
SUR->TLT,19.8,12.0,23.45791304039058,20
NDO->MDKU,0.0,0.0,0.0,20
IPPM->SPF,40.0,31.5,27.9811966938702,20
BRHI->HZBN,15.1,0.0,35.972065185143464,20
BRHI->KQR,34.95,13.0,45.5867882522765,20
BRJN->JSGR,82.1,1.5,151.39105862493645,20
KCC->PVD,7.2,5.0,10.308912852989218,20
NDO->MCVM,0.0,0.0,0.0,20
BCK->KGP,13.85,5.0,18.779257874468563,20
GPD->PON,19.9,19.0,13.066228062814215,20
NDLS->ROK,34.9,5.0,64.35910764485556,20
SWM->JP,22.0,0.0,71.77303408002639,20
VTM->JAQ,0.0,0.0,0.0,20
VTM->KPLL,0.0,0.0,0.0,20
CMU->SGZ,30.35,0.0,116.46380734396686,20
CLX->JAQ,0.0,0.0,0.0,20
KYOP->KOLR,52.5,48.0,21.060064477334198,20
AMC->CTA,0.0,0.0,0.0,20
KLBG->HQR,22.8,0.0,27.92395689047404,20
GTNR->AY,11.45,3.5,20.653724017461684,20
SVG->BBD,22.0,0.0,30.570023156508626,20
JSGR->BRJN,60.0,10.0,130.40463343398744,20
HGR->BPH,57.4,29.0,65.97399806781934,20
VEER->KFD,68.75,69.0,53.87106927900316,20
KVDU->CJM,46.3,54.0,30.25349044673236,20
BTTR->PGU,6.4,7.5,6.675958437005999,20
IB->JSG,36.35,0.0,46.51459872703237,20
IBL->ADRA,6.95,0.0,14.225533011936117,20
HZBN->BRHI,44.5,34.0,45.60874800668006,20
BSPR->KJZ,6.6,3.0,10.112004330445442,20
LPI->NPL,6.4,0.0,10.404452488187323,20
PVD->KCC,55.85,67.0,40.376224113755484,20
MXW->GOL,16.85,0.0,35.35872556645969,20
KLX->TEL,26.45,21.5,16.928565083593874,20
JAMA->DUMK,7.7,0.0,26.149569786136066,20
RNY->ULG,199.15,187.5,200.7271714751669,20
BL->DRD,14.5,12.5,12.215176065689331,20
CLX->IPPM,0.0,0.0,0.0,20
DIG->KLX,0.0,0.0,0.0,20
KSV->BVH,14.6,0.0,36.70422319025428,20
NMJ->KDE,3.25,3.5,1.8883298106221302,20
GBB->TTR,6.3,2.0,8.516856351099456,20
RMY->VKB,10.55,0.0,17.691731639979526,20
GDI->KALS,0.0,0.0,0.0,20
BSKH->JAMA,0.0,0.0,0.0,20
MBG->LMG,23.35,8.5,62.10964413629209,20
KQR->BRHI,11.85,2.0,24.240624883382075,20
KQR->MHSA,0.0,0.0,0.0,20
KRA->DKJ,29.95,30.0,18.077246529968637,20
PNKD->NDLS,3.45,0.0,8.71462775120689,20
VM->CBU,3.3,2.5,5.00631180558471,20
MNL->KTK,0.0,0.0,0.0,20
KATI->DGHA,7.65,0.0,23.292815698362766,20
STR->SLI,13.35,0.0,38.320360123568776,20
KARD->KHBV,36.15,28.0,31.170625510836988,20
RNV->BLDI,4.45,3.5,5.083254241547488,20
PVD->CLVR,0.0,0.0,0.0,20
CJM->KVDU,0.0,0.0,0.0,20
PNBE->KIUL,54.8,0.0,164.73570539375774,20
PGU->NLR,2.55,0.0,4.032434291565019,20
PLMD->CBF,5.4,0.0,8.659646279393318,20
MTJ->GGC,80.5,44.0,139.5754841993166,20
VKB->CTF,9.55,0.0,16.996826329146213,20
TUP->PLMD,5.75,0.0,9.019715248160262,20
TUX->SWR,14.5,0.0,33.16704134496997,20
TVL->SLGE,0.0,0.0,0.0,20
HQR->SDB,21.8,0.0,29.18831777846819,20
TLT->AKOR,15.7,0.0,24.47576674784136,20
GDGN->GUR,24.95,0.0,31.339356457302927,20
MBDP->PRYJ,14.8,2.0,34.5277920095194,20
TEL->VJA,16.0,14.0,23.881285339647953,20
CJM->UGD,49.5,57.5,32.16159854628857,20
MHSA->KQR,18.4,10.0,24.334078335146625,20
KVDU->KPLL,0.0,0.0,0.0,20
PEH->DHN,11.95,0.0,53.442024662244975,20
DRWN->MXW,14.65,0.0,31.297006751108764,20
DSJ->SSB,70.7,7.0,138.19364750424063,20
MTL->VM,1.8,0.0,4.6859251740549706,20
BDGU->JBGD,5.7,0.0,13.992855319769443,20
MDF->MDKD,26.7,24.5,26.969963799909355,20
NGRH->JAUA,6.15,0.0,24.934176503240227,20
NGRH->MDP,3.5,0.0,10.595430991457443,20
CLVR->DIG,18.0,9.0,17.60681686165901,20
AY->BSB,12.7,0.0,27.236005580848303,20
LHN->PDNR,0.0,0.0,0.0,20
ADI->MMCT,2.6,0.0,9.201830481514333,20
GOL->TUX,19.05,0.0,36.679945761309845,20
GOM->BGND,5.05,4.0,6.210983480051584,20
MESR->TIS,8.3,0.0,26.268051437359976,20
KFD->KHED,83.35,78.0,63.845434243054605,20
KFD->VEER,95.0,65.5,83.42598358330638,20
SIDG->KTGG,6.85,0.0,13.880220686854711,20
BBD->KLBG,24.2,0.0,30.412255147520625,20
KUR->KASR,0.0,0.0,0.0,20
AKT->KPNA,0.0,0.0,0.0,20
GUR->SVG,25.55,0.0,31.83919299426912,20
KALS->YLG,1.35,0.0,2.4553914898486258,20
BTC->NIR,288.55,4.5,436.21137741864743,20
KYF->JPL,32.9,34.5,17.48352608058587,20
TSR->MDKU,0.0,0.0,0.0,20
BSR->JCNR,0.0,0.0,0.0,20
MBA->BTX,71.9,63.5,64.99222625579317,20
SLGE->HG,0.0,0.0,0.0,20
DVG->KAG,0.4,0.0,1.2732056517228265,20
HG->GUR,12.6,0.0,18.916436740236477,20
MCVM->APL,38.6,36.0,24.771375670954953,20
MCVM->NDO,57.0,63.0,31.682636785536182,20
KTK->NBL,13.85,11.5,11.91758983051611,20
NBG->KYF,32.2,34.5,16.728796477300673,20
GGVT->SRNM,0.0,0.0,0.0,20
GHAA->DRWN,0.0,0.0,0.0,20
ANB->RPRL,0.0,0.0,0.0,20
BTX->MBA,185.7,120.5,173.65304186039594,20
KUDL->KRMI,139.6,144.5,80.64437853609937,20
BDCR->KRA,18.1,20.5,12.809946793102041,20
MCI->PPZ,59.8,54.0,21.446628983055636,20
MDP->NGRH,0.2,0.0,0.6155870112510925,20
CBU->VI,0.0,0.0,0.0,20
KAG->MYK,0.35,0.0,1.1821033884786185,20
COR->MLGH,15.65,3.5,32.003741557577456,20
VI->PDY,0.55,0.0,2.0384462607326044,20
TLM->TBM,13.7,3.5,41.94495139308688,20
CTF->SKP,8.45,0.0,15.31932044665717,20
CTF->VKB,2.5,0.0,10.718896251112112,20
ODM->BXL,0.0,0.0,0.0,20
APL->BPP,47.15,43.0,23.983053227336654,20
APL->MCVM,0.0,0.0,0.0,20
KIUL->PNBE,77.9,27.5,90.5665791733236,20
KJ->CSN,27.65,29.0,18.31960410971924,20
PC->KJ,24.1,25.0,17.001238344989986,20
UBL->KNO,4.0,4.0,2.635786110641877,20
JAQ->VTM,55.45,53.5,26.648738490928512,20
JAUA->DNWR,7.9,0.0,26.191400758344535,20
JAUA->NGRH,2.4,0.0,10.73312629199899,20
BAZ->KOTA,7.85,0.0,26.17406309588499,20
DZKT->TMZ,3.05,2.0,4.273233707134385,20
MUGR->BDCR,4.4,3.0,5.93295878967653,20
PDPL->KYOP,0.0,0.0,0.0,20
DXG->NDB,1.0,0.0,3.077935056255462,20
NWD->KIUL,6.3,5.0,6.546192143448539,20
NWDH->DNWR,9.3,0.0,20.998997469804173,20
NWDH->MHSA,0.0,0.0,0.0,20
MDKD->BURN,24.5,20.5,25.617633729420383,20
MDKU->NDO,31.4,30.0,21.68530911882391,20
MDKU->TSR,58.1,72.0,33.24375683374327,20
RDU->BCK,17.35,10.0,19.11536995250295,20
PGI->KN,10.65,5.5,13.670078735383308,20
ADRA->MDF,27.65,26.5,27.430822080280425,20
GGD->CTF,3.55,0.0,9.213691185575838,20
PTKP->BGSF,58.2,59.0,26.882982290700284,20
KN->FK,11.2,6.0,13.728955186987676,20
MLGH->COR,77.5,0.0,249.38334473572797,20
JBGD->CKBK,0.3,0.0,1.3416407864998738,20
LKE->KPTN,4.0,0.0,7.567242423415339,20
CKBK->GGVT,8.15,0.0,15.138918128626734,20
NMZ->BNV,48.2,0.0,84.13372813875726,20
CHRG->IDR,13.15,11.5,11.379922301094476,20
SGRD->BUA,54.45,39.5,49.364887372130795,20
KPLL->KVDU,0.0,0.0,0.0,20
KPLL->VTM,26.9,25.5,14.308260404027937,20
KPNA->NIA,50.15,31.0,49.62838215970246,20
PON->MAS,2.85,0.0,6.4094913173643056,20
HAUR->RDU,0.0,0.0,0.0,20
SRNM->SIDG,5.85,0.0,10.307253450081188,20
RPRL->ANB,47.4,55.5,32.844770472153115,20
RPRL->UGD,17.0,15.5,11.285761872936694,20
JAQ->CLX,34.45,25.5,24.214991007094845,20
UGD->CJM,25.3,22.0,15.741664460913912,20
UGD->RPRL,0.0,0.0,0.0,20
KJG->HVR,0.2,0.0,0.8944271909999159,20
BGND->NLP,0.3,0.0,1.341640786499874,20
NDB->UDN,72.25,0.0,219.29261273467466,20
TADA->GPD,23.1,22.5,12.366763606751086,20
GNT->GT,7.0,0.0,16.11145391851465,20
ADRA->PRR,90.2,27.0,133.40228041923658,20
DNWR->JAUA,13.0,0.0,25.955427380922007,20
DNWR->NWDH,7.95,0.0,26.274812834227465,20
BHUJ->GIMB,14.4,5.5,27.75721812240443,20
ANB->KRV,50.6,50.5,22.48367829056634,20
RDM->RGPM,68.85,64.0,21.29560122605012,20
BWM->NAD,6.95,0.0,21.51492749844066,20
MS->TLM,0.0,0.0,0.0,20
SJQ->KTO,5.9,3.0,10.828325428197443,20
HSD->HLK,24.8,19.5,30.438203142207914,20
JNU->KCT,33.4,0.0,79.40727793769085,20
NPL->SKP,5.85,0.0,9.685990969055855,20
DEG->PURI,2.6,0.0,6.532509794139333,20
JSG->PNPL,0.0,0.0,0.0,20
HLZ->DZKT,0.0,0.0,0.0,20
JRU->AMC,0.0,0.0,0.0,20
PPTA->DDU,16.45,0.0,37.75471389181266,20
PPZ->RDM,60.0,59.0,26.95024655682549,20
PRYJ->MBDP,13.65,0.0,30.779820799040607,20
KNO->SNH,1.2,0.0,1.9628121608924702,20
KVS->KJG,0.25,0.0,1.118033988749895,20
PDNR->TVL,14.85,14.0,12.872962281259772,20
OGL->KRV,9.4,7.5,6.976652794179048,20
KTGG->SNNR,3.25,0.0,8.50928285678894,20
KRV->ANB,14.85,14.5,11.216881075086405,20
MOU->GHAA,0.0,0.0,0.0,20
KRV->OGL,0.75,0.0,3.3541019662496847,20
PRR->ADRA,54.55,3.0,93.51806749162657,20
TDU->RMY,14.2,0.0,21.88871374644212,20
SASN->NMDA,7.1,3.0,9.23893363634798,20
PKU->HAUR,15.5,8.5,19.613368158639037,20
BIRD->KOPR,9.35,0.0,24.828411145298848,20
BJP->MNL,15.6,11.5,11.231534553259081,20
NBL->CHRG,0.0,0.0,0.0,20
GAYA->NWD,7.2,5.5,7.149530717025014,20
KDN->DAJ,0.0,0.0,0.0,20
KDE->TVR,7.3,6.5,4.105195680956922,20
IPPM->CLX,49.95,48.0,26.36879136203889,20
SLN->AYC,6.2,0.0,23.279989148125523,20
BPP->SPF,48.55,46.0,25.687340728152662,20
YNK->KJM,27.9,6.5,58.06792755494479,20
WR->CD,6.15,0.0,13.8650450300102,20
DHNE->VDI,12.473684210526315,0.0,20.353455674522124,19
HW->NBD,19.05263157894737,17.0,9.57701927770922,19
KCVL->KZK,7.894736842105263,0.0,12.453891568689617,19
LEB->BARH,9.947368421052632,0.0,15.942513687936996,19
CPK->NGAN,0.0,0.0,0.0,19
JMU->BQSP,0.0,0.0,0.0,19
KZK->KXP,0.0,0.0,0.0,19
GAUR->TH,25.05263157894737,21.0,14.366139527106116,19
GHQ->URD,0.2631578947368421,0.0,1.147078669352809,19
GJJ->MRK,18.63157894736842,20.0,10.248092105990533,19
TH->BST,15.894736842105264,12.0,14.47562985327833,19
JKB->SHTT,7.2631578947368425,0.0,31.659371274137523,19
JKB->NGAN,0.0,0.0,0.0,19
MNM->KKDI,17.05263157894737,0.0,51.91389632438455,19
NDB->KBH,4.2631578947368425,0.0,12.264864474783051,19
MMKB->PHK,7.7368421052631575,0.0,10.650206598221244,19
PER->NLR,27.157894736842106,8.0,40.453351952718656,19
SRE->LRJ,8.157894736842104,2.0,11.562694600859635,19
CLG->GGA,14.789473684210526,0.0,50.2643887054227,19
PHK->LEB,0.0,0.0,0.0,19
AK->NN,1.3157894736842106,0.0,4.595319255974223,19
BGNR->HISE,25.473684210526315,25.0,8.546398988610033,19
VNE->BVU,3.6842105263157894,0.0,6.092368920570018,19
KJA->AYC,5.473684210526316,3.0,7.034584573161308,19
JBK->SDV,26.94736842105263,29.0,16.899946364841007,19
JU->SMR,15.368421052631579,17.0,16.44928409896373,19
JJN->NWH,5.7894736842105265,0.0,8.475972231145986,19
BSL->BDI,19.63157894736842,5.0,41.841248290168544,19
KXP->MQU,5.894736842105263,0.0,10.22466917064424,19
TISI->NDB,3.473684210526316,0.0,9.765975066825021,19
DMT->NDL,6.684210526315789,0.0,9.724268790442391,19
LKR->DJS,0.0,0.0,0.0,19
UDL->DUJ,20.05263157894737,3.0,55.172933867784735,19
UCA->BZO,91.47368421052632,7.0,202.83692640505646,19
EVA->PVU,6.421052631578948,0.0,9.31734219061831,19
HMY->GPZ,3.210526315789474,0.0,5.623155968042827,19
BNLW->SNGN,23.42105263157895,23.0,14.001253076753462,19
MJBT->ULG,11.052631578947368,0.0,18.644253461442293,19
BDVL->FM,13.578947368421053,0.0,20.774759764552122,19
NGAN->JKB,0.0,0.0,0.0,19
NGAN->CPK,12.736842105263158,11.0,13.198661991375229,19
AUBR->JHN,22.842105263157894,16.0,32.13731503321115,19
BMH->DHNE,2.6315789473684212,0.0,4.692908672973031,19
SLN->KJA,31.36842105263158,31.0,14.357384961195985,19
CD->WR,48.26315789473684,7.0,88.71793136130508,19
TVP->KCVL,9.894736842105264,0.0,14.282447412595896,19
LJR->BWIP,2.473684210526316,0.0,10.308402295930094,19
NWU->USD,8.631578947368421,0.0,12.910850416588838,19
BWIP->JNRD,1.0,0.0,4.358898943540674,19
KJM->YNK,57.578947368421055,36.0,64.93699150328013,19
KJM->JTJ,15.947368421052632,7.0,39.77921523751167,19
IRP->QLN,1.5789473684210527,0.0,3.8197700552328797,19
NDL->BMH,6.7894736842105265,0.0,8.916769141893525,19
ROK->NDLS,3.526315789473684,0.0,5.748124535230132,19
SMI->DBG,22.36842105263158,8.0,38.777442650070824,19
SMCP->SPTR,8.789473684210526,9.0,5.845976274027395,19
LMG->MBG,34.63157894736842,0.0,70.67469335414023,19
NRT->MRK,10.894736842105264,2.0,18.867652320666906,19
BDI->JL,18.31578947368421,3.0,42.02783817050967,19
JJKR->BLS,21.789473684210527,0.0,50.202455614318325,19
KPTN->SWM,14.842105263157896,15.0,3.6402557586389572,19
BQSP->MNP,2.0,0.0,2.848001248439177,19
DGR->SURI,50.8421052631579,0.0,108.54505626589395,19
DKD->GJJ,17.57894736842105,20.0,9.985076583880813,19
KSJ->KMJ,11.631578947368421,8.0,12.733204738948345,19
CBM->JBK,9.210526315789474,3.0,10.04201699177799,19
SHTT->JKB,0.0,0.0,0.0,19
KJN->FGR,57.0,60.0,45.18849411078001,19
MZS->TQM,6.421052631578948,5.0,4.438665834005182,19
JAM->BNVD,7.631578947368421,0.0,17.651599003161753,19
PUNE->PNVL,201.89473684210526,132.0,220.93711894182877,19
HWH->CGR,5.105263157894737,6.0,3.5102189998489526,19
JSME->TLB,0.0,0.0,0.0,19
SPTR->DMC,8.68421052631579,10.0,6.3162280549474525,19
JSME->PNBE,12.052631578947368,7.0,16.99174206035432,19
USD->VYA,6.2631578947368425,0.0,9.450703120598183,19
MSH->VG,6.421052631578948,0.0,23.998416127073614,19
KBH->CPD,7.684210526315789,0.0,12.871383554998392,19
CPD->NWU,9.0,0.0,15.409232441768294,19
MRK->NRT,18.210526315789473,11.0,20.35130066105091,19
SWM->KPTN,27.68421052631579,16.0,36.37467469358767,19
LHU->CRWA,0.7894736842105263,0.0,2.992192569716897,19
NMM->MJBT,10.31578947368421,0.0,18.003248569753392,19
MYY->IRP,0.0,0.0,0.0,19
SNQ->JSME,5.421052631578948,0.0,8.180707586033565,19
HMY->RPAN,34.68421052631579,15.0,60.0009746509532,19
MKA->MMKB,0.0,0.0,0.0,19
SMR->JU,25.57894736842105,26.0,27.455652705719388,19
BVH->MTJ,27.94736842105263,20.0,35.24119067891771,19
BZO->JIND,87.78947368421052,4.0,201.97210449503183,19
URD->GHQ,32.8421052631579,0.0,63.9663654308477,19
HISE->SBGA,28.94736842105263,29.0,9.40138101090902,19
DVD->BZA,167.94736842105263,24.0,306.3060331839912,19
VAK->EVA,0.0,0.0,0.0,19
PRNA->PRNC,4.578947368421052,2.0,7.089239024149239,19
VDI->KRNT,14.368421052631579,0.0,22.201627884048374,19
JHN->AUBR,38.1578947368421,16.0,51.38013359903777,19
PKR->GMAN,11.210526315789474,0.0,48.383398148272605,19
SC->GNT,82.89473684210526,34.0,127.78840789751806,19
LTRR->PNF,39.833333333333336,43.5,41.155730070636075,18
JHL->UKN,4.944444444444445,0.0,10.462663153396361,18
SLI->STR,23.22222222222222,16.5,29.45496174232501,18
MCTM->CRWL,168.11111111111111,128.0,104.50774746900707,18
NKD->YGL,62.0,64.0,34.86613053987393,18
MAQ->UD,7.444444444444445,3.5,9.672412085697939,18
SRGM->TPTN,0.0,0.0,0.0,18
AST->PWL,66.16666666666667,39.0,90.93517406566582,18
RSYI->SMNE,31.38888888888889,31.5,26.133455882065608,18
NVT->NZB,20.666666666666668,20.5,11.156638751671316,18
NWH->JJN,53.77777777777778,2.5,136.92142682642117,18
HDK->PRRB,17.88888888888889,11.5,21.999702909461643,18
MBI->KJI,2.4444444444444446,0.0,3.4337806676027833,18
KRMI->VEN,50.888888888888886,49.5,41.39322037254963,18
DGLE->JRLE,5.722222222222222,0.0,16.211127462171508,18
MS->NLR,13.166666666666666,0.0,22.12597621641612,18
BVH->AST,67.77777777777777,39.0,91.35229515488574,18
BSBS->BHLP,0.0,0.0,0.0,18
MAO->UD,214.83333333333334,102.0,199.63179341271385,18
GZO->MLDT,2.9444444444444446,0.0,9.20659752071832,18
MDU->MNM,12.777777777777779,6.0,14.964882639643408,18
GYN->HDK,31.666666666666668,23.0,30.938268707027472,18
INK->NKD,52.388888888888886,52.5,35.07829710953163,18
INP->MNI,20.72222222222222,16.5,17.996096163451195,18
DGO->BBU,15.0,11.5,13.538615795089939,18
WDR->ME,38.05555555555556,44.5,22.00126259003231,18
BAY->BLL,7.611111111111111,8.0,6.809499324161186,18
SOG->BDWL,20.444444444444443,9.0,26.351073696669747,18
JRR->ML,6.055555555555555,1.5,10.343922468103857,18
BDCR->BTPD,20.27777777777778,9.0,27.603933128867823,18
GWV->BMO,28.944444444444443,32.5,23.692819021860068,18
JWL->BNO,24.38888888888889,19.0,27.194590484763452,18
SRVX->MAO,10.555555555555555,0.0,20.425538288600496,18
GY->YA,47.611111111111114,5.0,86.8061660109254,18
ME->MOB,31.38888888888889,34.5,20.631611635856526,18
GUU->MABD,33.111111111111114,29.0,24.58332502492382,18
NES->TIA,17.27777777777778,9.5,17.478745262395478,18
MDW->KJW,11.11111111111111,0.0,21.31524968845183,18
SSV->PUNE,1.5555555555555556,0.0,5.479611645988215,18
DGHA->KATI,12.5,3.0,18.71536015903389,18
VV->RKD,6.222222222222222,6.0,4.095270666276572,18
SAB->NRT,20.944444444444443,0.0,32.319129688016815,18
KSF->ZBD,10.722222222222221,8.0,9.2023370149081,18
AD->KGL,14.38888888888889,12.0,12.907539469759474,18
ROHA->KOL,13.833333333333334,12.5,10.302769473473111,18
ROHA->NIDI,0.0,0.0,0.0,18
BDWL->RJS,22.88888888888889,14.0,26.298935091142088,18
KAPG->KUR,8.0,0.0,19.60792156847059,18
SUL->SBH,13.166666666666666,0.0,15.481487996579505,18
MEE->DMH,84.94444444444444,77.0,79.13463748367843,18
ROA->NRN,11.5,8.0,12.093994620569042,18
BL->BHET,10.61111111111111,8.0,11.194215359565844,18
GTL->MKR,13.61111111111111,15.0,11.162641943706635,18
SVDK->CRWL,8.277777777777779,8.0,2.674620491068187,18
NDPU->PRCA,21.77777777777778,0.0,33.15126748629247,18
BNKI->JNKR,15.38888888888889,15.5,14.105230105881622,18
JMPT->RGDA,3.611111111111111,0.0,10.443905562513134,18
BSX->NVT,15.555555555555555,16.5,10.336811558822884,18
NZM->OKA,48.888888888888886,8.5,90.63688957391457,18
KDM->INK,46.166666666666664,47.0,34.9154440798641,18
SNX->KTW,21.22222222222222,0.0,57.953891972595265,18
SAP->MRGA,188.44444444444446,177.0,170.38061965950104,18
KDJR->HCNR,161.38888888888889,125.0,144.8005276594582,18
MFKA->LKO,9.61111111111111,2.0,27.194590484763452,18
MFP->CAA,102.94444444444444,45.5,184.34828680970486,18
KRA->PCZ,25.0,0.0,55.01550583565456,18
BEHR->KHBJ,65.83333333333333,42.0,86.99983096670529,18
SYM->SAB,20.0,0.0,30.907832626165472,18
SWV->MADR,56.05555555555556,50.5,42.231117913943955,18
SXB->BGM,0.6111111111111112,0.0,1.5005445634595809,18
APTA->RSYI,0.0,0.0,0.0,18
NLPD->GNT,2.111111111111111,0.0,4.296221169803678,18
NIDI->NGTN,9.11111111111111,7.0,10.813329948501682,18
NIIJ->DIVA,25.944444444444443,19.0,25.408364121294024,18
NILE->NFK,1.2777777777777777,0.0,2.803475900410597,18
HMRR->JITE,29.333333333333332,31.0,21.254757252962285,18
TAA->KDM,41.05555555555556,39.5,30.3440511123432,18
GNT->NBR,3.9444444444444446,0.0,6.751664040831818,18
RKB->MMY,24.666666666666668,14.0,36.536846832623475,18
RKD->HTK,6.277777777777778,6.0,5.188284943369512,18
GNP->PQL,45.611111111111114,40.0,73.53281691461774,18
KGL->KO,18.27777777777778,17.0,14.859362489513849,18
MO->SUR,3.9444444444444446,0.0,6.940691796527136,18
GMDA->JMPT,10.944444444444445,5.5,14.618570873347537,18
RJS->AS,23.61111111111111,18.0,25.736535917752246,18
BEY->PNM,5.611111111111111,0.0,9.19167711054817,18
JMKT->BGSF,43.388888888888886,1.0,80.37642242004648,18
SDL->KMZ,79.33333333333333,0.0,161.8586892759164,18
OKA->TKD,57.05555555555556,16.5,89.79681130341677,18
CRWA->LHU,44.94444444444444,0.0,129.977587308791,18
BNO->RKB,24.833333333333332,21.5,27.136365875724337,18
ANND->MAN,0.0,0.0,0.0,18
ANO->CHI,0.7777777777777778,0.0,3.2998316455372216,18
DIVA->NIIJ,4.944444444444445,4.0,5.56747088237952,18
MHI->MHPR,0.0,0.0,0.0,18
MHPR->MNS,0.0,0.0,0.0,18
CRWL->MCTM,10.777777777777779,9.0,6.521958886133698,18
TGL->PDL,16.055555555555557,19.0,12.886254520051803,18
KHBJ->KMZ,35.833333333333336,2.0,81.4632721285019,18
KHED->ANO,65.05555555555556,67.0,16.350830963673204,18
GLA->GUU,26.11111111111111,23.0,23.820132090533367,18
GKK->PRKH,0.0,0.0,0.0,18
KHH->PBW,0.6666666666666666,0.0,2.057983021710106,18
RGPM->RDM,35.666666666666664,0.0,81.97201818124208,18
CRWL->SVDK,167.88888888888889,140.5,103.17768163187282,18
SNLR->SIOB,10.38888888888889,0.0,22.55747923153307,18
BBK->SFH,7.333333333333333,2.0,10.803049678351995,18
JNKR->MRIJ,17.88888888888889,19.5,15.758802913960366,18
NBD->SNX,27.61111111111111,4.5,62.99872910845937,18
RGD->NES,4.666666666666667,3.5,4.765068976724385,18
RGDA->KSNG,41.666666666666664,14.5,79.89993742175272,18
TKD->FDB,62.5,23.0,91.06251892486381,18
TKJ->NZM,45.94444444444444,5.5,82.99643665081065,18
GHNA->PNP,1.6111111111111112,0.0,6.353682479141654,18
GHPU->KRA,35.666666666666664,16.0,49.4368283772331,18
DEOR->BAH,9.0,4.0,19.908614747803792,18
MNM->RMD,76.61111111111111,9.5,144.38353290858137,18
GDYA->POX,30.11111111111111,30.5,22.246979673096376,18
RDM->PPZ,39.333333333333336,5.5,81.34530609401756,18
RDHP->SNLR,13.166666666666666,5.0,22.513394705740637,18
MJO->SRVX,0.0,0.0,0.0,18
PNVL->PUNE,239.38888888888889,57.5,346.89007224511664,18
POX->KRTH,15.11111111111111,14.5,10.576827551102062,18
NOK->BWS,14.38888888888889,4.5,24.287830137961226,18
NPD->KBJ,8.277777777777779,0.0,12.946975824745172,18
RCJ->DWX,1.9444444444444444,0.0,6.530221347678285,18
BYP->MEE,0.0,0.0,0.0,18
KJW->MTD,15.166666666666666,1.0,23.339564994182027,18
TNKU->BVRM,13.722222222222221,14.5,10.00473743992465,18
BGP->JMP,9.166666666666666,2.0,14.250902964167485,18
TNGL->KDN,13.277777777777779,14.0,11.276240276406044,18
MNS->KIR,8.444444444444445,9.0,6.021747081080102,18
SHC->KKNH,0.0,0.0,0.0,18
CJ->CGL,45.111111111111114,0.0,103.3901172253387,18
MKC->RCJ,3.0,0.0,8.865000580604475,18
KKPM->LLI,15.277777777777779,16.5,13.620078411951686,18
BSPX->KDJR,162.88888888888889,125.5,141.00391687879952,18
LMD->MYL,20.5,25.0,16.147299901768317,18
SMNE->PNVL,48.111111111111114,49.5,27.445965928559225,18
KZJ->CHZ,8.555555555555555,0.0,17.823389201113773,18
MYL->DHNE,1.8888888888888888,0.0,4.171174032626488,18
KKNH->BYP,95.66666666666667,91.0,82.38360773557693,18
TPND->KLMG,3.111111111111111,0.0,5.334558682765546,18
TPND->NIIJ,58.611111111111114,58.0,31.492555402057068,18
BRC->BJW,11.222222222222221,9.5,8.828800168669616,18
KKW->SWV,267.6666666666667,177.0,263.6378978380585,18
BGVN->PRWD,32.833333333333336,23.5,30.700162866017504,18
BGWD->GPB,13.0,19.0,12.414412876121995,18
TPTN->TPJ,1.0555555555555556,0.0,2.436782406521359,18
TPY->GHPU,35.0,15.0,49.64580427743054,18
BGSF->PTKP,46.22222222222222,17.5,80.54852797833816,18
KZJ->HSP,41.72222222222222,0.0,77.69079403072274,18
KYOP->PDPL,38.44444444444444,1.0,81.17462818786366,18
MKR->TGL,14.222222222222221,17.5,12.799611922221594,18
ALU->KKPM,15.333333333333334,15.5,13.775511093326191,18
SBG->BGP,27.166666666666668,0.0,94.8864646642006,18
KSNG->NRLR,8.0,0.0,11.871864911233965,18
MRJ->VJR,6.833333333333333,5.0,5.124910329201179,18
SDV->CBM,14.055555555555555,0.0,19.612337720161594,18
KLMG->TPND,45.888888888888886,53.0,37.751336382872736,18
ML->LKO,7.666666666666667,0.0,13.91148488712495,18
KLBN->KHED,46.22222222222222,45.5,17.761675714385916,18
JJR->SSV,1.7777777777777777,0.0,7.059041390973502,18
MTJ->DDDM,0.0,0.0,0.0,18
MTJ->KOTA,52.05555555555556,13.5,106.61115283354144,18
BTPD->TPY,24.055555555555557,13.0,28.401475152704183,18
FDN->BVH,65.33333333333333,32.5,91.7958092084562,18
PBR->WSJ,9.0,7.5,7.227398848662432,18
NRT->NDPU,21.88888888888889,0.0,33.639767938083416,18
SBH->SXB,11.722222222222221,0.0,15.418879014550942,18
SML->BOF,37.333333333333336,29.0,48.15782875699688,18
PPR->KSW,22.11111111111111,15.5,25.395434719160907,18
VKN->SYM,17.333333333333332,0.0,26.79771719865003,18
DDU->KMS,5.111111111111111,0.0,13.779306261410683,18
VINH->DWV,36.666666666666664,35.0,17.08800749063506,18
VJR->SED,10.833333333333334,11.5,7.334447330716802,18
PEN->HMRR,0.0,0.0,0.0,18
KMS->DGO,15.055555555555555,11.0,13.28188603821107,18
PBW->LKU,2.0,0.0,5.861138215097012,18
PCH->SUL,13.38888888888889,10.5,14.105230105881622,18
FDB->FDN,65.33333333333333,32.0,91.88675895137577,18
SED->UGR,12.333333333333334,14.0,8.845071741803288,18
KMZ->SDL,34.666666666666664,11.5,71.20228020142581,18
BJW->VDA,18.444444444444443,14.5,10.661763578994758,18
MLY->BG,27.27777777777778,24.5,21.537397176172032,18
NRLR->MNGD,11.777777777777779,0.0,17.052015770285497,18
NRN->SPJ,12.444444444444445,11.5,13.530889376543636,18
CLE->WL,62.27777777777778,73.0,38.17268126253698,18
KWV->MA,68.5,78.5,59.336775621670505,18
PCZ->DKJ,45.05555555555556,31.5,45.62567933060379,18
UKN->BXC,4.888888888888889,0.0,10.775183300686754,18
EKI->SM,2.888888888888889,2.5,3.2155667122679557,18
PER->BZA,38.55555555555556,22.0,50.490793828557585,18
PPZ->MCI,38.333333333333336,3.5,81.98708650111416,18
PQL->KZJ,48.388888888888886,46.0,75.64245531281779,18
PDL->LMD,0.0,0.0,0.0,18
BWS->NGO,14.666666666666666,3.0,24.44682103717228,18
MURI->BRKA,35.833333333333336,0.0,87.23952827771163,18
PRYJ->MRE,11.88888888888889,3.5,17.320130718460966,18
DWV->KLBN,39.0,36.0,21.458578429972803,18
PDPL->RGPM,41.0,6.0,80.9654973720651,18
HSP->OPL,42.77777777777778,1.0,78.4426021372657,18
SLN->ZBD,85.88888888888889,42.5,108.65265156824502,18
SLNA->HPO,6.111111111111111,5.0,8.013876853447538,18
HX->GTL,15.0,4.0,27.33668080888861,18
CKR->BGWD,0.0,0.0,0.0,18
VEN->MJO,51.05555555555556,54.5,41.92075468312343,18
MA->MO,82.16666666666667,119.5,66.32562276597271,18
DDDM->RKM,115.22222222222223,80.5,99.4210035541405,18
MABD->TAA,37.5,34.5,28.779588354984387,18
MADR->PERN,57.388888888888886,46.0,47.472764809865566,18
KOP->VV,0.0,0.0,0.0,18
KOL->INP,20.944444444444443,17.5,15.417607284500567,18
MTT->AMM,55.05555555555556,29.5,92.22317701687015,18
PDT->DVD,301.27777777777777,181.0,278.78513876240106,18
KOTA->MTJ,32.666666666666664,4.5,103.73665754036544,18
PRCA->NLPD,26.444444444444443,0.0,39.178658990085886,18
PRKH->PCH,11.722222222222221,8.5,12.451343209164957,18
KOLR->KYOP,0.0,0.0,0.0,18
SFH->JRR,0.0,0.0,0.0,18
KSW->JWL,22.444444444444443,15.0,25.986924816874904,18
YGL->CLE,64.11111111111111,65.5,35.58732241037346,18
MRE->BRE,18.055555555555557,8.5,20.77745447303603,18
SGAC->LKE,21.72222222222222,20.5,7.591059412660129,18
ZBD->SLN,26.27777777777778,22.0,28.362787458539767,18
MRGA->SAP,140.05882352941177,101.0,134.51973395576357,17
DHNE->MLK,8.470588235294118,9.0,3.502100210210002,17
DHN->SDAH,16.058823529411764,3.0,24.006432961383744,17
SBRM->UDPU,25.294117647058822,26.0,25.121615955891336,17
MAY->JNU,29.352941176470587,0.0,84.68835602996921,17
CHCR->TAR,70.47058823529412,49.0,53.459234056263405,17
NITR->KAV,50.94117647058823,34.0,47.0112627306416,17
SMI->RXL,130.8235294117647,41.0,215.4861466817872,17
SMD->ASD,11.529411764705882,12.0,6.022018422618196,17
SMVB->JTJ,14.470588235294118,4.0,37.75929959470055,17
SMTL->DBA,38.23529411764706,35.0,16.4450958182246,17
SMRR->KYE,29.235294117647058,11.0,54.793395372714286,17
SNDD->RN,107.0,101.0,106.56746689304386,17
SAV->RV,45.64705882352941,40.0,41.09279312797833,17
BLNR->GWL,32.35294117647059,28.0,12.84981116821658,17
SNLR->RDHP,9.941176470588236,7.0,13.016674826137885,17
CGL->CJ,16.529411764705884,16.0,15.776238648117396,17
CEL->TDD,47.35294117647059,37.0,50.485073507511345,17
SAO->GEA,24.705882352941178,10.0,49.21352038043301,17
SANK->NUB,0.0,0.0,0.0,17
SAL->CHCR,68.29411764705883,49.0,54.5203685629077,17
SNP->RDDE,113.94117647058823,80.0,97.12779634857064,17
JRK->SMRR,28.294117647058822,11.0,54.53068483189344,17
CGL->MS,25.705882352941178,3.0,51.45722095328598,17
BCY->KDQ,32.88235294117647,0.0,71.23278945905211,17
NUB->BAO,18.058823529411764,18.0,6.869048225876113,17
RXL->SGL,60.64705882352941,23.0,118.51315389887665,17
BMT->TDU,62.705882352941174,47.0,62.132685345438716,17
RV->SAV,112.17647058823529,98.0,109.53095184359856,17
RURA->ETW,57.64705882352941,57.0,46.47168650973217,17
SC->VKB,100.70588235294117,37.0,115.57127925326124,17
SKLR->ALUR,16.705882352941178,12.0,20.148711825704744,17
BDGM->SINA,4.0588235294117645,4.0,1.8190171877724974,17
NH->RHA,4.411764705882353,4.0,3.2027102493320356,17
LKO->MFKA,64.70588235294117,44.0,91.55446787697089,17
JSME->KIUL,2.4705882352941178,0.0,4.048420171172076,17
ATPA->ANT,6.470588235294118,7.0,3.710081654405054,17
HET->SIKD,14.058823529411764,14.0,4.917705108016519,17
RTM->BWM,1.4705882352941178,0.0,4.273722719404353,17
NGT->VLNK,50.05882352941177,0.0,148.87976297512506,17
JTJ->SMVB,25.647058823529413,0.0,68.63667129937772,17
AST->BVH,55.470588235294116,40.0,61.38110218855925,17
HDU->REI,21.352941176470587,5.0,48.654317866545234,17
MDL->BJNR,7.235294117647059,4.0,9.404316906112227,17
RRU->BLNR,23.529411764705884,25.0,9.721867407157584,17
RRL->KHAT,72.0,51.0,51.34564246360152,17
HAB->ETW,15.705882352941176,0.0,21.409007175375837,17
BMD->PUA,36.705882352941174,19.0,45.455699183218975,17
LKE->SGAC,3.1176470588235294,0.0,8.022486778901355,17
NGP->AK,66.47058823529412,21.0,93.40577983124145,17
GWM->NZD,54.94117647058823,51.0,54.431689515661844,17
GWL->STLI,30.470588235294116,28.0,15.584919181129973,17
RPH->SURI,23.88235294117647,0.0,56.63025069799397,17
LHU->NDLS,2.5294117647058822,0.0,5.386530040977488,17
ROU->ORGA,60.294117647058826,57.0,36.57486279174939,17
KAH->BAQ,35.588235294117645,21.0,52.16447405026889,17
GW->LDA,30.705882352941178,16.0,53.81770701391219,17
ASD->KIC,0.0,0.0,0.0,17
STLI->ARI,36.23529411764706,33.0,14.100219022078639,17
KAV->KP,66.17647058823529,51.0,53.844957161880124,17
ARJ->NDJ,39.05882352941177,0.0,76.5885684911881,17
ARI->AEH,38.05882352941177,34.0,15.425103679697319,17
SDAH->DHN,1.8235294117647058,0.0,4.837810637541106,17
NLKR->TRR,89.11764705882354,58.0,96.00122548237417,17
NZM->TKJ,102.47058823529412,96.0,73.68354433577659,17
NZM->MTC,30.529411764705884,21.0,35.73534253204176,17
NDLS->LHU,25.11764705882353,16.0,28.210995978831498,17
OCR->KYJ,14.176470588235293,12.0,14.599808620824653,17
LGL->JJG,0.5882352941176471,0.0,1.3256518929102281,17
KDQ->ARJ,36.35294117647059,0.0,74.16024977748405,17
SWV->KKW,213.52941176470588,67.0,281.8137943853749,17
SWR->MOU,154.2941176470588,112.0,124.39542028642089,17
SYA->SAO,19.352941176470587,2.0,48.814625339736274,17
KEF->PNM,29.41176470588235,35.0,14.603333624250885,17
OGL->BPP,164.94117647058823,76.0,199.20544375977633,17
NDJ->GCT,35.1764705882353,0.0,77.15830747084014,17
NDD->PSDA,0.0,0.0,0.0,17
CPR->SHG,66.23529411764706,28.0,100.5600128106127,17
ISH->JRK,26.647058823529413,10.0,53.47773038432749,17
RKM->DDDM,0.0,0.0,0.0,17
KGG->BJU,60.05882352941177,0.0,117.34589393553321,17
TAR->RRL,69.23529411764706,47.0,51.972985064075246,17
GNC->PNU,0.5294117647058824,0.0,1.3284223283101428,17
APDJ->NBQ,37.11764705882353,0.0,106.80290395919788,17
LDA->MKRN,27.823529411764707,12.0,54.2439343315426,17
CPU->ANPR,16.58823529411765,0.0,28.29986489263114,17
ANT->QG,6.294117647058823,6.0,4.104337734067959,17
BEY->KEF,17.41176470588235,24.0,15.576660519545788,17
KGP->ADL,250.88235294117646,36.0,427.5543653082233,17
GMO->VAA,62.8235294117647,70.0,47.93385454733122,17
TDU->BMT,0.0,0.0,0.0,17
BAH->DEOR,17.470588235294116,13.0,14.782242924615767,17
SIOB->SNLR,13.882352941176471,12.0,14.066282171122799,17
SINA->ATPA,6.294117647058823,6.0,3.0570554844971523,17
BG->MLY,32.1764705882353,0.0,80.24901502052661,17
KHAT->BRD,75.29411764705883,65.0,51.12822692246715,17
ANPR->SKTN,5.882352941176471,0.0,17.431588972828816,17
TFGN->NCB,19.176470588235293,0.0,33.03641039466464,17
RHA->NH,11.411764705882353,13.0,3.606570800799074,17
KIC->SMD,14.470588235294118,15.0,13.500544651322514,17
GID->JBK,32.1764705882353,38.0,23.054921638658975,17
KIR->KDPR,16.176470588235293,16.0,13.602551663739634,17
MIA->DHO,4.176470588235294,4.0,3.046212691967828,17
ORGA->ROU,21.235294117647058,0.0,51.97539010407318,17
REI->BQQ,20.235294117647058,5.0,48.85505272201216,17
MJ->SEU,0.0,0.0,0.0,17
GEA->BNU,24.705882352941178,10.0,49.29599971838784,17
ANA->PHA,28.058823529411764,13.0,55.07661775680685,17
BZA->GWM,42.05882352941177,33.0,43.7585285804883,17
NOI->ISH,22.764705882352942,3.0,52.78438383149497,17
SIKD->MRA,15.588235294117647,16.0,4.886957431897323,17
NLR->PER,86.3529411764706,30.0,110.49996672876794,17
BTI->JHL,19.764705882352942,5.0,62.53451987878846,17
TME->TEN,2.3529411764705883,0.0,5.499331510176808,17
RDDE->NUR,92.05882352941177,65.0,80.50657627504359,17
BRD->KOKA,76.3529411764706,69.0,51.188305764684415,17
TN->TME,0.0,0.0,0.0,17
GAJ->GW,28.294117647058822,13.0,53.88850144729666,17
QLN->PRND,8.705882352941176,7.0,11.25702395108468,17
ALUR->HAS,10.941176470588236,5.0,16.299810536610902,17
TPT->KPD,6.764705882352941,4.0,7.35297058817647,17
QG->BAHL,1.1764705882352942,0.0,2.8114785726919354,17
PWL->AST,47.88235294117647,34.0,58.551134012225994,17
BXR->PNBE,10.705882352941176,0.0,20.6420829432326,17
DAA->KRQ,42.05882352941177,40.0,20.888006691147236,17
FPS->SIKR,6.117647058823529,5.0,5.532657057657474,17
BGZ->DLI,20.529411764705884,6.0,59.09327124032272,17
SHRN->KPP,9.294117647058824,0.0,28.794020008246402,17
BQQ->SYA,18.705882352941178,2.0,49.351753649037576,17
PUNE->KJT,15.764705882352942,17.0,10.152151322285746,17
BHA->JJ,5.117647058823529,4.0,2.8036216074297653,17
FDN->FDB,63.705882352941174,46.0,62.41370513144764,17
PUA->CEL,42.11764705882353,31.0,44.433774250198994,17
MLK->RGM,15.352941176470589,16.0,4.372373160976031,17
FDB->AGC,152.88235294117646,51.0,159.71689107329146,17
DBA->KTRA,39.705882352941174,37.0,20.39229237322999,17
FAB->HAB,12.588235294117647,10.0,13.69789593117047,17
ETW->RURA,69.17647058823529,34.0,120.64526269922374,17
BHC->KGP,260.70588235294116,78.0,400.67548663255565,17
UD->MAQ,16.0,0.0,25.622255950637914,17
UD->MAO,43.64705882352941,39.0,29.73411587821006,17
UD->BYNR,0.0,0.0,0.0,17
BAZ->GUNA,3.3529411764705883,0.0,7.19323620207369,17
UDPU->AGTL,25.647058823529413,20.0,26.11977501929952,17
BJU->SPP,156.47058823529412,99.0,156.93235710293257,17
KMZ->SGO,46.588235294117645,0.0,97.81427479126538,17
KMZ->HDU,23.352941176470587,8.0,46.12746087808024,17
UDPU->SBRM,13.705882352941176,0.0,43.13607061654196,17
MMCT->BRC,11.294117647058824,7.0,10.611106833657557,17
MV->TDPR,21.176470588235293,13.0,22.500653585278492,17
PSDA->KVR,17.352941176470587,0.0,30.060233649438313,17
KNHN->SAL,66.17647058823529,48.0,54.52663946883859,17
ULG->RNY,40.588235294117645,19.0,63.74368480831005,17
DVL->KYN,149.05882352941177,130.0,131.1194448719541,17
MMR->DDCC,281.6470588235294,135.0,382.76411488939084,17
DDDM->MTJ,41.11764705882353,27.0,54.21586754924841,17
VAA->GMO,27.352941176470587,12.0,30.501928579334514,17
VAA->BJE,62.8235294117647,67.0,48.02634081173274,17
PRR->CKP,172.52941176470588,120.0,150.19034491565145,17
KOI->PND,34.529411764705884,33.0,24.4108522154052,17
USL->KOI,33.94117647058823,33.0,25.42752098670674,17
KVR->GVN,14.882352941176471,0.0,28.63538534955741,17
KVK->DLGN,34.88235294117647,6.0,68.80214599936288,17
PRND->MQO,0.0,0.0,0.0,17
KOKA->TMR,55.529411764705884,55.0,47.68531960553849,17
AGTL->UDPU,12.117647058823529,0.0,30.728411838519204,17
DDCC->MMR,33.23529411764706,4.0,69.31317462409717,17
VDS->CRJ,7.647058823529412,0.0,18.98664391246709,17
VG->MSH,12.529411764705882,0.0,32.0509704358909,17
BWM->RTM,65.52941176470588,0.0,187.8364041017671,17
KP->KNHN,61.529411764705884,44.0,53.542176887780286,17
AGC->BHA,3.764705882352941,2.0,2.818009309883173,17
VGLJ->BWR,30.647058823529413,19.0,41.30669010050095,17
VKB->SC,16.058823529411764,0.0,26.810610278943887,17
VM->CDM,5.235294117647059,0.0,10.365383566013765,17
SGZ->RTM,101.05882352941177,48.0,151.11852574561934,17
AEH->SMTL,0.0,0.0,0.0,17
PNU->GNC,7.529411764705882,0.0,17.121323134686552,17
KPY->OCR,12.0,11.0,11.494563932572646,17
ADRA->BJE,44.411764705882355,34.0,34.87488140397292,17
ADL->KGP,158.76470588235293,29.0,225.60156510199698,17
DMO->ANA,25.647058823529413,13.0,50.12851131899713,17
ADL->DKAE,224.52941176470588,16.0,417.6407124621381,17
BVH->FDN,59.76470588235294,44.0,61.97230168769422,17
BJNR->MDL,9.764705882352942,0.0,22.51535423817685,17
BAO->RRU,21.41176470588235,22.0,6.874398369397607,17
JJG->LGL,0.11764705882352941,0.0,0.4850712500726659,17
JJ->MIA,5.411764705882353,4.0,2.8517280622767083,17
PNBE->BXR,22.470588235294116,0.0,49.00397642928942,17
BPQ->G,57.705882352941174,38.0,66.4386603434724,17
MS->CGL,106.94117647058823,0.0,253.9720630768853,17
MS->BZA,11.588235294117647,2.0,14.291863172490018,17
KTRA->SOR,43.35294117647059,38.0,18.62773864586959,17
DLGN->JTRD,39.76470588235294,12.0,69.2455137642186,17
DLI->BGZ,51.529411764705884,7.0,76.48293735129656,17
KRQ->VGLJ,6.176470588235294,0.0,14.470812408593577,17
BJE->VAA,39.76470588235294,28.0,33.844366982861246,17
BJE->ADRA,61.411764705882355,65.0,47.04526918767897,17
DKD->VKN,4.647058823529412,0.0,8.831344578195528,17
MQO->STKT,8.823529411764707,7.0,10.841098272993648,17
DKAE->RPH,308.1764705882353,130.0,358.3481608879341,17
DKAE->ADL,88.3529411764706,11.0,177.12317083616932,17
MRA->SANK,17.88235294117647,18.0,5.348859141690596,17
DHO->HET,12.117647058823529,12.0,4.728667266540019,17
SGO->NOI,21.823529411764707,2.0,52.970788287174905,17
SGO->KMZ,81.82352941176471,16.0,143.1717654140114,17
CHZ->KZJ,38.588235294117645,35.0,11.683636118143037,17
JHL->BTI,30.470588235294116,0.0,57.6412587118147,17
MRJ->KVK,30.823529411764707,2.0,68.6970116654626,17
NAD->RMA,71.5625,0.0,143.7613618698246,16
SYA->BQQ,22.875,17.5,16.214705259938174,16
YPD->KHT,12.375,11.0,7.455423082115014,16
YLK->VKI,19.75,20.5,8.590692637965812,16
YGL->NKD,22.5625,0.0,36.051756776427226,16
PKNS->SNGR,0.0,0.0,0.0,16
NAB->G,349.6875,192.0,424.99830882016465,16
APN->SXT,2.5625,0.0,5.597246346791131,16
DHE->KCT,27.875,1.0,64.78978829002813,16
GNT->SC,28.5625,0.0,114.25000000000001,16
SAHA->NXR,0.0,0.0,0.0,16
KUPR->HSX,48.4375,0.0,92.6412210267834,16
KUT->KWP,11.0,1.5,14.15627069534911,16
BWL->AIA,1.5,0.0,2.1908902300206643,16
BSL->NN,11.375,0.0,25.989420924676256,16
DKZ->DSB,0.0,0.0,0.0,16
BLS->JJKR,19.0,4.5,32.23455702606547,16
KIUL->JSME,4.9375,0.0,9.088224982543805,16
ANA->DMO,40.4375,35.5,18.428126148182656,16
MOU->SWR,85.8125,60.5,63.922055400829116,16
WRS->SHK,65.375,52.0,47.85377031471328,16
DKJ->PCZ,3.125,0.0,11.476788168589097,16
SURI->UDL,0.0,0.0,0.0,16
ENB->KNNA,2.5625,0.0,4.979541478221999,16
AK->NGP,43.625,1.0,131.27166487860205,16
KBJ->NPD,11.9375,5.0,14.892811465043573,16
GRKA->KNNK,3.875,0.0,7.649618726882188,16
KPD->TPT,7.9375,0.0,28.706488813506954,16
IB->BPH,45.9375,26.5,53.14190907372448,16
TIBI->TLI,2.4375,0.0,4.9661353183335635,16
CLE->YGL,28.25,0.0,36.81394663258297,16
SBRA->KOI,46.0625,21.0,102.78875992377117,16
NRLR->KSNG,21.6875,25.5,21.9900545701915,16
BRKA->MURI,2.9375,0.0,6.796751675126386,16
GEA->SAO,24.3125,18.0,16.07780561312188,16
SGRD->CPH,75.9375,77.5,77.98244994869037,16
BAQ->KAH,18.5,17.0,13.16054710108968,16
SXT->SA,12.375,0.0,48.44360982971163,16
GOL->MXW,62.375,48.5,70.42714912115451,16
KDQ->BCY,9.125,0.0,20.69098032154752,16
RBL->PRYJ,0.5625,0.0,1.2632629707758134,16
GW->GAJ,24.25,26.0,15.498387012847498,16
NXR->TRG,6.3125,5.0,4.238218965556168,16
RHG->SRRG,0.0,0.0,0.0,16
BPZ->LKU,5.0625,2.0,6.147831596045336,16
SMRR->JRK,23.0625,22.0,11.985929250583785,16
HSR->JHL,7.3125,1.0,13.011373230114234,16
GIMB->BHUJ,12.3125,0.0,35.08602523322735,16
JRC->KUPR,62.3125,17.5,95.10816211030472,16
SAO->SYA,26.3125,20.0,16.58400333654895,16
DBSI->VVKP,0.0,0.0,0.0,16
DRU->HSD,23.8125,13.5,27.437732535081437,16
VGE->APN,0.0,0.0,0.0,16
DSB->NDLS,6.4375,0.0,9.81813797689426,16
DRWN->GHAA,0.0,0.0,0.0,16
KHT->YLK,16.8125,16.5,7.807848615335725,16
BNU->GEA,24.75,21.0,15.914354107743948,16
BTPD->BDCR,7.5625,0.0,20.953818267800266,16
SWR->TUX,60.5,47.0,69.46365956383237,16
GNH->DNDI,0.0,0.0,0.0,16
PHA->ANA,27.5625,29.0,15.556215263788726,16
HBI->MMI,0.0,0.0,0.0,16
NWN->NDRT,0.0,0.0,0.0,16
WL->CLE,26.75,0.0,34.377318103656656,16
KUR->KAPG,24.0625,22.0,13.7087259315615,16
SKTN->ANPR,30.9375,18.5,44.41391486159865,16
DPK->HLW,0.0,0.0,0.0,16
JRKN->HMH,2.375,0.0,4.674398357008098,16
JRK->ISH,26.0,24.5,13.846780612594875,16
ETP->VGE,0.0,0.0,0.0,16
PTNR->DBSI,3.125,0.0,7.013083012009292,16
ANPR->CPU,10.125,0.0,38.90822535146007,16
NKD->INK,28.0,0.0,42.43740488452767,16
SLKR->KGB,52.9375,29.0,111.70405468618107,16
OGL->GDR,19.375,0.0,37.094249329691706,16
VVKP->DKZ,4.4375,0.0,7.941190087134295,16
KOI->USL,25.375,24.5,15.521490478258414,16
KOI->BHTK,41.625,3.0,106.79318018175755,16
TEL->PVD,45.6875,44.0,41.28554024514313,16
HR->RMB,25.6875,40.5,23.657891565677048,16
ANGL->SBP,19.125,21.5,18.600627229567646,16
AGC->TDL,2.125,0.0,3.5000000000000004,16
MMI->HPT,16.25,13.0,17.24142298845042,16
UKH->WDN,45.3125,27.5,55.604218964631336,16
PCZ->KRA,9.5,0.0,27.517267306184316,16
VKI->NDZ,24.375,25.0,9.41541289588513,16
BJU->KGG,12.5,5.5,16.990193249832878,16
ARNA->KVGM,0.0,0.0,0.0,16
STNL->NWN,0.0,0.0,0.0,16
BJWS->GRKA,0.0,0.0,0.0,16
BRY->CH,8.875,1.5,12.816005617976296,16
INK->KDM,18.375,0.0,34.53862572058516,16
PND->SBRA,51.5625,26.5,103.47751366037616,16
BKI->ARNA,5.6875,0.0,9.075378779973867,16
QLN->TVP,0.0,0.0,0.0,16
HCNR->KDJR,29.75,16.5,33.81419820134732,16
TPY->BTPD,16.125,0.0,44.18427322023075,16
MKH->DGW,4.0,0.0,5.761944116355173,16
BU->GLNA,0.0,0.0,0.0,16
PNBE->JSME,3.9375,0.0,8.73665649242699,16
BHTK->KGS,45.4375,16.5,108.55779950484136,16
RN->SNDD,105.3125,101.5,103.90618765662289,16
KMC->MED,88.75,70.5,99.93631305319737,16
HLW->JRKN,0.0,0.0,0.0,16
CKP->PRR,85.75,0.0,113.47628239710123,16
KYN->MMR,112.8125,29.5,173.81684565465264,16
BTJL->KAWR,119.9375,115.0,130.73865470217035,16
PUNE->MMR,10.9375,9.5,11.907805563298949,16
LDA->GW,27.0625,28.0,14.676369896310645,16
PND->KOI,14.5,11.0,11.999999999999998,16
BIG->SLKR,46.25,19.5,107.33095235454371,16
KRH->PSL,2.5,0.0,3.4253953543107003,16
BPH->HGR,46.375,31.5,52.12277173494646,16
HDU->KMZ,8.125,1.5,10.072239075796404,16
G->NAB,113.75,9.0,201.356565988464,16
TRG->GCT,0.375,0.0,1.02469507659596,16
JAT->LDH,7.125,6.5,4.48516071804196,16
SHK->KIUL,37.0,26.0,43.84822307308092,16
DLN->SAHA,0.0,0.0,0.0,16
MHRG->BJWS,0.0,0.0,0.0,16
GLNA->BKI,4.6875,1.5,6.394985014316558,16
TZR->STA,12.1875,5.5,14.501580373646634,16
SDGH->NPS,43.0625,0.0,96.40018585735886,16
JMP->BGP,47.5,0.0,107.51806049838014,16
MNGD->NRLR,19.375,22.0,20.359682381281555,16
DVG->HPHI,27.3125,12.0,35.657105416265445,16
G->WSA,35.8125,19.5,51.9233008067348,16
DMM->YNK,36.25,4.0,61.38458003983302,16
SDS->BDSW,0.0,0.0,0.0,16
BUA->SGRD,0.0,0.0,0.0,16
CRJ->VDS,38.9375,8.5,73.08941441823158,16
CHDX->BUH,40.9375,15.5,97.82737772900452,16
GHPU->TPY,10.25,0.0,31.096623610932426,16
KYE->SMRR,23.3125,25.0,13.067612635826025,16
PBR->BNVD,10.625,9.0,4.349329450233296,16
BAK->DO,6.8125,0.0,10.80875416811145,16
BAI->KUT,10.0,1.0,13.053735097664575,16
MTC->NZM,7.4375,0.0,19.30101465381203,16
DO->JW,6.25,0.0,10.433919046392235,16
DNDI->PKNS,55.1875,36.0,64.99766021429797,16
JSG->IB,34.5625,9.0,50.047935355350404,16
ATU->ETP,17.8125,0.0,53.37567329786108,16
MWW->MKH,3.9375,0.0,5.4950735512214335,16
FSW->SDS,5.25,4.0,4.739901546094251,16
MKRN->LDA,23.4375,21.0,14.979847573768344,16
RU->YPD,7.9375,6.0,7.3979163733220625,16
KNNA->NHR,3.1875,0.0,5.4310066592974575,16
AIA->HSI,1.75,0.0,2.32379000772445,16
NDZ->VDD,28.3125,29.0,10.21579659155369,16
NDRT->MHRG,2.9375,0.0,7.7068692303252,16
KVGM->BAK,5.5625,0.0,9.040418500637383,16
REI->HDU,23.875,20.0,15.195942440884233,16
BNW->ROK,2.6875,0.0,6.279264818963019,16
JP->MKN,18.4375,0.0,41.146840704967865,16
HPHI->KTY,24.125,8.0,28.436771968702775,16
KWP->GTJT,11.8125,2.5,14.446308640387459,16
VDD->KQA,32.5,34.0,11.436782764396638,16
PRLI->UKH,0.0,0.0,0.0,16
KGS->TGQ,45.0,18.5,108.8246295651862,16
CAA->MFP,40.5,0.0,82.69461893013353,16
CH->BRY,22.25,0.0,51.90054591877302,16
PNPL->JSG,32.3125,0.0,48.082871170511446,16
KQA->NLR,18.875,19.0,11.002272492535349,16
KTY->HBI,27.1875,17.0,28.79633946644376,16
NOI->SGO,28.0,24.0,16.990193249832878,16
MXW->DRWN,0.0,0.0,0.0,16
BQQ->REI,23.4375,18.5,16.419373719278497,16
SPP->BJU,95.5625,0.0,161.32491799677652,16
JSGR->SBP,113.9375,0.0,203.8671033622966,16
BSKO->JHIR,6.6875,0.0,10.958824450338335,16
KRA->GHPU,9.875,0.0,28.605069480775605,16
BST->AY,0.0,0.0,0.0,16
GHAA->MOU,63.125,48.5,69.96272817245861,16
SNGR->PBN,45.75,25.0,64.90249096400949,16
TUX->GOL,61.8125,47.5,70.28723805452404,16
BWC->FSW,0.0,0.0,0.0,16
SDLP->HR,21.0625,32.5,19.55664848587303,16
SDL->CHDX,3.3125,0.0,7.595777335686805,16
KDJR->BSPX,34.875,13.5,41.68113082279158,16
ISH->NOI,23.5,21.0,14.08071967857704,16
HGR->RIG,65.0625,75.5,57.580631871026455,16
ND->CYI,15.8125,15.0,14.63884672142356,16
JW->BSKO,0.0,0.0,0.0,16
RPH->DKAE,178.5,56.0,247.82063406154595,16
DGW->RHG,5.5625,3.0,7.136467380060435,16
SGNR->BWC,5.5,5.0,3.5402448126271344,16
JHL->HSR,20.75,0.0,39.19778905329568,16
JHIR->BAI,7.75,0.0,11.030261405182864,16
BUGL->DPK,4.6875,3.0,5.224541447183028,16
BRKA->TORI,63.375,24.5,91.7146843931403,16
TLI->ENB,3.5,2.0,5.253570214625479,16
BYNR->UD,52.4375,36.5,62.2885422850784,16
KSV->NDLS,59.8125,15.5,100.25315871997915,16
AMM->MTT,0.0,0.0,0.0,16
SRRG->BU,4.0625,0.0,6.647994685116207,16
BDSW->BUGL,0.0,0.0,0.0,16
GZB->CNB,23.5,11.5,29.91097903223274,16
MMR->PUNE,5.8125,0.0,8.642675125985782,16
MMR->KYN,90.125,0.0,147.9075724903901,16
ARJ->KDQ,11.0,0.0,24.492175621342152,16
AWR->MWW,3.875,2.5,4.602535533087533,16
AWR->RAH,1.4,0.0,3.0425553170226594,15
UMH->DK,7.8,6.0,7.408489338975544,15
BE->STP,321.4,297.0,289.4866885664052,15
ARK->KRPU,42.4,0.0,75.52369543016663,15
NBQ->FKM,2.1333333333333333,0.0,4.172472146045293,15
JNU->MAY,11.4,0.0,15.860102683868636,15
BSR->DRD,22.8,0.0,38.63603055624189,15
BGP->SBG,56.266666666666666,0.0,176.21718201723476,15
SGBJ->TLV,14.866666666666667,0.0,27.134234219278543,15
JHD->KRON,0.0,0.0,0.0,15
KNW->BRGJ,4.266666666666667,0.0,7.896352382738561,15
NAB->BPQ,100.73333333333333,10.0,191.8148164494177,15
BPL->SJP,29.266666666666666,0.0,113.34931259900375,15
KCT->DHE,44.06666666666667,0.0,90.43661289754803,15
SJP->BPL,75.53333333333333,6.0,261.9386151281214,15
MESR->HUDU,0.0,0.0,0.0,15
PFT->JTDM,33.333333333333336,19.0,30.158312444893358,15
PNUG->RSMN,0.0,0.0,0.0,15
KPV->RMR,0.0,0.0,0.0,15
FGR->KJN,11.2,9.0,10.469001862641921,15
BGU->GRH,24.066666666666666,16.0,26.900522211252614,15
MDCR->NDW,31.733333333333334,22.0,23.097515842515143,15
RV->NB,9.2,0.0,34.81009705736049,15
MTA->KNW,3.3333333333333335,0.0,7.0777989583795105,15
MBDP->RBL,74.4,0.0,107.95223811614892,15
CAER->CKKD,29.333333333333332,0.0,42.31626952682227,15
HUDU->JJTI,0.0,0.0,0.0,15
UMB->DDL,146.8,93.0,225.49032288390052,15
BRUD->CAER,29.6,0.0,42.34011944108937,15
NB->SAV,8.666666666666666,0.0,33.56585566713095,15
NDU->TNRI,0.0,0.0,0.0,15
NDW->NEMA,0.0,0.0,0.0,15
KWAE->KGLE,17.333333333333332,5.0,24.37992929401052,15
KWE->AZR,11.333333333333334,2.0,13.885586909076757,15
LAV->KWE,9.8,2.0,12.818513397203505,15
OREH->NYM,0.0,0.0,0.0,15
NERH->WKND,0.0,0.0,0.0,15
NFK->AZ,7.133333333333334,0.0,24.26304263886205,15
TUWA->VKG,10.4,9.0,8.475173828811503,15
POA->RAL,4.466666666666667,0.0,7.189940062005948,15
BAJ->OD,3.533333333333333,2.0,4.867775477077604,15
NYM->BELA,7.266666666666667,2.0,12.875595224336324,15
BEHR->JOBA,47.06666666666667,43.0,18.84700304582996,15
HD->PAL,23.8,0.0,34.14925224029698,15
RMD->MNM,18.666666666666668,11.0,34.81515816559273,15
CRK->HD,22.733333333333334,0.0,32.35399438061632,15
PGL->TBN,19.533333333333335,0.0,27.69700000945607,15
SID->MSH,26.266666666666666,14.0,28.571880948799667,15
VST->MFQ,20.666666666666668,20.0,10.251596855867776,15
MDGR->BJRI,6.066666666666666,4.0,9.93886071846026,15
SBP->JSGR,71.33333333333333,18.0,149.45217422624665,15
BBHT->NERH,0.0,0.0,0.0,15
DOE->SHR,13.8,12.0,5.5703295619354005,15
VMU->BQU,0.0,0.0,0.0,15
SVL->TBA,10.333333333333334,10.0,8.78852065128684,15
NZP->IAM,0.0,0.0,0.0,15
MWJ->JOBA,14.933333333333334,16.0,8.23291882511618,15
MWJ->NWB,44.666666666666664,42.0,23.45410919423797,15
TDL->AGC,19.866666666666667,0.0,42.07283933280246,15
CKH->OREH,0.0,0.0,0.0,15
BRGW->GAJB,12.533333333333333,13.0,5.026595932305149,15
BH->VS,33.8,0.0,76.86184266033999,15
VZM->KUR,26.866666666666667,0.0,71.14559183881487,15
SHR->DOE,23.133333333333333,23.0,12.517796854688054,15
JTDM->PPN,30.866666666666667,19.0,24.813206928876365,15
TBA->TUWA,7.333333333333333,6.0,8.532849688675162,15
TBN->CRK,19.666666666666668,0.0,27.881552187440217,15
SDAH->BP,2.2,2.0,2.908116719999879,15
BQU->POA,0.0,0.0,0.0,15
SONH->NDU,30.666666666666668,22.0,22.477501979492633,15
RJO->GHX,0.3333333333333333,0.0,1.2909944487358056,15
KAWR->BTJL,118.93333333333334,122.0,110.59092359209404,15
BRI->KKN,24.666666666666668,0.0,35.025840800893334,15
GRH->RXL,12.2,3.0,21.15655926657263,15
DDU->PPTA,18.6,5.0,39.938881878619064,15
JJTI->SANI,5.866666666666666,0.0,19.41599733160654,15
BAU->WGA,8.533333333333333,0.0,33.04945788763662,15
GAJB->SGAM,8.466666666666667,7.0,6.674756995755048,15
NWB->MWJ,15.333333333333334,18.0,7.393691004272945,15
NWB->SGAM,37.93333333333333,42.0,27.60555499653406,15
PAL->BRI,23.066666666666666,0.0,33.34552158122301,15
RSMN->PRBZ,32.0,18.0,29.391446763593365,15
ALUR->SKLR,8.6,6.0,7.018343312858303,15
GHX->NBJU,4.6,2.0,5.220837371259792,15
BHET->BL,1.7333333333333334,0.0,4.636295729916081,15
BHET->NDB,6.8,0.0,19.82855084395803,15
BSBS->BOY,17.866666666666667,4.0,38.48165920588787,15
SCKR->JHT,0.0,0.0,0.0,15
KHBJ->MFQ,34.666666666666664,34.0,11.405929953109396,15
NEMA->PFT,32.8,23.0,25.29031435154573,15
SUP->ARK,10.6,0.0,19.470857344099816,15
SNA->BAJ,0.0,0.0,0.0,15
DWZ->BCHL,0.0,0.0,0.0,15
BTD->JVN,0.0,0.0,0.0,15
BPF->PGL,16.0,17.0,17.960273621841857,15
OD->UMH,2.933333333333333,0.0,5.188815811320491,15
SHG->CPR,345.2,258.0,242.27617063413987,15
SVGA->KKDI,11.666666666666666,4.0,32.36988606420363,15
TEA->MDCR,0.0,0.0,0.0,15
ANND->SNA,0.0,0.0,0.0,15
PPN->PNUG,0.0,0.0,0.0,15
CKKD->SGBJ,13.666666666666666,0.0,25.866875305982326,15
CKMI->TEA,29.666666666666668,23.0,21.439838307848,15
ADI->DHG,5.4,0.0,13.431306712304654,15
WKND->MDE,6.4,0.0,12.004760960314275,15
CIV->VMU,30.866666666666667,46.0,30.516662115419287,15
KKN->DRHI,25.2,0.0,35.65148764678091,15
TORI->BRKA,0.0,0.0,0.0,15
GAYA->CKH,6.933333333333334,0.0,12.589489191195888,15
DGN->SXA,1.8666666666666667,0.0,3.9436507137905803,15
DGR->KOAA,4.8,0.0,12.382014606447761,15
MFQ->VST,39.2,37.0,12.242782130125256,15
RAH->GVH,1.1333333333333333,0.0,2.7481595573002946,15
THA->MBAH,0.0,0.0,0.0,15
KIC->ASD,7.266666666666667,7.0,8.258905727124134,15
SUD->TETA,26.333333333333332,33.0,28.356573102108758,15
ET->DRA,10.066666666666666,10.0,8.198141485088179,15
UDN->NDB,30.733333333333334,3.0,79.73569434312938,15
SMD->KIC,0.0,0.0,0.0,15
MBAH->NZP,0.0,0.0,0.0,15
TETA->DLK,26.533333333333335,34.0,28.450123441024356,15
JOBA->BEHR,23.0,23.0,9.433981132056603,15
JOBA->MWJ,49.8,48.0,19.395139302707484,15
HAS->ALUR,2.4,0.0,3.6606010435446255,15
GAJB->BRGW,12.0,0.0,22.790975657671424,15
MJF->CHZ,8.466666666666667,8.0,8.467304062996561,15
JDB->DWZ,31.866666666666667,0.0,80.28953558098044,15
WGA->RV,9.0,0.0,34.30743359681689,15
BRGJ->DGN,1.7333333333333334,0.0,4.250490167812021,15
BELA->BBHT,0.0,0.0,0.0,15
SXA->NPNR,1.4,0.0,3.4184374040947842,15
KRON->SONH,0.0,0.0,0.0,15
BN->GNT,26.8,8.0,29.573636908571117,15
GUNA->BAZ,9.333333333333334,0.0,36.14784456460256,15
DRA->DKI,12.533333333333333,10.0,13.56395784352607,15
VKG->GDA,1.4666666666666666,0.0,3.41983012666391,15
IAM->JHDC,0.0,0.0,0.0,15
ROK->BNW,9.4,0.0,14.386501609892122,15
DBG->SMI,138.8,37.0,226.7497676798306,15
SURI->RPH,20.666666666666668,0.0,42.95124589356546,15
PRBZ->PNBE,22.4,6.0,26.29720245849085,15
GDO->BTSR,1.0,0.0,3.872983346207417,15
DK->TAS,11.4,11.0,6.242710034226207,15
DKI->BPF,12.266666666666667,10.0,14.13944162701659,15
BOE->SUD,21.6,21.0,22.471569339310253,15
KKDI->MNM,2.533333333333333,0.0,7.337444734926134,15
TNRI->CKMI,0.0,0.0,0.0,15
KTV->SUP,17.666666666666668,7.0,22.793064943614088,15
CHRM->MDGR,2.1333333333333333,0.0,4.103424818136094,15
TAS->SVL,12.2,12.0,8.461678320522472,15
DRHI->BRUD,29.4,0.0,41.759173500304954,15
VJA->TEL,25.466666666666665,0.0,29.0636411706317,15
MFQ->KHBJ,28.2,28.0,11.123976678457085,15
JHT->BKH,58.13333333333333,48.0,50.52985915937889,15
SGAM->GAJB,17.933333333333334,0.0,25.663945433975954,15
SGAM->NWB,12.2,13.0,6.971370023173351,15
JHDC->JHD,24.2,23.0,9.63030929632362,15
KTE->DMO,185.66666666666666,198.0,87.42071237630674,15
BPP->OGL,59.666666666666664,0.0,116.51895410904898,15
TLV->MTA,1.4,0.0,4.239272174728649,15
NN->BSL,21.0,4.0,57.826093961611676,15
JHD->JHDC,0.0,0.0,0.0,14
MRK->GJJ,16.571428571428573,0.0,31.277207935871388,14
DHNE->BMH,6.214285714285714,0.0,17.70344847514427,14
JHDC->IAM,0.0,0.0,0.0,14
GDR->VKT,20.0,9.0,32.389456974097655,14
CKTD->STA,9.571428571428571,7.5,10.803947182639996,14
LKY->BDM,17.142857142857142,16.5,11.488168782622493,14
MVD->BJP,7.285714285714286,6.5,7.010196655077312,14
IAM->NZP,0.0,0.0,0.0,14
OREH->CKH,12.857142857142858,8.5,16.071269840485982,14
NEMA->NDW,21.142857142857142,20.0,20.232712061477013,14
GTL->TU,65.78571428571429,28.0,100.80154041209167,14
VDI->DHNE,5.928571428571429,0.0,12.645852380032848,14
KUPR->JUC,12.285714285714286,10.5,6.741702266531017,14
BPR->BHI,10.857142857142858,0.0,35.37895320201447,14
CKMI->TNRI,0.0,0.0,0.0,14
PPN->JTDM,22.071428571428573,22.5,16.615397334142465,14
PPM->PRCA,23.5,0.0,42.93779042002332,14
SNSI->BAP,1.1428571428571428,0.0,2.14322341192107,14
JRKT->LMT,16.214285714285715,14.5,14.786576924456083,14
MMCT->ADI,3.642857142857143,1.0,4.7329799176733145,14
AJJ->CJ,57.5,7.5,122.93509857456682,14
TEA->CKMI,0.0,0.0,0.0,14
PRCA->GNT,1.7857142857142858,0.0,6.68153104781061,14
PRBZ->RSMN,0.0,0.0,0.0,14
PSA->VZM,24.142857142857142,0.0,59.83934535694097,14
VKT->VDE,19.285714285714285,0.0,33.46049006820425,14
VM->MS,81.07142857142857,2.0,226.87423296270907,14
MAS->PON,15.285714285714286,16.5,13.05272486393651,14
STP->CH,76.35714285714286,0.0,142.15950258714392,14
MCI->KZJ,94.64285714285714,71.5,77.71011927260592,14
UBL->KUG,6.142857142857143,6.0,3.2783002832645987,14
SONH->KRON,0.0,0.0,0.0,14
TDPR->MV,5.428571428571429,0.0,8.035634920242991,14
CKH->GAYA,11.214285714285714,4.0,13.308057544374972,14
PON->GPD,13.928571428571429,14.0,10.98575501214246,14
HLAR->LKY,17.071428571428573,15.5,12.590987532078929,14
KGP->BHC,208.07142857142858,103.0,258.49965460048764,14
BBHT->BELA,12.071428571428571,4.5,17.18435910362088,14
LHN->HG,0.35714285714285715,0.0,0.928782731664065,14
NYM->OREH,0.0,0.0,0.0,14
KUG->HBS,10.785714285714286,10.0,4.9950524972766255,14
NZP->MBAH,0.0,0.0,0.0,14
BWR->VGLJ,4.714285714285714,0.0,15.404437779312277,14
ULG->RPAN,48.5,0.0,97.53007425720226,14
PNUG->PPN,21.5,22.0,16.8694079053452,14
PFT->NEMA,0.0,0.0,0.0,14
NDB->BHET,1.5714285714285714,0.0,3.1796053387000898,14
GPD->TADA,16.5,14.0,15.921683328090658,14
RU->TRT,30.357142857142858,0.0,87.47712416824899,14
DNKL->JJKR,62.857142857142854,63.5,73.05409707128752,14
FKM->NBQ,6.214285714285714,0.0,23.251728046380922,14
NLR->PGU,17.5,0.0,33.37606235704773,14
MDCR->TEA,17.857142857142858,16.0,20.10685739457348,14
BSRX->MVD,16.5,16.0,14.091732437032823,14
NDW->MDCR,0.0,0.0,0.0,14
NDU->SONH,0.0,0.0,0.0,14
BMH->NDL,7.071428571428571,0.0,16.79040149661652,14
HSX->KUPR,8.428571428571429,7.0,3.7563133668385693,14
JTDM->PFT,22.428571428571427,23.0,16.690459207925603,14
MDE->WKND,0.0,0.0,0.0,14
TRT->RU,10.642857142857142,9.0,11.14662517299531,14
SDV->JBK,15.142857142857142,0.0,28.99829475850432,14
DMO->KTE,47.57142857142857,42.5,41.05477445431293,14
HBS->SVHE,0.0,0.0,0.0,14
BVI->BYR,10.428571428571429,6.5,13.1190659008136,14
DAB->NZB,17.714285714285715,14.0,15.706091769798071,14
RSMN->PNUG,0.0,0.0,0.0,14
BYNR->ANKL,41.57142857142857,35.5,24.468863372156758,14
MYD->NHLG,20.5,0.0,47.94668513447635,14
PGU->BTTR,9.785714285714286,0.0,25.489601413513324,14
PNBE->PRBZ,21.642857142857142,24.0,17.83085977847284,14
NDLS->KSV,9.214285714285714,0.0,18.200501140304947,14
SBV->KGG,6.214285714285714,4.0,5.911898971612206,14
KOAA->DGR,1.5,0.0,2.681847813040049,14
HPU->NDLS,120.71428571428571,112.5,111.06853640982122,14
NERH->BBHT,0.0,0.0,0.0,14
GJJ->DKD,18.071428571428573,0.0,33.4812560322116,14
BKSC->RNC,29.0,0.0,46.17025349391432,14
BLR->MLP,17.0,16.0,10.626527039587154,14
BVC->SOJN,6.071428571428571,5.5,3.429830354949974,14
SRGT->SUNR,1.3571428571428572,1.0,1.7368026705655182,14
WKND->NERH,0.0,0.0,0.0,14
ST->PLG,37.07142857142857,6.0,111.0747941258947,14
BGK->MGL,20.928571428571427,20.5,16.981729030906155,14
BNVD->JAM,3.7142857142857144,0.0,8.83549285925432,14
HBL->BLR,17.785714285714285,18.0,10.821478438937795,14
MHQ->CRP,7.642857142857143,1.0,12.112340451324476,14
MHQ->BJE,30.714285714285715,7.0,59.742303748205565,14
CRP->MHQ,20.857142857142858,2.0,54.40850773808922,14
MBAH->THA,13.428571428571429,8.0,17.662277428351192,14
KKDI->KAL,15.428571428571429,4.5,26.351804158682995,14
BYR->BSR,7.285714285714286,3.0,13.424596091494903,14
KRON->JHD,14.214285714285714,8.5,18.614215293399045,14
MGL->JRKT,14.5,12.5,12.965931690988683,14
BELA->NYM,0.0,0.0,0.0,14
MED->KMC,65.14285714285714,25.0,104.17725806960509,14
TADA->SPE,16.214285714285715,14.0,17.272381562342954,14
CHM->GGAR,5.285714285714286,2.5,6.615001266684819,14
KRNT->VDI,13.714285714285714,0.0,18.082837470624213,14
TNRI->NDU,16.571428571428573,12.0,19.688787460083763,14
NGP->AMLA,87.5,47.5,133.2976715129309,14
BJE->MHQ,14.142857142857142,13.0,15.210609368550537,14
GDG->HBL,18.285714285714285,19.5,10.759100415845264,14
AMLA->NGP,60.857142857142854,24.0,100.61645158556493,14
KNW->BPL,4.357142857142857,0.0,10.337438626789393,14
DDE->JL,3.7857142857142856,0.0,8.38660627638885,14
SBP->ANGL,9.0,0.0,21.012816601742415,14
PRYJ->BSBS,26.571428571428573,0.0,64.78094958065549,14
NRT->PPM,23.142857142857142,0.0,42.27175296697665,14
BKN->NGO,34.857142857142854,30.0,37.26383510313192,14
YLM->ANV,126.61538461538461,76.0,127.32146877198839,13
SGG->MGR,31.46153846153846,0.0,71.2912049094129,13
KSE->URN,3.8461538461538463,0.0,12.687567102260346,13
PLG->ST,35.92307692307692,0.0,60.18230850017517,13
MRA->SIKD,11.692307692307692,0.0,14.738750599381525,13
BIRP->KND,23.615384615384617,18.0,26.874828562363152,13
MDPR->KMBL,7.461538461538462,0.0,11.207254976244812,13
TLO->KHN,2.0,2.0,2.5819888974716108,13
MKB->DMRX,0.0,0.0,0.0,13
ASN->BCQ,8.538461538461538,7.0,7.229746245147941,13
ASN->ANR,29.53846153846154,0.0,55.585692680484165,13
RC->VKB,25.76923076923077,11.0,38.25823189448655,13
PRR->GTD,17.307692307692307,0.0,44.798408854527814,13
NJP->MLDT,11.153846153846153,0.0,36.93653600850644,13
BHL->HMG,12.846153846153847,0.0,22.722405073136343,13
TFGN->GKJ,285.0,134.0,284.86985332487075,13
SMQL->KQL,13.0,0.0,38.33188403057348,13
DWK->BMRN,3.0,0.0,5.671566509057851,13
AXA->SDD,7.615384615384615,2.0,11.24380171130196,13
HRPG->SKN,25.307692307692307,0.0,50.93195561299509,13
HRPG->KEPR,123.38461538461539,62.0,172.34729398394902,13
BLL->SNKG,0.0,0.0,0.0,13
DWD->KBH,5.846153846153846,0.0,9.58163307102147,13
ANKL->BYNR,0.0,0.0,0.0,13
ROA->SPJ,42.53846153846154,0.0,92.91090300624518,13
NEP->MHD,2.076923076923077,0.0,2.81251780621144,13
KHN->PDA,2.923076923076923,4.0,2.928638433969457,13
RGS->NMK,19.46153846153846,0.0,27.421449586699413,13
MUG->TLO,0.0,0.0,0.0,13
JOP->ZBD,24.153846153846153,0.0,39.25524626052369,13
JOP->BTP,22.46153846153846,16.0,34.927580755556164,13
SMTL->AEH,18.76923076923077,14.0,20.785226508884648,13
SMQL->RPMN,20.76923076923077,0.0,29.50467151190877,13
LBA->KEPR,24.0,0.0,52.45315370245466,13
URN->ST,3.0,0.0,10.816653826391969,13
MNC->JRW,19.692307692307693,9.0,28.73263131987919,13
BPA->PDPL,88.6923076923077,0.0,127.43520223717923,13
NRGO->RJLA,0.0,0.0,0.0,13
BWN->KAN,1.3846153846153846,0.0,3.404371247344154,13
KOAA->BDC,61.07692307692308,10.0,71.3190735807067,13
BL->BSR,3.0,0.0,4.472135954999579,13
SMVB->TK,22.46153846153846,8.0,50.67480535173172,13
CLX->BZA,11.76923076923077,4.0,22.964297819854504,13
BJD->KANJ,2.1538461538461537,0.0,2.967775649824681,13
PLS->MB,10.76923076923077,9.0,11.373608677942737,13
JJ->BHA,7.076923076923077,0.0,10.742916569081991,13
JIND->GHNA,96.53846153846153,17.0,126.26401927747494,13
DKJ->KRA,2.230769230769231,0.0,5.449064845669181,13
BLDI->BAH,5.461538461538462,4.0,7.676971892347752,13
LKBL->PPLI,17.076923076923077,10.0,19.918423374945863,13
BGMR->CHM,2.076923076923077,0.0,3.4990841292529313,13
VBL->GPI,57.07692307692308,36.0,63.37120999641917,13
PRL->VLR,23.615384615384617,5.0,41.6163799113171,13
KHBJ->BEHR,66.3076923076923,44.0,98.61489459456638,13
BFM->MNP,12.846153846153847,5.0,30.55826716794806,13
RJLA->JAJ,7.076923076923077,0.0,24.628782411579405,13
UMB->ASR,314.84615384615387,339.0,290.0829898936527,13
DXR->THAN,15.23076923076923,18.0,10.18294199592179,13
DXN->NUQ,12.307692307692308,12.0,6.7747646377889685,13
BLNR->RRU,9.307692307692308,0.0,12.479213486064305,13
LM->WC,16.46153846153846,19.0,10.492976894216632,13
KNLS->MDPR,19.53846153846154,13.0,22.017475576669337,13
TALL->MKA,20.692307692307693,12.0,35.73603367140935,13
CPU->OBR,10.76923076923077,0.0,30.836001270576155,13
DKO->SVGA,4.384615384615385,0.0,8.694236228084879,13
DLI->CNB,45.92307692307692,16.0,74.037672323466,13
JGM->HIJ,63.07692307692308,39.0,72.805061108943,13
KRQ->DAA,13.692307692307692,10.0,14.487837516256038,13
ASH->MBP,37.61538461538461,0.0,85.94236291602496,13
RDL->LKO,6.923076923076923,0.0,12.645562716235936,13
RE->DEC,38.69230769230769,33.0,25.9852028899289,13
ASR->UMB,140.15384615384616,98.0,150.95079007955218,13
JEUR->BGVN,5.769230769230769,0.0,11.889448025832586,13
ARA->PIRO,2.230769230769231,2.0,3.539158236875122,13
KOTA->SGZ,9.384615384615385,0.0,16.490090264248916,13
BSB->JNH,6.615384615384615,0.0,13.919641168378236,13
VDS->MNC,19.846153846153847,9.0,28.46004847104725,13
KNKT->RJT,4.615384615384615,0.0,7.297698969977473,13
PDH->HM,13.76923076923077,8.0,16.45272949064403,13
PDA->BWN,2.3846153846153846,0.0,3.7977726265637495,13
SLS->RNPR,17.53846153846154,11.0,23.372403187717577,13
HTZ->TALL,20.23076923076923,13.0,34.54744044101735,13
AYU->GLPT,312.3076923076923,168.0,290.5558995601892,13
VGLJ->KRQ,9.0,4.0,11.105554165971787,13
CH->STP,86.23076923076923,28.0,126.52019196301819,13
DSJ->UMB,137.53846153846155,10.0,221.0677178998234,13
DSA->BTU,30.615384615384617,14.0,39.504300317683686,13
KUR->VZM,96.53846153846153,50.0,103.32925963847751,13
NBJU->KGG,7.384615384615385,0.0,13.51257723714257,13
THAN->DL,15.615384615384615,18.0,10.05433954020569,13
BTP->JOP,29.153846153846153,29.0,11.68935522777136,13
JPL->KYF,6.538461538461538,4.0,6.501479121648455,13
BCQ->STN,10.0,9.0,7.5387885852657615,13
SNKG->BNL,10.0,0.0,11.357816691600545,13
BAO->NUB,0.0,0.0,0.0,13
BIM->JRS,0.0,0.0,0.0,13
WKR->AXA,7.153846153846154,0.0,11.201533777762712,13
BSJ->KIN,2.923076923076923,2.0,4.821160622048362,13
BSJ->FAN,6.3076923076923075,0.0,17.379991443153894,13
CJ->AJJ,9.461538461538462,6.0,10.340981454189803,13
ADI->CYI,3.769230769230769,2.0,4.693148306376118,13
DL->WKR,7.153846153846154,0.0,11.096892611944376,13
SGZ->VMA,33.76923076923077,0.0,93.75335891418669,13
SGZ->KOTA,55.30769230769231,0.0,169.7794572454633,13
MJ->AII,2.3076923076923075,0.0,3.838068424451189,13
GWL->BLNR,15.076923076923077,11.0,20.57693505870727,13
JTRD->MSDG,0.0,0.0,0.0,13
HAB->FAB,68.3076923076923,43.0,52.64406363396956,13
DPX->GHR,12.76923076923077,6.0,30.844107611648845,13
SLF->KITA,66.61538461538461,74.0,62.81127613937174,13
BLPU->SPN,26.615384615384617,21.0,14.032928308912467,13
SV->GKP,83.0,0.0,127.31588013022309,13
GTD->GUG,0.0,0.0,0.0,13
THO->MURI,53.61538461538461,62.0,53.186054659623046,13
SUNR->DXR,6.384615384615385,8.0,3.9272225456519423,13
RNO->BRC,3.5384615384615383,0.0,4.771711513621792,13
RNG->KPK,6.384615384615385,4.0,7.974317750738529,13
PPLI->KNLS,17.0,10.0,19.693484540155236,13
VKB->RC,65.6923076923077,43.0,65.96891264752995,13
TIA->NES,15.153846153846153,17.0,14.898803944423156,13
BDC->ADST,1.0,0.0,2.0,13
SANK->MRA,11.0,0.0,14.311999627352334,13
HMG->GGR,14.23076923076923,0.0,22.815031032756476,13
SNP->GHNA,85.3076923076923,0.0,152.35451235817544,13
SWV->MAO,293.0,155.0,311.16555079250014,13
BL->ATUL,5.846153846153846,2.0,7.06925448504713,13
KGG->SBV,74.61538461538461,67.0,46.45165670088001,13
BV->GD,14.692307692307692,6.0,26.275415047101273,13
BPQ->SC,74.84615384615384,69.0,83.34651177848433,13
BPQ->NAB,357.7692307692308,207.0,436.959218891602,13
MS->VM,62.23076923076923,0.0,190.0255043611049,13
GATD->GAG,53.84615384615385,64.0,59.774362054097736,13
R->G,106.61538461538461,88.0,94.59258115865329,13
BGS->NNA,104.53846153846153,61.0,137.21614056214096,13
MKN->JP,2.5384615384615383,0.0,5.14158510927296,13
PNBE->NBJU,13.153846153846153,0.0,32.93135829227758,13
WC->JVN,0.0,0.0,0.0,13
KMZ->KHBJ,52.23076923076923,29.0,88.29416160969521,13
BDCR->MUGR,36.30769230769231,0.0,46.32922874274335,13
MNI->RN,69.15384615384616,68.0,61.38382815509601,13
MAU->DEOS,79.92307692307692,60.0,60.97740228759823,13
SKN->HRPG,119.3076923076923,50.0,169.82607996387785,13
JRLE->MLDT,46.61538461538461,4.0,92.03761772733515,13
SAH->VTN,4.461538461538462,0.0,7.501281941723746,13
MIA->JJ,6.230769230769231,0.0,10.28877905093575,13
KANJ->NEP,0.0,0.0,0.0,13
GHNA->JIND,55.07692307692308,0.0,115.63121085190159,13
GUG->KSX,19.076923076923077,0.0,50.210326856901894,13
GTX->KSE,6.0,0.0,14.922019523732928,13
STN->SLS,15.153846153846153,11.0,16.231893265246633,13
KIN->BSJ,6.153846153846154,0.0,17.116493769880528,13
SOJN->BVC,1.7692307692307692,0.0,4.867474467555808,13
AKJ->NHH,15.153846153846153,0.0,54.03987132023625,13
AKJ->HGH,125.3076923076923,61.0,161.6948693349012,13
ETW->HAB,58.30769230769231,31.0,50.771357764302195,13
DBG->JYG,417.46153846153845,378.0,270.57242264768206,13
NDLS->HPU,37.0,27.0,23.600847442411894,13
PNP->BDMJ,0.0,0.0,0.0,13
SHG->LKO,147.07692307692307,126.0,184.4611348127574,13
VZR->BPO,16.53846153846154,0.0,51.3543496772107,13
VYA->KRAI,0.0,0.0,0.0,13
KTRA->DBA,20.53846153846154,19.0,15.919670142182515,13
RRU->BAO,10.076923076923077,0.0,13.49976258100822,13
HCNR->JKPR,107.23076923076923,84.0,94.48293835939715,13
JRW->MDP,21.307692307692307,15.0,28.58141766773363,13
JRS->DGI,7.615384615384615,4.0,8.655811742585263,13
HMG->BHL,6.923076923076923,3.0,9.223715253460673,13
HM->JALD,14.692307692307692,8.0,18.011036502584627,13
VLR->PRL,6.846153846153846,5.0,5.625035612422879,13
BBM->TATA,14.307692307692308,0.0,42.127553563324426,13
VLNK->NGT,23.23076923076923,5.0,38.20591979906134,13
DEC->AWR,18.076923076923077,7.0,36.075064191353235,13
AEH->ARI,19.53846153846154,15.0,20.851120611833572,13
BSB->SHG,35.07692307692308,0.0,54.15327250570295,13
BHET->BIY,6.6923076923076925,0.0,20.13034448862635,13
FBD->CNB,8.153846153846153,0.0,12.33454602492632,13
GHNA->SNP,88.46153846153847,9.0,122.97670198362464,13
TPZ->RPMN,22.153846153846153,13.0,41.448454241073435,13
GAG->TIS,54.92307692307692,65.0,59.9186414210435,13
GGC->AF,5.846153846153846,0.0,14.088092808267518,13
GGAR->BGMR,0.0,0.0,0.0,13
KITA->GATD,72.07692307692308,85.0,57.45064771677447,13
RPAN->ULG,13.153846153846153,12.0,8.905486640700344,13
JYG->DBG,111.3076923076923,7.0,189.77459639239765,13
ROK->SSB,70.46153846153847,13.0,133.74391910451814,13
COR->GGR,7.461538461538462,4.0,9.588320887199043,13
KL->BKI,0.38461538461538464,0.0,1.3867504905630728,13
BRC->ITA,5.3076923076923075,0.0,13.930689235070265,13
HDP->DD,16.384615384615383,15.0,5.909575020513482,13
FAB->ETW,3.923076923076923,0.0,8.52898527045215,13
NHH->AKJ,35.69230769230769,0.0,112.4124730737835,13
BME->BLT,16.846153846153847,15.0,5.336137083542641,13
JMU->BFM,13.076923076923077,6.0,30.51082195566446,13
BHTL->BPKA,7.6923076923076925,0.0,10.734559573208825,13
KPK->ASN,7.6923076923076925,7.0,7.3187500684271605,13
ARI->STLI,18.307692307692307,13.0,22.46250436981822,13
BE->BLPU,19.846153846153847,16.0,9.847555989907292,13
RJPB->KIUL,49.07692307692308,0.0,79.5837729884486,13
MCQ->SGRL,10.923076923076923,0.0,39.38371393199127,13
CNB->DLI,20.46153846153846,3.0,50.90287382950558,13
SOR->KTRA,18.384615384615383,16.0,15.440954534065467,13
BJU->MKA,25.0,13.0,32.90643300835466,13
MAO->PERN,194.0,204.0,137.1610974973103,13
MW->BTT,13.538461538461538,14.0,8.617959779972912,13
RXL->SMI,35.84615384615385,0.0,52.52435332593532,13
DBA->SMTL,0.0,0.0,0.0,13
FAN->BSJ,2.3846153846153846,2.0,2.103111248383433,13
LDH->JAT,7.615384615384615,0.0,16.76076003417139,13
KRG->MSR,46.46153846153846,11.0,85.0721413317499,13
MSDG->SGLA,35.07692307692308,17.0,54.331484945749985,13
RTM->SGZ,10.384615384615385,9.0,13.500237414816459,13
BMRN->MTHP,0.0,0.0,0.0,13
JL->DDE,3.1538461538461537,0.0,6.478762148308809,13
JAM->LKBL,15.384615384615385,10.0,19.116042396978433,13
GUP->DBB,1.3846153846153846,0.0,3.404371247344154,13
GUP->BLPA,286.53846153846155,131.0,287.1305206651426,13
KAN->MNAE,3.076923076923077,0.0,5.090211823711899,13
GPB->MRJ,3.8461538461538463,0.0,4.827804087542525,13
DEC->RE,9.384615384615385,0.0,30.606476606372222,13
BBK->AYC,18.23076923076923,0.0,46.47069658425233,13
LHB->TLB,0.0,0.0,0.0,13
GHD->JPL,14.538461538461538,5.0,18.94560364400927,13
BHA->AGC,1.4615384615384615,0.0,3.478873970491617,13
HIJ->JGM,31.846153846153847,15.0,48.147077020739545,13
HIJ->BQA,27.076923076923077,0.0,59.95618058001685,13
PERN->SNDD,181.53846153846155,198.0,153.11902526281932,13
SDD->KNKT,8.461538461538462,4.0,11.199816848319326,13
SWM->NNW,33.53846153846154,35.0,16.008411250627926,13
MTC->TPZ,1.6153846153846154,0.0,3.9483849343425965,13
BTU->KQL,22.076923076923077,0.0,31.97775669237795,13
BTU->DSA,9.615384615384615,0.0,31.98316865044921,13
NUR->DLI,70.07692307692308,6.0,107.36034458655388,13
NUQ->RNQ,64.76923076923077,60.0,33.23189694192876,13
NUB->SANK,10.153846153846153,0.0,13.545270723553628,13
LKU->BPZ,2.230769230769231,0.0,7.462727898852249,13
ATUL->PAD,3.5384615384615383,0.0,4.789143705914182,13
KYF->NBG,6.923076923076923,5.0,7.158462805909503,13
JALD->WTJ,16.923076923076923,12.0,19.180986846621227,13
CAR->PRYJ,58.46153846153846,4.0,85.67537120298478,13
KDPR->KIR,19.53846153846154,2.0,46.543197470406255,13
KQL->BTU,11.846153846153847,2.0,36.50307328122331,13
SIKR->FPS,41.69230769230769,10.0,63.12076337648943,13
SIKD->HET,11.76923076923077,0.0,14.760046556802399,13
JAJ->DPX,11.23076923076923,4.0,30.345658245603676,13
MAJN->CAN,66.38461538461539,61.0,53.640063481099745,13
KRAI->MID,0.15384615384615385,0.0,0.554700196225229,13
KRA->BDCR,1.5384615384615385,0.0,4.274252071325551,13
VTN->VR,3.8461538461538463,0.0,7.104530876444903,13
NVS->VDH,11.846153846153847,6.0,13.777071252907575,13
OBR->MCQ,19.692307692307693,0.0,49.34299108516598,13
GMH->BIRP,27.846153846153847,10.0,41.50069508222354,13
ANV->YLM,123.84615384615384,86.0,160.91604754956654,13
NNW->SWM,138.69230769230768,113.0,156.38807745231338,13
JAA->THO,21.153846153846153,0.0,55.30196824985248,13
ADST->MUG,1.1538461538461537,0.0,2.1152680620571416,13
KQL->SMQL,20.076923076923077,0.0,30.19509214663187,13
HGH->LKO,83.46153846153847,4.0,143.40886501225287,13
HGH->AKJ,14.615384615384615,0.0,52.696518641396764,13
TU->DHNE,14.692307692307692,8.0,27.650752296530786,13
LKO->SHG,209.46153846153845,236.0,177.82276540824546,13
LKO->RDL,79.07692307692308,5.0,130.1777384568636,13
LKO->HGH,25.615384615384617,0.0,58.10699679834673,13
JSME->LHB,10.307692307692308,0.0,31.64223078783747,13
HET->DHO,4.384615384615385,0.0,8.129559864454137,13
GGR->HMG,8.076923076923077,5.0,9.304672110124198,13
GGR->COR,4.769230769230769,0.0,13.348869154063488,13
NES->RGD,2.6153846153846154,0.0,4.17409594080885,13
STLI->GWL,14.153846153846153,4.0,19.798342328951655,13
STL->NRGO,20.384615384615383,12.0,29.694383479985067,13
KMBL->BHTL,7.615384615384615,0.0,10.555712999275649,13
DHO->MIA,5.846153846153846,0.0,9.923424760351589,13
KEPR->HRPG,22.46153846153846,0.0,47.17805878551205,13
KEPR->LBA,127.0,62.0,171.08964511818553,13
RPMN->TPZ,10.0,0.0,19.304576314093676,13
RPMN->SMQL,17.0,7.0,39.78693252815552,13
GWL->DAA,59.76923076923077,43.0,78.81640464411987,13
JVN->BTD,5.538461538461538,0.0,12.326228029527014,13
NGO->BKN,5.384615384615385,0.0,8.578446455492019,13
YA->GY,7.615384615384615,0.0,10.966148378369237,13
SGL->RXL,16.076923076923077,0.0,29.682939933182546,13
DD->HDP,0.0,0.0,0.0,13
ZBD->JOP,116.6923076923077,53.0,166.92931868278094,13
BPKA->BHTA,9.384615384615385,3.0,11.85002434272086,13
KTE->SDL,0.7692307692307693,0.0,2.773500981126145,13
DHNE->TU,38.46153846153846,0.0,79.72516894997818,13
NNA->BGS,34.76923076923077,31.0,16.9172192659523,13
PIRO->SSM,3.0,0.0,4.58257569495584,13
SYN->GTX,8.153846153846153,5.0,14.328562115847227,13
APK->KKDI,3.25,2.0,6.66230918198515,12
BIY->BHET,7.666666666666667,0.0,13.200091827045153,12
NNHT->DUMK,0.5,0.0,1.1677484162422844,12
DHG->ADI,6.25,4.5,7.174766388341347,12
MRHA->BAKA,33.5,0.0,50.53261772900208,12
MRJ->GPB,79.33333333333333,0.0,179.72672859009305,12
BLT->BME,1.25,0.0,4.330127018922194,12
RMA->DKNT,5.583333333333333,1.5,7.341765125057813,12
GDV->MTM,1.0833333333333333,0.0,3.7527767497325675,12
JUC->DDL,165.66666666666666,59.0,262.41616265817623,12
BKI->KL,17.416666666666668,12.5,17.047838217169584,12
DHN->JSME,33.0,12.5,42.45425345431994,12
PKT->MTT,0.0,0.0,0.0,12
DHU->KNJ,3.4166666666666665,0.0,11.220584438945911,12
KYQ->CGS,2.4166666666666665,0.0,4.999242366841624,12
DAA->GWL,26.583333333333332,0.0,43.61288036043175,12
RGBP->TGBP,0.0,0.0,0.0,12
CTA->BAY,2.3333333333333335,0.0,3.9619401430321606,12
BLH->DDJ,4.416666666666667,3.0,5.85364429352788,12
FPS->RSWT,5.083333333333333,4.0,5.615859576937336,12
MLDT->NJP,53.416666666666664,7.5,115.05370946043445,12
JSGR->RIG,46.25,23.0,64.17465515011642,12
SPN->BLPU,7.083333333333333,0.0,9.02983271095754,12
MLDT->JRLE,55.083333333333336,14.0,75.79332944183669,12
JAA->GUG,0.0,0.0,0.0,12
PNSA->BHLE,20.25,1.0,34.93142633009058,12
MAJN->CLT,75.16666666666667,19.5,98.73548991976983,12
DEOS->MAU,36.166666666666664,14.5,51.78949232374764,12
PNP->DEE,30.0,15.0,43.88828793860406,12
VNGP->RGBP,0.0,0.0,0.0,12
BSBS->PRYJ,32.5,2.5,81.06619068839534,12
BPC->SGV,1.4166666666666667,0.0,2.353269807709857,12
KDE->NMJ,6.083333333333333,5.0,4.888917584856094,12
BAH->BLDI,11.416666666666666,4.0,14.342931951651202,12
JLWC->RMA,4.75,4.0,2.6671401094873817,12
KAL->KKDI,37.5,0.0,124.90396310766124,12
SVPI->BDWS,63.083333333333336,45.5,79.74785073573894,12
SVX->SGR,153.58333333333334,155.5,66.19455942122205,12
SDS->DPK,13.416666666666666,13.0,2.8749176536296677,12
KKW->RAJP,122.08333333333333,92.5,101.95851057556638,12
BDMJ->NDLS,3.25,1.0,7.287910287842213,12
JTI->TGQ,0.0,0.0,0.0,12
G->R,12.916666666666666,6.5,14.151507040423345,12
BIJ->RHA,4.583333333333333,0.0,10.112623374533015,12
SEG->BSL,25.083333333333332,0.0,63.86414320946291,12
LDH->DEE,10.5,1.5,15.968719422671311,12
GMO->HZD,35.75,10.5,61.051580278854814,12
TVR->KDE,4.166666666666667,2.5,4.19595765065147,12
NHLG->GHY,25.0,0.0,48.69758254220168,12
CDH->SMX,5.75,3.0,9.294426482379837,12
RXL->GRH,28.25,18.5,30.238822127132593,12
SPJ->BCA,18.166666666666668,1.5,47.77567531197389,12
ATQ->PKT,1.1666666666666667,0.0,4.041451884327381,12
OBR->CPU,0.0,0.0,0.0,12
KGG->NBJU,61.833333333333336,66.5,51.83861904258662,12
VMA->SGZ,21.75,4.5,59.453763547819236,12
PERN->MAO,127.5,135.0,118.67028424856984,12
MAO->MAJN,68.25,34.5,87.37913730613066,12
HLR->NH,6.75,1.0,9.602319795473667,12
MCQ->OBR,2.5833333333333335,0.0,6.359793211808832,12
RN->MNI,75.0,47.0,73.42033406724227,12
CNI->KND,6.166666666666667,0.0,10.607315943024961,12
ROP->BTS,43.5,31.5,45.75925142426492,12
BZA->VSKP,11.666666666666666,0.0,33.20551250328867,12
PAK->KPD,1.25,0.0,2.050498830661811,12
BJU->LKR,11.583333333333334,11.0,11.445192188968441,12
MAO->SWV,264.9166666666667,74.0,314.6566551116639,12
SKJ->MGR,1.5,0.0,4.602370930489869,12
RSWT->CUR,3.0833333333333335,0.0,5.333570070503405,12
KZJ->MCI,57.25,57.0,35.25265947414464,12
VZM->PSA,4.833333333333333,1.0,12.186679265294197,12
BAM->CHE,38.916666666666664,0.0,111.53349136904886,12
BAND->HSRA,27.083333333333332,25.5,14.067747337492067,12
RMA->NAD,0.75,0.0,1.4222261679238197,12
SHG->BSB,27.416666666666668,16.0,31.730279010128577,12
WANI->MJRI,13.0,5.0,16.079348697800373,12
MCI->WL,15.583333333333334,0.0,25.195448121845462,12
NHR->DPLN,33.083333333333336,34.5,10.714971118048153,12
GUD->RHE,89.16666666666667,51.5,110.96423120114251,12
GUG->JAA,31.166666666666668,25.5,34.821188255359,12
GUG->PRR,7.333333333333333,5.5,8.957813586050127,12
ANG->MMR,16.583333333333332,3.0,43.71281969926678,12
ARV->TNM,7.083333333333333,3.0,8.836477427874376,12
BDWS->SVPI,51.75,52.5,37.463012061595805,12
SOD->SEU,4.5,0.0,13.53446778347114,12
LKR->JAJ,4.916666666666667,0.0,16.110179353063664,12
DPK->HMH,1.6666666666666667,0.0,5.773502691896258,12
DPLN->GAMI,36.333333333333336,35.5,7.8083094821924774,12
HZD->GMO,96.41666666666667,41.0,139.20779649883337,12
MDGR->CHRM,1.25,0.0,4.330127018922194,12
CYI->ADI,32.833333333333336,0.0,62.32879581604949,12
BTI->KNL,10.5,6.0,14.273306299777662,12
TIBI->ENB,19.75,18.5,8.9150026767956,12
GHY->NHLG,183.83333333333334,95.5,265.8608088774457,12
MTJ->AH,5.25,0.0,12.563475199597804,12
JNH->MBDP,42.166666666666664,9.0,61.527278995629736,12
ARCL->JRBM,0.0,0.0,0.0,12
RNC->ROU,119.25,52.0,166.33543601027196,12
ARV->PRL,8.0,0.0,20.261921294523244,12
KPA->HLR,4.083333333333333,0.0,9.129954030884306,12
BP->SEP,5.666666666666667,5.5,6.050294257807682,12
AGC->FTS,12.25,11.5,12.621230310292832,12
GTS->GUD,82.58333333333333,36.0,112.94846639333382,12
JRBM->VNGP,0.0,0.0,0.0,12
JRG->ROP,33.416666666666664,18.0,48.4457678671979,12
KND->TATA,2.0,0.0,4.748205402618399,12
BLPU->BE,4.5,0.0,12.529964086141668,12
BTQ->JRG,0.0,0.0,0.0,12
KIUL->RJPB,194.5,145.5,200.00068181701963,12
WL->MCI,67.16666666666667,0.0,186.48608689674575,12
JPL->GHD,1.3333333333333333,0.0,4.618802153517006,12
PCM->ASD,16.583333333333332,13.5,11.163726433354944,12
NBJU->PNBE,61.666666666666664,28.5,90.53611367177122,12
SLI->PUNE,13.0,11.0,14.33368568981982,12
SC->BPQ,13.5,4.0,15.756672468282359,12
MMR->ANG,47.583333333333336,23.0,86.67332433635595,12
CGS->RNY,1.4166666666666667,0.0,4.907477288111819,12
HPLE->DWLE,21.333333333333332,6.0,35.015148237021734,12
HNA->KAWR,35.5,40.0,25.70284738382819,12
PDX->CDH,4.75,2.0,9.225705196007315,12
GRH->BGU,27.583333333333332,18.0,31.08480579825377,12
BAP->SNSI,13.083333333333334,0.0,45.32199613138562,12
SGRL->MCQ,0.8333333333333334,0.0,1.2673044646258473,12
MKC->SFW,3.0833333333333335,0.0,7.716079236754815,12
GAYA->PNBE,10.5,0.0,26.912315531606104,12
DKNT->RMA,4.333333333333333,0.0,9.325754498682505,12
DDL->JRC,58.916666666666664,17.0,74.86892586785295,12
KAWR->HNA,84.91666666666667,66.5,70.6546766557836,12
BHLE->TELY,0.0,0.0,0.0,12
SNDD->PERN,131.0,144.5,113.91623716972525,12
DUI->PTA,28.583333333333332,18.5,37.671929104098744,12
BZA->CLX,59.75,32.0,91.16630657510183,12
BGP->HPLE,0.0,0.0,0.0,12
MKA->BJU,36.5,2.5,54.955353780054125,12
SEP->BLH,6.833333333333333,6.0,7.284271141343249,12
SEU->SOD,40.333333333333336,20.5,87.2398296581778,12
SFW->MKC,27.25,0.0,93.76869510565976,12
BANO->ROU,29.833333333333332,25.0,31.44644316737249,12
MPJ->KYI,5.666666666666667,3.5,9.078779787187397,12
UMB->DSJ,114.5,55.5,138.24319809011155,12
SMX->MPJ,5.833333333333333,3.0,9.571105505951786,12
GKP->SV,38.0,12.5,49.86891908703347,12
TELY->MRHA,18.666666666666668,0.0,32.786730501373526,12
BPB->ARCL,23.0,13.0,31.010262231015776,12
BJRI->MDGR,2.5,1.0,4.337992832887327,12
DDCC->KPG,101.91666666666667,46.0,135.36916416252487,12
DUMK->RPH,6.416666666666667,0.0,16.44527195570112,12
PRR->GUG,0.0,0.0,0.0,12
DWLE->PNSA,0.0,0.0,0.0,12
RIG->JSGR,45.333333333333336,0.0,116.58031436297337,12
RHA->PDX,3.8333333333333335,0.0,9.523495665824061,12
CLT->ERS,53.333333333333336,0.0,80.2069293462324,12
AH->MTJ,0.4166666666666667,0.0,1.443375672974064,12
TGBP->KGBP,0.0,0.0,0.0,12
BSR->BL,7.75,1.0,11.924954735953737,12
BTT->MW,123.08333333333333,39.5,152.4183586731141,12
SRT->TEN,0.0,0.0,0.0,12
SSB->ROK,56.083333333333336,35.0,78.6932575757211,12
MJRI->WANI,26.0,0.0,39.08964057138413,12
TLMR->AGTL,62.75,0.0,159.8164430042962,12
SGG->NAT,3.25,0.0,5.674904885065956,12
MGR->RPUR,2.5,0.0,5.090097337879789,12
RMA->JLWC,0.0,0.0,0.0,12
BPL->KNW,7.916666666666667,0.0,18.792930650227028,12
CAN->MAJN,11.272727272727273,9.0,12.353873150481261,11
SGR->SVX,137.54545454545453,142.0,103.0304456326999,11
KTSH->AKT,73.9090909090909,94.0,50.91454516236897,11
GD->BV,37.0,11.0,46.26013402488151,11
CCT->RJY,6.363636363636363,4.0,7.500303024181453,11
SSA->HSR,3.4545454545454546,0.0,6.137811277053674,11
MED->KCG,70.36363636363636,0.0,114.81138682837405,11
TATA->KND,17.363636363636363,0.0,37.353106235687356,11
SEGM->WRR,29.636363636363637,25.0,32.46620620667813,11
VRL->JND,1.7272727272727273,0.0,3.9010488100229943,11
JKPR->HCNR,34.09090909090909,28.0,22.385059952810245,11
RAJP->KKW,145.9090909090909,150.0,146.63659471322603,11
SHK->WRS,4.636363636363637,0.0,8.464900794134888,11
BYT->DGS,115.9090909090909,124.0,34.47449650235532,11
KIUL->SHK,10.727272727272727,0.0,13.409630189463904,11
KPG->DDCC,87.36363636363636,10.0,116.58067826811845,11
JND->VRL,0.8181818181818182,0.0,2.7136021011998728,11
DBB->TFGN,1.5454545454545454,0.0,5.125692857821981,11
NPS->SDGH,12.363636363636363,9.0,10.938672015128045,11
DPH->BSP,84.72727272727273,90.0,36.87842434023153,11
RYP->GDV,15.818181818181818,0.0,26.32420248295542,11
NHLG->MYD,6.636363636363637,0.0,14.340660565488099,11
CNB->FBD,262.8181818181818,69.0,310.70269332009923,11
RJN->MUP,104.0909090909091,104.0,32.90730783717971,11
QG->ANT,5.454545454545454,5.0,2.6594599588501557,11
GPI->VBL,84.0,24.0,103.57702447936995,11
BYL->DPH,110.9090909090909,121.0,35.158084548093754,11
BAHL->QG,5.0,5.0,2.6076809620810595,11
RJY->CCT,4.818181818181818,0.0,12.528512935046853,11
MGR->SGG,0.0,0.0,0.0,11
CHE->BAM,136.72727272727272,0.0,228.53887674051913,11
POU->TOI,241.72727272727272,88.0,384.31473843949595,11
AEL->KUND,36.18181818181818,7.0,77.86760325298087,11
ANT->ATPA,5.0,5.0,3.9496835316262997,11
BPQ->BPA,108.72727272727273,40.0,197.0381135258308,11
R->WRC,0.0,0.0,0.0,11
ATPA->SINA,1.9090909090909092,2.0,1.3003496033409983,11
GGC->AGC,0.0,0.0,0.0,11
SINA->BDGM,0.45454545454545453,0.0,1.507556722888818,11
KMZ->STA,91.0,27.0,125.17188182655079,11
JRC->DDL,168.0,72.0,144.77568856683084,11
BBS->BLS,3.0,0.0,7.224956747275377,11
BSP->KTSH,0.0,0.0,0.0,11
NIP->NNL,36.09090909090909,8.0,77.63434104242084,11
URK->TLD,100.63636363636364,109.0,36.639521632446915,11
WSA->G,6.181818181818182,0.0,13.287725025888983,11
SYN->BH,20.636363636363637,27.0,15.635042227462817,11
WRC->URK,99.54545454545455,107.0,35.55661298932629,11
DGS->BYL,118.81818181818181,126.0,34.87067014503215,11
GDV->RYP,13.181818181818182,7.0,17.6681531678791,11
RPH->DUMK,4.0,0.0,5.0,11
MUP->DURG,92.63636363636364,93.0,33.13086997732697,11
JP->GTJT,10.545454545454545,0.0,30.454436906183755,11
DUMK->NNHT,3.0,0.0,3.847076812334269,11
AII->MJ,6.818181818181818,0.0,9.806305948910444,11
KUND->RE,21.363636363636363,0.0,69.53887075193661,11
KXN->PPO,61.09090909090909,45.0,67.68375661184085,11
SAL->BRD,51.45454545454545,49.0,11.219301550129012,11
DBLA->NIP,37.81818181818182,10.0,75.26196673196654,11
CPJ->POU,249.63636363636363,109.0,382.3287257654786,11
ANR->ASN,10.0,5.0,15.767054258801801,11
HVD->ADI,14.363636363636363,0.0,34.67931004870981,11
AGTL->TLMR,20.363636363636363,16.0,13.93034620727516,11
ETW->FAB,43.27272727272727,55.0,20.741701516948453,11
JNH->BSB,3.4545454545454546,0.0,7.229988054812212,11
BH->SYN,70.45454545454545,52.0,66.4640709501963,11
FTS->AF,22.0,0.0,37.322915213043046,11
FKM->GKJ,0.0,0.0,0.0,11
PUNE->SLI,0.0,0.0,0.0,11
NUQ->DXN,36.63636363636363,30.0,30.47055210288362,11
NZB->DAB,3.5454545454545454,0.0,6.9478577470129075,11
KND->CNI,16.272727272727273,0.0,43.396061823835836,11
KP->SAL,43.09090909090909,40.0,10.903710794537293,11
MTM->GDV,5.2727272727272725,5.0,1.6787441193290351,11
PRL->ARV,13.0,14.0,9.838699100999076,11
GTJT->JP,0.7272727272727273,0.0,1.6180796699117812,11
BDC->KOAA,65.45454545454545,9.0,93.20124852850806,11
DLO->APDJ,116.9,0.0,192.21194898687574,10
MSH->SID,22.1,3.5,33.187849182092734,10
NOQ->FKM,26.1,0.0,55.06450762514817,10
DMO->BINA,192.6,190.5,100.99746971527995,10
VSKP->BZA,27.1,6.0,49.967656205456215,10
MAJN->MAO,50.1,40.5,47.8410562871125,10
JAJ->LKR,5.6,0.0,9.547541859324605,10
KKDI->APK,7.9,2.0,11.209618885383907,10
CNV->POY,8.6,6.0,9.968840342676664,10
CTH->MKDD,0.0,0.0,0.0,10
WFD->JTJ,134.1,16.5,207.72388189881084,10
LSR->KAJG,26.3,20.5,21.9952014968922,10
BLS->BBS,12.5,0.0,17.66509426964814,10
RBL->MBDP,13.4,0.0,42.37452064625628,10
BRGM->KXJ,20.7,10.0,27.223560057828994,10
DLB->POZ,23.0,16.5,19.4593593591019,10
BPQ->MCI,253.9,198.5,203.45813110099854,10
PNBE->GAYA,4.3,0.0,10.56251232740898,10
RDM->BPA,200.3,158.0,182.87886093744618,10
TLD->WRC,0.0,0.0,0.0,10
BDU->KMV,29.9,31.5,15.036621961065592,10
MED->MJF,97.6,104.0,67.17175332269096,10
TNM->ARV,15.7,6.0,24.841944815618245,10
AMLA->NRKR,26.7,10.5,41.65213079783554,10
POU->CPJ,120.4,44.0,185.41077518730015,10
KDAA->NAHT,9.4,0.0,29.02948692469626,10
KMV->CTH,29.7,28.5,18.773799710116105,10
AF->GGC,4.3,0.0,6.684143758012524,10
PPO->KXN,112.3,137.0,108.17172561359193,10
POZ->LSR,25.8,18.5,22.13995884769838,10
DPS->BSPX,212.1,240.0,168.20850156873757,10
MCI->BPQ,39.9,33.0,51.23898255560247,10
TDU->CT,60.9,0.0,112.31646757661535,10
NLNI->SPWI,6.1,0.0,16.894772367017357,10
KAJG->PSD,24.5,17.0,21.16732282447536,10
NYDO->NLNI,0.0,0.0,0.0,10
DEE->RE,3.3,2.5,4.029061098237818,10
BH->KIM,1.8,0.0,3.794733192202055,10
RU->RJP,29.5,38.0,21.030401274768337,10
PVP->VZM,18.9,11.0,26.664374901521484,10
SPWI->NDNR,0.0,0.0,0.0,10
LKR->BJU,0.7,0.0,2.2135943621178655,10
MYD->LKA,19.0,13.0,19.30457631409368,10
BRBS->SINI,32.7,4.5,58.81619202604369,10
JSME->DHN,4.7,0.0,14.173919711921611,10
TOI->POU,140.5,72.0,192.5508590823041,10
TR->NSL,0.5,0.0,1.5811388300841898,10
CYI->ND,1.3,0.0,4.110960958218893,10
ROU->RNC,161.6,188.0,109.1311138035345,10
TPZ->MTC,21.9,10.0,31.95291675088346,10
BIDR->HMBD,26.8,0.0,46.0767475704033,10
GMH->BRBS,0.0,0.0,0.0,10
ASD->PCM,7.3,0.0,10.944811048569495,10
NDLS->PRYJ,1.4,0.0,4.427188724235731,10
MNV->SGO,7.4,7.0,7.058485830702094,10
GOY->ETW,204.3,118.0,241.9421648062014,10
NDNR->KDAA,0.0,0.0,0.0,10
AKOR->HG,0.0,0.0,0.0,10
PSD->RGO,22.3,21.5,17.66383625125389,10
AWB->DLB,23.1,16.5,19.404753140518032,10
MB->PLS,43.6,2.5,116.49625649684104,10
HTLA->AMNE,8.7,0.0,22.0406190677324,10
HUP->KJM,16.6,6.0,19.32873508535931,10
RGO->TR,25.0,25.5,20.199009876724155,10
ERS->CLT,78.5,35.5,83.27497956902916,10
PTA->DUI,72.0,20.0,98.28529900244492,10
RNC->LAD,23.5,0.0,58.92226517483296,10
SOG->BKN,19.4,6.0,44.050980566712575,10
KIM->UDN,21.6,0.0,32.2497200676912,10
ANG->NYDO,7.4,0.0,20.74287026104793,10
MTT->PKT,10.2,0.0,15.061355996205801,10
KXJ->BPB,40.6,32.5,35.10998591727304,10
KNL->BTI,6.3,0.0,15.888850038802543,10
MBG->MYD,14.8,9.5,16.738511814906897,10
HRR->HVR,37.3,3.5,66.29404196456873,10
CLT->MAJN,67.8,23.0,81.69428104558823,10
JNU->ARJ,181.1,3.5,370.2616042145818,10
NJP->DLO,116.5,0.0,191.35089930979333,10
HSR->SSA,2.9,0.0,4.90917508345343,10
SUR->SLGE,0.0,0.0,0.0,10
MQR->CT,25.0,5.0,50.556898639058154,10
MUR->GKP,111.5,105.0,106.42603065040056,10
WRC->R,68.5,48.5,77.22010388781179,10
WTWI->HTLA,0.0,0.0,0.0,10
GOK->KAWR,13.8,10.5,14.890712989421742,10
DLCR->BRGM,12.7,7.0,14.437990010924496,10
SEM->MQR,26.7,8.0,50.7894345968398,10
NAHT->WTWI,0.0,0.0,0.0,10
LTT->BSL,75.5,24.0,130.27769485901175,10
PKT->ATQ,4.6,0.0,7.904991390816874,10
YLM->SLO,48.55555555555556,22.0,63.176560350954354,9
YP->BZA,218.66666666666666,77.0,373.74523408332584,9
BPL->MKC,159.77777777777777,0.0,304.983105178704,9
AAR->RDHP,32.44444444444444,20.0,38.60735393390459,9
LAD->DTO,22.22222222222222,13.0,20.909195212739405,9
TLR->SDDN,68.22222222222223,64.0,64.51119627199952,9
JUC->SQR,11.666666666666666,2.0,14.832396974191326,9
RPR->DDU,5.222222222222222,0.0,14.931324269616695,9
GWL->NDLS,36.22222222222222,8.0,58.8616551283129,9
RDHP->DEOR,35.111111111111114,28.0,39.725446644576714,9
JVN->VG,12.333333333333334,2.0,24.474476501040833,9
KGBP->TGBP,0.0,0.0,0.0,9
CAO->GRH,22.555555555555557,22.0,18.715709384839727,9
NMZ->NJP,95.0,114.0,76.57512650985305,9
WRR->SEGM,22.555555555555557,25.0,14.992590762699345,9
PKF->HTE,32.22222222222222,36.0,31.704801599196998,9
JI->GYN,11.777777777777779,10.0,11.670237548758143,9
GKJ->FKM,3.3333333333333335,0.0,10.0,9
BQA->HIJ,1.6666666666666667,0.0,5.0,9
SBC->RMGM,3.111111111111111,0.0,6.863753427324667,9
PDPL->BPA,116.11111111111111,111.0,88.86991116857894,9
JNU->GCT,45.0,0.0,102.78132126023678,9
MBDP->JNH,36.22222222222222,0.0,71.90406417195376,9
MTY->KATL,80.55555555555556,26.0,162.26375990275147,9
TGBP->RGBP,0.0,0.0,0.0,9
RNR->UBL,4.222222222222222,3.0,4.603742438977711,9
ARJ->JNU,13.0,2.0,17.867568385205637,9
TFGN->DBB,7.111111111111111,10.0,5.278362540704372,9
HSA->BNV,62.44444444444444,55.0,50.74473152730023,9
LNL->BSR,10.555555555555555,4.0,11.620145342368906,9
PRRB->JI,2.7777777777777777,2.0,4.024232155883212,9
PRR->GMO,210.33333333333334,126.0,281.9898047802438,9
DVD->YLM,15.777777777777779,5.0,31.308057180930987,9
TEN->NJT,3.3333333333333335,2.0,3.905124837953327,9
GKP->SDDN,16.666666666666668,5.0,20.591260281974,9
BL->BOR,18.555555555555557,7.0,32.607940409933555,9
KAWR->KUDA,393.44444444444446,219.0,323.33384879683996,9
JRBM->ARCL,12.444444444444445,0.0,30.01296016353232,9
AWR->DEC,0.0,0.0,0.0,9
HPP->MBA,28.22222222222222,0.0,47.20375455876835,9
BSPX->DPS,75.55555555555556,91.0,46.53791763473929,9
PRYJ->JNU,38.0,17.0,44.83581157958446,9
HPU->BSC,2.6666666666666665,0.0,6.946221994724902,9
ROA->KGG,212.0,0.0,311.1418486799871,9
NJT->TVC,4.888888888888889,3.0,6.972166887783963,9
NJT->TEN,117.77777777777777,0.0,295.16172591385293,9
NJT->PASA,33.44444444444444,35.0,14.266316195072147,9
MBA->HPP,165.66666666666666,152.0,118.54324105574304,9
HTE->PKF,26.333333333333332,9.0,39.91866731242415,9
HUP->SBC,9.333333333333334,0.0,19.78004044485248,9
SLO->YLM,41.111111111111114,0.0,72.26417584883336,9
SVA->BWM,3.3333333333333335,3.0,3.3911649915626336,9
SA->WFD,123.11111111111111,104.0,49.3696375428371,9
HMH->ENB,89.55555555555556,9.0,200.10691586693795,9
HNA->BTJL,83.33333333333333,47.0,75.79907651152486,9
BHI->DRN,6.111111111111111,7.0,5.325515102890153,9
BMKI->BTH,47.44444444444444,53.0,20.82733246908441,9
UDZ->MVJ,8.444444444444445,11.0,7.907450776184306,9
NED->DAB,60.22222222222222,49.0,63.03129734064216,9
GTNR->GD,33.333333333333336,7.0,81.2065268312837,9
BSB->CAR,25.22222222222222,14.0,23.694818936730545,9
BSB->ABP,30.555555555555557,0.0,72.36903880650743,9
BHS->MABA,2.0,0.0,4.444097208657794,9
AGC->AF,24.88888888888889,0.0,61.67950316848468,9
DRN->BPR,7.888888888888889,8.0,6.990072325170257,9
SKZR->PDPL,14.555555555555555,0.0,29.013406862651927,9
HX->TU,35.22222222222222,35.0,31.56254812977628,9
KBJ->R,9.444444444444445,0.0,23.995369923753575,9
ARCL->BPB,20.0,13.0,25.81666128685117,9
KMT->YP,114.77777777777777,0.0,214.7660225558141,9
MBS->BSBS,12.88888888888889,3.0,25.300417212194567,9
MBP->ASH,15.11111111111111,0.0,27.333333333333336,9
KMZ->JKE,5.0,0.0,8.124038404635959,9
MVJ->UDZ,0.0,0.0,0.0,9
KIR->DLK,18.555555555555557,0.0,30.479956984513247,9
NBD->SRE,2.111111111111111,0.0,3.6209268304000717,9
THVM->RN,30.0,19.0,34.63379852109786,9
GRH->SMI,9.555555555555555,8.0,10.321229470260691,9
SC->WADI,31.77777777777778,7.0,52.20100041612655,9
AF->FTS,60.55555555555556,51.0,44.7887014522388,9
NKE->SBZ,17.11111111111111,2.0,32.853631627433685,9
NKE->GKP,233.88888888888889,157.0,254.4132683472132,9
ADX->CAO,18.11111111111111,12.0,19.839634853270642,9
INDB->BNG,7.555555555555555,7.0,6.672913739722535,9
TVL->SUR,3.2222222222222223,0.0,7.546154281781179,9
SPJ->ROA,239.55555555555554,62.0,314.64110948472353,9
HJI->MYD,18.22222222222222,0.0,54.666666666666664,9
TVC->NJT,139.33333333333334,0.0,315.341085176036,9
FBD->GWA,18.11111111111111,5.0,23.443786194024018,9
RXL->STF,9.555555555555555,10.0,3.3582402799349813,9
RXL->ADX,6.111111111111111,5.0,5.158595846847387,9
FBD->BGQ,46.55555555555556,16.0,87.74695309683281,9
NHGJ->NHLG,21.555555555555557,13.0,24.607474022698426,9
UBL->RNR,18.0,0.0,54.00000000000001,9
SPP->DES,25.11111111111111,9.0,50.40199511042307,9
JSGR->BPH,13.11111111111111,2.0,22.860689209013604,9
KLRE->BRKA,16.88888888888889,3.0,36.271353863773975,9
ALJN->BBA,16.444444444444443,0.0,49.333333333333336,9
BSR->PUNE,75.66666666666667,0.0,216.99539165613635,9
TK->BAND,38.0,0.0,56.40700311131589,9
RN->KRMI,68.11111111111111,57.0,57.737432494969084,9
DEE->PNP,17.333333333333332,16.0,7.483314773547883,9
NLP->DBRG,6.222222222222222,0.0,18.666666666666668,9
GMO->DDU,35.0,34.0,34.99642838919423,9
SWM->AF,16.666666666666668,4.0,25.248762345905195,9
DEC->PNP,28.333333333333332,28.0,16.941074346097416,9
SDDN->TLR,24.0,19.0,22.808989455914087,9
BSC->KRJ,1.6666666666666667,0.0,4.0,9
BPB->DMR,16.22222222222222,0.0,48.666666666666664,9
VNGP->JRBM,0.0,0.0,0.0,9
ADRA->GMO,27.77777777777778,0.0,68.04553214168028,9
JLR->VDV,0.4444444444444444,0.0,1.3333333333333335,9
BPB->NHGJ,22.444444444444443,19.0,19.249098102970375,9
BJP->TVL,5.0,0.0,10.074720839804943,9
KLBG->RC,0.7777777777777778,0.0,2.3333333333333335,9
FZR->SQR,3.3333333333333335,0.0,7.483314773547883,9
RTM->SVA,1.7777777777777777,0.0,2.488864087178013,9
SQR->JUC,3.4444444444444446,0.0,6.83942817622773,9
SQR->FZR,1.1111111111111112,0.0,2.2047927592204917,9
TK->SMVB,11.666666666666666,0.0,14.142135623730951,9
RGBP->VNGP,0.0,0.0,0.0,9
GUNA->KLRS,8.222222222222221,12.0,8.089774066341064,9
STF->NKE,4.222222222222222,5.0,3.5978388574871505,9
FTP->GOY,31.555555555555557,0.0,64.42458985339198,9
PAR->KATL,8.666666666666666,0.0,14.705441169852742,9
KKDI->TPJ,25.11111111111111,3.0,59.49883285503263,9
CUR->SIKR,84.11111111111111,2.0,200.80988798142164,9
BGS->KIR,23.444444444444443,0.0,67.74789869640074,9
JTJ->WFD,119.88888888888889,15.0,263.90360192902085,9
BKN->SOG,11.0,5.0,14.739402972983676,9
STA->CKTD,32.55555555555556,14.0,59.405620759131686,9
BYNR->KT,25.444444444444443,19.0,27.404886020156656,9
SIOB->AAR,38.0,28.0,35.31996602489872,9
BSL->SEG,52.0,10.0,98.83825170448938,9
KDPR->MLDT,24.555555555555557,0.0,49.04363136817846,9
GOY->ORAI,30.0,0.0,63.5826234123758,9
GMO->PRR,50.77777777777778,10.0,100.85729742782347,9
GMO->GAYA,205.55555555555554,119.0,286.72465498763404,9
PNP->DEC,1.8888888888888888,0.0,3.7564758898615485,9
BAW->BAND,61.22222222222222,45.0,53.74192445795409,9
WADI->SC,3.111111111111111,0.0,6.660413734229362,9
PNBE->RPR,25.88888888888889,21.0,18.217055500577228,9
SEJ->ADI,1.3333333333333333,0.0,2.3979157616563596,9
JKE->KMZ,14.777777777777779,10.0,17.282778840349845,9
BAND->SMVB,16.11111111111111,0.0,48.33333333333333,9
BEH->GP,32.0,0.0,49.97749493522059,9
AO->BE,2.0,0.0,6.0,9
TATA->GMO,31.88888888888889,41.0,29.637157608500704,9
RE->DEE,1.5555555555555556,0.0,3.2446537223219645,9
GAYA->GMO,42.55555555555556,0.0,111.13405318703074,9
CVP->TN,0.0,0.0,0.0,9
BRKA->KLRE,24.555555555555557,15.0,32.17184759658323,9
SRNR->MBNR,96.22222222222223,23.0,157.2814179884084,9
BZA->TDD,10.0,3.0,11.811011811017716,9
GWA->KSJ,20.666666666666668,23.0,22.079402165819616,9
ST->ADI,0.0,0.0,0.0,9
BGK->GDG,13.11111111111111,0.0,39.333333333333336,9
NAVI->CNDB,0.0,0.0,0.0,9
PASA->TVC,11.0,6.0,10.36822067666386,9
CTL->KJV,3.0,0.0,4.924428900898052,9
KJV->LAT,2.5555555555555554,0.0,4.447221354708778,9
NXN->BANO,95.22222222222223,83.0,34.3939594179624,9
BNG->INDB,41.111111111111114,0.0,123.33333333333333,9
PNBE->JAJ,0.4444444444444444,0.0,1.3333333333333335,9
PMY->BGKT,16.0,0.0,31.076518466520668,9
MABA->BHS,50.77777777777778,22.0,58.88713309751498,9
SHC->SOU,2.3333333333333335,0.0,3.0413812651491097,9
AD->RC,6.555555555555555,0.0,13.295780450119421,9
BINA->ASKN,80.0,18.0,122.36318890908328,9
KGG->SPJ,21.88888888888889,25.0,13.79714141085432,9
YLM->DVD,126.77777777777777,5.0,206.84824012895166,9
RKMP->SJP,0.0,0.0,0.0,9
MGR->BGS,54.77777777777778,23.0,81.62839239164548,9
YP->KMT,98.875,62.0,119.19424422824643,8
KT->BYNR,0.0,0.0,0.0,8
MRJ->PUNE,13.0,10.0,14.152233544063435,8
ABP->BSB,15.625,0.0,21.632894925486575,8
MRDW->BYNR,0.0,0.0,0.0,8
JI->PRRB,76.375,0.0,115.1147719204,8
RPR->PNBE,2.75,0.0,5.092010548749032,8
RPSC->GUB,1.875,2.0,1.246423454758225,8
AMM->TTP,0.0,0.0,0.0,8
KJV->CTL,4.875,0.0,13.788582233137676,8
RC->AD,23.625,15.5,27.417082787405167,8
SRW->RSNR,6.625,7.0,2.1998376563477846,8
SRW->SGNR,0.625,0.0,1.7677669529663689,8
GYN->JI,78.375,0.0,118.16687655297365,8
MJF->MED,45.0,25.0,52.421369688324624,8
SWV->RN,70.25,55.5,57.957496741762654,8
SWV->SNDD,43.0,45.0,21.895857403366772,8
NMK->RGS,64.25,29.0,68.79732137642736,8
LTT->PNVL,17.25,11.5,12.98075498574717,8
WKR->MVI,34.5,0.0,70.61161377563892,8
KRMR->PDPL,13.5,4.0,16.621844491082037,8
BINA->DMO,30.125,26.5,27.41968792153342,8
DLB->AWB,14.25,0.0,19.976772226048645,8
DLGN->KVK,22.75,15.5,26.72478785162355,8
JGA->KML,28.75,11.0,50.377857947997065,8
JJN->SIKR,4.75,5.5,3.6936238496708267,8
BAY->CTA,5.875,4.5,6.490377492873585,8
GNS->JBP,0.625,0.0,1.7677669529663689,8
KGG->ROA,78.75,21.5,113.55646801733236,8
PNBE->BJU,0.0,0.0,0.0,8
KRJ->BSC,39.0,43.5,36.14652719932344,8
LSD->DNRP,6.75,5.5,6.734771180756095,8
LSD->RGQ,15.875,9.5,19.562628365621748,8
LSR->POZ,13.625,0.0,19.856179318863365,8
LTA->NIR,17.125,0.0,27.236726780475763,8
DLI->RE,24.5,13.0,25.994504913813717,8
WFD->KPD,37.875,20.5,47.54377681974492,8
WFD->SA,15.875,6.5,26.56763605807422,8
BGKT->PMY,27.0,24.0,13.721724173212134,8
RE->LHU,21.5,18.0,23.93443424978211,8
LHU->RE,8.25,1.5,18.599155126740875,8
BDNK->TENI,1.125,0.0,3.181980515339464,8
MKC->BPL,66.0,9.0,162.8917256514716,8
MKC->BRRG,17.375,12.0,28.177688742285852,8
MKDD->CTH,5.5,0.0,15.556349186104047,8
CUR->RSWT,2.375,0.0,3.5025500914129895,8
PASA->NJT,27.5,0.0,40.19950248448356,8
TKRI->SPRD,24.375,24.0,14.451272806029431,8
BZA->YP,94.125,54.0,121.60995906116054,8
RMGM->SBC,5.625,3.5,6.6534094374882065,8
DLO->NJP,91.375,86.5,51.26384830323551,8
ADI->HVD,5.5,3.0,7.211102550927978,8
ADI->SEJ,0.5,0.0,0.9258200997725514,8
WANI->ADB,4.75,0.0,8.940278039779939,8
TATA->CBSA,32.75,22.5,35.10290993228746,8
SIKR->CUR,328.875,0.0,464.7553695993502,8
CAR->BSB,3.375,0.0,6.523309852258394,8
GMO->TATA,23.375,22.0,23.639781845742267,8
CHI->MNI,52.25,62.5,47.28862744586996,8
CHI->VEER,84.875,76.5,74.26677299727363,8
JKNI->KPE,0.375,0.0,1.0606601717798212,8
ADPT->USLP,1.0,0.0,2.8284271247461903,8
BPQ->SEGM,33.625,19.0,42.35879905217872,8
BPH->JSGR,0.0,0.0,0.0,8
OGL->RU,76.5,0.0,116.33449310378366,8
APDJ->DLO,79.375,62.5,58.4586239513531,8
BGS->MGR,0.0,0.0,0.0,8
R->KBJ,9.375,0.0,24.558603380485625,8
LKA->MYD,28.5,0.0,48.48269205161186,8
RSNR->SOG,2.375,1.5,2.9246489410818914,8
RSNR->SRW,8.5,0.0,17.427400429045225,8
RSWT->FPS,6.25,3.5,8.224527776283399,8
JTRD->DLGN,21.25,13.5,24.96139877032993,8
TR->RGO,6.125,7.0,4.356850107261306,8
ALU->VM,87.5,28.5,127.72403286550487,8
SRE->MTC,13.125,0.0,29.62835273372932,8
SRE->NBD,6.375,4.0,8.450486038430824,8
BPB->KXJ,0.0,0.0,0.0,8
DNRP->LSD,17.5,10.5,19.971408134058624,8
DEOR->RDHP,18.875,23.5,14.217067208112931,8
PNU->BLDI,3.0,0.0,4.566962103755937,8
KPV->RHN,6.125,6.5,3.2705394924123103,8
BAH->BCOB,15.0,0.0,35.713142838856555,8
SDGM->NHM,7.25,7.5,1.9086270308410556,8
SDL->KTE,18.625,20.0,15.564956059779197,8
VRL->KSD,3.875,0.0,7.1800815753424025,8
SIOB->MVI,16.75,18.5,15.313392831113555,8
DES->SPP,8.75,2.0,12.7026431445248,8
KQR->BKSC,2.625,0.0,5.680480361981471,8
NLDA->MLY,12.25,5.5,17.926436981652067,8
RNC->BKSC,98.125,5.0,151.95999238521398,8
NCBD->MHBA,63.125,52.0,45.08543477190199,8
BSBS->MBS,86.625,0.0,128.18394985332603,8
POY->CNV,4.375,0.0,10.50085030570654,8
DEE->LDH,5.0,4.0,5.209880722517276,8
MTC->SRE,39.0,31.5,41.65161632946725,8
SDDN->GKP,36.25,15.5,50.238715861659635,8
BBA->ALJN,7.625,5.0,10.953636056449149,8
KUDA->KAWR,347.5,315.0,322.67365202985775,8
NLR->MAS,95.375,0.0,269.76123702266784,8
CAF->BPQ,11.375,5.5,15.09907754987512,8
RN->THVM,179.75,163.0,71.9478978150161,8
MYD->MBG,20.125,0.0,39.57068720295727,8
BYNR->MRDW,9.25,0.0,15.845233623125555,8
GHD->RNQ,50.5,26.5,79.80332968348769,8
FZR->BTI,88.125,0.0,209.0607823440009,8
BTJL->HNA,37.125,39.0,21.879132262761896,8
BTI->FZR,126.25,0.0,355.0729301344806,8
HIJ->BLDA,17.25,2.5,36.74914965002592,8
KLRS->GUNA,105.375,95.5,109.64740567577772,8
BTC->LTA,24.0,0.0,35.645075796965685,8
KCG->MED,46.5,5.0,92.53107586103168,8
JND->NUD,0.0,0.0,0.0,8
KPD->SMVB,19.375,0.0,54.800775541957435,8
KPD->WFD,147.75,115.0,98.47516002960921,8
KPE->JKNI,0.0,0.0,0.0,8
AZ->MLDT,72.375,42.0,86.44723824391384,8
NKE->STF,34.625,45.0,30.80323498781071,8
BLPA->CHAA,99.125,87.0,50.91852736059271,8
DDU->RPR,8.0,0.0,12.90625540470312,8
POZ->DLB,14.0,0.0,19.992855866891198,8
PP->MLN,6.625,4.0,7.890998488331951,8
CHAA->AYU,100.0,94.5,51.16918715678132,8
DRN->BHI,0.625,0.0,1.7677669529663687,8
DRU->CTA,20.75,25.5,14.06870894675739,8
AGC->BXN,26.25,4.5,46.95818808867553,8
DDU->GMO,0.25,0.0,0.7071067811865476,8
BPR->DRN,0.0,0.0,0.0,8
DDU->DOS,2.125,1.0,2.4748737341529163,8
AF->AGC,24.75,23.0,20.197241678718694,8
MAS->NLR,50.875,9.5,116.49946351807806,8
JNR->JGA,25.75,8.5,47.53870603443652,8
RJPM->SVKS,0.25,0.0,0.7071067811865476,8
BE->AO,17.375,12.5,17.402278175982755,8
BNKI->PRNA,0.375,0.0,1.0606601717798212,8
VEER->CHI,52.625,52.0,26.554189876552435,8
VEER->ROHA,58.5,35.5,64.16941861754933,8
BWM->SVA,25.375,26.0,9.86968663563916,8
KOTA->SMVJ,40.375,35.5,44.44880682955875,8
DDNI->KYQ,67.125,33.5,80.61980880297702,8
AF->SWM,13.75,0.0,31.594529363709242,8
RN->SWV,70.625,86.0,46.81860893765579,8
KBK->FLD,12.25,10.0,7.9417522355855805,8
NZB->NED,9.125,0.0,25.809397513308987,8
SVA->RTM,6.25,4.5,6.584614100852293,8
GLPT->DDNI,124.25,115.5,51.20477098306926,8
JNTR->JEUR,29.5,14.5,45.800810972233734,8
LAT->KJV,5.375,0.0,15.202795795510772,8
STF->RXL,23.375,19.5,25.889531806173263,8
FLD->MJ,5.5,3.5,6.458659745975609,8
MLDT->AZ,23.625,1.5,38.213451259247144,8
PUNE->MRJ,29.875,0.0,67.41648272386466,8
FKM->NOQ,34.375,3.5,72.81078707365904,8
NUD->GDL,13.625,15.0,7.872873862646529,8
GUB->BPZ,3.25,3.0,1.0350983390135313,8
TENI->ADPT,0.75,0.0,2.1213203435596424,8
RNQ->NUQ,43.625,18.0,78.3398046972291,8
MNGD->TIG,41.375,33.5,42.908332524114705,8
MNI->CHI,45.25,57.5,28.838218688796594,8
BPA->BPQ,49.375,5.0,81.99814893381087,8
AGC->FDB,50.0,0.0,102.27134775404386,8
AGC->GGC,3.0,0.0,5.5805785670356025,8
VDV->JLR,0.0,0.0,0.0,8
SLN->JNU,17.625,0.0,28.883695351233317,8
KAWR->GOK,193.875,160.0,170.19353479411103,8
LHU->JJN,0.375,0.0,1.0606601717798212,8
GKP->MUR,216.25,47.5,287.0130659046727,8
GKP->STP,71.125,22.5,99.7359907813767,8
ON->BLM,51.0,18.5,73.12025320368788,8
RGQ->HMT,3.125,0.0,8.838834764831844,8
USLP->MDU,3.375,2.5,3.997767233987349,8
SBZ->NKE,41.625,26.0,49.684540567751775,8
NRKR->AMLA,10.75,0.0,20.161845153655953,8
SBP->TIG,163.375,163.5,65.20722462164099,8
LMP->STP,8.875,1.0,12.182393618895848,8
BPA->RDM,128.5,0.0,197.02356639317472,8
KVK->MRJ,3.625,0.0,6.4572771793867245,8
HTE->BANO,20.5,17.5,16.3707055437449,8
MB->RK,17.375,1.5,24.389327291138756,8
CSN->BSL,49.125,3.5,101.27393896894557,8
SPJ->KGG,16.25,15.5,17.894532285429698,8
TVC->PASA,35.375,17.0,41.27585769637535,8
PBE->PP,12.125,6.0,15.733835242196083,8
SA->ATU,0.875,0.0,2.4748737341529163,8
DAS->LMO,11.5,0.0,20.11396103634062,8
MLDT->KDPR,98.625,57.5,128.63896043911868,8
PUNE->BSR,84.75,26.5,181.56049759161348,8
ETW->SSDT,67.625,58.5,73.38146418349994,8
FAN->COR,0.0,0.0,0.0,8
KAJG->LSR,10.25,0.0,15.700318468107582,8
KATL->MTY,230.125,62.0,371.85113668932473,8
KATL->PAR,85.875,0.0,214.9620813738354,8
CBSA->BSPX,38.25,28.0,45.828094938741295,8
JNU->PRYJ,10.5,0.0,26.54914580277759,8
LMO->DAS,13.0,12.5,9.92831448793946,8
PRYJ->CAR,39.25,1.5,89.95673563282676,8
HSRA->BAND,9.0,0.0,16.699016224231382,8
RHN->PLS,3.875,3.5,2.9001231500945415,8
TGQ->JTI,3.875,0.0,7.97204938698773,8
MHRG->DZB,3.5,3.0,3.7032803990902057,8
KIM->BH,19.625,19.0,12.489281118508897,8
RGO->PSD,9.75,9.0,11.067971810589327,8
SNDD->SWV,109.625,101.0,52.016309255573184,8
BLM->ON,7.875,0.0,14.347100254556171,8
AJE->GIMB,14.0,14.5,6.047431568147635,8
DD->JNTR,28.0,14.0,39.46064947695181,8
SMVB->SA,4.75,3.5,5.6757630072339795,8
SMVJ->AF,69.125,47.5,79.85779772284518,8
RGQ->LSD,10.25,9.5,2.2519832529192065,8
KHH->IZN,8.625,8.5,3.4615231989895516,8
SA->SMVB,6.0,0.0,16.97056274847714,8
MBNR->SRNR,75.375,58.5,57.36334693363499,8
SOG->RSNR,6.75,0.0,15.772942473923953,8
ET->PAR,11.625,13.5,10.914439976471536,8
KMV->BDU,6.75,0.0,19.091883092036785,8
BOR->BL,96.875,109.0,70.18228816039395,8
BTH->BMKI,48.0,25.0,57.903861208533776,8
ROHA->VEER,23.875,19.5,21.983354092195693,8
NSL->TR,5.875,5.5,2.100170061141308,8
HMT->RGQ,8.25,8.5,0.8864052604279185,8
ERS->KTYM,3.75,2.0,4.621378891320518,8
ENB->HMH,336.625,0.0,475.95826272599044,8
NIR->GNS,20.125,0.0,31.629269898081972,8
JPE->NCBD,30.25,8.0,52.22136946281118,8
SBC->HUP,20.875,22.0,10.97318159358143,8
PRYJ->NDLS,10.5,11.0,5.68205194324324,8
PSD->KAJG,8.125,0.0,12.844537471514608,8
BNV->HSA,89.875,42.0,125.54275026004943,8
BCOB->BAH,18.25,20.0,17.136010537545115,8
UDN->KIM,17.375,13.0,11.746580049407694,8
MVI->SIOB,3.25,0.0,9.192388155425117,8
MVI->WKR,2.375,0.0,4.838461975226661,8
KXJ->BRGM,1.5,0.0,4.242640687119285,8
BRRG->KHRJ,16.75,6.0,22.486503888840904,8
BRRG->MKC,7.375,0.0,12.682242929162243,8
KHRJ->BRRG,143.25,130.5,161.3768880602176,8
GIMB->AJE,11.875,0.0,33.58757210636101,8
TIA->GAYA,53.75,0.0,100.04249097258622,8
TIG->MNGD,151.5,163.5,89.05856820895208,8
TIG->SBP,66.625,45.0,73.19238348352921,8
LKU->RPSC,0.0,0.0,0.0,8
BPO->VZR,8.875,0.0,25.102290732122437,8
AAR->SIOB,35.375,18.0,49.25716046569126,8
BLDI->PNU,1.25,0.0,2.3754698783308412,8
NXN->HTE,72.875,0.0,112.92910228482799,8
KJM->BAND,36.0,38.0,34.76040440336841,8
CTH->KMV,7.125,0.0,20.152543263816607,8
RDHP->AAR,27.5,32.5,17.896527995276465,8
BZA->MS,116.25,9.5,203.04802387612642,8
KJM->HUP,13.875,1.5,22.087084137891214,8
SSDT->AGC,46.625,27.0,61.79906957228401,8
GWA->FBD,23.75,21.5,22.108498689094976,8
RE->DLI,18.75,13.0,19.579508238389003,8
SGO->MNV,4.0,0.0,11.313708498984761,8
BRGM->DLCR,0.0,0.0,0.0,8
WSA->CAF,36.375,32.0,17.84006326061814,8
KRR->SA,0.75,0.0,1.4880476182856899,8
WSJ->JAM,2.25,0.0,5.257647491307984,8
DKBJ->RGS,69.0,0.0,195.16147160748713,8
KSJ->GWA,15.75,11.5,16.516225788167052,8
BAU->MKU,14.375,14.5,14.161693805070474,8
SGNR->SRW,3.875,4.0,2.416461403433896,8
DGR->RPH,38.0,0.0,106.27323275406654,8
KTJ->JMQ,9.428571428571429,5.0,14.420554113916046,7
KSD->VRL,16.714285714285715,0.0,44.22184334207959,7
PLS->RHN,64.57142857142857,12.0,137.34246386661476,7
SFMU->DUI,8.142857142857142,4.0,11.408017231002816,7
JIT->BGAE,0.0,0.0,0.0,7
WL->RYP,76.57142857142857,24.0,145.88335196639946,7
SSDT->ETW,35.57142857142857,23.0,25.851222684540748,7
RPH->DGR,3.857142857142857,0.0,5.9281411203561225,7
ABKA->BGRA,12.428571428571429,12.0,10.643576198144789,7
JHL->SFMU,1.5714285714285714,0.0,4.157609203101499,7
NILE->BDBP,0.0,0.0,0.0,7
MLN->PP,125.28571428571429,0.0,232.71349644696468,7
DBRG->NLP,29.0,0.0,64.10668191902204,7
BOY->PRYJ,411.57142857142856,21.0,1048.0146082224326,7
NIR->LTA,1.7142857142857142,0.0,2.9277002188455996,7
BXN->AGC,34.57142857142857,36.0,19.294706898155106,7
CGI->PAM,43.142857142857146,29.0,37.30696347613303,7
BHET->VYA,8.714285714285714,0.0,12.311434870535138,7
DCU->PIL,40.285714285714285,33.0,36.499836920705484,7
BGAE->SOAE,16.714285714285715,15.0,14.511079510891964,7
JRLE->AHN,0.0,0.0,0.0,7
SOAE->BHLA,0.0,0.0,0.0,7
BDBP->DGLE,14.714285714285714,11.0,15.850491955712139,7
UDGR->BIDR,55.142857142857146,46.0,51.60241780972597,7
UD->BTJL,18.571428571428573,21.0,18.787026932231214,7
STP->LMP,113.71428571428571,0.0,207.18004592279496,7
KIR->BGS,77.0,29.0,131.52186130069785,7
CBSA->TATA,77.42857142857143,22.0,96.97054044546579,7
CMX->KTJ,6.0,0.0,14.594519519326424,7
SMVJ->KOTA,125.57142857142857,0.0,210.87583798913295,7
AHN->SPLE,10.857142857142858,6.0,15.518038658590967,7
BSPX->CBSA,23.142857142857142,14.0,26.07954863763668,7
KHT->BZA,2.0,0.0,3.8297084310253524,7
RHN->KPV,64.71428571428571,15.0,136.40835053338228,7
BHLA->GPAE,19.0,15.0,13.341664064126334,7
PDPL->KRMR,0.0,0.0,0.0,7
PRYJ->BOY,24.857142857142858,0.0,41.466567141206546,7
BPZ->GUB,61.142857142857146,7.0,139.11197956014735,7
JNU->SLN,3.7142857142857144,0.0,6.750661343263235,7
KML->JGA,3.7142857142857144,0.0,9.827076298239907,7
BDC->BSAE,11.285714285714286,9.0,9.446591726019244,7
RYP->WL,19.714285714285715,0.0,33.67350237062907,7
NHLG->NHGJ,41.42857142857143,0.0,98.62193323133407,7
BTJL->UD,103.14285714285714,98.0,84.61959696474683,7
HVR->HRR,0.0,0.0,0.0,7
DUI->JHL,21.428571428571427,0.0,56.69467095138408,7
NJP->NMZ,46.285714285714285,42.0,49.08059455533074,7
SMAE->NDAE,19.571428571428573,15.0,14.976171549689003,7
BSAE->TBAE,14.0,11.0,10.770329614269007,7
PRP->TIA,6.571428571428571,0.0,8.922950611711778,7
AGC->SSDT,45.142857142857146,42.0,24.976179127511156,7
GTL->HX,1.8571428571428572,0.0,3.184785258515422,7
GUB->RPSC,0.0,0.0,0.0,7
ALAT->KYND,0.0,0.0,0.0,7
NUD->JND,39.142857142857146,0.0,63.23614096234466,7
KMAE->JIT,16.857142857142858,15.0,11.88035593502388,7
NHGJ->BPB,37.142857142857146,0.0,86.94908197987405,7
MCU->NCU,29.285714285714285,35.0,21.952329304763126,7
SPLE->NILE,11.857142857142858,9.0,15.356090772378359,7
TTP->AMM,19.285714285714285,23.0,11.338934190276817,7
ARA->PPTA,588.4285714285714,568.0,317.286861343095,7
JNTR->DD,1.1428571428571428,0.0,3.023715784073818,7
VG->JVN,0.0,0.0,0.0,7
DTAE->SMAE,19.142857142857142,14.0,14.264508069898188,7
SVKS->RJPM,0.0,0.0,0.0,7
PER->NYP,197.14285714285714,89.0,231.74945420390858,7
PPTA->ARA,177.0,80.0,173.31185764395926,7
PP->PBE,126.85714285714286,0.0,236.43704487765064,7
VLA->SEJ,23.285714285714285,15.0,18.291293791621975,7
AF->SMVJ,115.42857142857143,0.0,191.45221957698055,7
NKE->CPJ,68.42857142857143,5.0,149.02109150816779,7
AZ->GALE,6.571428571428571,0.0,14.535670410604192,7
NYP->BZA,211.85714285714286,97.0,246.5241222621893,7
HGI->BAY,0.0,0.0,0.0,7
KYND->KRYP,0.0,0.0,0.0,7
MKU->BAU,32.857142857142854,28.0,35.03535629155483,7
CNDB->NAVI,0.5714285714285714,0.0,0.9759000729485332,7
MYD->HJI,1.2857142857142858,0.0,3.401680257083045,7
CNB->RGU,32.0,37.0,21.24460715883759,7
PNVL->LTT,81.85714285714286,40.0,84.46188207593721,7
JMQ->GZM,8.142857142857142,5.0,12.8248271129162,7
VM->ALU,212.85714285714286,44.0,281.91395174853653,7
KTYM->ERS,1.2857142857142858,0.0,2.214669705568283,7
DMR->BPB,16.0,16.0,10.583005244258363,7
IZN->KHH,1.4285714285714286,0.0,3.779644730092272,7
IZN->BHI,4.857142857142857,0.0,12.850792082313726,7
TPTY->CGI,31.0,25.0,36.787679096857055,7
GALE->JRLE,10.428571428571429,4.0,15.317279380459428,7
BSR->LNL,10.142857142857142,5.0,17.218483977289942,7
BGRA->DTAE,18.714285714285715,14.0,13.901010583338723,7
BGQ->FBD,66.14285714285714,97.0,55.81943679229955,7
TBAE->KJU,15.0,14.0,10.567244989431572,7
BAZ->CAG,21.428571428571427,23.0,17.10611141139469,7
DMLE->KMAE,15.0,15.0,13.063945294843617,7
TDD->BZA,30.285714285714285,0.0,72.50221671488002,7
PNU->ADI,0.7142857142857143,0.0,1.2535663410560174,7
KTV->DVD,18.285714285714285,0.0,24.50655888882461,7
DLK->KIR,60.0,42.0,46.74398357008097,7
BANO->HTE,137.85714285714286,89.0,143.79433063862263,7
JBP->GNS,6.857142857142857,0.0,11.186726828829654,7
JJKR->DNKL,54.42857142857143,56.0,44.895646198924986,7
ADI->ST,1.0,0.0,2.6457513110645903,7
VZM->PVP,1.8571428571428572,0.0,3.4846602621858476,7
JAJ->PNBE,12.571428571428571,9.0,13.770223223283187,7
SWM->SGAC,1.1428571428571428,0.0,1.5735915849388864,7
GPAE->ABKA,19.428571428571427,15.0,13.86671245413686,7
PAR->ET,4.285714285714286,0.0,6.897204402613321,7
GAP->PRP,0.0,0.0,0.0,7
GZM->MLDT,4.714285714285714,0.0,12.472827609304499,7
BLDA->HIJ,31.428571428571427,0.0,68.32241492330596,7
ASKN->BINA,8.857142857142858,0.0,20.003571109750805,7
RK->MB,10.714285714285714,3.0,12.880402241574675,7
SHE->CNS,6.857142857142857,8.0,4.4131837120372035,7
LTA->BTC,0.0,0.0,0.0,7
NDLS->GWL,42.57142857142857,28.0,44.95129639531042,7
GNS->NIR,1.4285714285714286,0.0,2.439750182371333,7
JGA->JNR,3.857142857142857,0.0,10.205040771249136,7
JEUR->JNTR,15.142857142857142,0.0,40.06423413897808,7
JER->KGP,8.285714285714286,0.0,21.921939434535176,7
KRMI->RN,75.28571428571429,80.0,41.79598978257079,7
GAYA->TIA,133.42857142857142,183.0,101.03771101731792,7
RC->KLBG,8.285714285714286,11.0,6.019808571549036,7
KJU->DMLE,0.0,0.0,0.0,7
GDL->NUD,0.0,0.0,0.0,7
RDG->ALAT,0.0,0.0,0.0,7
RPSC->LKU,54.285714285714285,0.0,136.642738904188,7
NFK->CMX,5.714285714285714,0.0,14.25615990504088,7
SGAC->SWM,37.285714285714285,0.0,98.6487274554083,7
KSJ->BEM,2.857142857142857,0.0,7.559289460184544,7
GOY->TDL,0.0,0.0,0.0,6
BH->UDN,0.0,0.0,0.0,6
MGR->KGG,4.333333333333333,2.5,5.391351098441527,6
ABS->FKA,0.0,0.0,0.0,6
YPR->KJM,21.333333333333332,24.0,13.00256384974389,6
HLR->KPA,8.833333333333334,4.5,12.544587146122693,6
JRU->CKVD,0.0,0.0,0.0,6
GMH->SINI,10.333333333333334,5.0,15.513435037626795,6
ADPT->TENI,3.1666666666666665,0.0,7.756717518813398,6
BEHR->KMZ,0.0,0.0,0.0,6
GP->PNPL,0.0,0.0,0.0,6
BZN->PKU,75.83333333333333,13.0,117.46219249897673,6
SA->KRR,3.6666666666666665,2.0,4.457203906785808,6
SA->KPN,1.8333333333333333,0.0,4.490731195102493,6
HMH->SOG,35.666666666666664,13.5,57.52101065407898,6
MDU->USLP,2.8333333333333335,0.0,6.940220937885671,6
KMZ->BEHR,19.666666666666668,19.5,16.76504299626657,6
BTGH->HLV,20.166666666666668,18.0,12.639883965712132,6
BTGH->CKVD,0.0,0.0,0.0,6
ORAI->GOY,58.0,41.0,59.25200418551258,6
LAD->RNC,0.0,0.0,0.0,6
SSM->PIRO,23.833333333333332,0.0,37.75932555894857,6
MEX->PTK,16.5,12.0,19.877122528172936,6
PUNE->LTT,39.333333333333336,0.0,96.34659654947168,6
TJ->TVR,23.833333333333332,9.5,31.555770734790595,6
BHI->IZN,8.666666666666666,7.5,6.831300510639733,6
JRG->BTQ,0.0,0.0,0.0,6
NH->HLR,11.333333333333334,9.0,11.860297916438132,6
STA->KMZ,29.166666666666668,0.0,48.8852397628023,6
NIR->MML,59.166666666666664,0.0,92.40436497626433,6
MJ->FLD,12.833333333333334,2.0,22.877208454413026,6
FLD->KBK,13.0,7.0,15.7987341265052,6
DZB->MHRG,3.3333333333333335,3.5,1.9663841605003498,6
NED->NZB,16.0,0.0,26.773120849090418,6
RGS->NNL,10.166666666666666,12.0,6.853223086013374,6
RGS->DKBJ,9.666666666666666,7.0,9.521904571390467,6
SFMU->JHL,41.333333333333336,17.5,62.653544725471576,6
PDPL->SKZR,84.83333333333333,69.0,84.3550038033706,6
BAND->TK,19.666666666666668,0.0,34.039193096585976,6
BAND->KJM,67.5,54.5,76.86806879322519,6
JBD->GHS,0.5,0.0,1.224744871391589,6
ASKN->SGO,6.666666666666667,1.0,13.937957765277762,6
PRT->CUPJ,25.5,26.5,11.640446726822816,6
USLP->ADPT,3.1666666666666665,0.0,7.756717518813398,6
GKJ->TFGN,42.666666666666664,38.5,27.478476425498314,6
DVD->KTV,62.5,46.0,71.67077507603778,6
DUI->SFMU,34.0,21.0,39.562608609645544,6
PRNA->BNKI,1.3333333333333333,2.0,1.0327955589886444,6
DDL->JUC,322.0,237.5,321.020871595602,6
BRKA->DTO,50.833333333333336,43.0,46.12772123860734,6
BEM->KSJ,4.5,2.0,6.058052492344384,6
CTA->HLV,21.5,14.0,22.704625079485456,6
TENI->BDNK,0.0,0.0,0.0,6
CAG->BAZ,2.5,0.0,6.123724356957945,6
CAF->NAB,85.5,86.5,66.09916792214558,6
GMO->ADRA,44.666666666666664,0.0,109.41054184431529,6
MAKR->VGLJ,161.66666666666666,169.5,144.07590591999298,6
CKVD->JRU,1.6666666666666667,0.0,4.0824829046386295,6
CKVD->BTGH,0.0,0.0,0.0,6
DTO->LAD,1.1666666666666667,0.0,2.8577380332470415,6
MTJ->KSJ,14.0,6.0,20.356817039999154,6
BBS->KGP,14.833333333333334,0.0,30.413264649929754,6
CPJ->NKE,11.166666666666666,2.0,16.351350606805134,6
RNQ->GHD,61.666666666666664,15.5,124.56109612020387,6
GLPT->AYU,43.333333333333336,33.5,16.860209567697154,6
CTA->RDG,13.833333333333334,0.0,33.88460810850063,6
ROP->JRG,0.0,0.0,0.0,6
KGP->SDAH,9.666666666666666,0.0,23.678400846904058,6
BRGW->BEHR,1.8333333333333333,0.0,2.9944392908634274,6
GCT->JNU,48.333333333333336,31.0,68.8031007053219,6
SJP->RKMP,0.3333333333333333,0.0,0.816496580927726,6
DEE->SSB,3.0,2.0,3.098386676965933,6
PPO->GP,63.666666666666664,61.0,59.81527118275623,6
JHL->DUI,8.333333333333334,0.0,17.637082147188256,6
RN->PERN,83.16666666666667,65.0,67.94237754646701,6
BLPA->GUP,30.666666666666668,22.5,29.125017882684066,6
BEHR->BRGW,4.666666666666667,1.0,6.623191577077222,6
MS->PER,1.1666666666666667,0.0,1.8348478592697182,6
KZJ->SKZR,20.0,19.0,18.40652058374966,6
ANV->AKP,61.833333333333336,10.5,89.02677499868602,6
WADI->SUR,35.5,16.0,57.77110004145671,6
ADI->PNU,0.5,0.0,1.224744871391589,6
PIRO->ARA,0.0,0.0,0.0,6
JVN->ADI,0.3333333333333333,0.0,0.816496580927726,6
ADI->JVN,0.0,0.0,0.0,6
GHS->FZR,0.0,0.0,0.0,6
UDN->BH,0.0,0.0,0.0,6
HLV->CTA,23.0,22.5,12.992305415129373,6
HLV->BTGH,0.0,0.0,0.0,6
AKP->ANV,16.833333333333332,0.0,28.329607598176626,6
BZO->UCA,25.4,24.0,16.667333320000534,5
YVP->SAY,0.0,0.0,0.0,5
ABO->ROK,16.6,17.0,9.20869154657707,5
ABR->JU,31.8,36.0,21.603240497666086,5
SOG->HMH,4.6,4.0,5.727128425310541,5
FDK->BTI,0.0,0.0,0.0,5
UA->JDH,117.6,0.0,262.9615941539753,5
KMME->ASN,0.0,0.0,0.0,5
BXN->KOTA,319.8,303.0,217.73998254799233,5
HMBD->KLBG,6.8,0.0,9.418067742376884,5
HMBD->KMPU,21.2,0.0,30.670833050310193,5
MJRI->NGP,7.4,2.0,9.262828941527529,5
BGK->BJP,19.0,0.0,26.038433132583073,5
COR->FAN,4.6,0.0,7.797435475847171,5
RDHP->SIOB,12.6,5.0,14.432601983010548,5
VYA->BHET,0.0,0.0,0.0,5
MOMU->BAY,4.2,3.0,5.761944116355173,5
PNDR->NTN,0.0,0.0,0.0,5
BSL->CSN,18.6,16.0,19.692638218379983,5
GHS->JBD,25.2,33.0,18.45806056984319,5
KGG->SHC,0.0,0.0,0.0,5
KGG->HPO,5.6,4.0,3.847076812334269,5
ETUE->ALJN,2.8,0.0,5.215361924162119,5
KMPU->KLBG,7.0,3.0,10.908712114635714,5
STR->JJR,26.8,23.0,24.07695994098923,5
CT->LPI,3.8,0.0,8.497058314499201,5
HMH->MBY,9.8,0.0,21.91346617949794,5
SGNR->HMH,7.2,5.0,6.340346993658944,5
SGLA->JTRD,12.8,0.0,18.646715528478467,5
KRYR->AGAS,0.0,0.0,0.0,5
AF->ETUE,5.6,0.0,7.956129712366435,5
NLDA->MJF,310.8,257.0,235.22478610894728,5
VLYN->KRYR,0.0,0.0,0.0,5
BLPA->AYU,608.6,468.0,232.01034459695973,5
SDAH->ASN,2.8,0.0,4.08656334834051,5
NKR->SWD,0.0,0.0,0.0,5
LGH->MHJ,12.0,0.0,26.832815729997478,5
JU->ABR,4.2,0.0,8.318653737234168,5
BDO->TATA,81.2,7.0,167.2145328612319,5
BLDI->ADI,9.2,10.0,5.263078946776307,5
BLDA->BLS,11.6,12.0,13.501851724856113,5
RRB->CTA,32.8,31.0,19.639246421387966,5
BDTS->VAPI,4.6,5.0,3.847076812334269,5
SKND->HCNR,53.4,60.0,34.82527817548627,5
BSPH->JIND,23.0,24.0,14.352700094407323,5
PERN->RN,47.2,27.0,31.94839589087377,5
VM->SRGM,52.0,33.0,63.24160023275818,5
NKMG->PTKD,0.0,0.0,0.0,5
JMKT->RDM,22.6,11.0,28.023204670415552,5
NAVI->AK,2.0,0.0,3.4641016151377544,5
CNV->PTJ,0.0,0.0,0.0,5
NGO->JU,41.4,0.0,86.02209018618416,5
BBA->CH,3.2,0.0,5.215361924162119,5
DOS->DDU,7.0,6.0,2.9154759474226504,5
BPRD->NJP,32.6,39.0,31.405413546075142,5
CHKE->MOMU,30.8,27.0,25.95573154430443,5
PLCJ->JU,11.0,14.0,10.535653752852738,5
BIY->NDB,34.0,33.0,3.3166247903554003,5
KRZ->ABO,27.2,24.0,9.5236547606473,5
MDN->CDGR,27.2,27.0,17.398275776639476,5
HCNR->SKND,333.4,384.0,196.3843170927862,5
VGLJ->MAKR,98.2,0.0,145.74361049459424,5
CH->DUB,0.8,0.0,1.0954451150103324,5
JNU->ABP,83.8,76.0,17.79606698121807,5
KGQ->PAY,12.8,14.0,13.461054936371072,5
ANND->VLYN,0.0,0.0,0.0,5
LPI->CT,39.4,31.0,22.963013739489856,5
SC->MALM,25.8,0.0,57.690553819494575,5
BRGW->KMZ,57.6,0.0,88.89769400833747,5
BZU->RKMP,0.6,0.0,1.3416407864998738,5
ROK->SMF,11.4,14.0,7.536577472566709,5
ASE->ROHN,0.0,0.0,0.0,5
KGP->SHM,0.0,0.0,0.0,5
JNA->JJT,20.8,24.0,12.537942414925983,5
AF->BKI,0.0,0.0,0.0,5
QLN->KZK,23.0,18.0,25.514701644346147,5
KKV->CTL,4.0,0.0,6.519202405202649,5
RRP->OND,89.8,14.0,168.1091907065167,5
KKP->BTI,7.4,0.0,16.546903033498445,5
SLNA->SPJ,44.0,52.0,33.80088756231114,5
VEER->PNVL,19.4,20.0,19.64179217892298,5
VDV->KKV,4.0,2.0,2.7386127875258306,5
ON->BE,45.2,48.0,45.61469061607236,5
SURI->DGR,9.6,11.0,7.893034904268446,5
CBE->CNV,6.4,3.0,7.635443667528429,5
AGAS->BHAL,0.0,0.0,0.0,5
JBP->PCOI,22.4,0.0,50.08792269599529,5
JJN->LHU,0.0,0.0,0.0,5
NNO->MQC,0.0,0.0,0.0,5
NNL->RGS,0.8,0.0,1.788854381999832,5
JU->MJ,45.4,0.0,97.65142088059957,5
PNVL->NK,127.8,110.0,138.51064941007243,5
BPB->JGLP,24.0,20.0,16.20185174601965,5
BPB->HJI,0.0,0.0,0.0,5
DO->KWP,0.0,0.0,0.0,5
CUPJ->PRT,20.8,20.0,15.254507530562892,5
TN->CVP,5.6,8.0,5.366563145999495,5
ISM->KRZ,18.4,14.0,14.010710188994704,5
MAHE->CLT,0.0,0.0,0.0,5
SDL->KTES,152.6,130.0,108.2834244009673,5
JLR->UA,119.2,0.0,266.5393029179749,5
KPV->PLS,0.0,0.0,0.0,5
VRH->HW,3.4,4.0,3.286335345030997,5
DTO->BRKA,65.6,4.0,130.79870029935313,5
RNW->KSG,0.0,0.0,0.0,5
GSO->NRW,25.2,23.0,21.580083410404143,5
SUR->WADI,0.0,0.0,0.0,5
LNN->STR,6.0,0.0,8.689073598491383,5
DUI->BXC,11.4,9.0,15.614096195425466,5
DUB->AO,1.0,0.0,1.4142135623730951,5
BTE->DO,47.2,20.0,63.061081500399276,5
BEM->SRNK,18.8,13.0,11.840608092492547,5
CNI->CBSA,73.4,55.0,79.21047910472453,5
SRGM->VRI,275.4,174.0,153.00751615525297,5
HDP->DDCC,598.2,587.0,75.10126496937319,5
HEM->KNVT,25.4,2.0,34.40639475446388,5
KZH->JNA,21.0,24.0,12.389511693363866,5
QLN->MVLK,42.4,40.0,20.255863348670182,5
KAWR->MAJN,42.8,0.0,87.03562489004143,5
GTL->RU,0.0,0.0,0.0,5
GKP->BBK,119.8,128.0,44.16106882764501,5
MHJ->LGH,3.6,5.0,3.361547262794322,5
OND->BDO,92.0,19.0,168.06100083005575,5
NMM->RNY,17.8,20.0,13.827508813954884,5
FZR->GHS,24.8,32.0,18.539147768977948,5
DAB->NED,82.0,0.0,151.10261414019283,5
BDJ->CAN,31.8,34.0,14.446452851824906,5
BTI->FDK,1.8,0.0,4.024922359499621,5
RNY->RPAN,185.0,0.0,413.6725758374611,5
SMF->KHV,14.4,17.0,8.502940667792526,5
NRKR->MTY,0.0,0.0,0.0,5
KNVT->NED,0.0,0.0,0.0,5
BWN->MDP,14.2,14.0,4.604345773288535,5
GHJ->FGR,5.2,2.0,7.791020472312982,5
GHE->BGZ,17.2,12.0,12.6372465355393,5
GUNA->BRRG,50.6,2.0,74.13366306881106,5
TRP->YVP,0.0,0.0,0.0,5
SPZ->ISM,0.0,0.0,0.0,5
PRP->GAP,0.0,0.0,0.0,5
SEJ->VLA,0.0,0.0,0.0,5
JJT->KIU,23.4,27.0,13.939153489362258,5
SSB->MGLP,0.0,0.0,0.0,5
SSB->DEE,0.0,0.0,0.0,5
SSA->ADR,20.0,23.0,16.777961735562517,5
RC->BMT,0.0,0.0,0.0,5
SHM->ASN,28.4,0.0,60.74783946775391,5
DMR->AGTL,23.2,0.0,44.46571713129116,5
JL->ST,0.0,0.0,0.0,5
MSH->SUNR,43.4,0.0,97.04535022349087,5
KQN->KON,11.2,0.0,22.873565528793275,5
MRSH->NRKR,0.0,0.0,0.0,5
MQC->GHE,15.2,11.0,12.11197754291181,5
MQ->TVR,7.0,2.0,9.539392014169456,5
JDH->PBR,107.0,0.0,239.25927359247748,5
LTT->PUNE,23.8,21.0,14.394443372357264,5
MBG->GHY,0.0,0.0,0.0,5
ANI->ATR,1.0,0.0,2.2360679774997894,5
RGU->CNB,18.0,19.0,18.371173070873837,5
NRW->ROK,2.4,0.0,3.9115214431215892,5
DWDI->MHC,62.4,0.0,139.53064179598687,5
WSJ->PBR,21.8,0.0,48.746281909495416,5
BJE->PRR,0.0,0.0,0.0,5
JHL->LDH,110.8,80.0,123.89995964486832,5
JIND->BZO,24.0,23.0,15.47578754054216,5
SBDR->PRYJ,8.0,0.0,13.435028842544403,5
CBSA->RKSN,48.6,68.0,46.38749831581781,5
KNW->ANI,0.0,0.0,0.0,5
MUE->HEM,34.4,14.0,37.380476187443094,5
NJP->NMX,20.0,0.0,44.72135954999579,5
KRNT->GY,28.0,4.0,44.1871021905714,5
RN->VEER,17.4,3.0,23.19051530259731,5
JSG->CPH,267.8,256.0,197.08678291554713,5
SAY->KLWD,0.0,0.0,0.0,5
BMPR->RRP,89.2,14.0,169.08193280182243,5
GTS->KGP,0.0,0.0,0.0,5
GTNR->LC,143.8,141.0,105.17937060089302,5
KHV->KZH,17.6,21.0,9.964938534682489,5
MURI->CKP,40.2,49.0,39.57524478761945,5
CNA->KOTA,15.4,17.0,7.3688533707762165,5
KIU->BSPH,23.4,27.0,13.939153489362258,5
MJ->JWB,7.4,8.0,7.26636084983398,5
BGZ->ASE,18.8,14.0,12.377398757412642,5
KLWD->CBY,0.0,0.0,0.0,5
BTJL->GOK,11.2,4.0,13.6088206689632,5
SPRD->TKRI,17.8,9.0,20.70507184242547,5
ED->PTJ,9.6,0.0,16.45600194457937,5
MML->NIR,22.2,19.0,19.791412279066897,5
PTKD->DMR,5.2,0.0,11.627553482998907,5
PTKC->JUC,15.4,16.0,15.931101656822104,5
PTK->MEX,30.4,24.0,19.654516020497685,5
PTJ->CNV,2.8,4.0,2.588435821108957,5
ATU->SA,4.0,0.0,6.519202405202649,5
TK->BSN,6.8,8.0,5.263078946776307,5
PTD->PNDR,0.0,0.0,0.0,5
CGY->KYJ,75.4,32.0,85.0987661485171,5
DCK->VLA,23.0,24.0,14.983324063771699,5
NTN->TRP,0.0,0.0,0.0,5
GHY->MYD,35.6,0.0,63.7047878891375,5
GHY->MBG,26.2,5.0,36.2381014955254,5
TIA->PRP,0.0,0.0,0.0,5
MLDT->SBG,0.0,0.0,0.0,5
TU->HX,66.2,51.0,67.75470463370053,5
TU->GTL,40.0,42.0,23.706539182259394,5
AD->BAY,164.8,229.0,153.01862631719055,5
BAY->AD,0.0,0.0,0.0,5
JGLP->BPB,1.0,0.0,2.23606797749979,5
STP->MINJ,0.4,0.0,0.894427190999916,5
FKA->ABS,2.4,0.0,5.366563145999495,5
MBY->HMH,6.2,7.0,6.058052492344384,5
BHAL->PTD,2.4,4.0,2.1908902300206647,5
ATR->KTKH,0.0,0.0,0.0,5
KTKH->NKR,0.0,0.0,0.0,5
MLY->WL,18.4,0.0,25.284382531515377,5
DBSI->SSB,14.0,10.0,10.653637876331258,5
KAP->BLU,12.0,9.0,9.974968671630002,5
ROHN->SPZ,18.4,14.0,13.069047402163633,5
GIMB->ADI,4.4,0.0,6.985699678629193,5
THE->DWDI,64.6,0.0,144.4499913464864,5
MBNL->DQN,27.0,26.0,5.0990195135927845,5
SGO->ASKN,3.0,0.0,6.708203932499369,5
VSKP->TUNI,14.8,0.0,25.123693995907526,5
SIKR->JJN,0.0,0.0,0.0,5
MAKR->ASKN,76.4,0.0,105.87162037108905,5
MAJN->MULK,11.2,6.0,15.006665185843255,5
RDG->BAY,0.0,0.0,0.0,5
GDL->JLR,120.8,0.0,270.1170116819746,5
CTC->KGP,109.0,0.0,228.93667246642684,5
GDR->TPTY,4.6,0.0,6.308724118235001,5
JUC->PTKC,8.6,0.0,19.23018460649819,5
JU->PLCJ,7.0,10.0,5.196152422706632,5
BIDR->MRF,89.6,100.0,54.178408983653256,5
KCT->CPR,0.0,0.0,0.0,5
MHC->CI,0.0,0.0,0.0,5
DHD->ND,129.6,0.0,289.7944098839728,5
WOC->CNDB,4.8,5.0,3.1937438845342623,5
LAT->DLJ,9.0,8.0,8.215838362577491,5
GNC->ABD,9.2,12.0,8.67179335547152,5
TATA->RKSN,275.0,297.0,58.25375524376089,5
RKSN->TATA,29.2,31.0,20.0922870773837,5
CAN->KZE,20.6,22.0,6.387487769068525,5
RKSN->CBSA,281.6,308.0,58.83281397315618,5
BUI->JNU,4.2,0.0,5.761944116355173,5
NHLG->CPK,15.0,13.0,17.073371078963874,5
SORO->CTC,77.2,2.0,109.12240833119475,5
AUBR->SSM,24.2,23.0,9.5236547606473,5
HLN->MYS,2.6,0.0,4.774934554525329,5
ABD->GNC,0.6,0.0,1.3416407864998738,5
UCA->GSO,28.0,36.0,17.392527130926087,5
UBL->HRR,25.0,0.0,55.90169943749475,5
ANVT->TDL,3.4,0.0,6.54217089351845,5
JAM->WSJ,31.6,0.0,70.65974808899335,5
ANR->CKP,41.2,38.0,42.09156685133021,5
GMO->BJE,4.8,0.0,10.73312629199899,5
GMO->ANR,17.8,5.0,28.81319142337412,5
JMP->PNBE,15.4,18.0,15.323185047502363,5
JMP->KIUL,0.0,0.0,0.0,5
JJR->LNN,7.6,0.0,10.620734437881403,5
SEGM->MJRI,32.0,0.0,55.42562584220408,5
MGLP->NNO,15.0,10.0,11.61895003862225,5
NAB->CAF,2.4,0.0,5.366563145999495,5
GY->DMM,20.8,5.0,34.89555845662883,5
NAM->SLGR,56.6,41.0,40.66079192539171,5
DMC->GOM,16.0,0.0,35.77708763999663,5
LTT->NK,11.6,7.0,11.588787684654509,5
BLT->LUNI,34.6,33.0,7.700649323271382,5
CPR->GKP,197.8,316.0,180.76006196060013,5
BKSC->KQR,9.4,11.0,6.8044103344816,5
ABR->AII,0.0,0.0,0.0,4
DHN->PUS,41.0,42.0,14.944341180973263,4
BPL->DWX,0.0,0.0,0.0,4
ABP->JNU,26.25,10.0,40.2854398842394,4
MJRI->SEGM,11.25,0.0,22.5,4
LJN->SPN,14.0,12.5,12.780193008453875,4
RPAR->SIR,8.0,5.5,10.099504938362077,4
JWB->MJ,0.0,0.0,0.0,4
BAZ->SGAC,25.75,0.0,51.49999999999999,4
SEGM->BPQ,2.75,0.0,5.5,4
BDC->KWAE,82.25,0.0,164.5,4
LAT->DAS,24.5,31.5,16.663332999933317,4
GHQ->RNQ,7.75,0.0,15.5,4
AKP->NASP,2.0,1.5,2.449489742783178,4
UA->JLR,13.5,13.5,11.61895003862225,4
UBL->BGM,3.5,2.0,4.725815626252608,4
BHET->VAPI,3.0,0.0,6.0,4
PTRU->TORI,33.0,28.5,38.80721582386451,4
HLZ->TMZ,3.75,3.0,3.862210075418823,4
KT->MAO,0.0,0.0,0.0,4
BTE->AF,26.5,23.0,20.566963801203133,4
LDH->JHL,208.0,180.0,166.67733299202183,4
APDJ->BNV,83.75,78.0,61.629944020743686,4
GOY->PHN,12.0,0.0,24.0,4
ADR->SSA,18.5,16.0,21.748563170931547,4
ADRA->BLS,10.0,6.0,13.2664991614216,4
BAY->MOMU,213.5,272.0,146.1175326007572,4
JAM->PBR,0.0,0.0,0.0,4
KJM->MLO,10.0,1.5,18.05547008526779,4
KJM->YPR,31.5,3.0,59.06775770248944,4
SOG->LGH,36.5,33.5,16.258331197676263,4
FDB->NDLS,3.0,2.5,3.559026084010437,4
FBD->MNQ,257.0,169.0,242.52560002331026,4
DAS->LAT,11.25,0.0,22.5,4
TVR->TJ,21.75,23.0,6.5,4
BXN->SWM,99.0,91.5,104.19532938988516,4
PUNE->ANG,19.75,16.5,20.66196183005541,4
HMBD->BIDR,46.75,46.5,38.74166577041657,4
CAN->QLD,2.5,0.0,5.0,4
RKMP->BSL,12.0,6.5,16.51262143533445,4
RKMP->BZU,0.0,0.0,0.0,4
TATA->BDO,0.0,0.0,0.0,4
GUNA->SGAC,70.25,0.0,140.5,4
MVJ->NDT,0.0,0.0,0.0,4
MVLK->QLN,6.75,1.0,12.203141671990318,4
STP->MB,61.75,0.0,123.50000000000001,4
ETW->GWL,456.25,500.5,170.45307272091048,4
GWL->ETW,110.75,92.5,113.13524355095248,4
ST->JL,8.5,4.5,8.34665601703261,4
RDM->JMKT,119.0,97.0,74.55199527846321,4
SSM->AUBR,178.75,128.5,198.68463285652803,4
BGM->UBL,45.25,1.5,88.51129871378004,4
GMIA->BRKA,32.25,36.0,23.66960075708925,4
MHC->DWDI,47.75,23.5,65.91092473937837,4
WR->AK,19.0,14.5,22.34576768279249,4
WR->BSL,47.75,44.5,47.84959073318531,4
BJU->PNBE,183.0,98.5,174.71309815427884,4
SNSI->ANG,44.25,43.0,16.070158679988197,4
LC->GTNR,59.5,0.0,119.00000000000001,4
STR->LNN,52.75,26.5,71.27119567773038,4
ETM->ERN,51.25,49.5,7.632168761236874,4
KMZ->BRGW,7.25,1.0,13.200378782444085,4
ETUE->AF,44.75,41.0,24.34988021873345,4
GOK->BTJL,155.25,167.5,40.631473843151035,4
LDU->KKV,10.0,0.0,20.0,4
BSX->NED,25.75,21.0,30.728651125618907,4
BOE->KDPR,31.0,0.0,62.0,4
BRC->UDN,88.0,0.0,176.0,4
COR->UDZ,2.25,0.0,4.5,4
CCH->PNVL,4.5,2.5,6.137317546507323,4
MDU->KON,6.0,5.0,2.70801280154532,4
BTI->KKP,17.0,5.0,27.736858750286295,4
GDL->RJT,3.25,3.0,3.774917217635375,4
BAKA->BGP,7.75,0.0,15.5,4
MAJN->KAWR,28.5,29.0,20.615528128088304,4
BWT->YPR,49.5,0.0,99.0,4
BXC->DUI,9.0,4.5,12.24744871391589,4
CNB->FZD,5.5,4.5,6.557438524302,4
SPJ->SLNA,124.75,138.5,92.57564474525684,4
FKA->JBD,0.5,0.0,1.0,4
NMX->NJP,45.0,6.5,81.56388089507921,4
NMZ->APDJ,19.25,0.0,38.5,4
ADRA->GAYA,11.75,0.0,23.5,4
MOMU->CHKE,215.25,269.0,148.36076525371075,4
BSL->RKMP,6.25,3.5,8.5,4
BSL->WR,83.25,6.5,157.8636014623595,4
JLR->GDL,10.5,10.5,9.678154093971983,4
DEOS->SRU,24.0,10.5,30.77878056930348,4
DES->BJU,8.75,8.0,7.847504911329036,4
DMR->PTKD,0.0,0.0,0.0,4
DLJ->BVC,0.0,0.0,0.0,4
PTK->JAT,10.0,0.0,20.0,4
PTKD->NKMG,20.75,25.0,12.816005617976296,4
BRRG->GUNA,7.0,3.5,9.899494936611665,4
NED->PBN,25.0,25.0,3.6514837167011067,4
KHS->BSP,205.25,208.5,44.56736474147871,4
GIMB->VG,8.0,2.5,12.727922061357855,4
HMH->SGNR,0.0,0.0,0.0,4
AK->NAVI,0.5,0.0,1.0,4
DBRG->SRTN,11.5,9.5,5.916079783099616,4
ERN->ETM,0.0,0.0,0.0,4
ANG->PUNE,1.0,0.0,2.0,4
ANG->SNSI,0.0,0.0,0.0,4
ANGL->BBS,19.0,0.0,38.0,4
GHD->DDU,5.0,4.0,5.999999999999999,4
PUS->GMIA,48.5,49.5,13.527749258468683,4
PTJ->ED,11.75,11.0,10.372238588334406,4
PTK->BAT,11.25,6.0,14.795832746644125,4
DLJ->LAT,0.0,0.0,0.0,4
CI->MHC,51.75,32.5,62.91992265305693,4
GD->GTNR,24.0,0.0,48.0,4
RC->SC,41.25,39.5,32.06633748964793,4
TMR->NGP,63.25,45.0,71.01349636982161,4
SRU->DEOS,393.5,425.5,299.6781606991073,4
GY->HX,40.0,36.0,46.647615158762406,4
GY->KRNT,51.5,63.5,30.795021242618642,4
GDA->ND,0.0,0.0,0.0,4
JAT->JRC,157.0,141.5,159.16657940660784,4
JAT->PTK,11.5,5.5,13.025615788386615,4
JBD->FKA,11.75,12.5,7.544313531837517,4
ALJN->AF,32.25,28.0,13.047988350699887,4
ALJN->ETUE,18.75,19.0,18.006943105369107,4
TUNI->RJY,32.75,0.0,65.5,4
TUNI->VSKP,0.0,0.0,0.0,4
BGZ->NDLS,0.0,0.0,0.0,4
MLDT->BHW,4.25,3.0,5.315072906367325,4
BMT->RC,145.75,108.0,97.65372496735596,4
THVM->SNDD,32.5,24.0,40.01249804748511,4
TIA->KIUL,264.25,257.5,32.356091646962966,4
TIR->FK,7.0,7.0,5.773502691896257,4
MLO->KJM,129.0,117.0,115.49314553975343,4
AK->WR,10.5,10.5,4.654746681256314,4
BAND->BAW,23.25,22.0,26.924276530051213,4
SEJ->DCK,0.0,0.0,0.0,4
CAN->BDJ,0.0,0.0,0.0,4
VPT->MNM,6.0,4.0,7.118052168020874,4
SIOB->RDHP,9.25,7.5,11.05667219374799,4
SIOB->VG,0.5,0.0,1.0,4
VRI->SRGM,239.25,294.5,163.2612936369181,4
MAKR->GUNA,2.5,0.0,5.0,4
SIR->RPAR,42.25,39.0,43.36184959154764,4
SUNR->MSH,28.5,8.5,46.1483116339771,4
BGHI->STA,0.0,0.0,0.0,4
CPH->JSG,13.25,0.0,26.5,4
GTL->TPTY,31.75,0.0,63.5,4
NED->BSX,3.75,0.0,7.5,4
NED->KNVT,0.0,0.0,0.0,4
PCOI->JBP,177.0,150.0,177.0931958037914,4
EE->AKP,1.5,1.5,1.7320508075688772,4
KWP->DO,8.25,8.0,0.5000000000000001,4
JRC->JAT,201.75,57.0,331.8798728455825,4
JP->KWP,0.0,0.0,0.0,4
SPN->LJN,3.75,0.0,7.5,4
SPN->MINJ,8.5,6.5,10.344080432788601,4
FTD->RTM,224.0,0.0,448.0,4
GUNA->UJN,73.75,25.5,116.01831751926072,4
MJ->JU,27.25,29.0,10.1447851956888,4
AII->RANI,0.0,0.0,0.0,4
HPU->KRJ,179.75,117.5,152.86241090165584,4
DDCC->HDP,328.25,422.0,221.59629208690893,4
SBC->DVG,24.0,28.0,17.281975195754296,4
DCK->SEJ,0.0,0.0,0.0,4
ASKN->MAKR,0.0,0.0,0.0,4
RANI->AII,0.0,0.0,0.0,4
RBG->MRJ,0.0,0.0,0.0,4
CTL->KKV,0.0,0.0,0.0,4
CTL->LDU,9.75,0.0,19.5,4
TMZ->HLZ,145.75,128.0,135.18228434229096,4
TNA->MMR,93.75,31.0,139.2393024017764,4
GCT->KMDR,12.5,8.5,14.29452109492771,4
SWM->BXN,0.0,0.0,0.0,4
ND->DHD,0.0,0.0,0.0,4
HRR->UBL,10.5,7.0,9.1104335791443,4
DWX->BPL,16.25,15.0,16.938614661968867,4
AII->ABR,192.0,124.0,247.95698551697765,4
BHLE->DWLE,41.25,40.0,3.2015621187164247,4
KWAE->BDC,0.0,0.0,0.0,4
PDKT->MNM,207.75,162.0,231.730267049142,4
MMR->TNA,36.75,0.0,73.5,4
SMVB->BAND,20.25,16.5,24.171263930543642,4
KHH->BPR,7.5,9.0,5.744562646538029,4
MED->SC,0.0,0.0,0.0,4
GTL->YPR,12.75,11.5,14.863265679744362,4
CBSA->CNI,135.25,134.0,8.84590300647707,4
SNDD->THVM,35.75,31.5,41.85988533190219,4
CH->BBA,5.75,0.0,11.499999999999998,4
OSN->PLCJ,28.0,25.5,32.58834147360064,4
WSA->BPQ,77.5,76.0,89.52280901163309,4
KTES->SDL,6.0,0.0,12.0,4
WSA->NAB,3.75,3.0,3.774917217635375,4
WSJ->JDH,12.0,9.0,13.140268896284683,4
MYD->GHY,18.0,4.0,30.897680603350583,4
MULK->MAJN,59.25,0.0,118.5,4
DWDI->THE,37.25,8.5,63.67299270491375,4
CLT->MAHE,0.0,0.0,0.0,4
ND->GDA,2.75,2.0,3.4034296427770228,4
NDAE->AZ,141.0,121.5,60.459352736638955,4
CAF->WSA,12.0,10.0,12.110601416389967,4
CAG->GUNA,0.0,0.0,0.0,4
PNVL->VEER,40.75,34.5,16.3783393541592,4
BVRT->NDD,88.0,73.0,104.52431933924915,4
MOGA->FZR,25.0,30.0,15.121728296285006,4
MNQ->FBD,29.75,26.0,11.20639698267616,4
MNM->PDKT,76.25,60.0,54.493883448817755,4
MNM->VPT,198.25,125.0,221.25004708097427,4
DEE->VGLJ,7.25,0.0,14.500000000000002,4
JDH->UA,13.0,12.5,11.224972160321824,4
AYC->BSB,0.0,0.0,0.0,4
DWLE->BGP,31.25,31.5,3.2015621187164247,4
MB->KPV,4.75,5.0,3.6855573979159972,4
JNU->BUI,28.25,13.0,41.0396150079408,4
JNU->JOP,67.0,13.0,115.73821034270978,4
BC->BPR,0.0,0.0,0.0,4
JP->JU,0.0,0.0,0.0,4
JOP->JNU,84.5,38.5,119.06440833991212,4
MMY->OSN,28.0,25.5,32.58834147360064,4
RU->GTL,6.25,7.5,2.8722813232690143,4
RU->PER,5.25,0.0,10.5,4
RTM->FTD,133.75,6.0,259.5359641103072,4
SRE->ASR,0.0,0.0,0.0,4
FZD->CNB,20.5,19.0,7.937253933193772,4
FZR->MOGA,2.25,0.0,4.5,4
WL->MLY,168.5,199.0,118.77289253024026,4
SGUJ->HSA,118.0,0.0,236.0,4
SJP->MKC,0.0,0.0,0.0,4
ASN->KMME,14.75,17.0,9.105858919765158,4
MDP->BWN,0.0,0.0,0.0,4
BDMJ->PNP,10.0,10.5,10.424330514074594,4
MJF->NLDA,59.75,68.5,44.91751699875376,4
NASP->TUNI,2.0,0.0,4.0,4
BZA->SLO,15.0,10.5,17.339742404853272,4
GWD->KCG,0.0,0.0,0.0,4
DO->BTE,54.75,6.0,101.65751324914456,4
BHW->MLDT,336.5,165.5,478.489637644676,4
HSA->SGUJ,25.75,2.5,48.22430231048794,4
KNVT->HEM,0.0,0.0,0.0,4
LNN->JJR,55.5,29.0,73.65459931328118,4
KNW->PPI,30.75,3.0,57.56952318718646,4
PPI->KNW,50.0,2.5,96.6747123088556,4
SDB->YG,44.0,18.5,63.94268266710951,4
MAO->KT,21.25,0.0,42.5,4
CKP->ANR,50.75,39.5,35.34001509148895,4
RNC->BANO,0.0,0.0,0.0,4
CPK->NHLG,243.75,165.5,309.10664287049326,4
KGG->MGR,0.0,0.0,0.0,4
ANR->GMO,27.25,10.5,37.95940814431472,4
TDL->ANVT,0.0,0.0,0.0,4
KKV->LDU,1.25,1.0,1.5000000000000002,4
KKV->VDV,0.0,0.0,0.0,4
BSRX->BGK,0.0,0.0,0.0,4
TRT->CJ,20.5,0.0,41.0,4
GUNA->CAG,0.0,0.0,0.0,4
GUNA->MAKR,0.0,0.0,0.0,4
MINJ->STP,3.25,0.0,6.500000000000001,4
NK->LTT,8.5,3.0,13.102162671355696,4
VAPI->BDTS,0.0,0.0,0.0,4
VAPI->BHET,10.75,9.5,9.912113800799505,4
RIG->SKT,54.0,51.5,62.487332049517576,4
BIDR->UDGR,44.0,0.0,88.0,4
SRNK->BEM,38.0,0.0,76.0,4
BDO->OND,0.0,0.0,0.0,4
KKK->VDV,10.0,0.0,20.0,4
BGP->PPT,92.75,8.0,174.9959523341421,4
BPQ->CAF,3.0,3.5,2.160246899469287,4
BINA->GUNA,182.75,188.5,161.71451182047124,4
LDU->CTL,2.25,1.0,3.304037933599835,4
AO->DUB,20.5,12.0,20.728402414722336,4
DDL->NMDA,1.5,2.0,1.0,4
AGTL->DMR,8.5,0.0,17.0,4
DUB->CH,13.0,5.0,18.05547008526779,4
KON->KQN,11.5,10.5,6.557438524302,4
KOJ->GOGH,13.25,0.0,26.5,4
BBS->ANGL,48.25,49.5,9.42956343987709,4
BJU->DES,84.25,7.5,157.20130406583783,4
KLBG->HMBD,17.75,16.5,20.59732992404598,4
KLBG->VKB,21.75,21.0,25.144581921360317,4
NDLS->BDMJ,0.0,0.0,0.0,4
NDLS->BGZ,11.25,9.5,13.30100246848585,4
LGH->SOG,2.5,0.0,5.0,4
VLA->DCK,0.0,0.0,0.0,4
CKP->MURI,70.5,74.5,55.59676249567055,4
BAT->PTK,6.75,0.0,13.5,4
CTA->DRU,0.0,0.0,0.0,4
JTJ->BNCE,0.0,0.0,0.0,4
BKI->AF,72.5,74.5,50.46781152378217,4
HEM->MUE,0.0,0.0,0.0,4
SRGM->VM,9.0,9.5,1.4142135623730951,4
BRC->MAN,0.0,0.0,0.0,4
CJ->TRT,13.0,7.5,16.51262143533445,4
RJY->TUNI,46.5,32.5,55.991070716677676,4
NDD->BVRT,0.0,0.0,0.0,4
YA->DHNE,43.5,24.0,56.15751656427363,4
ASN->SDAH,0.0,0.0,0.0,4
ASN->SHM,0.0,0.0,0.0,4
MYS->HLN,36.0,32.0,9.521904571390465,4
KPD->SHU,1.0,0.0,2.0,4
SKT->RIG,15.75,11.5,15.75595125658873,4
AF->ALJN,26.75,0.0,53.5,4
AF->BTE,266.75,169.0,246.9134463734205,4
BSP->KHS,26.25,28.5,21.884164746836163,4
GKP->NKE,34.0,0.0,68.0,4
SLO->VZM,11.75,15.0,7.932002689527196,4
KOTA->BXN,60.75,75.5,41.82005101224372,4
KOTA->CNA,0.0,0.0,0.0,4
OND->RRP,17.25,0.0,34.5,4
BE->ON,34.5,1.0,67.67323449242446,4
SHC->KGG,2.25,2.0,0.5,4
BBK->GKP,83.75,96.5,60.42281577903058,4
KGP->CTC,133.25,132.0,117.4574391002971,4
JU->MMY,26.5,23.0,31.12876483254676,4
JU->NGO,21.75,24.0,6.849574196011505,4
ASH->GD,133.0,0.0,266.0,4
ROK->NRW,51.0,30.0,63.59769387852572,4
RPAN->RNY,410.75,439.5,373.2303801496693,4
CTA->RRB,226.0,289.5,151.71684151734772,4
KSG->RNW,0.0,0.0,0.0,4
SC->MED,10.25,8.5,10.21028892833107,4
SC->RC,44.5,0.0,89.0,4
BSB->AYC,173.25,167.0,147.4728788625217,4
MB->BLQR,6.75,7.5,4.991659710623979,4
NK->PNVL,121.0,113.0,140.32818676231798,4
BYNR->HNA,28.5,32.0,21.37755832643195,4
NGP->TMR,33.25,32.5,32.01431971269523,4
TPTY->GDR,48.0,16.5,74.59669340303675,4
TPTY->GTL,26.25,17.0,24.797513316190933,4
RRP->BMPR,108.5,18.0,193.74467734624352,4
KKV->KKK,10.0,0.0,20.0,4
SLO->BZA,31.5,0.0,63.0,4
TEN->SRT,12.75,13.0,4.7871355387816905,4
AYU->BLPA,50.25,41.5,19.90602923739438,4
DDU->ADRA,10.75,6.5,14.221462653327892,4
DSJ->VGLJ,206.5,214.5,189.4034494582046,4
VEER->RN,73.75,78.5,24.878035828149027,4
VG->GIMB,0.0,0.0,0.0,4
PDT->VZM,208.5,150.0,231.43393585787427,4
VG->SIOB,0.0,0.0,0.0,4
VDV->KKK,0.5,0.0,1.0,4
HX->GY,2.5,0.0,5.0,4
KUR->CAP,33.0,34.0,13.9522996909709,4
BPQ->WSA,27.25,22.0,27.41502021398732,4
BPR->BC,3.0,2.0,3.8297084310253524,4
BPR->KHH,236.75,160.5,300.39682088863725,4
DQN->MBNL,11.75,11.0,11.354147553500733,4
SC->GTL,36.25,35.5,41.87580844990737,4
AGC->DSJ,97.25,0.0,194.50000000000003,4
PPT->BGP,24.5,21.5,10.214368964029708,4
SKZR->KZJ,12.5,0.0,24.999999999999996,4
BVC->DLJ,12.25,8.5,9.322910847297997,4
BVC->SGD,21.25,3.5,37.97696670351649,4
BLQR->MB,9.25,6.0,11.354147553500733,4
BLS->ADRA,22.0,10.5,28.24889378365107,4
BLS->BLDA,13.25,0.0,26.5,4
ADI->ABR,0.75,0.0,1.5,4
ADI->BLDI,0.0,0.0,0.0,4
DSJ->AGC,201.25,178.5,212.88709840351214,4
VGLJ->DSJ,307.0,256.0,267.34746429818006,4
SLGR->NAM,0.0,0.0,0.0,4
HW->VRH,222.75,201.5,248.8820001526828,4
BBS->HIJ,2.0,1.5,2.449489742783178,4
KRJ->HPU,62.5,0.0,125.00000000000001,4
BTE->NZM,2.75,0.0,5.5,4
KZK->QLN,21.5,22.5,16.822603841260722,4
KZT->NCJ,0.0,0.0,0.0,4
JTRD->SGLA,23.5,22.5,3.1091263510296048,4
KKK->KKV,1.0,1.0,1.1547005383792515,4
TPJ->KKDI,5.25,0.0,10.5,4
CNDB->WOC,12.25,10.5,14.430869689661812,4
NGP->MJRI,0.0,0.0,0.0,4
LUNI->BLT,0.0,0.0,0.0,4
MRF->BIDR,41.0,0.0,82.0,4
ABR->ADI,2.5,1.5,3.3166247903554,4
KDPR->BOE,135.0,83.5,167.4654193159491,4
KRAR->R,0.0,0.0,0.0,4
VZM->SLO,23.0,0.0,45.99999999999999,4
ADI->GIMB,0.0,0.0,0.0,4
DGHR->BAKA,2.75,0.0,5.5,4
DHNE->YA,7.75,5.5,9.673847907287634,4
YPR->BWT,30.5,30.5,3.872983346207417,4
GOGH->KOJ,111.75,78.5,139.99613089891687,4
SGAC->BAZ,2.25,0.0,4.5,4
MRK->NDL,0.75,0.0,1.5,4
NDL->GNT,120.5,32.0,200.21571699877444,4
CPR->KCT,3.25,3.0,3.774917217635375,4
VZM->PDT,102.66666666666667,118.0,29.19474838619667,3
DHN->RJB,2.6666666666666665,0.0,4.618802153517007,3
VYA->CHM,0.0,0.0,0.0,3
KEA->AY,60.333333333333336,34.0,76.95669778085163,3
NDKR->KATI,21.0,16.0,23.895606290697042,3
MRJ->RBG,2.0,3.0,1.7320508075688772,3
ADI->SRGT,0.0,0.0,0.0,3
NAB->WSA,0.0,0.0,0.0,3
MDP->PKA,0.0,0.0,0.0,3
BRKA->PUS,109.33333333333333,2.0,187.64150216125785,3
ABKP->SJQ,7.333333333333333,7.0,0.5773502691896257,3
YNK->DMM,78.33333333333333,103.0,48.01388688008223,3
PKA->DHN,3.6666666666666665,0.0,6.3508529610858835,3
YG->SDB,81.66666666666667,75.0,85.19585279421372,3
ANW->DOLK,0.0,0.0,0.0,3
CAP->KUR,17.666666666666668,0.0,30.599564267050166,3
WGI->DNGD,0.0,0.0,0.0,3
ADB->WANI,9.666666666666666,0.0,16.74315780649915,3
VKB->KLBG,7.0,0.0,12.12435565298214,3
DDU->GHD,0.0,0.0,0.0,3
KUR->MLT,1.0,0.0,1.7320508075688772,3
RJB->DHN,2.0,0.0,3.4641016151377544,3
RJB->BKSC,1.3333333333333333,0.0,2.3094010767585034,3
BXN->FTS,43.333333333333336,19.0,59.36609582357032,3
AKP->EE,5.666666666666667,0.0,9.814954576223638,3
NGP->WRR,47.666666666666664,45.0,9.291573243177568,3
BDMJ->DLI,0.0,0.0,0.0,3
BGVN->JEUR,6.333333333333333,2.0,9.29157324317757,3
STA->BGHI,0.6666666666666666,0.0,1.1547005383792517,3
RNQ->GHQ,5.333333333333333,0.0,9.237604307034013,3
GTL->SC,13.666666666666666,14.0,13.503086067019396,3
GKP->CPR,0.0,0.0,0.0,3
KOTA->AF,5.333333333333333,7.0,4.725815626252609,3
HW->SRE,8.0,0.0,13.856406460551018,3
VGLJ->DEE,0.0,0.0,0.0,3
STP->GKP,0.0,0.0,0.0,3
MLT->KUR,21.666666666666668,27.0,19.55334583474995,3
GUNA->SGO,3.6666666666666665,0.0,6.3508529610858835,3
GNT->NDL,151.0,94.0,118.29201156460228,3
GNV->BIM,8.666666666666666,6.0,5.507570547286102,3
UDN->BRC,2.0,0.0,3.4641016151377544,3
CDGR->MDN,0.0,0.0,0.0,3
PBN->NED,0.0,0.0,0.0,3
HJI->BPB,14.333333333333334,21.0,12.423096769056148,3
AZ->NDAE,45.666666666666664,27.0,57.32654998631379,3
ASR->SRE,45.333333333333336,51.0,42.782395133200914,3
SGLA->MSDG,0.0,0.0,0.0,3
GOM->DMC,34.0,32.0,25.059928172283335,3
SRGT->ADI,11.0,8.0,6.082762530298219,3
HEM->NED,0.0,0.0,0.0,3
VS->BH,12.333333333333334,11.0,4.163331998932265,3
BAKA->DGHR,0.0,0.0,0.0,3
RDG->CTA,8.333333333333334,0.0,14.433756729740644,3
SHSK->KNVT,44.0,23.0,38.118237105091836,3
BANO->RNC,0.0,0.0,0.0,3
ET->NU,0.0,0.0,0.0,3
GMIA->PUS,16.666666666666668,0.0,28.867513459481287,3
KCG->GWD,7.0,0.0,12.12435565298214,3
BSN->TTR,6.666666666666667,5.0,4.725815626252609,3
BSN->TK,17.0,21.0,10.583005244258363,3
NDL->MRK,12.666666666666666,18.0,11.015141094572204,3
BKSC->RJB,0.0,0.0,0.0,3
KVO->UNI,0.0,0.0,0.0,3
DTO->TORI,7.666666666666667,0.0,13.279056191361391,3
DNA->JU,2.3333333333333335,0.0,4.041451884327381,3
MSR->KRG,13.333333333333334,12.0,14.047538337136984,3
DNGD->KMB,0.0,0.0,0.0,3
BVP->SGD,3.0,0.0,5.196152422706632,3
FGR->GHJ,8.0,12.0,6.928203230275509,3
RYP->RJY,23.333333333333332,10.0,28.448784391135824,3
CNV->CBE,0.6666666666666666,0.0,1.1547005383792517,3
SRTN->DBRG,10.333333333333334,0.0,17.897858344878397,3
GDA->ADI,0.0,0.0,0.0,3
CPU->GHD,132.0,0.0,228.6307065990918,3
PMY->JWB,3.3333333333333335,0.0,5.773502691896257,3
BGP->BAKA,0.0,0.0,0.0,3
TORI->PTRU,15.666666666666666,0.0,27.135462651912412,3
TORI->DTO,302.6666666666667,228.0,146.09015481316095,3
MB->STP,0.0,0.0,0.0,3
NCJ->KZT,175.33333333333334,34.0,257.0162121994123,3
GHD->CPU,152.0,208.0,133.1465358167459,3
CIO->GNV,0.0,0.0,0.0,3
AF->CNB,2.6666666666666665,3.0,2.516611478423583,3
KMB->KVO,0.0,0.0,0.0,3
PUS->DHN,4.333333333333333,0.0,7.505553499465135,3
HNA->BYNR,0.0,0.0,0.0,3
UDZ->COR,0.0,0.0,0.0,3
NED->HEM,23.333333333333332,6.0,35.345909711497505,3
MALM->SC,7.0,9.0,6.244997998398398,3
BWT->SMVB,0.0,0.0,0.0,3
KNVT->SHSK,18.0,26.0,15.620499351813308,3
KEA->MUR,0.0,0.0,0.0,3
GOY->ANVT,0.0,0.0,0.0,3
BNV->APDJ,0.0,0.0,0.0,3
BLU->KAP,0.0,0.0,0.0,3
SDL->AAL,0.6666666666666666,0.0,1.1547005383792517,3
RJT->JND,17.0,0.0,29.444863728670914,3
RW->CIO,0.0,0.0,0.0,3
WRR->NGP,0.0,0.0,0.0,3
RJY->RYP,14.0,16.0,13.114877048604,3
GD->ASH,85.33333333333333,105.0,77.39724370630606,3
TMZ->NDKR,14.333333333333334,16.0,13.576941236277534,3
MJRI->WRR,8.666666666666666,12.0,7.571877794400366,3
ST->AN,0.0,0.0,0.0,3
PRYJ->SBDR,0.0,0.0,0.0,3
SMVB->KPD,8.333333333333334,9.0,3.0550504633038935,3
AI->BHUJ,2.3333333333333335,0.0,4.041451884327381,3
KIUL->BKP,98.33333333333333,92.0,101.64808573373791,3
SBG->MLDT,0.0,0.0,0.0,3
NJP->BPRD,21.0,18.0,22.64950330581225,3
KIUL->TIA,150.0,220.0,130.0,3
BRKA->GMIA,17.0,0.0,29.444863728670914,3
SRE->HW,0.0,0.0,0.0,3
RU->OGL,1.3333333333333333,0.0,2.3094010767585034,3
HIJ->BBS,3.0,4.0,2.6457513110645907,3
BJRI->APR,1.6666666666666667,0.0,2.8867513459481287,3
DOLK->RW,0.0,0.0,0.0,3
PNVL->CCH,0.0,0.0,0.0,3
UNI->ANW,0.0,0.0,0.0,3
MUR->KEA,55.666666666666664,45.0,59.71878543082849,3
MKU->JM,0.0,0.0,0.0,3
PLS->KPV,0.0,0.0,0.0,3
DVG->SBC,1.0,0.0,1.7320508075688772,3
AY->KEA,0.0,0.0,0.0,3
PIT->SOJN,19.0,21.0,16.09347693943108,3
AAL->SDL,6.0,0.0,10.392304845413264,3
PKA->MDP,19.333333333333332,19.0,19.5021366350801,3
SGD->BVP,47.333333333333336,24.0,62.364519827649865,3
SGD->BVC,2.0,3.0,1.7320508075688772,3
PNBE->JMP,1.3333333333333333,0.0,2.3094010767585034,3
JU->JP,11.666666666666666,10.0,12.583057392117917,3
JU->DNA,1.0,0.0,1.7320508075688772,3
SOJN->PIT,0.0,0.0,0.0,3
JJR->STR,18.0,16.0,19.078784028338912,3
TVR->MQ,21.333333333333332,0.0,36.950417228136054,3
MSH->ABR,0.0,0.0,0.0,3
MSDG->JTRD,25.0,21.0,27.2213151776324,3
DHN->PKA,0.6666666666666666,0.0,1.1547005383792517,3
KYJ->CGY,10.333333333333334,13.0,6.429100507328636,3
KMDR->GCT,2.3333333333333335,0.0,4.041451884327381,3
YPR->GTL,14.0,16.0,5.291502622129181,3
SGAC->GUNA,0.6666666666666666,0.0,1.1547005383792517,3
CPR->STW,15.5,15.5,6.363961030678928,2
STW->CPR,187.0,187.0,264.45793616376875,2
SHU->KPD,4.5,4.5,6.363961030678928,2
SDVL->GHL,11.0,11.0,7.0710678118654755,2
MONJ->BSI,17.0,17.0,24.041630560342615,2
SEB->GAYA,0.0,0.0,0.0,2
UDL->SNT,0.0,0.0,0.0,2
FBG->LLP,15.5,15.5,0.7071067811865476,2
ROK->JHL,0.0,0.0,0.0,2
ARCL->SCL,17.5,17.5,24.748737341529164,2
BKP->KIUL,403.0,403.0,292.74220741123065,2
MDLE->BGP,0.0,0.0,0.0,2
MDLL->NDV,11.0,11.0,5.656854249492381,2
DHN->MDP,0.0,0.0,0.0,2
DOK->VLA,10.5,10.5,14.849242404917497,2
KLCR->MPRA,0.0,0.0,0.0,2
RJT->GDL,0.0,0.0,0.0,2
MOAR->KLCR,39.5,39.5,36.062445840513924,2
BHUJ->AI,11.0,11.0,4.242640687119285,2
PDPH->DPS,0.0,0.0,0.0,2
MTY->NRKR,11.0,11.0,15.556349186104045,2
JMRA->MOAR,0.0,0.0,0.0,2
NZM->BTE,178.5,178.5,252.43712088359746,2
NCBD->JPE,62.0,62.0,87.68124086713189,2
LDK->JBD,0.0,0.0,0.0,2
HHL->KIAT,0.0,0.0,0.0,2
SPX->TPK,15.0,15.0,21.213203435596427,2
KYQ->DDNI,42.5,42.5,28.991378028648448,2
CHM->VYA,257.5,257.5,146.37110370561533,2
MDP->DHN,22.5,22.5,16.263455967290593,2
BGK->BSRX,11.0,11.0,15.556349186104045,2
ASK->BSN,7.5,7.5,6.363961030678928,2
MMY->JU,16.0,16.0,22.627416997969522,2
PUS->BKRO,22.5,22.5,13.435028842544403,2
OSN->MMY,29.0,29.0,41.012193308819754,2
ST->BDTS,148.5,148.5,210.0107140124046,2
TNA->BSR,85.5,85.5,84.14570696119915,2
CBSA->PRSL,0.0,0.0,0.0,2
LLP->FBG,0.0,0.0,0.0,2
NUQ->CPU,46.5,46.5,65.76093065034893,2
TUNI->NASP,13.0,13.0,18.384776310850235,2
LLBR->MNCR,0.0,0.0,0.0,2
SEJ->GG,0.0,0.0,0.0,2
SIPA->CBSA,0.0,0.0,0.0,2
JM->MKU,0.0,0.0,0.0,2
SDL->BSP,17.0,17.0,24.041630560342615,2
PSA->KUR,23.5,23.5,12.020815280171307,2
AGMN->DBB,40.0,40.0,14.142135623730951,2
BSP->SDL,550.5,550.5,105.35891039679558,2
NRKR->MRSH,20.5,20.5,28.991378028648448,2
PRSL->RKSN,6.5,6.5,9.192388155425117,2
KNPS->TABU,0.0,0.0,0.0,2
SMK->BDMJ,0.0,0.0,0.0,2
RNY->NMM,84.5,84.5,119.50104602052653,2
MHUR->HSDA,3.0,3.0,1.4142135623730951,2
NBQ->DTX,0.0,0.0,0.0,2
BSBS->GCT,87.5,87.5,123.74368670764582,2
BSGN->DTX,14.5,14.5,20.506096654409877,2
UJN->GUNA,0.0,0.0,0.0,2
MLX->LDH,5.5,5.5,7.7781745930520225,2
DBL->MDLL,0.0,0.0,0.0,2
DBS->HHL,11.0,11.0,5.656854249492381,2
GUA->BJMD,4.5,4.5,6.363961030678928,2
GHL->BNKH,0.0,0.0,0.0,2
GHD->NUQ,43.5,43.5,61.518289963229634,2
PUS->BRKA,5.5,5.5,7.7781745930520225,2
FKM->SPX,0.0,0.0,0.0,2
ALGP->KTX,14.5,14.5,20.506096654409877,2
GCT->BSBS,122.0,122.0,134.35028842544403,2
GUNA->BINA,0.0,0.0,0.0,2
GHD->SEB,0.0,0.0,0.0,2
AGMN->BDYR,0.0,0.0,0.0,2
NCB->BDYR,0.0,0.0,0.0,2
GAYA->KIUL,0.0,0.0,0.0,2
BDTS->ST,9.5,9.5,13.435028842544403,2
FKA->LDK,0.0,0.0,0.0,2
HKD->ALGP,16.0,16.0,22.627416997969522,2
JJP->NMA,0.0,0.0,0.0,2
BAW->SDVL,0.0,0.0,0.0,2
KTX->SCA,14.5,14.5,20.506096654409877,2
NOMD->PDPH,0.0,0.0,0.0,2
BSN->ASK,35.5,35.5,7.7781745930520225,2
MTJR->GKJ,0.0,0.0,0.0,2
DTX->BSGN,0.0,0.0,0.0,2
DDL->RPJ,89.0,89.0,8.48528137423857,2
KOJ->SLKX,25.0,25.0,35.35533905932738,2
MNCR->HKD,58.5,58.5,47.37615433949868,2
DPS->MLKA,0.0,0.0,0.0,2
BJP->BGK,0.0,0.0,0.0,2
BNKH->DBL,9.5,9.5,6.363961030678928,2
JND->RJT,8.0,8.0,11.313708498984761,2
BDYR->AGMN,22.5,22.5,6.363961030678928,2
BDYR->NCB,27.5,27.5,38.890872965260115,2
UDN->SYN,3.5,3.5,0.7071067811865476,2
MHBA->NCBD,61.0,61.0,86.2670273047588,2
DBB->AGMN,11.5,11.5,16.263455967290593,2
BTQ->BPO,0.0,0.0,0.0,2
BKRO->BRKA,15.0,15.0,11.313708498984761,2
SYN->UDN,94.5,94.5,133.64318164425748,2
NMA->JJP,62.5,62.5,3.5355339059327378,2
R->KRAR,9.0,9.0,2.8284271247461903,2
TPK->MONJ,0.0,0.0,0.0,2
JTJ->WJR,8.0,8.0,11.313708498984761,2
BSGN->SLKX,1.0,1.0,1.4142135623730951,2
BSI->MTJR,0.0,0.0,0.0,2
JGN->MLX,0.0,0.0,0.0,2
MKC->SJP,0.0,0.0,0.0,2
AF->KOTA,22.0,22.0,31.11269837220809,2
SCA->ARCL,21.5,21.5,30.405591591021544,2
NDV->DBS,0.0,0.0,0.0,2
SGO->GUNA,60.0,60.0,84.8528137423857,2
TABU->JNK,0.0,0.0,0.0,2
NDB->BIY,133.0,133.0,188.09040379562165,2
RPJ->DDL,82.0,82.0,60.81118318204309,2
AN->ST,0.0,0.0,0.0,2
RE->BNW,16.0,16.0,22.627416997969522,2
KIUL->GAYA,0.0,0.0,0.0,2
DDNI->GLPT,47.5,47.5,27.577164466275352,2
DTX->NBQ,17.5,17.5,24.748737341529164,2
ROP->BTQ,0.0,0.0,0.0,2
MPRA->LLBR,61.0,61.0,53.74011537017761,2
KSJ->MTJ,208.0,208.0,294.15642097360376,2
BUP->MGR,0.0,0.0,0.0,2
MLKA->KNPS,0.0,0.0,0.0,2
AYU->CHAA,56.5,56.5,21.920310216782973,2
KUR->PSA,210.5,210.5,55.86143571373726,2
SLKX->BSGN,22.0,22.0,31.11269837220809,2
SLKX->KOJ,10.0,10.0,14.142135623730951,2
JNK->SIPA,0.0,0.0,0.0,2
CHAA->BLPA,39.5,39.5,55.86143571373726,2
JWB->PMY,0.0,0.0,0.0,2
DGHR->MHUR,11.0,11.0,0.0,2
NASP->AKP,9.0,9.0,12.727922061357855,2
PLCJ->OSN,28.5,28.5,40.30508652763321,2
JHL->ROK,0.0,0.0,0.0,2
BAY->RDG,0.0,0.0,0.0,2
APDJ->NMZ,47.5,47.5,3.5355339059327378,2
ADI->GDA,0.0,0.0,0.0,2
DGHA->KGP,0.0,0.0,0.0,2
ABR->MSH,0.0,0.0,,1
CPR->PPTA,89.0,89.0,,1
SGAC->BUDI,126.0,126.0,,1
SGAM->BEHR,297.0,297.0,,1
VZM->SCMN,333.0,333.0,,1
SHRN->MKC,0.0,0.0,,1
PNME->DDU,288.0,288.0,,1
JBD->LDK,0.0,0.0,,1
SEB->GHD,0.0,0.0,,1
PNP->DSJ,222.0,222.0,,1
VSG->MXN,651.0,651.0,,1
KTX->ALGP,54.0,54.0,,1
SHM->KGP,33.0,33.0,,1
KGP->BBS,0.0,0.0,,1
PNVT->GLPT,57.0,57.0,,1
PNVT->JPZ,0.0,0.0,,1
KPN->SA,33.0,33.0,,1
PO->CUPJ,30.0,30.0,,1
MOAR->JMRA,0.0,0.0,,1
SJQ->ABKP,0.0,0.0,,1
ADX->RXL,0.0,0.0,,1
VM->VKM,22.0,22.0,,1
SDAH->KGP,0.0,0.0,,1
NLE->KGQ,248.0,248.0,,1
BSZ->CNB,275.0,275.0,,1
CPU->NUQ,12.0,12.0,,1
DPRA->SNCA,74.0,74.0,,1
VLA->DOK,0.0,0.0,,1
SCL->ARCL,23.0,23.0,,1
SCMN->DVD,357.0,357.0,,1
KPD->TNM,0.0,0.0,,1
KPD->TRT,125.0,125.0,,1
VKM->MMP,41.0,41.0,,1
DPRA->RGJI,0.0,0.0,,1
SCA->KTX,34.0,34.0,,1
KGP->GTS,21.0,21.0,,1
DDU->IDR,0.0,0.0,,1
DDU->NEWC,0.0,0.0,,1
PER->SPE,0.0,0.0,,1
GLPT->KRNI,59.0,59.0,,1
GLPT->PNVT,0.0,0.0,,1
AZA->KYQ,79.0,79.0,,1
AZA->MRZA,45.0,45.0,,1
DDNI->KRNI,0.0,0.0,,1
SLJ->TPH,0.0,0.0,,1
GRH->CAO,0.0,0.0,,1
ARCL->SCA,31.0,31.0,,1
AYD->TRK,39.0,39.0,,1
NDT->MVJ,0.0,0.0,,1
TEL->VTM,0.0,0.0,,1
TEN->CAPE,0.0,0.0,,1
SLX->NCH,2.0,2.0,,1
KOTA->BTE,0.0,0.0,,1
PRDP->RHMA,3.0,3.0,,1
PRG->BGM,209.0,209.0,,1
AYU->JPZ,51.0,51.0,,1
AYU->MZQ,0.0,0.0,,1
NCB->FKM,483.0,483.0,,1
BRKA->BKRO,46.0,46.0,,1
LDH->MLX,0.0,0.0,,1
DDNI->AMGA,67.0,67.0,,1
DUI->BTI,151.0,151.0,,1
KON->TEN,0.0,0.0,,1
BMGN->BOKO,56.0,56.0,,1
BMGN->CGON,79.0,79.0,,1
MNCR->LLBR,64.0,64.0,,1
AGI->SLX,4.0,4.0,,1
PRR->BJE,29.0,29.0,,1
SMI->GRH,0.0,0.0,,1
MHUR->DGHR,0.0,0.0,,1
NBQ->MZQ,47.0,47.0,,1
RHMA->CTC,0.0,0.0,,1
RHMA->PRDP,112.0,112.0,,1
LDK->FKA,0.0,0.0,,1
ACN->AND,0.0,0.0,,1
KRNI->DDNI,65.0,65.0,,1
KRNI->GLPT,0.0,0.0,,1
DWLE->BHLE,25.0,25.0,,1
SBG->SLJ,0.0,0.0,,1
HSDA->MHUR,0.0,0.0,,1
SNCA->BOKO,78.0,78.0,,1
SNCA->DPRA,0.0,0.0,,1
CGF->DJG,0.0,0.0,,1
JPZ->AYU,0.0,0.0,,1
JPZ->PNVT,57.0,57.0,,1
PCOI->NEWC,0.0,0.0,,1
MMP->AYD,0.0,0.0,,1
MLX->JGN,0.0,0.0,,1
LLBR->MPRA,0.0,0.0,,1
MRZA->AZA,84.0,84.0,,1
MRZA->CGON,50.0,50.0,,1
DLI->BDMJ,0.0,0.0,,1
BTQ->ROP,0.0,0.0,,1
HMH->BTI,0.0,0.0,,1
BKRO->PUS,50.0,50.0,,1
CGON->BMGN,53.0,53.0,,1
CGON->MRZA,85.0,85.0,,1
MLGH->CNA,63.0,63.0,,1
NTSK->CGF,0.0,0.0,,1
NU->ET,0.0,0.0,,1
RGJI->AMGA,0.0,0.0,,1
RGJI->DPRA,71.0,71.0,,1
CNB->BSZ,45.0,45.0,,1
KYJ->STKT,89.0,89.0,,1
MLDT->KIR,0.0,0.0,,1
APR->BJRI,22.0,22.0,,1
CAO->ADX,0.0,0.0,,1
HKD->MNCR,0.0,0.0,,1
CNB->AF,9.0,9.0,,1
SPE->PER,130.0,130.0,,1
ALGP->HKD,62.0,62.0,,1
NUQ->GHD,13.0,13.0,,1
STKT->KYJ,0.0,0.0,,1
TTR->BSN,29.0,29.0,,1
CDM->PO,0.0,0.0,,1
FKM->NCB,53.0,53.0,,1
PAY->KGQ,3.0,3.0,,1
BNW->RE,48.0,48.0,,1
LAV->HCR,7.0,7.0,,1
SFR->LXA,0.0,0.0,,1
BJE->GMO,5.0,5.0,,1
BPO->BTQ,76.0,76.0,,1
MPRA->KLCR,68.0,68.0,,1
TRT->KPD,6.0,6.0,,1
KLCR->MOAR,0.0,0.0,,1
BTI->DUI,39.0,39.0,,1
KYQ->AZA,42.0,42.0,,1
TRK->ACN,0.0,0.0,,1
NEWC->DDU,0.0,0.0,,1
NEWC->PCOI,0.0,0.0,,1
GHJ->CNB,0.0,0.0,,1
AND->TNI,34.0,34.0,,1
BOJ->SFR,0.0,0.0,,1
AMGA->RGJI,69.0,69.0,,1
RTA->ATRU,161.0,161.0,,1
CDG->DDL,0.0,0.0,,1
AMGA->DDNI,0.0,0.0,,1
BOKO->BMGN,80.0,80.0,,1
BOKO->SNCA,0.0,0.0,,1
RRB->TK,150.0,150.0,,1
CHZ->ZN,275.0,275.0,,1
MKC->SHRN,27.0,27.0,,1
GAYA->PRG,138.0,138.0,,1
GAYA->SEB,0.0,0.0,,1
TNM->KON,0.0,0.0,,1
BGP->DWLE,24.0,24.0,,1
BGP->MDLE,7.0,7.0,,1
TNI->TNM,14.0,14.0,,1
BDMJ->SMK,0.0,0.0,,1
KKD->PTP,0.0,0.0,,1
CTC->RHMA,116.0,116.0,,1
BTI->HMH,153.0,153.0,,1
MZQ->AYU,48.0,48.0,,1
MZQ->NBQ,0.0,0.0,,1
GG->SEJ,0.0,0.0,,1
CTC->SORO,0.0,0.0,,1
MGR->BUP,11.0,11.0,,1
ZBD->BSB,274.0,274.0,,1
